customer_id,churned,churn_date,churn_reason
CUST001223,True,2026-06-30,Not enough content
CUST002529,True,2026-06-30,Payment issues
CUST003021,True,2026-06-30,Too expensive
CUST003388,True,2026-06-30,No longer needed
CUST003557,True,2026-06-30,Technical issues
CUST003598,True,2026-06-30,Found alternative platform
CUST005990,True,2026-06-30,Found alternative platform
CUST000467,True,2026-06-29,Too expensive
CUST003155,True,2026-06-29,Too expensive
CUST003858,True,2026-06-29,Moving / relocation
CUST003862,True,2026-06-29,Too expensive
CUST006076,True,2026-06-29,Too expensive
CUST006260,True,2026-06-29,Technical issues
CUST006660,True,2026-06-29,Found alternative platform
CUST000191,True,2026-06-28,No longer needed
CUST000370,True,2026-06-28,Too expensive
CUST001439,True,2026-06-28,Household budget cuts
CUST002956,True,2026-06-28,Poor customer service experience
CUST005441,True,2026-06-28,Too expensive
CUST006776,True,2026-06-28,Password sharing crackdown
CUST007114,True,2026-06-28,Password sharing crackdown
CUST001091,True,2026-06-27,Content quality decline
CUST003999,True,2026-06-27,No longer needed
CUST004590,True,2026-06-27,Moving / relocation
CUST006011,True,2026-06-27,Not enough content
CUST007057,True,2026-06-27,Not enough content
CUST000813,True,2026-06-26,Poor customer service experience
CUST003637,True,2026-06-26,No longer needed
CUST003690,True,2026-06-26,Household budget cuts
CUST005438,True,2026-06-26,Too expensive
CUST007443,True,2026-06-26,Content quality decline
CUST000133,True,2026-06-25,Poor customer service experience
CUST000845,True,2026-06-25,Too expensive
CUST001397,True,2026-06-25,No longer needed
CUST001562,True,2026-06-25,Payment issues
CUST001956,True,2026-06-25,Technical issues
CUST002151,True,2026-06-25,Too expensive
CUST002366,True,2026-06-25,No longer needed
CUST002485,True,2026-06-25,Poor customer service experience
CUST003934,True,2026-06-25,Content quality decline
CUST004370,True,2026-06-25,Found alternative platform
CUST004646,True,2026-06-25,Technical issues
CUST004674,True,2026-06-25,Payment issues
CUST005026,True,2026-06-25,Poor customer service experience
CUST006369,True,2026-06-25,Household budget cuts
CUST006874,True,2026-06-25,Technical issues
CUST007094,True,2026-06-25,Not enough content
CUST007170,True,2026-06-25,Not enough content
CUST007884,True,2026-06-25,Payment issues
CUST007965,True,2026-06-25,Household budget cuts
CUST000960,True,2026-06-24,Too expensive
CUST005487,True,2026-06-24,Found alternative platform
CUST007196,True,2026-06-24,Found alternative platform
CUST007253,True,2026-06-24,Payment issues
CUST001082,True,2026-06-23,Content quality decline
CUST003064,True,2026-06-23,Technical issues
CUST004011,True,2026-06-23,Payment issues
CUST006130,True,2026-06-23,Too expensive
CUST001207,True,2026-06-22,Household budget cuts
CUST002065,True,2026-06-22,Moving / relocation
CUST003330,True,2026-06-22,Too expensive
CUST003965,True,2026-06-22,Content quality decline
CUST005384,True,2026-06-22,Poor customer service experience
CUST006292,True,2026-06-22,Payment issues
CUST006360,True,2026-06-22,Moving / relocation
CUST007873,True,2026-06-22,Too expensive
CUST000480,True,2026-06-21,Moving / relocation
CUST003420,True,2026-06-21,Moving / relocation
CUST003533,True,2026-06-21,No longer needed
CUST004397,True,2026-06-21,Too expensive
CUST007553,True,2026-06-21,Technical issues
CUST007995,True,2026-06-21,Payment issues
CUST000493,True,2026-06-20,Content quality decline
CUST000685,True,2026-06-20,Content quality decline
CUST001161,True,2026-06-20,Not enough content
CUST002863,True,2026-06-20,Content quality decline
CUST004539,True,2026-06-20,Found alternative platform
CUST004655,True,2026-06-20,Too expensive
CUST005433,True,2026-06-20,No longer needed
CUST005640,True,2026-06-20,Payment issues
CUST005803,True,2026-06-20,Moving / relocation
CUST006520,True,2026-06-20,Moving / relocation
CUST006685,True,2026-06-20,Payment issues
CUST007190,True,2026-06-20,Not enough content
CUST007420,True,2026-06-20,Content quality decline
CUST000187,True,2026-06-19,Moving / relocation
CUST000388,True,2026-06-19,Too expensive
CUST000537,True,2026-06-19,No longer needed
CUST000669,True,2026-06-19,Too expensive
CUST003275,True,2026-06-19,Found alternative platform
CUST003647,True,2026-06-19,Content quality decline
CUST003662,True,2026-06-19,Technical issues
CUST003679,True,2026-06-19,Payment issues
CUST004486,True,2026-06-19,Content quality decline
CUST004555,True,2026-06-19,Found alternative platform
CUST005839,True,2026-06-19,Too expensive
CUST007043,True,2026-06-19,Found alternative platform
CUST007131,True,2026-06-19,Too expensive
CUST001179,True,2026-06-18,Too expensive
CUST002043,True,2026-06-18,Too expensive
CUST002215,True,2026-06-18,Not enough content
CUST002899,True,2026-06-18,Payment issues
CUST005327,True,2026-06-18,Moving / relocation
CUST005928,True,2026-06-18,Not enough content
CUST006538,True,2026-06-18,Technical issues
CUST006836,True,2026-06-18,Moving / relocation
CUST006945,True,2026-06-18,No longer needed
CUST007205,True,2026-06-18,Found alternative platform
CUST007208,True,2026-06-18,Household budget cuts
CUST003805,True,2026-06-17,Too expensive
CUST007269,True,2026-06-17,Poor customer service experience
CUST007407,True,2026-06-17,Moving / relocation
CUST001637,True,2026-06-16,Not enough content
CUST003465,True,2026-06-16,Not enough content
CUST004785,True,2026-06-16,Too expensive
CUST004866,True,2026-06-16,Not enough content
CUST005407,True,2026-06-16,Payment issues
CUST006564,True,2026-06-16,Too expensive
CUST001477,True,2026-06-15,Too expensive
CUST001642,True,2026-06-15,Too expensive
CUST004335,True,2026-06-15,Found alternative platform
CUST004437,True,2026-06-15,Poor customer service experience
CUST004625,True,2026-06-15,Household budget cuts
CUST005695,True,2026-06-15,Content quality decline
CUST006337,True,2026-06-15,Not enough content
CUST000183,True,2026-06-14,Too expensive
CUST001598,True,2026-06-14,Poor customer service experience
CUST002103,True,2026-06-14,Moving / relocation
CUST002435,True,2026-06-14,Technical issues
CUST002783,True,2026-06-14,Not enough content
CUST004181,True,2026-06-14,Too expensive
CUST004812,True,2026-06-14,Payment issues
CUST007669,True,2026-06-14,Moving / relocation
CUST000111,True,2026-06-13,Too expensive
CUST001594,True,2026-06-13,No longer needed
CUST003355,True,2026-06-13,Payment issues
CUST003539,True,2026-06-13,Payment issues
CUST004600,True,2026-06-13,Found alternative platform
CUST004989,True,2026-06-13,Poor customer service experience
CUST005824,True,2026-06-13,Not enough content
CUST006841,True,2026-06-13,Household budget cuts
CUST007214,True,2026-06-13,Found alternative platform
CUST007576,True,2026-06-13,Content quality decline
CUST007596,True,2026-06-13,Poor customer service experience
CUST001862,True,2026-06-12,Too expensive
CUST002773,True,2026-06-12,Payment issues
CUST003069,True,2026-06-12,Too expensive
CUST004754,True,2026-06-12,Technical issues
CUST005813,True,2026-06-12,Payment issues
CUST005892,True,2026-06-12,Content quality decline
CUST005904,True,2026-06-12,Moving / relocation
CUST006414,True,2026-06-12,Poor customer service experience
CUST006513,True,2026-06-12,Found alternative platform
CUST006649,True,2026-06-12,Technical issues
CUST000966,True,2026-06-11,No longer needed
CUST001094,True,2026-06-11,Poor customer service experience
CUST001917,True,2026-06-11,Content quality decline
CUST002033,True,2026-06-11,Content quality decline
CUST002175,True,2026-06-11,Content quality decline
CUST002223,True,2026-06-11,Poor customer service experience
CUST003264,True,2026-06-11,Moving / relocation
CUST004291,True,2026-06-11,Found alternative platform
CUST006505,True,2026-06-11,Payment issues
CUST000402,True,2026-06-10,Too expensive
CUST000520,True,2026-06-10,Technical issues
CUST000558,True,2026-06-10,Not enough content
CUST001887,True,2026-06-10,Poor customer service experience
CUST002071,True,2026-06-10,Household budget cuts
CUST003167,True,2026-06-10,Content quality decline
CUST003548,True,2026-06-10,Too expensive
CUST005020,True,2026-06-10,Found alternative platform
CUST005957,True,2026-06-10,Found alternative platform
CUST006368,True,2026-06-10,No longer needed
CUST007379,True,2026-06-10,Content quality decline
CUST007445,True,2026-06-10,Household budget cuts
CUST007983,True,2026-06-10,Found alternative platform
CUST000066,True,2026-06-09,Content quality decline
CUST001404,True,2026-06-09,Found alternative platform
CUST002316,True,2026-06-09,Payment issues
CUST003131,True,2026-06-09,No longer needed
CUST003773,True,2026-06-09,Not enough content
CUST003961,True,2026-06-09,Household budget cuts
CUST004592,True,2026-06-09,Too expensive
CUST000312,True,2026-06-08,No longer needed
CUST000399,True,2026-06-08,Household budget cuts
CUST000716,True,2026-06-08,Found alternative platform
CUST001515,True,2026-06-08,Content quality decline
CUST001724,True,2026-06-08,Content quality decline
CUST002811,True,2026-06-08,No longer needed
CUST003476,True,2026-06-08,Not enough content
CUST004799,True,2026-06-08,Technical issues
CUST005593,True,2026-06-08,Content quality decline
CUST005653,True,2026-06-08,Not enough content
CUST006483,True,2026-06-08,No longer needed
CUST006913,True,2026-06-08,Too expensive
CUST000573,True,2026-06-07,Password sharing crackdown
CUST000799,True,2026-06-07,No longer needed
CUST003231,True,2026-06-07,Too expensive
CUST005215,True,2026-06-07,Too expensive
CUST005278,True,2026-06-07,Too expensive
CUST005583,True,2026-06-07,Not enough content
CUST005931,True,2026-06-07,Content quality decline
CUST006129,True,2026-06-07,Password sharing crackdown
CUST007452,True,2026-06-07,Payment issues
CUST000852,True,2026-06-06,Too expensive
CUST001271,True,2026-06-06,Too expensive
CUST001391,True,2026-06-06,Found alternative platform
CUST003216,True,2026-06-06,Too expensive
CUST005602,True,2026-06-06,Technical issues
CUST007679,True,2026-06-06,No longer needed
CUST000023,True,2026-06-05,No longer needed
CUST003228,True,2026-06-05,Not enough content
CUST004130,True,2026-06-05,Password sharing crackdown
CUST004619,True,2026-06-05,Technical issues
CUST006943,True,2026-06-05,Too expensive
CUST000180,True,2026-06-04,Content quality decline
CUST000629,True,2026-06-04,Household budget cuts
CUST000737,True,2026-06-04,Password sharing crackdown
CUST001344,True,2026-06-04,Household budget cuts
CUST002014,True,2026-06-04,Not enough content
CUST004694,True,2026-06-04,Too expensive
CUST005658,True,2026-06-04,Poor customer service experience
CUST005668,True,2026-06-04,Technical issues
CUST007148,True,2026-06-04,Poor customer service experience
CUST007240,True,2026-06-04,Too expensive
CUST007307,True,2026-06-04,No longer needed
CUST001459,True,2026-06-03,Household budget cuts
CUST003033,True,2026-06-03,Too expensive
CUST003385,True,2026-06-03,Not enough content
CUST004103,True,2026-06-03,Found alternative platform
CUST004431,True,2026-06-03,Too expensive
CUST005068,True,2026-06-03,Found alternative platform
CUST005671,True,2026-06-03,Password sharing crackdown
CUST006013,True,2026-06-03,Household budget cuts
CUST006287,True,2026-06-03,Not enough content
CUST007186,True,2026-06-03,Not enough content
CUST007341,True,2026-06-03,Found alternative platform
CUST007781,True,2026-06-03,Too expensive
CUST000758,True,2026-06-02,Technical issues
CUST001527,True,2026-06-02,Technical issues
CUST001615,True,2026-06-02,Found alternative platform
CUST004156,True,2026-06-02,Poor customer service experience
CUST004742,True,2026-06-02,Found alternative platform
CUST005328,True,2026-06-02,Password sharing crackdown
CUST005548,True,2026-06-02,Household budget cuts
CUST000141,True,2026-06-01,Found alternative platform
CUST000654,True,2026-06-01,Content quality decline
CUST001421,True,2026-06-01,Household budget cuts
CUST001858,True,2026-06-01,Found alternative platform
CUST003778,True,2026-06-01,Too expensive
CUST007494,True,2026-06-01,Too expensive
CUST000364,True,2026-05-31,Not enough content
CUST000651,True,2026-05-31,Moving / relocation
CUST000713,True,2026-05-31,No longer needed
CUST003448,True,2026-05-31,Moving / relocation
CUST006579,True,2026-05-31,Password sharing crackdown
CUST006840,True,2026-05-31,Household budget cuts
CUST007092,True,2026-05-31,Too expensive
CUST007727,True,2026-05-31,Too expensive
CUST007764,True,2026-05-31,Content quality decline
CUST007864,True,2026-05-31,Password sharing crackdown
CUST000353,True,2026-05-30,Technical issues
CUST000899,True,2026-05-30,Household budget cuts
CUST000976,True,2026-05-30,Payment issues
CUST001116,True,2026-05-30,Household budget cuts
CUST002296,True,2026-05-30,Found alternative platform
CUST002372,True,2026-05-30,Too expensive
CUST002555,True,2026-05-30,Not enough content
CUST006113,True,2026-05-30,Too expensive
CUST006474,True,2026-05-30,Not enough content
CUST006663,True,2026-05-30,Too expensive
CUST000269,True,2026-05-29,Too expensive
CUST001324,True,2026-05-29,Moving / relocation
CUST003161,True,2026-05-29,Technical issues
CUST004003,True,2026-05-29,Found alternative platform
CUST005588,True,2026-05-29,Found alternative platform
CUST007168,True,2026-05-29,Too expensive
CUST000192,True,2026-05-28,Content quality decline
CUST001658,True,2026-05-28,Too expensive
CUST003128,True,2026-05-28,Too expensive
CUST003356,True,2026-05-28,No longer needed
CUST003401,True,2026-05-28,Too expensive
CUST003760,True,2026-05-28,Too expensive
CUST004930,True,2026-05-28,Not enough content
CUST005044,True,2026-05-28,Found alternative platform
CUST000968,True,2026-05-27,Payment issues
CUST001240,True,2026-05-27,Found alternative platform
CUST001715,True,2026-05-27,Payment issues
CUST001897,True,2026-05-27,Technical issues
CUST001935,True,2026-05-27,Not enough content
CUST002741,True,2026-05-27,Not enough content
CUST002747,True,2026-05-27,Found alternative platform
CUST003171,True,2026-05-27,Not enough content
CUST004201,True,2026-05-27,Household budget cuts
CUST006739,True,2026-05-27,Not enough content
CUST000300,True,2026-05-26,Technical issues
CUST002859,True,2026-05-26,No longer needed
CUST004797,True,2026-05-26,Technical issues
CUST005753,True,2026-05-26,Too expensive
CUST002302,True,2026-05-25,Too expensive
CUST003580,True,2026-05-25,Household budget cuts
CUST005212,True,2026-05-25,Found alternative platform
CUST007203,True,2026-05-25,Content quality decline
CUST007469,True,2026-05-25,Found alternative platform
CUST000873,True,2026-05-24,Payment issues
CUST001447,True,2026-05-24,Moving / relocation
CUST001734,True,2026-05-24,Poor customer service experience
CUST001835,True,2026-05-24,No longer needed
CUST003906,True,2026-05-24,Household budget cuts
CUST005504,True,2026-05-24,Poor customer service experience
CUST006750,True,2026-05-24,Too expensive
CUST007574,True,2026-05-24,Content quality decline
CUST000345,True,2026-05-23,Found alternative platform
CUST000847,True,2026-05-23,Password sharing crackdown
CUST001185,True,2026-05-23,Household budget cuts
CUST001683,True,2026-05-23,Technical issues
CUST002128,True,2026-05-23,Not enough content
CUST004254,True,2026-05-23,Technical issues
CUST004806,True,2026-05-23,Content quality decline
CUST001612,True,2026-05-22,Too expensive
CUST004021,True,2026-05-22,Household budget cuts
CUST005678,True,2026-05-22,Technical issues
CUST007519,True,2026-05-22,Found alternative platform
CUST000749,True,2026-05-21,Found alternative platform
CUST000809,True,2026-05-21,Too expensive
CUST002642,True,2026-05-21,Found alternative platform
CUST004170,True,2026-05-21,Content quality decline
CUST004634,True,2026-05-21,Content quality decline
CUST005306,True,2026-05-21,Too expensive
CUST000149,True,2026-05-20,Found alternative platform
CUST000914,True,2026-05-20,Payment issues
CUST001890,True,2026-05-20,Not enough content
CUST002564,True,2026-05-20,Not enough content
CUST003129,True,2026-05-20,Not enough content
CUST003214,True,2026-05-20,Technical issues
CUST003594,True,2026-05-20,Not enough content
CUST003649,True,2026-05-20,Not enough content
CUST003796,True,2026-05-20,Household budget cuts
CUST004307,True,2026-05-20,Technical issues
CUST004692,True,2026-05-20,Payment issues
CUST004849,True,2026-05-20,Technical issues
CUST005989,True,2026-05-20,Household budget cuts
CUST000171,True,2026-05-19,Password sharing crackdown
CUST001337,True,2026-05-19,Not enough content
CUST004645,True,2026-05-19,Too expensive
CUST005289,True,2026-05-19,Not enough content
CUST006051,True,2026-05-19,Household budget cuts
CUST006109,True,2026-05-19,Found alternative platform
CUST006397,True,2026-05-19,Payment issues
CUST006795,True,2026-05-19,Found alternative platform
CUST007200,True,2026-05-19,Payment issues
CUST007224,True,2026-05-19,Password sharing crackdown
CUST000317,True,2026-05-18,Content quality decline
CUST000623,True,2026-05-18,No longer needed
CUST000707,True,2026-05-18,Household budget cuts
CUST001667,True,2026-05-18,Payment issues
CUST002364,True,2026-05-18,Too expensive
CUST002878,True,2026-05-18,Found alternative platform
CUST004460,True,2026-05-18,No longer needed
CUST005157,True,2026-05-18,Too expensive
CUST005236,True,2026-05-18,Found alternative platform
CUST006480,True,2026-05-18,Content quality decline
CUST006557,True,2026-05-18,Found alternative platform
CUST007858,True,2026-05-18,Too expensive
CUST000302,True,2026-05-17,Password sharing crackdown
CUST001472,True,2026-05-17,Too expensive
CUST002499,True,2026-05-17,Content quality decline
CUST003202,True,2026-05-17,Too expensive
CUST004377,True,2026-05-17,Payment issues
CUST005734,True,2026-05-17,Moving / relocation
CUST007511,True,2026-05-17,Payment issues
CUST004010,True,2026-05-16,Too expensive
CUST005916,True,2026-05-16,Not enough content
CUST006452,True,2026-05-16,Technical issues
CUST007323,True,2026-05-16,Technical issues
CUST007564,True,2026-05-16,Found alternative platform
CUST000665,True,2026-05-15,Too expensive
CUST001735,True,2026-05-15,Found alternative platform
CUST003310,True,2026-05-15,Found alternative platform
CUST003395,True,2026-05-15,Not enough content
CUST005395,True,2026-05-15,Household budget cuts
CUST006095,True,2026-05-15,No longer needed
CUST007220,True,2026-05-15,Moving / relocation
CUST000540,True,2026-05-14,Not enough content
CUST002629,True,2026-05-14,No longer needed
CUST003117,True,2026-05-14,Poor customer service experience
CUST003446,True,2026-05-14,Poor customer service experience
CUST003723,True,2026-05-14,No longer needed
CUST006206,True,2026-05-14,Poor customer service experience
CUST006789,True,2026-05-14,Password sharing crackdown
CUST007656,True,2026-05-14,Found alternative platform
CUST002577,True,2026-05-13,Too expensive
CUST002724,True,2026-05-13,Technical issues
CUST002864,True,2026-05-13,Content quality decline
CUST003818,True,2026-05-13,No longer needed
CUST004247,True,2026-05-13,Found alternative platform
CUST005082,True,2026-05-13,Too expensive
CUST006547,True,2026-05-13,Poor customer service experience
CUST007149,True,2026-05-13,Payment issues
CUST007245,True,2026-05-13,Found alternative platform
CUST007592,True,2026-05-13,Not enough content
CUST007963,True,2026-05-13,Found alternative platform
CUST000322,True,2026-05-12,No longer needed
CUST000922,True,2026-05-12,Payment issues
CUST002964,True,2026-05-12,Poor customer service experience
CUST004744,True,2026-05-12,Not enough content
CUST005127,True,2026-05-12,Household budget cuts
CUST005929,True,2026-05-12,Payment issues
CUST006676,True,2026-05-12,Too expensive
CUST001295,True,2026-05-11,No longer needed
CUST002387,True,2026-05-11,Found alternative platform
CUST002501,True,2026-05-11,Found alternative platform
CUST003073,True,2026-05-11,Too expensive
CUST004955,True,2026-05-11,Too expensive
CUST005318,True,2026-05-11,Household budget cuts
CUST005897,True,2026-05-11,Too expensive
CUST005953,True,2026-05-11,Too expensive
CUST006352,True,2026-05-11,Technical issues
CUST006509,True,2026-05-11,Too expensive
CUST000543,True,2026-05-10,Too expensive
CUST002271,True,2026-05-10,Too expensive
CUST003904,True,2026-05-10,Not enough content
CUST004232,True,2026-05-10,Too expensive
CUST004374,True,2026-05-10,Not enough content
CUST005693,True,2026-05-10,Not enough content
CUST005775,True,2026-05-10,Too expensive
CUST007441,True,2026-05-10,Payment issues
CUST000025,True,2026-05-09,Too expensive
CUST001474,True,2026-05-09,Moving / relocation
CUST002018,True,2026-05-09,Not enough content
CUST002835,True,2026-05-09,Content quality decline
CUST003826,True,2026-05-09,Poor customer service experience
CUST003846,True,2026-05-09,Found alternative platform
CUST004584,True,2026-05-09,Found alternative platform
CUST004647,True,2026-05-09,Moving / relocation
CUST005224,True,2026-05-09,Too expensive
CUST007159,True,2026-05-09,Household budget cuts
CUST007404,True,2026-05-09,No longer needed
CUST007887,True,2026-05-09,Found alternative platform
CUST007911,True,2026-05-09,No longer needed
CUST000936,True,2026-05-08,Moving / relocation
CUST001325,True,2026-05-08,Household budget cuts
CUST001747,True,2026-05-08,Too expensive
CUST002120,True,2026-05-08,Technical issues
CUST002821,True,2026-05-08,Content quality decline
CUST003811,True,2026-05-08,Found alternative platform
CUST005180,True,2026-05-08,No longer needed
CUST006701,True,2026-05-08,Too expensive
CUST007202,True,2026-05-08,No longer needed
CUST007646,True,2026-05-08,Too expensive
CUST000553,True,2026-05-07,Content quality decline
CUST001283,True,2026-05-07,Household budget cuts
CUST004075,True,2026-05-07,Content quality decline
CUST004302,True,2026-05-07,Technical issues
CUST004820,True,2026-05-07,No longer needed
CUST005024,True,2026-05-07,Not enough content
CUST006405,True,2026-05-07,Household budget cuts
CUST006446,True,2026-05-07,Too expensive
CUST006766,True,2026-05-07,Household budget cuts
CUST007243,True,2026-05-07,Too expensive
CUST007485,True,2026-05-07,Poor customer service experience
CUST007943,True,2026-05-07,Not enough content
CUST000660,True,2026-05-06,Poor customer service experience
CUST001321,True,2026-05-06,Not enough content
CUST001753,True,2026-05-06,Too expensive
CUST004191,True,2026-05-06,Technical issues
CUST005154,True,2026-05-06,No longer needed
CUST005275,True,2026-05-06,Moving / relocation
CUST005534,True,2026-05-06,Moving / relocation
CUST006066,True,2026-05-06,Technical issues
CUST007614,True,2026-05-06,No longer needed
CUST000007,True,2026-05-05,Password sharing crackdown
CUST000580,True,2026-05-05,No longer needed
CUST001843,True,2026-05-05,Technical issues
CUST002105,True,2026-05-05,Not enough content
CUST003875,True,2026-05-05,Technical issues
CUST004267,True,2026-05-05,Too expensive
CUST005694,True,2026-05-05,Found alternative platform
CUST005849,True,2026-05-05,Moving / relocation
CUST006756,True,2026-05-05,Not enough content
CUST006774,True,2026-05-05,Found alternative platform
CUST000622,True,2026-05-04,Not enough content
CUST000751,True,2026-05-04,Too expensive
CUST000822,True,2026-05-04,Too expensive
CUST007936,True,2026-05-04,Too expensive
CUST001022,True,2026-05-03,Found alternative platform
CUST004023,True,2026-05-03,No longer needed
CUST007637,True,2026-05-03,Found alternative platform
CUST000973,True,2026-05-02,Too expensive
CUST001308,True,2026-05-02,Poor customer service experience
CUST001571,True,2026-05-02,Household budget cuts
CUST003185,True,2026-05-02,No longer needed
CUST003328,True,2026-05-02,Household budget cuts
CUST003854,True,2026-05-02,No longer needed
CUST005918,True,2026-05-02,Too expensive
CUST006553,True,2026-05-02,Not enough content
CUST001066,True,2026-05-01,Payment issues
CUST002830,True,2026-05-01,Poor customer service experience
CUST005413,True,2026-05-01,Too expensive
CUST006084,True,2026-05-01,Too expensive
CUST007773,True,2026-05-01,No longer needed
CUST000680,True,2026-04-30,Not enough content
CUST000790,True,2026-04-30,No longer needed
CUST001096,True,2026-04-30,Found alternative platform
CUST001427,True,2026-04-30,No longer needed
CUST002117,True,2026-04-30,Poor customer service experience
CUST002589,True,2026-04-30,Found alternative platform
CUST002947,True,2026-04-30,Too expensive
CUST002971,True,2026-04-30,Found alternative platform
CUST003095,True,2026-04-30,Found alternative platform
CUST005341,True,2026-04-30,Found alternative platform
CUST005508,True,2026-04-30,No longer needed
CUST005749,True,2026-04-30,Too expensive
CUST006636,True,2026-04-30,Technical issues
CUST007021,True,2026-04-30,No longer needed
CUST000068,True,2026-04-29,Technical issues
CUST002420,True,2026-04-29,Found alternative platform
CUST002962,True,2026-04-29,Household budget cuts
CUST003052,True,2026-04-29,Too expensive
CUST003192,True,2026-04-29,Found alternative platform
CUST004040,True,2026-04-29,No longer needed
CUST005925,True,2026-04-29,Password sharing crackdown
CUST000352,True,2026-04-28,Payment issues
CUST001962,True,2026-04-28,Technical issues
CUST002150,True,2026-04-28,Payment issues
CUST002855,True,2026-04-28,Payment issues
CUST003058,True,2026-04-28,Content quality decline
CUST003441,True,2026-04-28,Too expensive
CUST004457,True,2026-04-28,Household budget cuts
CUST004773,True,2026-04-28,Not enough content
CUST005604,True,2026-04-28,Poor customer service experience
CUST007104,True,2026-04-28,Password sharing crackdown
CUST007626,True,2026-04-28,No longer needed
CUST001675,True,2026-04-27,Household budget cuts
CUST001813,True,2026-04-27,Moving / relocation
CUST003136,True,2026-04-27,Technical issues
CUST003186,True,2026-04-27,Household budget cuts
CUST006067,True,2026-04-27,No longer needed
CUST006234,True,2026-04-27,Too expensive
CUST006585,True,2026-04-27,No longer needed
CUST000724,True,2026-04-26,Household budget cuts
CUST001264,True,2026-04-26,Household budget cuts
CUST007647,True,2026-04-26,Not enough content
CUST007867,True,2026-04-26,Too expensive
CUST000710,True,2026-04-25,Password sharing crackdown
CUST002251,True,2026-04-25,Not enough content
CUST002359,True,2026-04-25,Not enough content
CUST002949,True,2026-04-25,Found alternative platform
CUST003285,True,2026-04-25,Too expensive
CUST003353,True,2026-04-25,Technical issues
CUST006119,True,2026-04-25,Found alternative platform
CUST002219,True,2026-04-24,Poor customer service experience
CUST005089,True,2026-04-24,Technical issues
CUST006121,True,2026-04-24,Technical issues
CUST006510,True,2026-04-24,Too expensive
CUST006971,True,2026-04-24,Household budget cuts
CUST007188,True,2026-04-24,Not enough content
CUST007954,True,2026-04-24,Content quality decline
CUST000222,True,2026-04-23,Not enough content
CUST000561,True,2026-04-23,Too expensive
CUST000588,True,2026-04-23,Too expensive
CUST000825,True,2026-04-23,Found alternative platform
CUST000900,True,2026-04-23,Payment issues
CUST001951,True,2026-04-23,Technical issues
CUST003085,True,2026-04-23,Content quality decline
CUST004988,True,2026-04-23,Technical issues
CUST005199,True,2026-04-23,Content quality decline
CUST006778,True,2026-04-23,Moving / relocation
CUST006947,True,2026-04-23,Too expensive
CUST000283,True,2026-04-22,Poor customer service experience
CUST001198,True,2026-04-22,Content quality decline
CUST001566,True,2026-04-22,Too expensive
CUST003790,True,2026-04-22,Moving / relocation
CUST004168,True,2026-04-22,Found alternative platform
CUST005559,True,2026-04-22,Technical issues
CUST007464,True,2026-04-22,Not enough content
CUST007597,True,2026-04-22,Household budget cuts
CUST000046,True,2026-04-21,Household budget cuts
CUST001095,True,2026-04-21,Password sharing crackdown
CUST001115,True,2026-04-21,Payment issues
CUST001398,True,2026-04-21,Content quality decline
CUST002449,True,2026-04-21,Too expensive
CUST002626,True,2026-04-21,Found alternative platform
CUST005156,True,2026-04-21,Poor customer service experience
CUST006122,True,2026-04-21,Technical issues
CUST006151,True,2026-04-21,Found alternative platform
CUST007320,True,2026-04-21,Not enough content
CUST007671,True,2026-04-21,Technical issues
CUST000003,True,2026-04-20,Too expensive
CUST000501,True,2026-04-20,Technical issues
CUST001931,True,2026-04-20,Moving / relocation
CUST003886,True,2026-04-20,No longer needed
CUST004421,True,2026-04-20,Found alternative platform
CUST004834,True,2026-04-20,Technical issues
CUST007756,True,2026-04-20,Found alternative platform
CUST000166,True,2026-04-19,Found alternative platform
CUST001624,True,2026-04-19,Payment issues
CUST001886,True,2026-04-19,Too expensive
CUST004987,True,2026-04-19,No longer needed
CUST005083,True,2026-04-19,No longer needed
CUST006486,True,2026-04-19,Payment issues
CUST006541,True,2026-04-19,Not enough content
CUST007344,True,2026-04-19,Not enough content
CUST007795,True,2026-04-19,Too expensive
CUST003017,True,2026-04-18,Poor customer service experience
CUST003505,True,2026-04-18,Too expensive
CUST003837,True,2026-04-18,Payment issues
CUST004959,True,2026-04-18,Too expensive
CUST000361,True,2026-04-17,Found alternative platform
CUST000527,True,2026-04-17,No longer needed
CUST001454,True,2026-04-17,Too expensive
CUST001465,True,2026-04-17,Content quality decline
CUST003989,True,2026-04-17,Technical issues
CUST004154,True,2026-04-17,Technical issues
CUST004704,True,2026-04-17,No longer needed
CUST000535,True,2026-04-16,Payment issues
CUST001014,True,2026-04-16,Not enough content
CUST001592,True,2026-04-16,Too expensive
CUST003272,True,2026-04-16,Too expensive
CUST004531,True,2026-04-16,Moving / relocation
CUST004759,True,2026-04-16,Poor customer service experience
CUST006410,True,2026-04-16,Household budget cuts
CUST006715,True,2026-04-16,No longer needed
CUST001007,True,2026-04-15,Technical issues
CUST001110,True,2026-04-15,Found alternative platform
CUST003559,True,2026-04-15,Found alternative platform
CUST004123,True,2026-04-15,Household budget cuts
CUST004515,True,2026-04-15,Found alternative platform
CUST005321,True,2026-04-15,Poor customer service experience
CUST006419,True,2026-04-15,Not enough content
CUST000303,True,2026-04-14,Content quality decline
CUST000767,True,2026-04-14,Found alternative platform
CUST001002,True,2026-04-14,Not enough content
CUST001387,True,2026-04-14,Too expensive
CUST003650,True,2026-04-14,Found alternative platform
CUST004512,True,2026-04-14,Poor customer service experience
CUST004985,True,2026-04-14,Poor customer service experience
CUST006733,True,2026-04-14,Not enough content
CUST000234,True,2026-04-13,Technical issues
CUST002087,True,2026-04-13,Household budget cuts
CUST003396,True,2026-04-13,Password sharing crackdown
CUST005368,True,2026-04-13,Poor customer service experience
CUST005736,True,2026-04-13,No longer needed
CUST001151,True,2026-04-12,Payment issues
CUST001971,True,2026-04-12,Found alternative platform
CUST003797,True,2026-04-12,No longer needed
CUST006030,True,2026-04-12,Poor customer service experience
CUST006583,True,2026-04-12,Technical issues
CUST000232,True,2026-04-11,Moving / relocation
CUST000652,True,2026-04-11,Poor customer service experience
CUST001648,True,2026-04-11,Content quality decline
CUST002622,True,2026-04-11,Too expensive
CUST003633,True,2026-04-11,Technical issues
CUST004871,True,2026-04-11,Too expensive
CUST005391,True,2026-04-11,Moving / relocation
CUST005782,True,2026-04-11,Found alternative platform
CUST006489,True,2026-04-11,Household budget cuts
CUST007013,True,2026-04-11,Household budget cuts
CUST000247,True,2026-04-10,Not enough content
CUST002057,True,2026-04-10,Moving / relocation
CUST003391,True,2026-04-10,Too expensive
CUST000473,True,2026-04-09,Poor customer service experience
CUST002594,True,2026-04-09,Content quality decline
CUST003604,True,2026-04-09,Too expensive
CUST004743,True,2026-04-09,Found alternative platform
CUST005774,True,2026-04-09,Technical issues
CUST005779,True,2026-04-09,Moving / relocation
CUST006989,True,2026-04-09,Poor customer service experience
CUST006991,True,2026-04-09,Poor customer service experience
CUST007843,True,2026-04-09,Too expensive
CUST000954,True,2026-04-08,Found alternative platform
CUST000996,True,2026-04-08,Household budget cuts
CUST002040,True,2026-04-08,Technical issues
CUST003605,True,2026-04-08,Found alternative platform
CUST004811,True,2026-04-08,Payment issues
CUST005455,True,2026-04-08,No longer needed
CUST006982,True,2026-04-08,Password sharing crackdown
CUST007236,True,2026-04-08,No longer needed
CUST007507,True,2026-04-08,Too expensive
CUST001040,True,2026-04-07,Too expensive
CUST001877,True,2026-04-07,Content quality decline
CUST002806,True,2026-04-07,Technical issues
CUST004699,True,2026-04-07,Content quality decline
CUST005262,True,2026-04-07,Not enough content
CUST000854,True,2026-04-06,Too expensive
CUST003656,True,2026-04-06,Found alternative platform
CUST004228,True,2026-04-06,No longer needed
CUST004384,True,2026-04-06,Found alternative platform
CUST005862,True,2026-04-06,No longer needed
CUST006158,True,2026-04-06,Poor customer service experience
CUST000205,True,2026-04-05,Found alternative platform
CUST003495,True,2026-04-05,No longer needed
CUST004214,True,2026-04-05,No longer needed
CUST004537,True,2026-04-05,Not enough content
CUST005187,True,2026-04-05,Too expensive
CUST006967,True,2026-04-05,Household budget cuts
CUST007221,True,2026-04-05,Password sharing crackdown
CUST001212,True,2026-04-04,Poor customer service experience
CUST002185,True,2026-04-04,Not enough content
CUST002520,True,2026-04-04,Technical issues
CUST002673,True,2026-04-04,Too expensive
CUST003729,True,2026-04-04,No longer needed
CUST004244,True,2026-04-04,Too expensive
CUST005561,True,2026-04-04,Not enough content
CUST006469,True,2026-04-04,Content quality decline
CUST006670,True,2026-04-04,Technical issues
CUST007157,True,2026-04-04,Content quality decline
CUST000559,True,2026-04-03,Found alternative platform
CUST004892,True,2026-04-03,Too expensive
CUST000991,True,2026-04-02,Found alternative platform
CUST001350,True,2026-04-02,Not enough content
CUST001828,True,2026-04-02,No longer needed
CUST002665,True,2026-04-02,Too expensive
CUST002706,True,2026-04-02,Payment issues
CUST002910,True,2026-04-02,Found alternative platform
CUST004049,True,2026-04-02,Technical issues
CUST006965,True,2026-04-02,Found alternative platform
CUST007583,True,2026-04-02,Too expensive
CUST001123,True,2026-04-01,Technical issues
CUST003632,True,2026-04-01,Too expensive
CUST004928,True,2026-04-01,Payment issues
CUST006554,True,2026-04-01,Not enough content
CUST006852,True,2026-04-01,Password sharing crackdown
CUST007505,True,2026-04-01,Found alternative platform
CUST001171,True,2026-03-31,Moving / relocation
CUST001241,True,2026-03-31,Password sharing crackdown
CUST001309,True,2026-03-30,Not enough content
CUST002344,True,2026-03-30,Found alternative platform
CUST001330,True,2026-03-29,Moving / relocation
CUST003018,True,2026-03-29,Technical issues
CUST004740,True,2026-03-29,Password sharing crackdown
CUST005857,True,2026-03-29,Technical issues
CUST006168,True,2026-03-29,Payment issues
CUST006550,True,2026-03-29,Too expensive
CUST007657,True,2026-03-29,Poor customer service experience
CUST001495,True,2026-03-28,Password sharing crackdown
CUST002277,True,2026-03-28,Found alternative platform
CUST002468,True,2026-03-28,Too expensive
CUST003595,True,2026-03-28,No longer needed
CUST004864,True,2026-03-28,Found alternative platform
CUST005291,True,2026-03-28,Payment issues
CUST005818,True,2026-03-28,Payment issues
CUST006008,True,2026-03-28,Not enough content
CUST006616,True,2026-03-28,Found alternative platform
CUST006905,True,2026-03-28,Too expensive
CUST007951,True,2026-03-28,Not enough content
CUST000387,True,2026-03-27,Not enough content
CUST000919,True,2026-03-27,Not enough content
CUST002931,True,2026-03-27,Found alternative platform
CUST003413,True,2026-03-27,No longer needed
CUST003516,True,2026-03-27,Poor customer service experience
CUST003801,True,2026-03-27,No longer needed
CUST004206,True,2026-03-27,Too expensive
CUST004390,True,2026-03-27,Technical issues
CUST005071,True,2026-03-27,Found alternative platform
CUST005351,True,2026-03-27,No longer needed
CUST005660,True,2026-03-27,Not enough content
CUST007314,True,2026-03-27,Not enough content
CUST007870,True,2026-03-27,Household budget cuts
CUST000528,True,2026-03-26,Technical issues
CUST002311,True,2026-03-26,Found alternative platform
CUST003004,True,2026-03-26,Moving / relocation
CUST003843,True,2026-03-26,Found alternative platform
CUST005646,True,2026-03-26,Found alternative platform
CUST005649,True,2026-03-26,Payment issues
CUST006154,True,2026-03-26,Technical issues
CUST006618,True,2026-03-26,Too expensive
CUST007806,True,2026-03-26,Found alternative platform
CUST000927,True,2026-03-25,No longer needed
CUST001069,True,2026-03-25,Found alternative platform
CUST001467,True,2026-03-25,Too expensive
CUST002131,True,2026-03-25,Content quality decline
CUST002770,True,2026-03-25,Not enough content
CUST005263,True,2026-03-25,Found alternative platform
CUST007613,True,2026-03-25,Too expensive
CUST007817,True,2026-03-25,Content quality decline
CUST001328,True,2026-03-24,Found alternative platform
CUST002148,True,2026-03-24,Too expensive
CUST003160,True,2026-03-24,Household budget cuts
CUST003768,True,2026-03-24,Found alternative platform
CUST003964,True,2026-03-24,Moving / relocation
CUST005257,True,2026-03-24,Too expensive
CUST000290,True,2026-03-23,Not enough content
CUST004005,True,2026-03-23,Not enough content
CUST007015,True,2026-03-23,Password sharing crackdown
CUST007401,True,2026-03-23,Technical issues
CUST001895,True,2026-03-22,Poor customer service experience
CUST002963,True,2026-03-22,Found alternative platform
CUST005935,True,2026-03-22,Content quality decline
CUST006610,True,2026-03-22,Moving / relocation
CUST007974,True,2026-03-22,No longer needed
CUST000226,True,2026-03-21,No longer needed
CUST001269,True,2026-03-21,Household budget cuts
CUST001376,True,2026-03-21,Not enough content
CUST001762,True,2026-03-21,Too expensive
CUST001994,True,2026-03-21,Password sharing crackdown
CUST002997,True,2026-03-21,Password sharing crackdown
CUST003359,True,2026-03-21,Password sharing crackdown
CUST004264,True,2026-03-21,Too expensive
CUST005414,True,2026-03-21,Too expensive
CUST006261,True,2026-03-21,No longer needed
CUST006901,True,2026-03-21,Not enough content
CUST007493,True,2026-03-21,Poor customer service experience
CUST000108,True,2026-03-20,Too expensive
CUST001113,True,2026-03-20,Not enough content
CUST001781,True,2026-03-20,No longer needed
CUST002070,True,2026-03-20,Too expensive
CUST003800,True,2026-03-20,Password sharing crackdown
CUST004851,True,2026-03-20,Not enough content
CUST006211,True,2026-03-20,Too expensive
CUST007309,True,2026-03-20,Moving / relocation
CUST000619,True,2026-03-19,Too expensive
CUST001114,True,2026-03-19,Too expensive
CUST001611,True,2026-03-19,Password sharing crackdown
CUST005457,True,2026-03-19,No longer needed
CUST006238,True,2026-03-19,Content quality decline
CUST006948,True,2026-03-19,Payment issues
CUST000160,True,2026-03-18,Too expensive
CUST000985,True,2026-03-18,Password sharing crackdown
CUST002226,True,2026-03-18,Too expensive
CUST004547,True,2026-03-18,Not enough content
CUST005178,True,2026-03-18,No longer needed
CUST006404,True,2026-03-18,Too expensive
CUST006580,True,2026-03-18,Household budget cuts
CUST000564,True,2026-03-17,Moving / relocation
CUST001585,True,2026-03-17,Payment issues
CUST002017,True,2026-03-17,No longer needed
CUST006838,True,2026-03-17,Found alternative platform
CUST000795,True,2026-03-16,Found alternative platform
CUST001687,True,2026-03-16,Found alternative platform
CUST004246,True,2026-03-16,Found alternative platform
CUST004800,True,2026-03-16,Not enough content
CUST005293,True,2026-03-16,No longer needed
CUST006507,True,2026-03-16,Password sharing crackdown
CUST000526,True,2026-03-15,Found alternative platform
CUST001850,True,2026-03-15,Content quality decline
CUST002216,True,2026-03-15,No longer needed
CUST002733,True,2026-03-15,Technical issues
CUST003883,True,2026-03-15,Too expensive
CUST005255,True,2026-03-15,No longer needed
CUST005798,True,2026-03-15,Too expensive
CUST007438,True,2026-03-15,Not enough content
CUST000472,True,2026-03-14,Found alternative platform
CUST000621,True,2026-03-14,Too expensive
CUST001720,True,2026-03-14,No longer needed
CUST001728,True,2026-03-14,Too expensive
CUST002674,True,2026-03-14,Moving / relocation
CUST004747,True,2026-03-14,Payment issues
CUST006307,True,2026-03-14,Found alternative platform
CUST007593,True,2026-03-14,Too expensive
CUST000406,True,2026-03-13,Too expensive
CUST002648,True,2026-03-13,No longer needed
CUST003406,True,2026-03-13,Found alternative platform
CUST004229,True,2026-03-13,Household budget cuts
CUST006266,True,2026-03-13,Not enough content
CUST000374,True,2026-03-12,Payment issues
CUST000394,True,2026-03-12,No longer needed
CUST000487,True,2026-03-12,Too expensive
CUST001083,True,2026-03-12,Payment issues
CUST002607,True,2026-03-12,Not enough content
CUST004162,True,2026-03-12,Not enough content
CUST006233,True,2026-03-12,Not enough content
CUST007952,True,2026-03-12,Found alternative platform
CUST000314,True,2026-03-11,Not enough content
CUST000963,True,2026-03-11,Moving / relocation
CUST002269,True,2026-03-11,Household budget cuts
CUST005170,True,2026-03-11,Poor customer service experience
CUST005800,True,2026-03-11,Poor customer service experience
CUST000593,True,2026-03-10,Not enough content
CUST000714,True,2026-03-10,Found alternative platform
CUST003223,True,2026-03-10,Found alternative platform
CUST003660,True,2026-03-10,Found alternative platform
CUST003670,True,2026-03-10,Poor customer service experience
CUST004351,True,2026-03-10,Found alternative platform
CUST004538,True,2026-03-10,Not enough content
CUST004548,True,2026-03-10,Household budget cuts
CUST006679,True,2026-03-10,Password sharing crackdown
CUST007590,True,2026-03-10,Password sharing crackdown
CUST001549,True,2026-03-09,Technical issues
CUST002106,True,2026-03-09,Poor customer service experience
CUST002872,True,2026-03-09,No longer needed
CUST004956,True,2026-03-09,Household budget cuts
CUST005099,True,2026-03-09,Too expensive
CUST005698,True,2026-03-09,Found alternative platform
CUST000305,True,2026-03-08,Not enough content
CUST001341,True,2026-03-08,Too expensive
CUST002154,True,2026-03-08,Payment issues
CUST002611,True,2026-03-08,Poor customer service experience
CUST004110,True,2026-03-08,Not enough content
CUST000901,True,2026-03-07,Payment issues
CUST001428,True,2026-03-07,Found alternative platform
CUST002243,True,2026-03-07,No longer needed
CUST003114,True,2026-03-07,Content quality decline
CUST004084,True,2026-03-07,Not enough content
CUST005176,True,2026-03-07,Poor customer service experience
CUST005184,True,2026-03-07,Technical issues
CUST005249,True,2026-03-07,Too expensive
CUST006263,True,2026-03-07,Technical issues
CUST006544,True,2026-03-07,Not enough content
CUST007457,True,2026-03-07,Too expensive
CUST007889,True,2026-03-07,Household budget cuts
CUST000628,True,2026-03-06,Moving / relocation
CUST001559,True,2026-03-06,Too expensive
CUST005112,True,2026-03-06,Content quality decline
CUST005820,True,2026-03-06,Technical issues
CUST000974,True,2026-03-05,Technical issues
CUST002238,True,2026-03-05,Payment issues
CUST005004,True,2026-03-05,Not enough content
CUST006102,True,2026-03-05,Technical issues
CUST006791,True,2026-03-05,Found alternative platform
CUST002737,True,2026-03-04,Too expensive
CUST003618,True,2026-03-04,No longer needed
CUST004516,True,2026-03-04,Not enough content
CUST006318,True,2026-03-04,Found alternative platform
CUST006381,True,2026-03-04,Found alternative platform
CUST006722,True,2026-03-04,No longer needed
CUST007322,True,2026-03-04,Household budget cuts
CUST000152,True,2026-03-03,Too expensive
CUST001916,True,2026-03-03,Household budget cuts
CUST002574,True,2026-03-03,Technical issues
CUST002681,True,2026-03-03,No longer needed
CUST005006,True,2026-03-03,Found alternative platform
CUST006290,True,2026-03-03,Too expensive
CUST006559,True,2026-03-03,Poor customer service experience
CUST000099,True,2026-03-02,Found alternative platform
CUST002264,True,2026-03-02,Too expensive
CUST002281,True,2026-03-02,Payment issues
CUST006156,True,2026-03-02,Content quality decline
CUST006868,True,2026-03-02,Found alternative platform
CUST007016,True,2026-03-02,Too expensive
CUST000092,True,2026-03-01,Too expensive
CUST000412,True,2026-03-01,Content quality decline
CUST000510,True,2026-03-01,Too expensive
CUST000861,True,2026-03-01,Household budget cuts
CUST001049,True,2026-03-01,Moving / relocation
CUST002248,True,2026-03-01,Technical issues
CUST003926,True,2026-03-01,Too expensive
CUST006608,True,2026-02-28,Not enough content
CUST000114,True,2026-02-27,Poor customer service experience
CUST000119,True,2026-02-27,Found alternative platform
CUST001108,True,2026-02-27,Household budget cuts
CUST001144,True,2026-02-27,Found alternative platform
CUST001209,True,2026-02-27,Not enough content
CUST001682,True,2026-02-27,Household budget cuts
CUST003063,True,2026-02-27,Found alternative platform
CUST004402,True,2026-02-27,Not enough content
CUST004417,True,2026-02-27,Content quality decline
CUST005659,True,2026-02-27,Not enough content
CUST005878,True,2026-02-27,Poor customer service experience
CUST007625,True,2026-02-27,Too expensive
CUST007967,True,2026-02-27,Found alternative platform
CUST001911,True,2026-02-26,Password sharing crackdown
CUST003652,True,2026-02-26,Household budget cuts
CUST003979,True,2026-02-26,No longer needed
CUST000065,True,2026-02-25,Poor customer service experience
CUST000110,True,2026-02-25,Found alternative platform
CUST001657,True,2026-02-25,Payment issues
CUST004392,True,2026-02-25,Too expensive
CUST005254,True,2026-02-25,Too expensive
CUST006909,True,2026-02-25,Password sharing crackdown
CUST007014,True,2026-02-25,Household budget cuts
CUST000242,True,2026-02-24,Not enough content
CUST000330,True,2026-02-24,Not enough content
CUST001606,True,2026-02-24,Found alternative platform
CUST003895,True,2026-02-24,Technical issues
CUST006035,True,2026-02-24,Content quality decline
CUST000420,True,2026-02-23,Too expensive
CUST002573,True,2026-02-23,Too expensive
CUST003570,True,2026-02-23,Too expensive
CUST003832,True,2026-02-23,Household budget cuts
CUST004038,True,2026-02-23,Poor customer service experience
CUST005764,True,2026-02-23,No longer needed
CUST007567,True,2026-02-23,No longer needed
CUST007658,True,2026-02-23,Too expensive
CUST007659,True,2026-02-23,Not enough content
CUST000172,True,2026-02-22,Payment issues
CUST001522,True,2026-02-22,Found alternative platform
CUST005907,True,2026-02-22,Found alternative platform
CUST006528,True,2026-02-22,Too expensive
CUST007136,True,2026-02-22,Too expensive
CUST000615,True,2026-02-21,No longer needed
CUST001696,True,2026-02-21,No longer needed
CUST003381,True,2026-02-21,Moving / relocation
CUST003677,True,2026-02-21,Household budget cuts
CUST003922,True,2026-02-21,No longer needed
CUST006143,True,2026-02-21,Too expensive
CUST006648,True,2026-02-21,Not enough content
CUST001977,True,2026-02-20,Too expensive
CUST002624,True,2026-02-20,Content quality decline
CUST003080,True,2026-02-20,No longer needed
CUST003326,True,2026-02-20,Too expensive
CUST003675,True,2026-02-20,Moving / relocation
CUST003963,True,2026-02-20,No longer needed
CUST004661,True,2026-02-20,Moving / relocation
CUST004872,True,2026-02-20,Moving / relocation
CUST005065,True,2026-02-20,No longer needed
CUST006390,True,2026-02-20,Found alternative platform
CUST006768,True,2026-02-20,Household budget cuts
CUST007124,True,2026-02-20,Moving / relocation
CUST007362,True,2026-02-20,Content quality decline
CUST007824,True,2026-02-20,Too expensive
CUST002497,True,2026-02-19,Poor customer service experience
CUST002537,True,2026-02-19,Not enough content
CUST002903,True,2026-02-19,Found alternative platform
CUST004372,True,2026-02-19,Content quality decline
CUST000197,True,2026-02-18,Too expensive
CUST003116,True,2026-02-18,Content quality decline
CUST003140,True,2026-02-18,Household budget cuts
CUST003246,True,2026-02-18,Found alternative platform
CUST004207,True,2026-02-18,Household budget cuts
CUST005762,True,2026-02-18,Payment issues
CUST005905,True,2026-02-18,Poor customer service experience
CUST007068,True,2026-02-18,Technical issues
CUST002496,True,2026-02-17,Technical issues
CUST003000,True,2026-02-17,Password sharing crackdown
CUST003709,True,2026-02-17,Household budget cuts
CUST005133,True,2026-02-17,Technical issues
CUST005261,True,2026-02-17,Moving / relocation
CUST000637,True,2026-02-16,Too expensive
CUST003640,True,2026-02-16,Technical issues
CUST004024,True,2026-02-16,Found alternative platform
CUST004134,True,2026-02-16,Too expensive
CUST004822,True,2026-02-16,No longer needed
CUST006708,True,2026-02-16,Not enough content
CUST002032,True,2026-02-15,Too expensive
CUST003481,True,2026-02-15,Too expensive
CUST004294,True,2026-02-15,Payment issues
CUST004714,True,2026-02-15,Found alternative platform
CUST007048,True,2026-02-15,Password sharing crackdown
CUST007695,True,2026-02-15,Too expensive
CUST007993,True,2026-02-15,Not enough content
CUST000530,True,2026-02-14,Poor customer service experience
CUST001088,True,2026-02-14,Payment issues
CUST002218,True,2026-02-14,Found alternative platform
CUST004403,True,2026-02-14,Found alternative platform
CUST004733,True,2026-02-14,Poor customer service experience
CUST005453,True,2026-02-14,Poor customer service experience
CUST006090,True,2026-02-14,Password sharing crackdown
CUST006175,True,2026-02-14,No longer needed
CUST007946,True,2026-02-14,Household budget cuts
CUST000655,True,2026-02-13,Content quality decline
CUST000876,True,2026-02-13,No longer needed
CUST001000,True,2026-02-13,Poor customer service experience
CUST001631,True,2026-02-13,Too expensive
CUST002482,True,2026-02-13,Poor customer service experience
CUST003346,True,2026-02-13,Poor customer service experience
CUST003622,True,2026-02-13,Moving / relocation
CUST003663,True,2026-02-13,Too expensive
CUST005282,True,2026-02-13,Technical issues
CUST001550,True,2026-02-12,No longer needed
CUST002504,True,2026-02-12,Poor customer service experience
CUST004014,True,2026-02-12,Too expensive
CUST004122,True,2026-02-12,Too expensive
CUST005196,True,2026-02-12,Household budget cuts
CUST006014,True,2026-02-12,Too expensive
CUST000445,True,2026-02-11,No longer needed
CUST003603,True,2026-02-11,Poor customer service experience
CUST006535,True,2026-02-11,Payment issues
CUST000259,True,2026-02-10,Poor customer service experience
CUST004190,True,2026-02-10,Found alternative platform
CUST005499,True,2026-02-10,No longer needed
CUST006567,True,2026-02-10,Content quality decline
CUST006990,True,2026-02-10,Moving / relocation
CUST007226,True,2026-02-10,Technical issues
CUST007581,True,2026-02-10,Technical issues
CUST000631,True,2026-02-09,Moving / relocation
CUST001480,True,2026-02-09,No longer needed
CUST001821,True,2026-02-09,No longer needed
CUST001920,True,2026-02-09,Too expensive
CUST002527,True,2026-02-09,Not enough content
CUST003088,True,2026-02-09,Content quality decline
CUST003927,True,2026-02-09,Found alternative platform
CUST004033,True,2026-02-09,Too expensive
CUST006243,True,2026-02-09,Content quality decline
CUST000318,True,2026-02-08,Not enough content
CUST001245,True,2026-02-08,Household budget cuts
CUST002429,True,2026-02-08,No longer needed
CUST002702,True,2026-02-08,Found alternative platform
CUST003119,True,2026-02-08,No longer needed
CUST006456,True,2026-02-08,Password sharing crackdown
CUST006830,True,2026-02-08,Too expensive
CUST006941,True,2026-02-08,Too expensive
CUST006946,True,2026-02-08,No longer needed
CUST007045,True,2026-02-08,Payment issues
CUST007160,True,2026-02-08,Moving / relocation
CUST007424,True,2026-02-08,Poor customer service experience
CUST001003,True,2026-02-07,Technical issues
CUST002494,True,2026-02-07,Technical issues
CUST003977,True,2026-02-07,Not enough content
CUST004054,True,2026-02-07,No longer needed
CUST004344,True,2026-02-07,No longer needed
CUST004805,True,2026-02-07,No longer needed
CUST005049,True,2026-02-07,Payment issues
CUST005560,True,2026-02-07,Technical issues
CUST005722,True,2026-02-07,Too expensive
CUST006162,True,2026-02-07,Too expensive
CUST006399,True,2026-02-07,Too expensive
CUST000044,True,2026-02-06,Household budget cuts
CUST002297,True,2026-02-06,Not enough content
CUST002904,True,2026-02-06,No longer needed
CUST002054,True,2026-02-05,Too expensive
CUST006072,True,2026-02-05,Technical issues
CUST007041,True,2026-02-05,Household budget cuts
CUST006904,True,2026-02-04,Payment issues
CUST007554,True,2026-02-04,Content quality decline
CUST000237,True,2026-02-03,Too expensive
CUST002466,True,2026-02-03,Too expensive
CUST002600,True,2026-02-03,Technical issues
CUST006689,True,2026-02-03,Too expensive
CUST007755,True,2026-02-03,Technical issues
CUST001710,True,2026-02-02,Too expensive
CUST002119,True,2026-02-02,Household budget cuts
CUST002909,True,2026-02-02,Poor customer service experience
CUST003377,True,2026-02-02,Too expensive
CUST004644,True,2026-02-02,Technical issues
CUST005096,True,2026-02-02,Household budget cuts
CUST005155,True,2026-02-02,Household budget cuts
CUST006716,True,2026-02-02,Payment issues
CUST006798,True,2026-02-02,Payment issues
CUST001891,True,2026-02-01,Password sharing crackdown
CUST001948,True,2026-02-01,Too expensive
CUST002000,True,2026-02-01,No longer needed
CUST002512,True,2026-02-01,No longer needed
CUST004067,True,2026-02-01,Too expensive
CUST004416,True,2026-02-01,Content quality decline
CUST004425,True,2026-02-01,Payment issues
CUST004577,True,2026-02-01,Technical issues
CUST000014,True,2026-01-31,Too expensive
CUST000055,True,2026-01-31,Technical issues
CUST001914,True,2026-01-31,No longer needed
CUST002082,True,2026-01-31,Password sharing crackdown
CUST002250,True,2026-01-31,Payment issues
CUST005245,True,2026-01-31,Technical issues
CUST005290,True,2026-01-31,Too expensive
CUST005888,True,2026-01-31,No longer needed
CUST006110,True,2026-01-31,Too expensive
CUST006126,True,2026-01-31,Content quality decline
CUST006455,True,2026-01-31,Found alternative platform
CUST007081,True,2026-01-31,Found alternative platform
CUST007308,True,2026-01-31,Too expensive
CUST007358,True,2026-01-31,Payment issues
CUST002078,True,2026-01-30,Content quality decline
CUST002285,True,2026-01-30,Too expensive
CUST002695,True,2026-01-30,Not enough content
CUST003471,True,2026-01-30,No longer needed
CUST003693,True,2026-01-30,Not enough content
CUST003966,True,2026-01-30,Found alternative platform
CUST005259,True,2026-01-30,Payment issues
CUST005927,True,2026-01-30,Not enough content
CUST007361,True,2026-01-30,Household budget cuts
CUST007698,True,2026-01-30,Too expensive
CUST000268,True,2026-01-29,Found alternative platform
CUST001001,True,2026-01-29,Technical issues
CUST002748,True,2026-01-29,No longer needed
CUST003133,True,2026-01-29,No longer needed
CUST003795,True,2026-01-29,Too expensive
CUST003960,True,2026-01-29,Payment issues
CUST005579,True,2026-01-29,Technical issues
CUST006244,True,2026-01-29,No longer needed
CUST006442,True,2026-01-29,Not enough content
CUST006673,True,2026-01-29,Content quality decline
CUST006893,True,2026-01-29,No longer needed
CUST007991,True,2026-01-29,Found alternative platform
CUST000039,True,2026-01-28,Poor customer service experience
CUST001983,True,2026-01-28,Too expensive
CUST002156,True,2026-01-28,Technical issues
CUST002718,True,2026-01-28,Moving / relocation
CUST003093,True,2026-01-28,Moving / relocation
CUST004623,True,2026-01-28,Too expensive
CUST004738,True,2026-01-28,Too expensive
CUST000184,True,2026-01-27,Not enough content
CUST001468,True,2026-01-27,Content quality decline
CUST002084,True,2026-01-27,Too expensive
CUST002089,True,2026-01-27,Technical issues
CUST002798,True,2026-01-27,Found alternative platform
CUST004272,True,2026-01-27,Payment issues
CUST004561,True,2026-01-27,Content quality decline
CUST004621,True,2026-01-27,Too expensive
CUST006680,True,2026-01-27,Not enough content
CUST000866,True,2026-01-26,Too expensive
CUST002430,True,2026-01-26,Found alternative platform
CUST002610,True,2026-01-26,Found alternative platform
CUST005038,True,2026-01-26,Found alternative platform
CUST005827,True,2026-01-26,Technical issues
CUST001246,True,2026-01-25,Payment issues
CUST002245,True,2026-01-25,Content quality decline
CUST003561,True,2026-01-25,Too expensive
CUST004042,True,2026-01-25,Not enough content
CUST004960,True,2026-01-25,Payment issues
CUST005093,True,2026-01-25,Technical issues
CUST006140,True,2026-01-25,No longer needed
CUST006445,True,2026-01-25,Content quality decline
CUST007660,True,2026-01-25,Content quality decline
CUST000704,True,2026-01-24,Too expensive
CUST001638,True,2026-01-24,Household budget cuts
CUST002041,True,2026-01-24,Too expensive
CUST003041,True,2026-01-24,Moving / relocation
CUST003850,True,2026-01-24,No longer needed
CUST004474,True,2026-01-24,Too expensive
CUST004958,True,2026-01-24,Poor customer service experience
CUST007869,True,2026-01-24,Not enough content
CUST001111,True,2026-01-23,Payment issues
CUST001674,True,2026-01-23,Not enough content
CUST003462,True,2026-01-23,Found alternative platform
CUST004479,True,2026-01-23,No longer needed
CUST006136,True,2026-01-23,Payment issues
CUST006157,True,2026-01-23,Not enough content
CUST007283,True,2026-01-23,Too expensive
CUST007989,True,2026-01-23,Too expensive
CUST000032,True,2026-01-22,Poor customer service experience
CUST001230,True,2026-01-22,Technical issues
CUST001349,True,2026-01-22,Technical issues
CUST001805,True,2026-01-22,No longer needed
CUST003257,True,2026-01-22,Not enough content
CUST003914,True,2026-01-22,Household budget cuts
CUST005637,True,2026-01-22,Too expensive
CUST006210,True,2026-01-22,Household budget cuts
CUST006412,True,2026-01-22,No longer needed
CUST006903,True,2026-01-22,Payment issues
CUST006910,True,2026-01-22,Not enough content
CUST007242,True,2026-01-22,Content quality decline
CUST007620,True,2026-01-22,Payment issues
CUST007622,True,2026-01-22,No longer needed
CUST007990,True,2026-01-22,Too expensive
CUST000874,True,2026-01-21,No longer needed
CUST002340,True,2026-01-21,Not enough content
CUST003190,True,2026-01-21,Too expensive
CUST007381,True,2026-01-21,Not enough content
CUST000093,True,2026-01-20,No longer needed
CUST001065,True,2026-01-20,No longer needed
CUST002697,True,2026-01-20,Not enough content
CUST002934,True,2026-01-20,Too expensive
CUST005460,True,2026-01-20,Content quality decline
CUST005913,True,2026-01-20,Not enough content
CUST006074,True,2026-01-20,Password sharing crackdown
CUST006814,True,2026-01-20,Content quality decline
CUST000132,True,2026-01-19,Found alternative platform
CUST001086,True,2026-01-19,Not enough content
CUST001688,True,2026-01-19,Too expensive
CUST003321,True,2026-01-19,Technical issues
CUST003740,True,2026-01-19,Found alternative platform
CUST005902,True,2026-01-19,Found alternative platform
CUST006503,True,2026-01-19,Too expensive
CUST000449,True,2026-01-18,Too expensive
CUST000717,True,2026-01-18,Not enough content
CUST000779,True,2026-01-18,Technical issues
CUST002368,True,2026-01-18,Moving / relocation
CUST005965,True,2026-01-18,Poor customer service experience
CUST006134,True,2026-01-18,Poor customer service experience
CUST007053,True,2026-01-18,Content quality decline
CUST007137,True,2026-01-18,Found alternative platform
CUST001011,True,2026-01-17,Content quality decline
CUST003444,True,2026-01-17,No longer needed
CUST005919,True,2026-01-17,Not enough content
CUST006310,True,2026-01-17,Found alternative platform
CUST007004,True,2026-01-17,Too expensive
CUST002388,True,2026-01-16,Too expensive
CUST002599,True,2026-01-16,Moving / relocation
CUST007621,True,2026-01-16,No longer needed
CUST001248,True,2026-01-15,No longer needed
CUST003870,True,2026-01-15,Technical issues
CUST004279,True,2026-01-15,Found alternative platform
CUST006511,True,2026-01-15,Payment issues
CUST001662,True,2026-01-14,Technical issues
CUST002390,True,2026-01-14,Found alternative platform
CUST002840,True,2026-01-14,Content quality decline
CUST005554,True,2026-01-14,Payment issues
CUST007133,True,2026-01-14,Too expensive
CUST007608,True,2026-01-14,Poor customer service experience
CUST001469,True,2026-01-13,Too expensive
CUST004363,True,2026-01-13,Too expensive
CUST006818,True,2026-01-13,No longer needed
CUST007306,True,2026-01-13,Found alternative platform
CUST000945,True,2026-01-12,Too expensive
CUST001297,True,2026-01-12,Poor customer service experience
CUST001965,True,2026-01-12,Technical issues
CUST002026,True,2026-01-12,Content quality decline
CUST002204,True,2026-01-12,Not enough content
CUST002763,True,2026-01-12,Found alternative platform
CUST003527,True,2026-01-12,Too expensive
CUST006015,True,2026-01-12,Too expensive
CUST007251,True,2026-01-12,Not enough content
CUST001054,True,2026-01-11,No longer needed
CUST002454,True,2026-01-11,No longer needed
CUST003134,True,2026-01-11,Payment issues
CUST003431,True,2026-01-11,No longer needed
CUST004496,True,2026-01-11,Found alternative platform
CUST005961,True,2026-01-11,Moving / relocation
CUST000137,True,2026-01-10,Found alternative platform
CUST000383,True,2026-01-10,Poor customer service experience
CUST002112,True,2026-01-10,No longer needed
CUST002996,True,2026-01-10,Content quality decline
CUST003623,True,2026-01-10,Payment issues
CUST004345,True,2026-01-10,Too expensive
CUST006111,True,2026-01-10,Found alternative platform
CUST006940,True,2026-01-10,No longer needed
CUST007153,True,2026-01-10,Found alternative platform
CUST000740,True,2026-01-09,Poor customer service experience
CUST000921,True,2026-01-09,Poor customer service experience
CUST001106,True,2026-01-09,Too expensive
CUST003733,True,2026-01-09,Household budget cuts
CUST004030,True,2026-01-09,Found alternative platform
CUST004210,True,2026-01-09,Moving / relocation
CUST004483,True,2026-01-09,Too expensive
CUST005325,True,2026-01-09,Too expensive
CUST006224,True,2026-01-09,Poor customer service experience
CUST006470,True,2026-01-09,No longer needed
CUST006743,True,2026-01-09,Too expensive
CUST006859,True,2026-01-09,Found alternative platform
CUST007561,True,2026-01-09,Technical issues
CUST007569,True,2026-01-09,Too expensive
CUST000243,True,2026-01-08,Too expensive
CUST001039,True,2026-01-08,Technical issues
CUST001560,True,2026-01-08,Password sharing crackdown
CUST001906,True,2026-01-08,Technical issues
CUST002244,True,2026-01-08,Payment issues
CUST003402,True,2026-01-08,Password sharing crackdown
CUST003919,True,2026-01-08,Found alternative platform
CUST004708,True,2026-01-08,Household budget cuts
CUST006385,True,2026-01-08,Household budget cuts
CUST000328,True,2026-01-07,No longer needed
CUST001882,True,2026-01-07,No longer needed
CUST002013,True,2026-01-07,Household budget cuts
CUST002102,True,2026-01-07,Found alternative platform
CUST004266,True,2026-01-07,Content quality decline
CUST004426,True,2026-01-07,Content quality decline
CUST006094,True,2026-01-07,Technical issues
CUST006777,True,2026-01-07,Password sharing crackdown
CUST006949,True,2026-01-07,No longer needed
CUST002657,True,2026-01-06,Found alternative platform
CUST005265,True,2026-01-06,Technical issues
CUST006593,True,2026-01-06,Found alternative platform
CUST006629,True,2026-01-06,Too expensive
CUST000663,True,2026-01-05,Payment issues
CUST002720,True,2026-01-05,Found alternative platform
CUST002943,True,2026-01-05,Found alternative platform
CUST004149,True,2026-01-05,Found alternative platform
CUST004575,True,2026-01-05,Technical issues
CUST006558,True,2026-01-05,Not enough content
CUST007099,True,2026-01-05,Found alternative platform
CUST007829,True,2026-01-05,Moving / relocation
CUST000384,True,2026-01-04,Not enough content
CUST001102,True,2026-01-04,Content quality decline
CUST001117,True,2026-01-04,No longer needed
CUST001395,True,2026-01-04,Password sharing crackdown
CUST001435,True,2026-01-04,Technical issues
CUST001915,True,2026-01-04,Content quality decline
CUST003241,True,2026-01-04,Technical issues
CUST003408,True,2026-01-04,No longer needed
CUST004260,True,2026-01-04,Too expensive
CUST005655,True,2026-01-04,Too expensive
CUST005744,True,2026-01-04,Found alternative platform
CUST006424,True,2026-01-04,No longer needed
CUST000857,True,2026-01-03,Household budget cuts
CUST001019,True,2026-01-03,Not enough content
CUST001276,True,2026-01-03,Found alternative platform
CUST001507,True,2026-01-03,Not enough content
CUST003755,True,2026-01-03,Too expensive
CUST004730,True,2026-01-03,Too expensive
CUST005688,True,2026-01-03,Password sharing crackdown
CUST005875,True,2026-01-03,Not enough content
CUST006539,True,2026-01-03,Too expensive
CUST007034,True,2026-01-03,Payment issues
CUST007248,True,2026-01-03,Found alternative platform
CUST000299,True,2026-01-02,No longer needed
CUST001796,True,2026-01-02,Moving / relocation
CUST004601,True,2026-01-02,Not enough content
CUST004828,True,2026-01-02,Poor customer service experience
CUST005608,True,2026-01-02,Technical issues
CUST007530,True,2026-01-02,Poor customer service experience
CUST007715,True,2026-01-02,Moving / relocation
CUST007851,True,2026-01-02,Password sharing crackdown
CUST000428,True,2026-01-01,Payment issues
CUST000993,True,2026-01-01,Content quality decline
CUST002363,True,2026-01-01,Found alternative platform
CUST002965,True,2026-01-01,Poor customer service experience
CUST003345,True,2026-01-01,No longer needed
CUST005807,True,2026-01-01,Technical issues
CUST006045,True,2026-01-01,Too expensive
CUST007316,True,2026-01-01,Technical issues
CUST000221,True,2025-12-31,Not enough content
CUST001016,True,2025-12-31,No longer needed
CUST001649,True,2025-12-31,Too expensive
CUST001704,True,2025-12-31,Moving / relocation
CUST006353,True,2025-12-31,Too expensive
CUST007521,True,2025-12-31,Moving / relocation
CUST007735,True,2025-12-31,Too expensive
CUST002756,True,2025-12-30,Not enough content
CUST003724,True,2025-12-30,Too expensive
CUST004854,True,2025-12-30,Content quality decline
CUST005312,True,2025-12-30,Not enough content
CUST005454,True,2025-12-30,No longer needed
CUST005773,True,2025-12-30,Found alternative platform
CUST007641,True,2025-12-30,Technical issues
CUST000434,True,2025-12-29,Found alternative platform
CUST001331,True,2025-12-29,Password sharing crackdown
CUST002540,True,2025-12-29,Found alternative platform
CUST002730,True,2025-12-29,Poor customer service experience
CUST003470,True,2025-12-29,Found alternative platform
CUST005866,True,2025-12-29,Too expensive
CUST006053,True,2025-12-29,Not enough content
CUST001510,True,2025-12-28,Too expensive
CUST001836,True,2025-12-28,Household budget cuts
CUST002066,True,2025-12-28,Found alternative platform
CUST004155,True,2025-12-28,Found alternative platform
CUST004208,True,2025-12-28,Household budget cuts
CUST006421,True,2025-12-28,Moving / relocation
CUST007455,True,2025-12-28,Moving / relocation
CUST000143,True,2025-12-27,Not enough content
CUST001196,True,2025-12-27,Found alternative platform
CUST001369,True,2025-12-27,Payment issues
CUST001373,True,2025-12-27,Technical issues
CUST001381,True,2025-12-27,Household budget cuts
CUST002034,True,2025-12-27,No longer needed
CUST003001,True,2025-12-27,Too expensive
CUST006417,True,2025-12-27,Found alternative platform
CUST006925,True,2025-12-27,Found alternative platform
CUST007318,True,2025-12-27,Password sharing crackdown
CUST007696,True,2025-12-27,Too expensive
CUST000146,True,2025-12-26,Household budget cuts
CUST001315,True,2025-12-26,Technical issues
CUST002315,True,2025-12-26,Household budget cuts
CUST003303,True,2025-12-26,Technical issues
CUST003680,True,2025-12-26,Found alternative platform
CUST003830,True,2025-12-26,Found alternative platform
CUST007425,True,2025-12-26,Too expensive
CUST002480,True,2025-12-25,Found alternative platform
CUST002582,True,2025-12-25,Not enough content
CUST004242,True,2025-12-25,Too expensive
CUST004296,True,2025-12-25,Not enough content
CUST006192,True,2025-12-25,No longer needed
CUST006809,True,2025-12-25,Not enough content
CUST000461,True,2025-12-24,No longer needed
CUST002530,True,2025-12-24,Not enough content
CUST005028,True,2025-12-24,Poor customer service experience
CUST005647,True,2025-12-24,Payment issues
CUST000337,True,2025-12-23,Too expensive
CUST001943,True,2025-12-23,Household budget cuts
CUST002101,True,2025-12-23,Not enough content
CUST003022,True,2025-12-23,Technical issues
CUST003072,True,2025-12-23,Too expensive
CUST005398,True,2025-12-23,Household budget cuts
CUST006651,True,2025-12-23,Payment issues
CUST007868,True,2025-12-23,Not enough content
CUST000491,True,2025-12-22,Poor customer service experience
CUST001345,True,2025-12-22,Household budget cuts
CUST001506,True,2025-12-22,No longer needed
CUST001711,True,2025-12-22,Found alternative platform
CUST002509,True,2025-12-22,Household budget cuts
CUST006449,True,2025-12-22,Too expensive
CUST006458,True,2025-12-22,No longer needed
CUST007552,True,2025-12-22,Found alternative platform
CUST007914,True,2025-12-22,Found alternative platform
CUST001266,True,2025-12-21,Not enough content
CUST003165,True,2025-12-21,Password sharing crackdown
CUST005354,True,2025-12-21,Household budget cuts
CUST006521,True,2025-12-21,Too expensive
CUST006556,True,2025-12-21,No longer needed
CUST006694,True,2025-12-21,Technical issues
CUST007109,True,2025-12-21,Found alternative platform
CUST007176,True,2025-12-21,Found alternative platform
CUST000074,True,2025-12-20,Not enough content
CUST000653,True,2025-12-20,No longer needed
CUST002001,True,2025-12-20,Content quality decline
CUST003317,True,2025-12-20,Too expensive
CUST004148,True,2025-12-20,Poor customer service experience
CUST005032,True,2025-12-20,Too expensive
CUST005120,True,2025-12-20,Password sharing crackdown
CUST005363,True,2025-12-20,Found alternative platform
CUST006097,True,2025-12-20,Not enough content
CUST006549,True,2025-12-20,Content quality decline
CUST001222,True,2025-12-19,Moving / relocation
CUST002829,True,2025-12-19,Found alternative platform
CUST004865,True,2025-12-19,No longer needed
CUST005483,True,2025-12-19,Too expensive
CUST005858,True,2025-12-19,Technical issues
CUST006499,True,2025-12-19,Poor customer service experience
CUST007382,True,2025-12-19,Found alternative platform
CUST007479,True,2025-12-19,Content quality decline
CUST000225,True,2025-12-18,Password sharing crackdown
CUST000479,True,2025-12-18,Poor customer service experience
CUST001004,True,2025-12-18,Found alternative platform
CUST002059,True,2025-12-18,Found alternative platform
CUST002068,True,2025-12-18,Household budget cuts
CUST002646,True,2025-12-18,Not enough content
CUST002813,True,2025-12-18,Found alternative platform
CUST003141,True,2025-12-18,Payment issues
CUST005149,True,2025-12-18,Too expensive
CUST007126,True,2025-12-18,Found alternative platform
CUST000081,True,2025-12-17,Found alternative platform
CUST000155,True,2025-12-17,Technical issues
CUST001541,True,2025-12-17,Too expensive
CUST005030,True,2025-12-17,Not enough content
CUST005574,True,2025-12-17,Too expensive
CUST006239,True,2025-12-17,Household budget cuts
CUST006880,True,2025-12-17,Content quality decline
CUST000671,True,2025-12-16,Too expensive
CUST001006,True,2025-12-16,Household budget cuts
CUST001145,True,2025-12-16,Found alternative platform
CUST001646,True,2025-12-16,Technical issues
CUST002037,True,2025-12-16,Too expensive
CUST002180,True,2025-12-16,Technical issues
CUST002419,True,2025-12-16,Too expensive
CUST002823,True,2025-12-16,Moving / relocation
CUST003090,True,2025-12-16,Content quality decline
CUST003457,True,2025-12-16,Found alternative platform
CUST003576,True,2025-12-16,No longer needed
CUST004219,True,2025-12-16,Poor customer service experience
CUST005481,True,2025-12-16,Poor customer service experience
CUST005815,True,2025-12-16,Found alternative platform
CUST005991,True,2025-12-16,Technical issues
CUST007510,True,2025-12-16,No longer needed
CUST000754,True,2025-12-15,Payment issues
CUST001148,True,2025-12-15,Found alternative platform
CUST001816,True,2025-12-15,No longer needed
CUST004094,True,2025-12-15,Too expensive
CUST004324,True,2025-12-15,Poor customer service experience
CUST006917,True,2025-12-15,Poor customer service experience
CUST000735,True,2025-12-14,Content quality decline
CUST005465,True,2025-12-14,Not enough content
CUST007050,True,2025-12-14,Password sharing crackdown
CUST000745,True,2025-12-13,Password sharing crackdown
CUST002263,True,2025-12-13,Too expensive
CUST002502,True,2025-12-13,Found alternative platform
CUST003232,True,2025-12-13,Payment issues
CUST004603,True,2025-12-13,Poor customer service experience
CUST003006,True,2025-12-12,Poor customer service experience
CUST002493,True,2025-12-11,Password sharing crackdown
CUST003861,True,2025-12-11,Moving / relocation
CUST004192,True,2025-12-11,Not enough content
CUST005851,True,2025-12-11,Content quality decline
CUST006150,True,2025-12-11,Moving / relocation
CUST006889,True,2025-12-11,Found alternative platform
CUST000295,True,2025-12-10,Technical issues
CUST004713,True,2025-12-10,No longer needed
CUST005101,True,2025-12-10,Found alternative platform
CUST007615,True,2025-12-10,Poor customer service experience
CUST007893,True,2025-12-10,No longer needed
CUST000113,True,2025-12-09,Poor customer service experience
CUST002369,True,2025-12-09,Password sharing crackdown
CUST002568,True,2025-12-09,Technical issues
CUST005619,True,2025-12-09,Found alternative platform
CUST000816,True,2025-12-08,Found alternative platform
CUST003969,True,2025-12-08,Too expensive
CUST004220,True,2025-12-08,Too expensive
CUST004391,True,2025-12-08,Not enough content
CUST007545,True,2025-12-08,Payment issues
CUST000296,True,2025-12-07,Found alternative platform
CUST001203,True,2025-12-07,Not enough content
CUST001561,True,2025-12-07,Technical issues
CUST003201,True,2025-12-07,Not enough content
CUST006644,True,2025-12-07,No longer needed
CUST007380,True,2025-12-07,Content quality decline
CUST007509,True,2025-12-07,Technical issues
CUST001027,True,2025-12-06,Not enough content
CUST001163,True,2025-12-06,Technical issues
CUST002045,True,2025-12-06,No longer needed
CUST003528,True,2025-12-06,Content quality decline
CUST004654,True,2025-12-06,Too expensive
CUST006144,True,2025-12-06,Payment issues
CUST000059,True,2025-12-05,Found alternative platform
CUST000210,True,2025-12-05,Technical issues
CUST001351,True,2025-12-05,Content quality decline
CUST002076,True,2025-12-05,Password sharing crackdown
CUST003628,True,2025-12-05,Found alternative platform
CUST004145,True,2025-12-05,Too expensive
CUST005410,True,2025-12-05,Poor customer service experience
CUST007463,True,2025-12-05,Technical issues
CUST000161,True,2025-12-04,Found alternative platform
CUST001319,True,2025-12-04,Found alternative platform
CUST002088,True,2025-12-04,Content quality decline
CUST005537,True,2025-12-04,Moving / relocation
CUST005966,True,2025-12-04,Payment issues
CUST006957,True,2025-12-04,Poor customer service experience
CUST007673,True,2025-12-04,No longer needed
CUST007948,True,2025-12-04,Technical issues
CUST000789,True,2025-12-03,No longer needed
CUST002637,True,2025-12-03,Content quality decline
CUST002647,True,2025-12-03,Content quality decline
CUST003183,True,2025-12-03,Payment issues
CUST003708,True,2025-12-03,Found alternative platform
CUST007550,True,2025-12-03,Too expensive
CUST000670,True,2025-12-02,Too expensive
CUST001719,True,2025-12-02,Household budget cuts
CUST002585,True,2025-12-02,Content quality decline
CUST003187,True,2025-12-02,Too expensive
CUST004028,True,2025-12-02,Household budget cuts
CUST005280,True,2025-12-02,Too expensive
CUST007586,True,2025-12-02,Technical issues
CUST000525,True,2025-12-01,Not enough content
CUST004690,True,2025-12-01,Too expensive
CUST004868,True,2025-12-01,Not enough content
CUST007832,True,2025-12-01,Too expensive
CUST001078,True,2025-11-30,Found alternative platform
CUST001738,True,2025-11-30,Not enough content
CUST001894,True,2025-11-30,Payment issues
CUST001934,True,2025-11-30,Poor customer service experience
CUST003062,True,2025-11-30,Found alternative platform
CUST003933,True,2025-11-30,No longer needed
CUST004500,True,2025-11-30,Payment issues
CUST006362,True,2025-11-30,Not enough content
CUST006934,True,2025-11-30,Content quality decline
CUST007275,True,2025-11-30,Technical issues
CUST007500,True,2025-11-30,No longer needed
CUST000287,True,2025-11-29,No longer needed
CUST000898,True,2025-11-29,Technical issues
CUST001775,True,2025-11-29,Content quality decline
CUST003334,True,2025-11-29,Too expensive
CUST003354,True,2025-11-29,Household budget cuts
CUST003404,True,2025-11-29,Found alternative platform
CUST005400,True,2025-11-29,Found alternative platform
CUST005470,True,2025-11-29,Too expensive
CUST005706,True,2025-11-29,Payment issues
CUST006303,True,2025-11-29,Technical issues
CUST007922,True,2025-11-29,No longer needed
CUST001431,True,2025-11-28,Payment issues
CUST001473,True,2025-11-28,Content quality decline
CUST002123,True,2025-11-28,Too expensive
CUST002229,True,2025-11-28,Too expensive
CUST005283,True,2025-11-28,Too expensive
CUST005466,True,2025-11-28,Found alternative platform
CUST005541,True,2025-11-28,Payment issues
CUST005797,True,2025-11-28,Not enough content
CUST007686,True,2025-11-28,No longer needed
CUST002288,True,2025-11-27,Found alternative platform
CUST002751,True,2025-11-27,Moving / relocation
CUST002900,True,2025-11-27,Too expensive
CUST003998,True,2025-11-27,Technical issues
CUST004732,True,2025-11-27,Moving / relocation
CUST005770,True,2025-11-27,Technical issues
CUST006485,True,2025-11-27,Too expensive
CUST007430,True,2025-11-27,Too expensive
CUST000603,True,2025-11-26,Password sharing crackdown
CUST002517,True,2025-11-26,Household budget cuts
CUST002942,True,2025-11-26,Moving / relocation
CUST007708,True,2025-11-26,Too expensive
CUST007987,True,2025-11-26,Content quality decline
CUST000780,True,2025-11-25,Too expensive
CUST002615,True,2025-11-25,Too expensive
CUST003016,True,2025-11-25,Payment issues
CUST003840,True,2025-11-25,Moving / relocation
CUST004701,True,2025-11-25,No longer needed
CUST006611,True,2025-11-25,Not enough content
CUST006770,True,2025-11-25,Too expensive
CUST007119,True,2025-11-25,Found alternative platform
CUST007717,True,2025-11-25,No longer needed
CUST002836,True,2025-11-24,Payment issues
CUST004031,True,2025-11-24,Found alternative platform
CUST005008,True,2025-11-24,Found alternative platform
CUST007399,True,2025-11-24,Technical issues
CUST000783,True,2025-11-23,Found alternative platform
CUST000935,True,2025-11-23,Content quality decline
CUST003698,True,2025-11-23,Found alternative platform
CUST007705,True,2025-11-23,Household budget cuts
CUST007937,True,2025-11-23,Found alternative platform
CUST002799,True,2025-11-22,Content quality decline
CUST003071,True,2025-11-22,Found alternative platform
CUST004182,True,2025-11-22,No longer needed
CUST005022,True,2025-11-22,Household budget cuts
CUST005412,True,2025-11-22,Payment issues
CUST006693,True,2025-11-22,No longer needed
CUST007106,True,2025-11-22,Found alternative platform
CUST000865,True,2025-11-21,Household budget cuts
CUST001425,True,2025-11-21,Household budget cuts
CUST001567,True,2025-11-21,Too expensive
CUST001691,True,2025-11-21,Household budget cuts
CUST002073,True,2025-11-21,Household budget cuts
CUST006356,True,2025-11-21,Content quality decline
CUST001298,True,2025-11-20,Household budget cuts
CUST001993,True,2025-11-20,Technical issues
CUST002885,True,2025-11-20,Payment issues
CUST004813,True,2025-11-20,Too expensive
CUST005190,True,2025-11-20,No longer needed
CUST005304,True,2025-11-20,No longer needed
CUST005478,True,2025-11-20,Content quality decline
CUST005759,True,2025-11-20,Technical issues
CUST006220,True,2025-11-20,Not enough content
CUST007293,True,2025-11-20,Moving / relocation
CUST007716,True,2025-11-20,Not enough content
CUST000033,True,2025-11-19,Household budget cuts
CUST002213,True,2025-11-19,Household budget cuts
CUST003523,True,2025-11-19,No longer needed
CUST004687,True,2025-11-19,Found alternative platform
CUST002095,True,2025-11-18,Too expensive
CUST002888,True,2025-11-18,No longer needed
CUST003581,True,2025-11-18,Payment issues
CUST003705,True,2025-11-18,Payment issues
CUST005159,True,2025-11-18,Payment issues
CUST000125,True,2025-11-17,Too expensive
CUST001173,True,2025-11-17,Poor customer service experience
CUST003639,True,2025-11-17,Too expensive
CUST004896,True,2025-11-17,Password sharing crackdown
CUST005844,True,2025-11-17,Technical issues
CUST006408,True,2025-11-17,Found alternative platform
CUST000333,True,2025-11-16,Not enough content
CUST001279,True,2025-11-16,Poor customer service experience
CUST001301,True,2025-11-16,Found alternative platform
CUST001792,True,2025-11-16,Payment issues
CUST001997,True,2025-11-16,Not enough content
CUST002019,True,2025-11-16,Not enough content
CUST004290,True,2025-11-16,Household budget cuts
CUST004843,True,2025-11-16,Payment issues
CUST005954,True,2025-11-16,Found alternative platform
CUST000382,True,2025-11-15,No longer needed
CUST001881,True,2025-11-15,Too expensive
CUST006250,True,2025-11-15,Moving / relocation
CUST007046,True,2025-11-15,Technical issues
CUST007409,True,2025-11-15,Password sharing crackdown
CUST005041,True,2025-11-14,Payment issues
CUST005497,True,2025-11-14,Password sharing crackdown
CUST006309,True,2025-11-14,Not enough content
CUST006349,True,2025-11-14,Payment issues
CUST006953,True,2025-11-14,Poor customer service experience
CUST007733,True,2025-11-14,Payment issues
CUST001925,True,2025-11-13,Too expensive
CUST001998,True,2025-11-13,Found alternative platform
CUST003020,True,2025-11-13,No longer needed
CUST004666,True,2025-11-13,No longer needed
CUST004698,True,2025-11-13,Household budget cuts
CUST006020,True,2025-11-13,Not enough content
CUST006884,True,2025-11-13,Content quality decline
CUST007273,True,2025-11-13,Password sharing crackdown
CUST007559,True,2025-11-13,Too expensive
CUST000331,True,2025-11-12,Payment issues
CUST007271,True,2025-11-12,No longer needed
CUST000820,True,2025-11-11,Household budget cuts
CUST003047,True,2025-11-11,Moving / relocation
CUST003239,True,2025-11-11,Technical issues
CUST004189,True,2025-11-11,Found alternative platform
CUST000994,True,2025-11-10,No longer needed
CUST002005,True,2025-11-10,Payment issues
CUST002268,True,2025-11-10,No longer needed
CUST002557,True,2025-11-10,Found alternative platform
CUST002641,True,2025-11-10,Technical issues
CUST003076,True,2025-11-10,Password sharing crackdown
CUST004795,True,2025-11-10,Found alternative platform
CUST006312,True,2025-11-10,Too expensive
CUST007994,True,2025-11-10,No longer needed
CUST000138,True,2025-11-09,Not enough content
CUST004508,True,2025-11-09,Poor customer service experience
CUST004974,True,2025-11-09,Moving / relocation
CUST005000,True,2025-11-09,Technical issues
CUST006832,True,2025-11-09,Technical issues
CUST000028,True,2025-11-08,Content quality decline
CUST000255,True,2025-11-08,Password sharing crackdown
CUST001029,True,2025-11-08,Poor customer service experience
CUST002890,True,2025-11-08,Too expensive
CUST000067,True,2025-11-07,Household budget cuts
CUST002376,True,2025-11-07,Too expensive
CUST004157,True,2025-11-07,Too expensive
CUST004343,True,2025-11-07,Found alternative platform
CUST004410,True,2025-11-07,Found alternative platform
CUST005590,True,2025-11-07,Found alternative platform
CUST002776,True,2025-11-06,Poor customer service experience
CUST002844,True,2025-11-06,Not enough content
CUST003621,True,2025-11-06,Household budget cuts
CUST004089,True,2025-11-06,Found alternative platform
CUST005095,True,2025-11-06,Too expensive
CUST006524,True,2025-11-06,Too expensive
CUST006851,True,2025-11-06,Moving / relocation
CUST006919,True,2025-11-06,Found alternative platform
CUST007112,True,2025-11-06,Technical issues
CUST007475,True,2025-11-06,Not enough content
CUST001988,True,2025-11-05,No longer needed
CUST003685,True,2025-11-05,Household budget cuts
CUST004331,True,2025-11-05,Moving / relocation
CUST005595,True,2025-11-05,Household budget cuts
CUST005936,True,2025-11-05,Poor customer service experience
CUST006373,True,2025-11-05,Moving / relocation
CUST007514,True,2025-11-05,Technical issues
CUST000549,True,2025-11-04,Not enough content
CUST004197,True,2025-11-04,No longer needed
CUST006461,True,2025-11-04,Password sharing crackdown
CUST007391,True,2025-11-04,Found alternative platform
CUST001121,True,2025-11-03,Too expensive
CUST001672,True,2025-11-03,No longer needed
CUST002543,True,2025-11-03,Moving / relocation
CUST003589,True,2025-11-03,Found alternative platform
CUST005033,True,2025-11-03,Technical issues
CUST005109,True,2025-11-03,Technical issues
CUST006201,True,2025-11-03,Too expensive
CUST003123,True,2025-11-02,Household budget cuts
CUST004557,True,2025-11-02,Found alternative platform
CUST004943,True,2025-11-02,Content quality decline
CUST005193,True,2025-11-02,Technical issues
CUST005270,True,2025-11-02,No longer needed
CUST007919,True,2025-11-02,Household budget cuts
CUST003681,True,2025-11-01,Household budget cuts
CUST004336,True,2025-11-01,Too expensive
CUST005544,True,2025-11-01,Payment issues
CUST005817,True,2025-11-01,Technical issues
CUST005859,True,2025-11-01,Found alternative platform
CUST007044,True,2025-11-01,Moving / relocation
CUST000522,True,2025-10-31,Poor customer service experience
CUST003564,True,2025-10-31,Payment issues
CUST004035,True,2025-10-31,Found alternative platform
CUST004536,True,2025-10-31,Password sharing crackdown
CUST006726,True,2025-10-31,No longer needed
CUST007958,True,2025-10-31,No longer needed
CUST000053,True,2025-10-30,Content quality decline
CUST000271,True,2025-10-30,Poor customer service experience
CUST000335,True,2025-10-30,Content quality decline
CUST000977,True,2025-10-30,Household budget cuts
CUST001494,True,2025-10-30,Found alternative platform
CUST002491,True,2025-10-30,Moving / relocation
CUST004259,True,2025-10-30,Poor customer service experience
CUST004414,True,2025-10-30,Found alternative platform
CUST004639,True,2025-10-30,Technical issues
CUST004761,True,2025-10-30,Password sharing crackdown
CUST004997,True,2025-10-30,Too expensive
CUST005746,True,2025-10-30,Not enough content
CUST006582,True,2025-10-30,Found alternative platform
CUST006927,True,2025-10-30,Poor customer service experience
CUST007828,True,2025-10-30,Household budget cuts
CUST000951,True,2025-10-29,Too expensive
CUST002941,True,2025-10-29,Not enough content
CUST004304,True,2025-10-29,Moving / relocation
CUST005546,True,2025-10-29,Not enough content
CUST004274,True,2025-10-28,No longer needed
CUST005198,True,2025-10-28,No longer needed
CUST006632,True,2025-10-28,Too expensive
CUST007476,True,2025-10-28,Too expensive
CUST000104,True,2025-10-27,Technical issues
CUST000575,True,2025-10-27,Content quality decline
CUST001045,True,2025-10-27,Found alternative platform
CUST001524,True,2025-10-27,Household budget cuts
CUST003302,True,2025-10-27,Technical issues
CUST003688,True,2025-10-27,Too expensive
CUST003956,True,2025-10-27,Content quality decline
CUST006674,True,2025-10-27,Too expensive
CUST007470,True,2025-10-27,Password sharing crackdown
CUST007635,True,2025-10-27,Payment issues
CUST002602,True,2025-10-26,Not enough content
CUST005315,True,2025-10-26,Moving / relocation
CUST005731,True,2025-10-26,Too expensive
CUST003115,True,2025-10-25,Too expensive
CUST005031,True,2025-10-25,No longer needed
CUST006394,True,2025-10-25,Household budget cuts
CUST006956,True,2025-10-25,Content quality decline
CUST007760,True,2025-10-25,Too expensive
CUST001486,True,2025-10-24,No longer needed
CUST004838,True,2025-10-24,Password sharing crackdown
CUST005515,True,2025-10-24,Password sharing crackdown
CUST007444,True,2025-10-24,Not enough content
CUST000096,True,2025-10-23,Password sharing crackdown
CUST003930,True,2025-10-23,Found alternative platform
CUST006361,True,2025-10-23,Content quality decline
CUST007406,True,2025-10-23,Content quality decline
CUST000788,True,2025-10-22,Payment issues
CUST001062,True,2025-10-22,Household budget cuts
CUST001774,True,2025-10-22,Content quality decline
CUST002881,True,2025-10-22,Household budget cuts
CUST003338,True,2025-10-22,Found alternative platform
CUST004882,True,2025-10-22,Found alternative platform
CUST004942,True,2025-10-22,Poor customer service experience
CUST006347,True,2025-10-22,Not enough content
CUST000978,True,2025-10-21,Technical issues
CUST000997,True,2025-10-21,Not enough content
CUST001806,True,2025-10-21,Too expensive
CUST002422,True,2025-10-21,Household budget cuts
CUST003987,True,2025-10-21,Not enough content
CUST005001,True,2025-10-21,Content quality decline
CUST005442,True,2025-10-21,Moving / relocation
CUST006692,True,2025-10-21,Payment issues
CUST000677,True,2025-10-20,Payment issues
CUST001339,True,2025-10-20,Technical issues
CUST002209,True,2025-10-20,No longer needed
CUST002452,True,2025-10-20,Found alternative platform
CUST002634,True,2025-10-20,Too expensive
CUST002875,True,2025-10-20,Found alternative platform
CUST004748,True,2025-10-20,Payment issues
CUST006757,True,2025-10-20,Too expensive
CUST007800,True,2025-10-20,Payment issues
CUST000656,True,2025-10-19,No longer needed
CUST001138,True,2025-10-19,Technical issues
CUST001608,True,2025-10-19,Password sharing crackdown
CUST005390,True,2025-10-19,Payment issues
CUST007591,True,2025-10-19,Too expensive
CUST000285,True,2025-10-18,Not enough content
CUST000497,True,2025-10-18,Not enough content
CUST001136,True,2025-10-18,Not enough content
CUST001479,True,2025-10-18,Poor customer service experience
CUST003459,True,2025-10-18,Payment issues
CUST003912,True,2025-10-18,Password sharing crackdown
CUST005181,True,2025-10-18,Not enough content
CUST006742,True,2025-10-18,Found alternative platform
CUST000657,True,2025-10-17,Found alternative platform
CUST000911,True,2025-10-17,Not enough content
CUST001157,True,2025-10-17,Not enough content
CUST001864,True,2025-10-17,Content quality decline
CUST002241,True,2025-10-17,Not enough content
CUST002680,True,2025-10-17,Poor customer service experience
CUST003380,True,2025-10-17,Too expensive
CUST004454,True,2025-10-17,Found alternative platform
CUST005077,True,2025-10-17,Technical issues
CUST005185,True,2025-10-17,Not enough content
CUST005787,True,2025-10-17,Found alternative platform
CUST006077,True,2025-10-17,Too expensive
CUST006141,True,2025-10-17,Technical issues
CUST007052,True,2025-10-17,Password sharing crackdown
CUST000057,True,2025-10-16,Too expensive
CUST000082,True,2025-10-16,Not enough content
CUST000408,True,2025-10-16,Household budget cuts
CUST002778,True,2025-10-16,Too expensive
CUST004041,True,2025-10-16,Found alternative platform
CUST005531,True,2025-10-16,Password sharing crackdown
CUST005742,True,2025-10-16,Payment issues
CUST006365,True,2025-10-16,Poor customer service experience
CUST007031,True,2025-10-16,Household budget cuts
CUST007532,True,2025-10-16,Technical issues
CUST007649,True,2025-10-16,Technical issues
CUST000310,True,2025-10-15,Too expensive
CUST000554,True,2025-10-15,Found alternative platform
CUST000889,True,2025-10-15,Too expensive
CUST001957,True,2025-10-15,Poor customer service experience
CUST003697,True,2025-10-15,Too expensive
CUST004749,True,2025-10-15,Payment issues
CUST006746,True,2025-10-15,Too expensive
CUST002766,True,2025-10-14,Too expensive
CUST004381,True,2025-10-14,Payment issues
CUST005633,True,2025-10-14,Found alternative platform
CUST006378,True,2025-10-14,Too expensive
CUST006837,True,2025-10-14,Too expensive
CUST001669,True,2025-10-13,Moving / relocation
CUST003952,True,2025-10-13,No longer needed
CUST007807,True,2025-10-13,Content quality decline
CUST007890,True,2025-10-13,Found alternative platform
CUST002411,True,2025-10-12,Technical issues
CUST003666,True,2025-10-12,Poor customer service experience
CUST004300,True,2025-10-12,Too expensive
CUST004468,True,2025-10-12,Household budget cuts
CUST004549,True,2025-10-12,No longer needed
CUST005479,True,2025-10-12,Not enough content
CUST000126,True,2025-10-11,Too expensive
CUST002713,True,2025-10-11,No longer needed
CUST002825,True,2025-10-11,Technical issues
CUST003005,True,2025-10-11,Technical issues
CUST003798,True,2025-10-11,Password sharing crackdown
CUST003937,True,2025-10-11,No longer needed
CUST003983,True,2025-10-11,Found alternative platform
CUST004640,True,2025-10-11,Found alternative platform
CUST006123,True,2025-10-11,Payment issues
CUST007863,True,2025-10-11,Content quality decline
CUST000607,True,2025-10-10,Technical issues
CUST003615,True,2025-10-10,Poor customer service experience
CUST003711,True,2025-10-10,Payment issues
CUST004723,True,2025-10-10,Too expensive
CUST006319,True,2025-10-10,Household budget cuts
CUST000478,True,2025-10-09,Moving / relocation
CUST002882,True,2025-10-09,Not enough content
CUST003290,True,2025-10-09,No longer needed
CUST003370,True,2025-10-09,Not enough content
CUST003996,True,2025-10-09,No longer needed
CUST004020,True,2025-10-09,Household budget cuts
CUST004025,True,2025-10-09,Found alternative platform
CUST004320,True,2025-10-09,Moving / relocation
CUST004656,True,2025-10-09,Too expensive
CUST005015,True,2025-10-09,Technical issues
CUST005420,True,2025-10-09,Content quality decline
CUST000859,True,2025-10-08,Content quality decline
CUST001923,True,2025-10-08,Too expensive
CUST002484,True,2025-10-08,No longer needed
CUST003036,True,2025-10-08,Too expensive
CUST006496,True,2025-10-08,Not enough content
CUST000029,True,2025-10-07,Payment issues
CUST001058,True,2025-10-07,Technical issues
CUST001829,True,2025-10-07,Too expensive
CUST001976,True,2025-10-07,Moving / relocation
CUST003478,True,2025-10-07,Technical issues
CUST003812,True,2025-10-07,Too expensive
CUST004164,True,2025-10-07,Not enough content
CUST004480,True,2025-10-07,Content quality decline
CUST002016,True,2025-10-06,Found alternative platform
CUST002227,True,2025-10-06,Poor customer service experience
CUST002603,True,2025-10-06,Not enough content
CUST003054,True,2025-10-06,Password sharing crackdown
CUST006025,True,2025-10-06,Too expensive
CUST000264,True,2025-10-05,Household budget cuts
CUST006293,True,2025-10-05,No longer needed
CUST003180,True,2025-10-04,Too expensive
CUST003695,True,2025-10-04,Found alternative platform
CUST004180,True,2025-10-04,Content quality decline
CUST004611,True,2025-10-04,Not enough content
CUST006522,True,2025-10-04,Technical issues
CUST007310,True,2025-10-04,Not enough content
CUST007689,True,2025-10-04,No longer needed
CUST000499,True,2025-10-03,Password sharing crackdown
CUST000834,True,2025-10-03,Poor customer service experience
CUST003083,True,2025-10-03,Household budget cuts
CUST006001,True,2025-10-03,Not enough content
CUST006723,True,2025-10-03,Not enough content
CUST000001,False,,Not Applicable
CUST000002,False,,Not Applicable
CUST000004,False,,Not Applicable
CUST000005,False,,Not Applicable
CUST000006,False,,Not Applicable
CUST000008,False,,Not Applicable
CUST000009,False,,Not Applicable
CUST000010,False,,Not Applicable
CUST000011,False,,Not Applicable
CUST000012,False,,Not Applicable
CUST000013,False,,Not Applicable
CUST000015,False,,Not Applicable
CUST000016,False,,Not Applicable
CUST000017,False,,Not Applicable
CUST000018,False,,Not Applicable
CUST000019,False,,Not Applicable
CUST000020,False,,Not Applicable
CUST000021,False,,Not Applicable
CUST000022,False,,Not Applicable
CUST000024,False,,Not Applicable
CUST000026,False,,Not Applicable
CUST000027,False,,Not Applicable
CUST000030,False,,Not Applicable
CUST000031,False,,Not Applicable
CUST000034,False,,Not Applicable
CUST000035,False,,Not Applicable
CUST000036,False,,Not Applicable
CUST000037,False,,Not Applicable
CUST000038,False,,Not Applicable
CUST000040,False,,Not Applicable
CUST000041,False,,Not Applicable
CUST000042,False,,Not Applicable
CUST000043,False,,Not Applicable
CUST000045,False,,Not Applicable
CUST000047,False,,Not Applicable
CUST000048,False,,Not Applicable
CUST000049,False,,Not Applicable
CUST000050,False,,Not Applicable
CUST000051,False,,Not Applicable
CUST000052,False,,Not Applicable
CUST000054,False,,Not Applicable
CUST000056,False,,Not Applicable
CUST000058,False,,Not Applicable
CUST000060,False,,Not Applicable
CUST000061,False,,Not Applicable
CUST000062,False,,Not Applicable
CUST000063,False,,Not Applicable
CUST000064,False,,Not Applicable
CUST000069,False,,Not Applicable
CUST000070,False,,Not Applicable
CUST000071,False,,Not Applicable
CUST000072,False,,Not Applicable
CUST000073,False,,Not Applicable
CUST000075,False,,Not Applicable
CUST000076,False,,Not Applicable
CUST000077,False,,Not Applicable
CUST000078,False,,Not Applicable
CUST000079,False,,Not Applicable
CUST000080,False,,Not Applicable
CUST000083,False,,Not Applicable
CUST000084,False,,Not Applicable
CUST000085,False,,Not Applicable
CUST000086,False,,Not Applicable
CUST000087,False,,Not Applicable
CUST000088,False,,Not Applicable
CUST000089,False,,Not Applicable
CUST000090,False,,Not Applicable
CUST000091,False,,Not Applicable
CUST000094,False,,Not Applicable
CUST000095,False,,Not Applicable
CUST000097,False,,Not Applicable
CUST000098,False,,Not Applicable
CUST000100,False,,Not Applicable
CUST000101,False,,Not Applicable
CUST000102,False,,Not Applicable
CUST000103,False,,Not Applicable
CUST000105,False,,Not Applicable
CUST000106,False,,Not Applicable
CUST000107,False,,Not Applicable
CUST000109,False,,Not Applicable
CUST000112,False,,Not Applicable
CUST000115,False,,Not Applicable
CUST000116,False,,Not Applicable
CUST000117,False,,Not Applicable
CUST000118,False,,Not Applicable
CUST000120,False,,Not Applicable
CUST000121,False,,Not Applicable
CUST000122,False,,Not Applicable
CUST000123,False,,Not Applicable
CUST000124,False,,Not Applicable
CUST000127,False,,Not Applicable
CUST000128,False,,Not Applicable
CUST000129,False,,Not Applicable
CUST000130,False,,Not Applicable
CUST000131,False,,Not Applicable
CUST000134,False,,Not Applicable
CUST000135,False,,Not Applicable
CUST000136,False,,Not Applicable
CUST000139,False,,Not Applicable
CUST000140,False,,Not Applicable
CUST000142,False,,Not Applicable
CUST000144,False,,Not Applicable
CUST000145,False,,Not Applicable
CUST000147,False,,Not Applicable
CUST000148,False,,Not Applicable
CUST000150,False,,Not Applicable
CUST000151,False,,Not Applicable
CUST000153,False,,Not Applicable
CUST000154,False,,Not Applicable
CUST000156,False,,Not Applicable
CUST000157,False,,Not Applicable
CUST000158,False,,Not Applicable
CUST000159,False,,Not Applicable
CUST000162,False,,Not Applicable
CUST000163,False,,Not Applicable
CUST000164,False,,Not Applicable
CUST000165,False,,Not Applicable
CUST000167,False,,Not Applicable
CUST000168,False,,Not Applicable
CUST000169,False,,Not Applicable
CUST000170,False,,Not Applicable
CUST000173,False,,Not Applicable
CUST000174,False,,Not Applicable
CUST000175,False,,Not Applicable
CUST000176,False,,Not Applicable
CUST000177,False,,Not Applicable
CUST000178,False,,Not Applicable
CUST000179,False,,Not Applicable
CUST000181,False,,Not Applicable
CUST000182,False,,Not Applicable
CUST000185,False,,Not Applicable
CUST000186,False,,Not Applicable
CUST000188,False,,Not Applicable
CUST000189,False,,Not Applicable
CUST000190,False,,Not Applicable
CUST000193,False,,Not Applicable
CUST000194,False,,Not Applicable
CUST000195,False,,Not Applicable
CUST000196,False,,Not Applicable
CUST000198,False,,Not Applicable
CUST000199,False,,Not Applicable
CUST000200,False,,Not Applicable
CUST000201,False,,Not Applicable
CUST000202,False,,Not Applicable
CUST000203,False,,Not Applicable
CUST000204,False,,Not Applicable
CUST000206,False,,Not Applicable
CUST000207,False,,Not Applicable
CUST000208,False,,Not Applicable
CUST000209,False,,Not Applicable
CUST000211,False,,Not Applicable
CUST000212,False,,Not Applicable
CUST000213,False,,Not Applicable
CUST000214,False,,Not Applicable
CUST000215,False,,Not Applicable
CUST000216,False,,Not Applicable
CUST000217,False,,Not Applicable
CUST000218,False,,Not Applicable
CUST000219,False,,Not Applicable
CUST000220,False,,Not Applicable
CUST000223,False,,Not Applicable
CUST000224,False,,Not Applicable
CUST000227,False,,Not Applicable
CUST000228,False,,Not Applicable
CUST000229,False,,Not Applicable
CUST000230,False,,Not Applicable
CUST000231,False,,Not Applicable
CUST000233,False,,Not Applicable
CUST000235,False,,Not Applicable
CUST000236,False,,Not Applicable
CUST000238,False,,Not Applicable
CUST000239,False,,Not Applicable
CUST000240,False,,Not Applicable
CUST000241,False,,Not Applicable
CUST000244,False,,Not Applicable
CUST000245,False,,Not Applicable
CUST000246,False,,Not Applicable
CUST000248,False,,Not Applicable
CUST000249,False,,Not Applicable
CUST000250,False,,Not Applicable
CUST000251,False,,Not Applicable
CUST000252,False,,Not Applicable
CUST000253,False,,Not Applicable
CUST000254,False,,Not Applicable
CUST000256,False,,Not Applicable
CUST000257,False,,Not Applicable
CUST000258,False,,Not Applicable
CUST000260,False,,Not Applicable
CUST000261,False,,Not Applicable
CUST000262,False,,Not Applicable
CUST000263,False,,Not Applicable
CUST000265,False,,Not Applicable
CUST000266,False,,Not Applicable
CUST000267,False,,Not Applicable
CUST000270,False,,Not Applicable
CUST000272,False,,Not Applicable
CUST000273,False,,Not Applicable
CUST000274,False,,Not Applicable
CUST000275,False,,Not Applicable
CUST000276,False,,Not Applicable
CUST000277,False,,Not Applicable
CUST000278,False,,Not Applicable
CUST000279,False,,Not Applicable
CUST000280,False,,Not Applicable
CUST000281,False,,Not Applicable
CUST000282,False,,Not Applicable
CUST000284,False,,Not Applicable
CUST000286,False,,Not Applicable
CUST000288,False,,Not Applicable
CUST000289,False,,Not Applicable
CUST000291,False,,Not Applicable
CUST000292,False,,Not Applicable
CUST000293,False,,Not Applicable
CUST000294,False,,Not Applicable
CUST000297,False,,Not Applicable
CUST000298,False,,Not Applicable
CUST000301,False,,Not Applicable
CUST000304,False,,Not Applicable
CUST000306,False,,Not Applicable
CUST000307,False,,Not Applicable
CUST000308,False,,Not Applicable
CUST000309,False,,Not Applicable
CUST000311,False,,Not Applicable
CUST000313,False,,Not Applicable
CUST000315,False,,Not Applicable
CUST000316,False,,Not Applicable
CUST000319,False,,Not Applicable
CUST000320,False,,Not Applicable
CUST000321,False,,Not Applicable
CUST000323,False,,Not Applicable
CUST000324,False,,Not Applicable
CUST000325,False,,Not Applicable
CUST000326,False,,Not Applicable
CUST000327,False,,Not Applicable
CUST000329,False,,Not Applicable
CUST000332,False,,Not Applicable
CUST000334,False,,Not Applicable
CUST000336,False,,Not Applicable
CUST000338,False,,Not Applicable
CUST000339,False,,Not Applicable
CUST000340,False,,Not Applicable
CUST000341,False,,Not Applicable
CUST000342,False,,Not Applicable
CUST000343,False,,Not Applicable
CUST000344,False,,Not Applicable
CUST000346,False,,Not Applicable
CUST000347,False,,Not Applicable
CUST000348,False,,Not Applicable
CUST000349,False,,Not Applicable
CUST000350,False,,Not Applicable
CUST000351,False,,Not Applicable
CUST000354,False,,Not Applicable
CUST000355,False,,Not Applicable
CUST000356,False,,Not Applicable
CUST000357,False,,Not Applicable
CUST000358,False,,Not Applicable
CUST000359,False,,Not Applicable
CUST000360,False,,Not Applicable
CUST000362,False,,Not Applicable
CUST000363,False,,Not Applicable
CUST000365,False,,Not Applicable
CUST000366,False,,Not Applicable
CUST000367,False,,Not Applicable
CUST000368,False,,Not Applicable
CUST000369,False,,Not Applicable
CUST000371,False,,Not Applicable
CUST000372,False,,Not Applicable
CUST000373,False,,Not Applicable
CUST000375,False,,Not Applicable
CUST000376,False,,Not Applicable
CUST000377,False,,Not Applicable
CUST000378,False,,Not Applicable
CUST000379,False,,Not Applicable
CUST000380,False,,Not Applicable
CUST000381,False,,Not Applicable
CUST000385,False,,Not Applicable
CUST000386,False,,Not Applicable
CUST000389,False,,Not Applicable
CUST000390,False,,Not Applicable
CUST000391,False,,Not Applicable
CUST000392,False,,Not Applicable
CUST000393,False,,Not Applicable
CUST000395,False,,Not Applicable
CUST000396,False,,Not Applicable
CUST000397,False,,Not Applicable
CUST000398,False,,Not Applicable
CUST000400,False,,Not Applicable
CUST000401,False,,Not Applicable
CUST000403,False,,Not Applicable
CUST000404,False,,Not Applicable
CUST000405,False,,Not Applicable
CUST000407,False,,Not Applicable
CUST000409,False,,Not Applicable
CUST000410,False,,Not Applicable
CUST000411,False,,Not Applicable
CUST000413,False,,Not Applicable
CUST000414,False,,Not Applicable
CUST000415,False,,Not Applicable
CUST000416,False,,Not Applicable
CUST000417,False,,Not Applicable
CUST000418,False,,Not Applicable
CUST000419,False,,Not Applicable
CUST000421,False,,Not Applicable
CUST000422,False,,Not Applicable
CUST000423,False,,Not Applicable
CUST000424,False,,Not Applicable
CUST000425,False,,Not Applicable
CUST000426,False,,Not Applicable
CUST000427,False,,Not Applicable
CUST000429,False,,Not Applicable
CUST000430,False,,Not Applicable
CUST000431,False,,Not Applicable
CUST000432,False,,Not Applicable
CUST000433,False,,Not Applicable
CUST000435,False,,Not Applicable
CUST000436,False,,Not Applicable
CUST000437,False,,Not Applicable
CUST000438,False,,Not Applicable
CUST000439,False,,Not Applicable
CUST000440,False,,Not Applicable
CUST000441,False,,Not Applicable
CUST000442,False,,Not Applicable
CUST000443,False,,Not Applicable
CUST000444,False,,Not Applicable
CUST000446,False,,Not Applicable
CUST000447,False,,Not Applicable
CUST000448,False,,Not Applicable
CUST000450,False,,Not Applicable
CUST000451,False,,Not Applicable
CUST000452,False,,Not Applicable
CUST000453,False,,Not Applicable
CUST000454,False,,Not Applicable
CUST000455,False,,Not Applicable
CUST000456,False,,Not Applicable
CUST000457,False,,Not Applicable
CUST000458,False,,Not Applicable
CUST000459,False,,Not Applicable
CUST000460,False,,Not Applicable
CUST000462,False,,Not Applicable
CUST000463,False,,Not Applicable
CUST000464,False,,Not Applicable
CUST000465,False,,Not Applicable
CUST000466,False,,Not Applicable
CUST000468,False,,Not Applicable
CUST000469,False,,Not Applicable
CUST000470,False,,Not Applicable
CUST000471,False,,Not Applicable
CUST000474,False,,Not Applicable
CUST000475,False,,Not Applicable
CUST000476,False,,Not Applicable
CUST000477,False,,Not Applicable
CUST000481,False,,Not Applicable
CUST000482,False,,Not Applicable
CUST000483,False,,Not Applicable
CUST000484,False,,Not Applicable
CUST000485,False,,Not Applicable
CUST000486,False,,Not Applicable
CUST000488,False,,Not Applicable
CUST000489,False,,Not Applicable
CUST000490,False,,Not Applicable
CUST000492,False,,Not Applicable
CUST000494,False,,Not Applicable
CUST000495,False,,Not Applicable
CUST000496,False,,Not Applicable
CUST000498,False,,Not Applicable
CUST000500,False,,Not Applicable
CUST000502,False,,Not Applicable
CUST000503,False,,Not Applicable
CUST000504,False,,Not Applicable
CUST000505,False,,Not Applicable
CUST000506,False,,Not Applicable
CUST000507,False,,Not Applicable
CUST000508,False,,Not Applicable
CUST000509,False,,Not Applicable
CUST000511,False,,Not Applicable
CUST000512,False,,Not Applicable
CUST000513,False,,Not Applicable
CUST000514,False,,Not Applicable
CUST000515,False,,Not Applicable
CUST000516,False,,Not Applicable
CUST000517,False,,Not Applicable
CUST000518,False,,Not Applicable
CUST000519,False,,Not Applicable
CUST000521,False,,Not Applicable
CUST000523,False,,Not Applicable
CUST000524,False,,Not Applicable
CUST000529,False,,Not Applicable
CUST000531,False,,Not Applicable
CUST000532,False,,Not Applicable
CUST000533,False,,Not Applicable
CUST000534,False,,Not Applicable
CUST000536,False,,Not Applicable
CUST000538,False,,Not Applicable
CUST000539,False,,Not Applicable
CUST000541,False,,Not Applicable
CUST000542,False,,Not Applicable
CUST000544,False,,Not Applicable
CUST000545,False,,Not Applicable
CUST000546,False,,Not Applicable
CUST000547,False,,Not Applicable
CUST000548,False,,Not Applicable
CUST000550,False,,Not Applicable
CUST000551,False,,Not Applicable
CUST000552,False,,Not Applicable
CUST000555,False,,Not Applicable
CUST000556,False,,Not Applicable
CUST000557,False,,Not Applicable
CUST000560,False,,Not Applicable
CUST000562,False,,Not Applicable
CUST000563,False,,Not Applicable
CUST000565,False,,Not Applicable
CUST000566,False,,Not Applicable
CUST000567,False,,Not Applicable
CUST000568,False,,Not Applicable
CUST000569,False,,Not Applicable
CUST000570,False,,Not Applicable
CUST000571,False,,Not Applicable
CUST000572,False,,Not Applicable
CUST000574,False,,Not Applicable
CUST000576,False,,Not Applicable
CUST000577,False,,Not Applicable
CUST000578,False,,Not Applicable
CUST000579,False,,Not Applicable
CUST000581,False,,Not Applicable
CUST000582,False,,Not Applicable
CUST000583,False,,Not Applicable
CUST000584,False,,Not Applicable
CUST000585,False,,Not Applicable
CUST000586,False,,Not Applicable
CUST000587,False,,Not Applicable
CUST000589,False,,Not Applicable
CUST000590,False,,Not Applicable
CUST000591,False,,Not Applicable
CUST000592,False,,Not Applicable
CUST000594,False,,Not Applicable
CUST000595,False,,Not Applicable
CUST000596,False,,Not Applicable
CUST000597,False,,Not Applicable
CUST000598,False,,Not Applicable
CUST000599,False,,Not Applicable
CUST000600,False,,Not Applicable
CUST000601,False,,Not Applicable
CUST000602,False,,Not Applicable
CUST000604,False,,Not Applicable
CUST000605,False,,Not Applicable
CUST000606,False,,Not Applicable
CUST000608,False,,Not Applicable
CUST000609,False,,Not Applicable
CUST000610,False,,Not Applicable
CUST000611,False,,Not Applicable
CUST000612,False,,Not Applicable
CUST000613,False,,Not Applicable
CUST000614,False,,Not Applicable
CUST000616,False,,Not Applicable
CUST000617,False,,Not Applicable
CUST000618,False,,Not Applicable
CUST000620,False,,Not Applicable
CUST000624,False,,Not Applicable
CUST000625,False,,Not Applicable
CUST000626,False,,Not Applicable
CUST000627,False,,Not Applicable
CUST000630,False,,Not Applicable
CUST000632,False,,Not Applicable
CUST000633,False,,Not Applicable
CUST000634,False,,Not Applicable
CUST000635,False,,Not Applicable
CUST000636,False,,Not Applicable
CUST000638,False,,Not Applicable
CUST000639,False,,Not Applicable
CUST000640,False,,Not Applicable
CUST000641,False,,Not Applicable
CUST000642,False,,Not Applicable
CUST000643,False,,Not Applicable
CUST000644,False,,Not Applicable
CUST000645,False,,Not Applicable
CUST000646,False,,Not Applicable
CUST000647,False,,Not Applicable
CUST000648,False,,Not Applicable
CUST000649,False,,Not Applicable
CUST000650,False,,Not Applicable
CUST000658,False,,Not Applicable
CUST000659,False,,Not Applicable
CUST000661,False,,Not Applicable
CUST000662,False,,Not Applicable
CUST000664,False,,Not Applicable
CUST000666,False,,Not Applicable
CUST000667,False,,Not Applicable
CUST000668,False,,Not Applicable
CUST000672,False,,Not Applicable
CUST000673,False,,Not Applicable
CUST000674,False,,Not Applicable
CUST000675,False,,Not Applicable
CUST000676,False,,Not Applicable
CUST000678,False,,Not Applicable
CUST000679,False,,Not Applicable
CUST000681,False,,Not Applicable
CUST000682,False,,Not Applicable
CUST000683,False,,Not Applicable
CUST000684,False,,Not Applicable
CUST000686,False,,Not Applicable
CUST000687,False,,Not Applicable
CUST000688,False,,Not Applicable
CUST000689,False,,Not Applicable
CUST000690,False,,Not Applicable
CUST000691,False,,Not Applicable
CUST000692,False,,Not Applicable
CUST000693,False,,Not Applicable
CUST000694,False,,Not Applicable
CUST000695,False,,Not Applicable
CUST000696,False,,Not Applicable
CUST000697,False,,Not Applicable
CUST000698,False,,Not Applicable
CUST000699,False,,Not Applicable
CUST000700,False,,Not Applicable
CUST000701,False,,Not Applicable
CUST000702,False,,Not Applicable
CUST000703,False,,Not Applicable
CUST000705,False,,Not Applicable
CUST000706,False,,Not Applicable
CUST000708,False,,Not Applicable
CUST000709,False,,Not Applicable
CUST000711,False,,Not Applicable
CUST000712,False,,Not Applicable
CUST000715,False,,Not Applicable
CUST000718,False,,Not Applicable
CUST000719,False,,Not Applicable
CUST000720,False,,Not Applicable
CUST000721,False,,Not Applicable
CUST000722,False,,Not Applicable
CUST000723,False,,Not Applicable
CUST000725,False,,Not Applicable
CUST000726,False,,Not Applicable
CUST000727,False,,Not Applicable
CUST000728,False,,Not Applicable
CUST000729,False,,Not Applicable
CUST000730,False,,Not Applicable
CUST000731,False,,Not Applicable
CUST000732,False,,Not Applicable
CUST000733,False,,Not Applicable
CUST000734,False,,Not Applicable
CUST000736,False,,Not Applicable
CUST000738,False,,Not Applicable
CUST000739,False,,Not Applicable
CUST000741,False,,Not Applicable
CUST000742,False,,Not Applicable
CUST000743,False,,Not Applicable
CUST000744,False,,Not Applicable
CUST000746,False,,Not Applicable
CUST000747,False,,Not Applicable
CUST000748,False,,Not Applicable
CUST000750,False,,Not Applicable
CUST000752,False,,Not Applicable
CUST000753,False,,Not Applicable
CUST000755,False,,Not Applicable
CUST000756,False,,Not Applicable
CUST000757,False,,Not Applicable
CUST000759,False,,Not Applicable
CUST000760,False,,Not Applicable
CUST000761,False,,Not Applicable
CUST000762,False,,Not Applicable
CUST000763,False,,Not Applicable
CUST000764,False,,Not Applicable
CUST000765,False,,Not Applicable
CUST000766,False,,Not Applicable
CUST000768,False,,Not Applicable
CUST000769,False,,Not Applicable
CUST000770,False,,Not Applicable
CUST000771,False,,Not Applicable
CUST000772,False,,Not Applicable
CUST000773,False,,Not Applicable
CUST000774,False,,Not Applicable
CUST000775,False,,Not Applicable
CUST000776,False,,Not Applicable
CUST000777,False,,Not Applicable
CUST000778,False,,Not Applicable
CUST000781,False,,Not Applicable
CUST000782,False,,Not Applicable
CUST000784,False,,Not Applicable
CUST000785,False,,Not Applicable
CUST000786,False,,Not Applicable
CUST000787,False,,Not Applicable
CUST000791,False,,Not Applicable
CUST000792,False,,Not Applicable
CUST000793,False,,Not Applicable
CUST000794,False,,Not Applicable
CUST000796,False,,Not Applicable
CUST000797,False,,Not Applicable
CUST000798,False,,Not Applicable
CUST000800,False,,Not Applicable
CUST000801,False,,Not Applicable
CUST000802,False,,Not Applicable
CUST000803,False,,Not Applicable
CUST000804,False,,Not Applicable
CUST000805,False,,Not Applicable
CUST000806,False,,Not Applicable
CUST000807,False,,Not Applicable
CUST000808,False,,Not Applicable
CUST000810,False,,Not Applicable
CUST000811,False,,Not Applicable
CUST000812,False,,Not Applicable
CUST000814,False,,Not Applicable
CUST000815,False,,Not Applicable
CUST000817,False,,Not Applicable
CUST000818,False,,Not Applicable
CUST000819,False,,Not Applicable
CUST000821,False,,Not Applicable
CUST000823,False,,Not Applicable
CUST000824,False,,Not Applicable
CUST000826,False,,Not Applicable
CUST000827,False,,Not Applicable
CUST000828,False,,Not Applicable
CUST000829,False,,Not Applicable
CUST000830,False,,Not Applicable
CUST000831,False,,Not Applicable
CUST000832,False,,Not Applicable
CUST000833,False,,Not Applicable
CUST000835,False,,Not Applicable
CUST000836,False,,Not Applicable
CUST000837,False,,Not Applicable
CUST000838,False,,Not Applicable
CUST000839,False,,Not Applicable
CUST000840,False,,Not Applicable
CUST000841,False,,Not Applicable
CUST000842,False,,Not Applicable
CUST000843,False,,Not Applicable
CUST000844,False,,Not Applicable
CUST000846,False,,Not Applicable
CUST000848,False,,Not Applicable
CUST000849,False,,Not Applicable
CUST000850,False,,Not Applicable
CUST000851,False,,Not Applicable
CUST000853,False,,Not Applicable
CUST000855,False,,Not Applicable
CUST000856,False,,Not Applicable
CUST000858,False,,Not Applicable
CUST000860,False,,Not Applicable
CUST000862,False,,Not Applicable
CUST000863,False,,Not Applicable
CUST000864,False,,Not Applicable
CUST000867,False,,Not Applicable
CUST000868,False,,Not Applicable
CUST000869,False,,Not Applicable
CUST000870,False,,Not Applicable
CUST000871,False,,Not Applicable
CUST000872,False,,Not Applicable
CUST000875,False,,Not Applicable
CUST000877,False,,Not Applicable
CUST000878,False,,Not Applicable
CUST000879,False,,Not Applicable
CUST000880,False,,Not Applicable
CUST000881,False,,Not Applicable
CUST000882,False,,Not Applicable
CUST000883,False,,Not Applicable
CUST000884,False,,Not Applicable
CUST000885,False,,Not Applicable
CUST000886,False,,Not Applicable
CUST000887,False,,Not Applicable
CUST000888,False,,Not Applicable
CUST000890,False,,Not Applicable
CUST000891,False,,Not Applicable
CUST000892,False,,Not Applicable
CUST000893,False,,Not Applicable
CUST000894,False,,Not Applicable
CUST000895,False,,Not Applicable
CUST000896,False,,Not Applicable
CUST000897,False,,Not Applicable
CUST000902,False,,Not Applicable
CUST000903,False,,Not Applicable
CUST000904,False,,Not Applicable
CUST000905,False,,Not Applicable
CUST000906,False,,Not Applicable
CUST000907,False,,Not Applicable
CUST000908,False,,Not Applicable
CUST000909,False,,Not Applicable
CUST000910,False,,Not Applicable
CUST000912,False,,Not Applicable
CUST000913,False,,Not Applicable
CUST000915,False,,Not Applicable
CUST000916,False,,Not Applicable
CUST000917,False,,Not Applicable
CUST000918,False,,Not Applicable
CUST000920,False,,Not Applicable
CUST000923,False,,Not Applicable
CUST000924,False,,Not Applicable
CUST000925,False,,Not Applicable
CUST000926,False,,Not Applicable
CUST000928,False,,Not Applicable
CUST000929,False,,Not Applicable
CUST000930,False,,Not Applicable
CUST000931,False,,Not Applicable
CUST000932,False,,Not Applicable
CUST000933,False,,Not Applicable
CUST000934,False,,Not Applicable
CUST000937,False,,Not Applicable
CUST000938,False,,Not Applicable
CUST000939,False,,Not Applicable
CUST000940,False,,Not Applicable
CUST000941,False,,Not Applicable
CUST000942,False,,Not Applicable
CUST000943,False,,Not Applicable
CUST000944,False,,Not Applicable
CUST000946,False,,Not Applicable
CUST000947,False,,Not Applicable
CUST000948,False,,Not Applicable
CUST000949,False,,Not Applicable
CUST000950,False,,Not Applicable
CUST000952,False,,Not Applicable
CUST000953,False,,Not Applicable
CUST000955,False,,Not Applicable
CUST000956,False,,Not Applicable
CUST000957,False,,Not Applicable
CUST000958,False,,Not Applicable
CUST000959,False,,Not Applicable
CUST000961,False,,Not Applicable
CUST000962,False,,Not Applicable
CUST000964,False,,Not Applicable
CUST000965,False,,Not Applicable
CUST000967,False,,Not Applicable
CUST000969,False,,Not Applicable
CUST000970,False,,Not Applicable
CUST000971,False,,Not Applicable
CUST000972,False,,Not Applicable
CUST000975,False,,Not Applicable
CUST000979,False,,Not Applicable
CUST000980,False,,Not Applicable
CUST000981,False,,Not Applicable
CUST000982,False,,Not Applicable
CUST000983,False,,Not Applicable
CUST000984,False,,Not Applicable
CUST000986,False,,Not Applicable
CUST000987,False,,Not Applicable
CUST000988,False,,Not Applicable
CUST000989,False,,Not Applicable
CUST000990,False,,Not Applicable
CUST000992,False,,Not Applicable
CUST000995,False,,Not Applicable
CUST000998,False,,Not Applicable
CUST000999,False,,Not Applicable
CUST001005,False,,Not Applicable
CUST001008,False,,Not Applicable
CUST001009,False,,Not Applicable
CUST001010,False,,Not Applicable
CUST001012,False,,Not Applicable
CUST001013,False,,Not Applicable
CUST001015,False,,Not Applicable
CUST001017,False,,Not Applicable
CUST001018,False,,Not Applicable
CUST001020,False,,Not Applicable
CUST001021,False,,Not Applicable
CUST001023,False,,Not Applicable
CUST001024,False,,Not Applicable
CUST001025,False,,Not Applicable
CUST001026,False,,Not Applicable
CUST001028,False,,Not Applicable
CUST001030,False,,Not Applicable
CUST001031,False,,Not Applicable
CUST001032,False,,Not Applicable
CUST001033,False,,Not Applicable
CUST001034,False,,Not Applicable
CUST001035,False,,Not Applicable
CUST001036,False,,Not Applicable
CUST001037,False,,Not Applicable
CUST001038,False,,Not Applicable
CUST001041,False,,Not Applicable
CUST001042,False,,Not Applicable
CUST001043,False,,Not Applicable
CUST001044,False,,Not Applicable
CUST001046,False,,Not Applicable
CUST001047,False,,Not Applicable
CUST001048,False,,Not Applicable
CUST001050,False,,Not Applicable
CUST001051,False,,Not Applicable
CUST001052,False,,Not Applicable
CUST001053,False,,Not Applicable
CUST001055,False,,Not Applicable
CUST001056,False,,Not Applicable
CUST001057,False,,Not Applicable
CUST001059,False,,Not Applicable
CUST001060,False,,Not Applicable
CUST001061,False,,Not Applicable
CUST001063,False,,Not Applicable
CUST001064,False,,Not Applicable
CUST001067,False,,Not Applicable
CUST001068,False,,Not Applicable
CUST001070,False,,Not Applicable
CUST001071,False,,Not Applicable
CUST001072,False,,Not Applicable
CUST001073,False,,Not Applicable
CUST001074,False,,Not Applicable
CUST001075,False,,Not Applicable
CUST001076,False,,Not Applicable
CUST001077,False,,Not Applicable
CUST001079,False,,Not Applicable
CUST001080,False,,Not Applicable
CUST001081,False,,Not Applicable
CUST001084,False,,Not Applicable
CUST001085,False,,Not Applicable
CUST001087,False,,Not Applicable
CUST001089,False,,Not Applicable
CUST001090,False,,Not Applicable
CUST001092,False,,Not Applicable
CUST001093,False,,Not Applicable
CUST001097,False,,Not Applicable
CUST001098,False,,Not Applicable
CUST001099,False,,Not Applicable
CUST001100,False,,Not Applicable
CUST001101,False,,Not Applicable
CUST001103,False,,Not Applicable
CUST001104,False,,Not Applicable
CUST001105,False,,Not Applicable
CUST001107,False,,Not Applicable
CUST001109,False,,Not Applicable
CUST001112,False,,Not Applicable
CUST001118,False,,Not Applicable
CUST001119,False,,Not Applicable
CUST001120,False,,Not Applicable
CUST001122,False,,Not Applicable
CUST001124,False,,Not Applicable
CUST001125,False,,Not Applicable
CUST001126,False,,Not Applicable
CUST001127,False,,Not Applicable
CUST001128,False,,Not Applicable
CUST001129,False,,Not Applicable
CUST001130,False,,Not Applicable
CUST001131,False,,Not Applicable
CUST001132,False,,Not Applicable
CUST001133,False,,Not Applicable
CUST001134,False,,Not Applicable
CUST001135,False,,Not Applicable
CUST001137,False,,Not Applicable
CUST001139,False,,Not Applicable
CUST001140,False,,Not Applicable
CUST001141,False,,Not Applicable
CUST001142,False,,Not Applicable
CUST001143,False,,Not Applicable
CUST001146,False,,Not Applicable
CUST001147,False,,Not Applicable
CUST001149,False,,Not Applicable
CUST001150,False,,Not Applicable
CUST001152,False,,Not Applicable
CUST001153,False,,Not Applicable
CUST001154,False,,Not Applicable
CUST001155,False,,Not Applicable
CUST001156,False,,Not Applicable
CUST001158,False,,Not Applicable
CUST001159,False,,Not Applicable
CUST001160,False,,Not Applicable
CUST001162,False,,Not Applicable
CUST001164,False,,Not Applicable
CUST001165,False,,Not Applicable
CUST001166,False,,Not Applicable
CUST001167,False,,Not Applicable
CUST001168,False,,Not Applicable
CUST001169,False,,Not Applicable
CUST001170,False,,Not Applicable
CUST001172,False,,Not Applicable
CUST001174,False,,Not Applicable
CUST001175,False,,Not Applicable
CUST001176,False,,Not Applicable
CUST001177,False,,Not Applicable
CUST001178,False,,Not Applicable
CUST001180,False,,Not Applicable
CUST001181,False,,Not Applicable
CUST001182,False,,Not Applicable
CUST001183,False,,Not Applicable
CUST001184,False,,Not Applicable
CUST001186,False,,Not Applicable
CUST001187,False,,Not Applicable
CUST001188,False,,Not Applicable
CUST001189,False,,Not Applicable
CUST001190,False,,Not Applicable
CUST001191,False,,Not Applicable
CUST001192,False,,Not Applicable
CUST001193,False,,Not Applicable
CUST001194,False,,Not Applicable
CUST001195,False,,Not Applicable
CUST001197,False,,Not Applicable
CUST001199,False,,Not Applicable
CUST001200,False,,Not Applicable
CUST001201,False,,Not Applicable
CUST001202,False,,Not Applicable
CUST001204,False,,Not Applicable
CUST001205,False,,Not Applicable
CUST001206,False,,Not Applicable
CUST001208,False,,Not Applicable
CUST001210,False,,Not Applicable
CUST001211,False,,Not Applicable
CUST001213,False,,Not Applicable
CUST001214,False,,Not Applicable
CUST001215,False,,Not Applicable
CUST001216,False,,Not Applicable
CUST001217,False,,Not Applicable
CUST001218,False,,Not Applicable
CUST001219,False,,Not Applicable
CUST001220,False,,Not Applicable
CUST001221,False,,Not Applicable
CUST001224,False,,Not Applicable
CUST001225,False,,Not Applicable
CUST001226,False,,Not Applicable
CUST001227,False,,Not Applicable
CUST001228,False,,Not Applicable
CUST001229,False,,Not Applicable
CUST001231,False,,Not Applicable
CUST001232,False,,Not Applicable
CUST001233,False,,Not Applicable
CUST001234,False,,Not Applicable
CUST001235,False,,Not Applicable
CUST001236,False,,Not Applicable
CUST001237,False,,Not Applicable
CUST001238,False,,Not Applicable
CUST001239,False,,Not Applicable
CUST001242,False,,Not Applicable
CUST001243,False,,Not Applicable
CUST001244,False,,Not Applicable
CUST001247,False,,Not Applicable
CUST001249,False,,Not Applicable
CUST001250,False,,Not Applicable
CUST001251,False,,Not Applicable
CUST001252,False,,Not Applicable
CUST001253,False,,Not Applicable
CUST001254,False,,Not Applicable
CUST001255,False,,Not Applicable
CUST001256,False,,Not Applicable
CUST001257,False,,Not Applicable
CUST001258,False,,Not Applicable
CUST001259,False,,Not Applicable
CUST001260,False,,Not Applicable
CUST001261,False,,Not Applicable
CUST001262,False,,Not Applicable
CUST001263,False,,Not Applicable
CUST001265,False,,Not Applicable
CUST001267,False,,Not Applicable
CUST001268,False,,Not Applicable
CUST001270,False,,Not Applicable
CUST001272,False,,Not Applicable
CUST001273,False,,Not Applicable
CUST001274,False,,Not Applicable
CUST001275,False,,Not Applicable
CUST001277,False,,Not Applicable
CUST001278,False,,Not Applicable
CUST001280,False,,Not Applicable
CUST001281,False,,Not Applicable
CUST001282,False,,Not Applicable
CUST001284,False,,Not Applicable
CUST001285,False,,Not Applicable
CUST001286,False,,Not Applicable
CUST001287,False,,Not Applicable
CUST001288,False,,Not Applicable
CUST001289,False,,Not Applicable
CUST001290,False,,Not Applicable
CUST001291,False,,Not Applicable
CUST001292,False,,Not Applicable
CUST001293,False,,Not Applicable
CUST001294,False,,Not Applicable
CUST001296,False,,Not Applicable
CUST001299,False,,Not Applicable
CUST001300,False,,Not Applicable
CUST001302,False,,Not Applicable
CUST001303,False,,Not Applicable
CUST001304,False,,Not Applicable
CUST001305,False,,Not Applicable
CUST001306,False,,Not Applicable
CUST001307,False,,Not Applicable
CUST001310,False,,Not Applicable
CUST001311,False,,Not Applicable
CUST001312,False,,Not Applicable
CUST001313,False,,Not Applicable
CUST001314,False,,Not Applicable
CUST001316,False,,Not Applicable
CUST001317,False,,Not Applicable
CUST001318,False,,Not Applicable
CUST001320,False,,Not Applicable
CUST001322,False,,Not Applicable
CUST001323,False,,Not Applicable
CUST001326,False,,Not Applicable
CUST001327,False,,Not Applicable
CUST001329,False,,Not Applicable
CUST001332,False,,Not Applicable
CUST001333,False,,Not Applicable
CUST001334,False,,Not Applicable
CUST001335,False,,Not Applicable
CUST001336,False,,Not Applicable
CUST001338,False,,Not Applicable
CUST001340,False,,Not Applicable
CUST001342,False,,Not Applicable
CUST001343,False,,Not Applicable
CUST001346,False,,Not Applicable
CUST001347,False,,Not Applicable
CUST001348,False,,Not Applicable
CUST001352,False,,Not Applicable
CUST001353,False,,Not Applicable
CUST001354,False,,Not Applicable
CUST001355,False,,Not Applicable
CUST001356,False,,Not Applicable
CUST001357,False,,Not Applicable
CUST001358,False,,Not Applicable
CUST001359,False,,Not Applicable
CUST001360,False,,Not Applicable
CUST001361,False,,Not Applicable
CUST001362,False,,Not Applicable
CUST001363,False,,Not Applicable
CUST001364,False,,Not Applicable
CUST001365,False,,Not Applicable
CUST001366,False,,Not Applicable
CUST001367,False,,Not Applicable
CUST001368,False,,Not Applicable
CUST001370,False,,Not Applicable
CUST001371,False,,Not Applicable
CUST001372,False,,Not Applicable
CUST001374,False,,Not Applicable
CUST001375,False,,Not Applicable
CUST001377,False,,Not Applicable
CUST001378,False,,Not Applicable
CUST001379,False,,Not Applicable
CUST001380,False,,Not Applicable
CUST001382,False,,Not Applicable
CUST001383,False,,Not Applicable
CUST001384,False,,Not Applicable
CUST001385,False,,Not Applicable
CUST001386,False,,Not Applicable
CUST001388,False,,Not Applicable
CUST001389,False,,Not Applicable
CUST001390,False,,Not Applicable
CUST001392,False,,Not Applicable
CUST001393,False,,Not Applicable
CUST001394,False,,Not Applicable
CUST001396,False,,Not Applicable
CUST001399,False,,Not Applicable
CUST001400,False,,Not Applicable
CUST001401,False,,Not Applicable
CUST001402,False,,Not Applicable
CUST001403,False,,Not Applicable
CUST001405,False,,Not Applicable
CUST001406,False,,Not Applicable
CUST001407,False,,Not Applicable
CUST001408,False,,Not Applicable
CUST001409,False,,Not Applicable
CUST001410,False,,Not Applicable
CUST001411,False,,Not Applicable
CUST001412,False,,Not Applicable
CUST001413,False,,Not Applicable
CUST001414,False,,Not Applicable
CUST001415,False,,Not Applicable
CUST001416,False,,Not Applicable
CUST001417,False,,Not Applicable
CUST001418,False,,Not Applicable
CUST001419,False,,Not Applicable
CUST001420,False,,Not Applicable
CUST001422,False,,Not Applicable
CUST001423,False,,Not Applicable
CUST001424,False,,Not Applicable
CUST001426,False,,Not Applicable
CUST001429,False,,Not Applicable
CUST001430,False,,Not Applicable
CUST001432,False,,Not Applicable
CUST001433,False,,Not Applicable
CUST001434,False,,Not Applicable
CUST001436,False,,Not Applicable
CUST001437,False,,Not Applicable
CUST001438,False,,Not Applicable
CUST001440,False,,Not Applicable
CUST001441,False,,Not Applicable
CUST001442,False,,Not Applicable
CUST001443,False,,Not Applicable
CUST001444,False,,Not Applicable
CUST001445,False,,Not Applicable
CUST001446,False,,Not Applicable
CUST001448,False,,Not Applicable
CUST001449,False,,Not Applicable
CUST001450,False,,Not Applicable
CUST001451,False,,Not Applicable
CUST001452,False,,Not Applicable
CUST001453,False,,Not Applicable
CUST001455,False,,Not Applicable
CUST001456,False,,Not Applicable
CUST001457,False,,Not Applicable
CUST001458,False,,Not Applicable
CUST001460,False,,Not Applicable
CUST001461,False,,Not Applicable
CUST001462,False,,Not Applicable
CUST001463,False,,Not Applicable
CUST001464,False,,Not Applicable
CUST001466,False,,Not Applicable
CUST001470,False,,Not Applicable
CUST001471,False,,Not Applicable
CUST001475,False,,Not Applicable
CUST001476,False,,Not Applicable
CUST001478,False,,Not Applicable
CUST001481,False,,Not Applicable
CUST001482,False,,Not Applicable
CUST001483,False,,Not Applicable
CUST001484,False,,Not Applicable
CUST001485,False,,Not Applicable
CUST001487,False,,Not Applicable
CUST001488,False,,Not Applicable
CUST001489,False,,Not Applicable
CUST001490,False,,Not Applicable
CUST001491,False,,Not Applicable
CUST001492,False,,Not Applicable
CUST001493,False,,Not Applicable
CUST001496,False,,Not Applicable
CUST001497,False,,Not Applicable
CUST001498,False,,Not Applicable
CUST001499,False,,Not Applicable
CUST001500,False,,Not Applicable
CUST001501,False,,Not Applicable
CUST001502,False,,Not Applicable
CUST001503,False,,Not Applicable
CUST001504,False,,Not Applicable
CUST001505,False,,Not Applicable
CUST001508,False,,Not Applicable
CUST001509,False,,Not Applicable
CUST001511,False,,Not Applicable
CUST001512,False,,Not Applicable
CUST001513,False,,Not Applicable
CUST001514,False,,Not Applicable
CUST001516,False,,Not Applicable
CUST001517,False,,Not Applicable
CUST001518,False,,Not Applicable
CUST001519,False,,Not Applicable
CUST001520,False,,Not Applicable
CUST001521,False,,Not Applicable
CUST001523,False,,Not Applicable
CUST001525,False,,Not Applicable
CUST001526,False,,Not Applicable
CUST001528,False,,Not Applicable
CUST001529,False,,Not Applicable
CUST001530,False,,Not Applicable
CUST001531,False,,Not Applicable
CUST001532,False,,Not Applicable
CUST001533,False,,Not Applicable
CUST001534,False,,Not Applicable
CUST001535,False,,Not Applicable
CUST001536,False,,Not Applicable
CUST001537,False,,Not Applicable
CUST001538,False,,Not Applicable
CUST001539,False,,Not Applicable
CUST001540,False,,Not Applicable
CUST001542,False,,Not Applicable
CUST001543,False,,Not Applicable
CUST001544,False,,Not Applicable
CUST001545,False,,Not Applicable
CUST001546,False,,Not Applicable
CUST001547,False,,Not Applicable
CUST001548,False,,Not Applicable
CUST001551,False,,Not Applicable
CUST001552,False,,Not Applicable
CUST001553,False,,Not Applicable
CUST001554,False,,Not Applicable
CUST001555,False,,Not Applicable
CUST001556,False,,Not Applicable
CUST001557,False,,Not Applicable
CUST001558,False,,Not Applicable
CUST001563,False,,Not Applicable
CUST001564,False,,Not Applicable
CUST001565,False,,Not Applicable
CUST001568,False,,Not Applicable
CUST001569,False,,Not Applicable
CUST001570,False,,Not Applicable
CUST001572,False,,Not Applicable
CUST001573,False,,Not Applicable
CUST001574,False,,Not Applicable
CUST001575,False,,Not Applicable
CUST001576,False,,Not Applicable
CUST001577,False,,Not Applicable
CUST001578,False,,Not Applicable
CUST001579,False,,Not Applicable
CUST001580,False,,Not Applicable
CUST001581,False,,Not Applicable
CUST001582,False,,Not Applicable
CUST001583,False,,Not Applicable
CUST001584,False,,Not Applicable
CUST001586,False,,Not Applicable
CUST001587,False,,Not Applicable
CUST001588,False,,Not Applicable
CUST001589,False,,Not Applicable
CUST001590,False,,Not Applicable
CUST001591,False,,Not Applicable
CUST001593,False,,Not Applicable
CUST001595,False,,Not Applicable
CUST001596,False,,Not Applicable
CUST001597,False,,Not Applicable
CUST001599,False,,Not Applicable
CUST001600,False,,Not Applicable
CUST001601,False,,Not Applicable
CUST001602,False,,Not Applicable
CUST001603,False,,Not Applicable
CUST001604,False,,Not Applicable
CUST001605,False,,Not Applicable
CUST001607,False,,Not Applicable
CUST001609,False,,Not Applicable
CUST001610,False,,Not Applicable
CUST001613,False,,Not Applicable
CUST001614,False,,Not Applicable
CUST001616,False,,Not Applicable
CUST001617,False,,Not Applicable
CUST001618,False,,Not Applicable
CUST001619,False,,Not Applicable
CUST001620,False,,Not Applicable
CUST001621,False,,Not Applicable
CUST001622,False,,Not Applicable
CUST001623,False,,Not Applicable
CUST001625,False,,Not Applicable
CUST001626,False,,Not Applicable
CUST001627,False,,Not Applicable
CUST001628,False,,Not Applicable
CUST001629,False,,Not Applicable
CUST001630,False,,Not Applicable
CUST001632,False,,Not Applicable
CUST001633,False,,Not Applicable
CUST001634,False,,Not Applicable
CUST001635,False,,Not Applicable
CUST001636,False,,Not Applicable
CUST001639,False,,Not Applicable
CUST001640,False,,Not Applicable
CUST001641,False,,Not Applicable
CUST001643,False,,Not Applicable
CUST001644,False,,Not Applicable
CUST001645,False,,Not Applicable
CUST001647,False,,Not Applicable
CUST001650,False,,Not Applicable
CUST001651,False,,Not Applicable
CUST001652,False,,Not Applicable
CUST001653,False,,Not Applicable
CUST001654,False,,Not Applicable
CUST001655,False,,Not Applicable
CUST001656,False,,Not Applicable
CUST001659,False,,Not Applicable
CUST001660,False,,Not Applicable
CUST001661,False,,Not Applicable
CUST001663,False,,Not Applicable
CUST001664,False,,Not Applicable
CUST001665,False,,Not Applicable
CUST001666,False,,Not Applicable
CUST001668,False,,Not Applicable
CUST001670,False,,Not Applicable
CUST001671,False,,Not Applicable
CUST001673,False,,Not Applicable
CUST001676,False,,Not Applicable
CUST001677,False,,Not Applicable
CUST001678,False,,Not Applicable
CUST001679,False,,Not Applicable
CUST001680,False,,Not Applicable
CUST001681,False,,Not Applicable
CUST001684,False,,Not Applicable
CUST001685,False,,Not Applicable
CUST001686,False,,Not Applicable
CUST001689,False,,Not Applicable
CUST001690,False,,Not Applicable
CUST001692,False,,Not Applicable
CUST001693,False,,Not Applicable
CUST001694,False,,Not Applicable
CUST001695,False,,Not Applicable
CUST001697,False,,Not Applicable
CUST001698,False,,Not Applicable
CUST001699,False,,Not Applicable
CUST001700,False,,Not Applicable
CUST001701,False,,Not Applicable
CUST001702,False,,Not Applicable
CUST001703,False,,Not Applicable
CUST001705,False,,Not Applicable
CUST001706,False,,Not Applicable
CUST001707,False,,Not Applicable
CUST001708,False,,Not Applicable
CUST001709,False,,Not Applicable
CUST001712,False,,Not Applicable
CUST001713,False,,Not Applicable
CUST001714,False,,Not Applicable
CUST001716,False,,Not Applicable
CUST001717,False,,Not Applicable
CUST001718,False,,Not Applicable
CUST001721,False,,Not Applicable
CUST001722,False,,Not Applicable
CUST001723,False,,Not Applicable
CUST001725,False,,Not Applicable
CUST001726,False,,Not Applicable
CUST001727,False,,Not Applicable
CUST001729,False,,Not Applicable
CUST001730,False,,Not Applicable
CUST001731,False,,Not Applicable
CUST001732,False,,Not Applicable
CUST001733,False,,Not Applicable
CUST001736,False,,Not Applicable
CUST001737,False,,Not Applicable
CUST001739,False,,Not Applicable
CUST001740,False,,Not Applicable
CUST001741,False,,Not Applicable
CUST001742,False,,Not Applicable
CUST001743,False,,Not Applicable
CUST001744,False,,Not Applicable
CUST001745,False,,Not Applicable
CUST001746,False,,Not Applicable
CUST001748,False,,Not Applicable
CUST001749,False,,Not Applicable
CUST001750,False,,Not Applicable
CUST001751,False,,Not Applicable
CUST001752,False,,Not Applicable
CUST001754,False,,Not Applicable
CUST001755,False,,Not Applicable
CUST001756,False,,Not Applicable
CUST001757,False,,Not Applicable
CUST001758,False,,Not Applicable
CUST001759,False,,Not Applicable
CUST001760,False,,Not Applicable
CUST001761,False,,Not Applicable
CUST001763,False,,Not Applicable
CUST001764,False,,Not Applicable
CUST001765,False,,Not Applicable
CUST001766,False,,Not Applicable
CUST001767,False,,Not Applicable
CUST001768,False,,Not Applicable
CUST001769,False,,Not Applicable
CUST001770,False,,Not Applicable
CUST001771,False,,Not Applicable
CUST001772,False,,Not Applicable
CUST001773,False,,Not Applicable
CUST001776,False,,Not Applicable
CUST001777,False,,Not Applicable
CUST001778,False,,Not Applicable
CUST001779,False,,Not Applicable
CUST001780,False,,Not Applicable
CUST001782,False,,Not Applicable
CUST001783,False,,Not Applicable
CUST001784,False,,Not Applicable
CUST001785,False,,Not Applicable
CUST001786,False,,Not Applicable
CUST001787,False,,Not Applicable
CUST001788,False,,Not Applicable
CUST001789,False,,Not Applicable
CUST001790,False,,Not Applicable
CUST001791,False,,Not Applicable
CUST001793,False,,Not Applicable
CUST001794,False,,Not Applicable
CUST001795,False,,Not Applicable
CUST001797,False,,Not Applicable
CUST001798,False,,Not Applicable
CUST001799,False,,Not Applicable
CUST001800,False,,Not Applicable
CUST001801,False,,Not Applicable
CUST001802,False,,Not Applicable
CUST001803,False,,Not Applicable
CUST001804,False,,Not Applicable
CUST001807,False,,Not Applicable
CUST001808,False,,Not Applicable
CUST001809,False,,Not Applicable
CUST001810,False,,Not Applicable
CUST001811,False,,Not Applicable
CUST001812,False,,Not Applicable
CUST001814,False,,Not Applicable
CUST001815,False,,Not Applicable
CUST001817,False,,Not Applicable
CUST001818,False,,Not Applicable
CUST001819,False,,Not Applicable
CUST001820,False,,Not Applicable
CUST001822,False,,Not Applicable
CUST001823,False,,Not Applicable
CUST001824,False,,Not Applicable
CUST001825,False,,Not Applicable
CUST001826,False,,Not Applicable
CUST001827,False,,Not Applicable
CUST001830,False,,Not Applicable
CUST001831,False,,Not Applicable
CUST001832,False,,Not Applicable
CUST001833,False,,Not Applicable
CUST001834,False,,Not Applicable
CUST001837,False,,Not Applicable
CUST001838,False,,Not Applicable
CUST001839,False,,Not Applicable
CUST001840,False,,Not Applicable
CUST001841,False,,Not Applicable
CUST001842,False,,Not Applicable
CUST001844,False,,Not Applicable
CUST001845,False,,Not Applicable
CUST001846,False,,Not Applicable
CUST001847,False,,Not Applicable
CUST001848,False,,Not Applicable
CUST001849,False,,Not Applicable
CUST001851,False,,Not Applicable
CUST001852,False,,Not Applicable
CUST001853,False,,Not Applicable
CUST001854,False,,Not Applicable
CUST001855,False,,Not Applicable
CUST001856,False,,Not Applicable
CUST001857,False,,Not Applicable
CUST001859,False,,Not Applicable
CUST001860,False,,Not Applicable
CUST001861,False,,Not Applicable
CUST001863,False,,Not Applicable
CUST001865,False,,Not Applicable
CUST001866,False,,Not Applicable
CUST001867,False,,Not Applicable
CUST001868,False,,Not Applicable
CUST001869,False,,Not Applicable
CUST001870,False,,Not Applicable
CUST001871,False,,Not Applicable
CUST001872,False,,Not Applicable
CUST001873,False,,Not Applicable
CUST001874,False,,Not Applicable
CUST001875,False,,Not Applicable
CUST001876,False,,Not Applicable
CUST001878,False,,Not Applicable
CUST001879,False,,Not Applicable
CUST001880,False,,Not Applicable
CUST001883,False,,Not Applicable
CUST001884,False,,Not Applicable
CUST001885,False,,Not Applicable
CUST001888,False,,Not Applicable
CUST001889,False,,Not Applicable
CUST001892,False,,Not Applicable
CUST001893,False,,Not Applicable
CUST001896,False,,Not Applicable
CUST001898,False,,Not Applicable
CUST001899,False,,Not Applicable
CUST001900,False,,Not Applicable
CUST001901,False,,Not Applicable
CUST001902,False,,Not Applicable
CUST001903,False,,Not Applicable
CUST001904,False,,Not Applicable
CUST001905,False,,Not Applicable
CUST001907,False,,Not Applicable
CUST001908,False,,Not Applicable
CUST001909,False,,Not Applicable
CUST001910,False,,Not Applicable
CUST001912,False,,Not Applicable
CUST001913,False,,Not Applicable
CUST001918,False,,Not Applicable
CUST001919,False,,Not Applicable
CUST001921,False,,Not Applicable
CUST001922,False,,Not Applicable
CUST001924,False,,Not Applicable
CUST001926,False,,Not Applicable
CUST001927,False,,Not Applicable
CUST001928,False,,Not Applicable
CUST001929,False,,Not Applicable
CUST001930,False,,Not Applicable
CUST001932,False,,Not Applicable
CUST001933,False,,Not Applicable
CUST001936,False,,Not Applicable
CUST001937,False,,Not Applicable
CUST001938,False,,Not Applicable
CUST001939,False,,Not Applicable
CUST001940,False,,Not Applicable
CUST001941,False,,Not Applicable
CUST001942,False,,Not Applicable
CUST001944,False,,Not Applicable
CUST001945,False,,Not Applicable
CUST001946,False,,Not Applicable
CUST001947,False,,Not Applicable
CUST001949,False,,Not Applicable
CUST001950,False,,Not Applicable
CUST001952,False,,Not Applicable
CUST001953,False,,Not Applicable
CUST001954,False,,Not Applicable
CUST001955,False,,Not Applicable
CUST001958,False,,Not Applicable
CUST001959,False,,Not Applicable
CUST001960,False,,Not Applicable
CUST001961,False,,Not Applicable
CUST001963,False,,Not Applicable
CUST001964,False,,Not Applicable
CUST001966,False,,Not Applicable
CUST001967,False,,Not Applicable
CUST001968,False,,Not Applicable
CUST001969,False,,Not Applicable
CUST001970,False,,Not Applicable
CUST001972,False,,Not Applicable
CUST001973,False,,Not Applicable
CUST001974,False,,Not Applicable
CUST001975,False,,Not Applicable
CUST001978,False,,Not Applicable
CUST001979,False,,Not Applicable
CUST001980,False,,Not Applicable
CUST001981,False,,Not Applicable
CUST001982,False,,Not Applicable
CUST001984,False,,Not Applicable
CUST001985,False,,Not Applicable
CUST001986,False,,Not Applicable
CUST001987,False,,Not Applicable
CUST001989,False,,Not Applicable
CUST001990,False,,Not Applicable
CUST001991,False,,Not Applicable
CUST001992,False,,Not Applicable
CUST001995,False,,Not Applicable
CUST001996,False,,Not Applicable
CUST001999,False,,Not Applicable
CUST002002,False,,Not Applicable
CUST002003,False,,Not Applicable
CUST002004,False,,Not Applicable
CUST002006,False,,Not Applicable
CUST002007,False,,Not Applicable
CUST002008,False,,Not Applicable
CUST002009,False,,Not Applicable
CUST002010,False,,Not Applicable
CUST002011,False,,Not Applicable
CUST002012,False,,Not Applicable
CUST002015,False,,Not Applicable
CUST002020,False,,Not Applicable
CUST002021,False,,Not Applicable
CUST002022,False,,Not Applicable
CUST002023,False,,Not Applicable
CUST002024,False,,Not Applicable
CUST002025,False,,Not Applicable
CUST002027,False,,Not Applicable
CUST002028,False,,Not Applicable
CUST002029,False,,Not Applicable
CUST002030,False,,Not Applicable
CUST002031,False,,Not Applicable
CUST002035,False,,Not Applicable
CUST002036,False,,Not Applicable
CUST002038,False,,Not Applicable
CUST002039,False,,Not Applicable
CUST002042,False,,Not Applicable
CUST002044,False,,Not Applicable
CUST002046,False,,Not Applicable
CUST002047,False,,Not Applicable
CUST002048,False,,Not Applicable
CUST002049,False,,Not Applicable
CUST002050,False,,Not Applicable
CUST002051,False,,Not Applicable
CUST002052,False,,Not Applicable
CUST002053,False,,Not Applicable
CUST002055,False,,Not Applicable
CUST002056,False,,Not Applicable
CUST002058,False,,Not Applicable
CUST002060,False,,Not Applicable
CUST002061,False,,Not Applicable
CUST002062,False,,Not Applicable
CUST002063,False,,Not Applicable
CUST002064,False,,Not Applicable
CUST002067,False,,Not Applicable
CUST002069,False,,Not Applicable
CUST002072,False,,Not Applicable
CUST002074,False,,Not Applicable
CUST002075,False,,Not Applicable
CUST002077,False,,Not Applicable
CUST002079,False,,Not Applicable
CUST002080,False,,Not Applicable
CUST002081,False,,Not Applicable
CUST002083,False,,Not Applicable
CUST002085,False,,Not Applicable
CUST002086,False,,Not Applicable
CUST002090,False,,Not Applicable
CUST002091,False,,Not Applicable
CUST002092,False,,Not Applicable
CUST002093,False,,Not Applicable
CUST002094,False,,Not Applicable
CUST002096,False,,Not Applicable
CUST002097,False,,Not Applicable
CUST002098,False,,Not Applicable
CUST002099,False,,Not Applicable
CUST002100,False,,Not Applicable
CUST002104,False,,Not Applicable
CUST002107,False,,Not Applicable
CUST002108,False,,Not Applicable
CUST002109,False,,Not Applicable
CUST002110,False,,Not Applicable
CUST002111,False,,Not Applicable
CUST002113,False,,Not Applicable
CUST002114,False,,Not Applicable
CUST002115,False,,Not Applicable
CUST002116,False,,Not Applicable
CUST002118,False,,Not Applicable
CUST002121,False,,Not Applicable
CUST002122,False,,Not Applicable
CUST002124,False,,Not Applicable
CUST002125,False,,Not Applicable
CUST002126,False,,Not Applicable
CUST002127,False,,Not Applicable
CUST002129,False,,Not Applicable
CUST002130,False,,Not Applicable
CUST002132,False,,Not Applicable
CUST002133,False,,Not Applicable
CUST002134,False,,Not Applicable
CUST002135,False,,Not Applicable
CUST002136,False,,Not Applicable
CUST002137,False,,Not Applicable
CUST002138,False,,Not Applicable
CUST002139,False,,Not Applicable
CUST002140,False,,Not Applicable
CUST002141,False,,Not Applicable
CUST002142,False,,Not Applicable
CUST002143,False,,Not Applicable
CUST002144,False,,Not Applicable
CUST002145,False,,Not Applicable
CUST002146,False,,Not Applicable
CUST002147,False,,Not Applicable
CUST002149,False,,Not Applicable
CUST002152,False,,Not Applicable
CUST002153,False,,Not Applicable
CUST002155,False,,Not Applicable
CUST002157,False,,Not Applicable
CUST002158,False,,Not Applicable
CUST002159,False,,Not Applicable
CUST002160,False,,Not Applicable
CUST002161,False,,Not Applicable
CUST002162,False,,Not Applicable
CUST002163,False,,Not Applicable
CUST002164,False,,Not Applicable
CUST002165,False,,Not Applicable
CUST002166,False,,Not Applicable
CUST002167,False,,Not Applicable
CUST002168,False,,Not Applicable
CUST002169,False,,Not Applicable
CUST002170,False,,Not Applicable
CUST002171,False,,Not Applicable
CUST002172,False,,Not Applicable
CUST002173,False,,Not Applicable
CUST002174,False,,Not Applicable
CUST002176,False,,Not Applicable
CUST002177,False,,Not Applicable
CUST002178,False,,Not Applicable
CUST002179,False,,Not Applicable
CUST002181,False,,Not Applicable
CUST002182,False,,Not Applicable
CUST002183,False,,Not Applicable
CUST002184,False,,Not Applicable
CUST002186,False,,Not Applicable
CUST002187,False,,Not Applicable
CUST002188,False,,Not Applicable
CUST002189,False,,Not Applicable
CUST002190,False,,Not Applicable
CUST002191,False,,Not Applicable
CUST002192,False,,Not Applicable
CUST002193,False,,Not Applicable
CUST002194,False,,Not Applicable
CUST002195,False,,Not Applicable
CUST002196,False,,Not Applicable
CUST002197,False,,Not Applicable
CUST002198,False,,Not Applicable
CUST002199,False,,Not Applicable
CUST002200,False,,Not Applicable
CUST002201,False,,Not Applicable
CUST002202,False,,Not Applicable
CUST002203,False,,Not Applicable
CUST002205,False,,Not Applicable
CUST002206,False,,Not Applicable
CUST002207,False,,Not Applicable
CUST002208,False,,Not Applicable
CUST002210,False,,Not Applicable
CUST002211,False,,Not Applicable
CUST002212,False,,Not Applicable
CUST002214,False,,Not Applicable
CUST002217,False,,Not Applicable
CUST002220,False,,Not Applicable
CUST002221,False,,Not Applicable
CUST002222,False,,Not Applicable
CUST002224,False,,Not Applicable
CUST002225,False,,Not Applicable
CUST002228,False,,Not Applicable
CUST002230,False,,Not Applicable
CUST002231,False,,Not Applicable
CUST002232,False,,Not Applicable
CUST002233,False,,Not Applicable
CUST002234,False,,Not Applicable
CUST002235,False,,Not Applicable
CUST002236,False,,Not Applicable
CUST002237,False,,Not Applicable
CUST002239,False,,Not Applicable
CUST002240,False,,Not Applicable
CUST002242,False,,Not Applicable
CUST002246,False,,Not Applicable
CUST002247,False,,Not Applicable
CUST002249,False,,Not Applicable
CUST002252,False,,Not Applicable
CUST002253,False,,Not Applicable
CUST002254,False,,Not Applicable
CUST002255,False,,Not Applicable
CUST002256,False,,Not Applicable
CUST002257,False,,Not Applicable
CUST002258,False,,Not Applicable
CUST002259,False,,Not Applicable
CUST002260,False,,Not Applicable
CUST002261,False,,Not Applicable
CUST002262,False,,Not Applicable
CUST002265,False,,Not Applicable
CUST002266,False,,Not Applicable
CUST002267,False,,Not Applicable
CUST002270,False,,Not Applicable
CUST002272,False,,Not Applicable
CUST002273,False,,Not Applicable
CUST002274,False,,Not Applicable
CUST002275,False,,Not Applicable
CUST002276,False,,Not Applicable
CUST002278,False,,Not Applicable
CUST002279,False,,Not Applicable
CUST002280,False,,Not Applicable
CUST002282,False,,Not Applicable
CUST002283,False,,Not Applicable
CUST002284,False,,Not Applicable
CUST002286,False,,Not Applicable
CUST002287,False,,Not Applicable
CUST002289,False,,Not Applicable
CUST002290,False,,Not Applicable
CUST002291,False,,Not Applicable
CUST002292,False,,Not Applicable
CUST002293,False,,Not Applicable
CUST002294,False,,Not Applicable
CUST002295,False,,Not Applicable
CUST002298,False,,Not Applicable
CUST002299,False,,Not Applicable
CUST002300,False,,Not Applicable
CUST002301,False,,Not Applicable
CUST002303,False,,Not Applicable
CUST002304,False,,Not Applicable
CUST002305,False,,Not Applicable
CUST002306,False,,Not Applicable
CUST002307,False,,Not Applicable
CUST002308,False,,Not Applicable
CUST002309,False,,Not Applicable
CUST002310,False,,Not Applicable
CUST002312,False,,Not Applicable
CUST002313,False,,Not Applicable
CUST002314,False,,Not Applicable
CUST002317,False,,Not Applicable
CUST002318,False,,Not Applicable
CUST002319,False,,Not Applicable
CUST002320,False,,Not Applicable
CUST002321,False,,Not Applicable
CUST002322,False,,Not Applicable
CUST002323,False,,Not Applicable
CUST002324,False,,Not Applicable
CUST002325,False,,Not Applicable
CUST002326,False,,Not Applicable
CUST002327,False,,Not Applicable
CUST002328,False,,Not Applicable
CUST002329,False,,Not Applicable
CUST002330,False,,Not Applicable
CUST002331,False,,Not Applicable
CUST002332,False,,Not Applicable
CUST002333,False,,Not Applicable
CUST002334,False,,Not Applicable
CUST002335,False,,Not Applicable
CUST002336,False,,Not Applicable
CUST002337,False,,Not Applicable
CUST002338,False,,Not Applicable
CUST002339,False,,Not Applicable
CUST002341,False,,Not Applicable
CUST002342,False,,Not Applicable
CUST002343,False,,Not Applicable
CUST002345,False,,Not Applicable
CUST002346,False,,Not Applicable
CUST002347,False,,Not Applicable
CUST002348,False,,Not Applicable
CUST002349,False,,Not Applicable
CUST002350,False,,Not Applicable
CUST002351,False,,Not Applicable
CUST002352,False,,Not Applicable
CUST002353,False,,Not Applicable
CUST002354,False,,Not Applicable
CUST002355,False,,Not Applicable
CUST002356,False,,Not Applicable
CUST002357,False,,Not Applicable
CUST002358,False,,Not Applicable
CUST002360,False,,Not Applicable
CUST002361,False,,Not Applicable
CUST002362,False,,Not Applicable
CUST002365,False,,Not Applicable
CUST002367,False,,Not Applicable
CUST002370,False,,Not Applicable
CUST002371,False,,Not Applicable
CUST002373,False,,Not Applicable
CUST002374,False,,Not Applicable
CUST002375,False,,Not Applicable
CUST002377,False,,Not Applicable
CUST002378,False,,Not Applicable
CUST002379,False,,Not Applicable
CUST002380,False,,Not Applicable
CUST002381,False,,Not Applicable
CUST002382,False,,Not Applicable
CUST002383,False,,Not Applicable
CUST002384,False,,Not Applicable
CUST002385,False,,Not Applicable
CUST002386,False,,Not Applicable
CUST002389,False,,Not Applicable
CUST002391,False,,Not Applicable
CUST002392,False,,Not Applicable
CUST002393,False,,Not Applicable
CUST002394,False,,Not Applicable
CUST002395,False,,Not Applicable
CUST002396,False,,Not Applicable
CUST002397,False,,Not Applicable
CUST002398,False,,Not Applicable
CUST002399,False,,Not Applicable
CUST002400,False,,Not Applicable
CUST002401,False,,Not Applicable
CUST002402,False,,Not Applicable
CUST002403,False,,Not Applicable
CUST002404,False,,Not Applicable
CUST002405,False,,Not Applicable
CUST002406,False,,Not Applicable
CUST002407,False,,Not Applicable
CUST002408,False,,Not Applicable
CUST002409,False,,Not Applicable
CUST002410,False,,Not Applicable
CUST002412,False,,Not Applicable
CUST002413,False,,Not Applicable
CUST002414,False,,Not Applicable
CUST002415,False,,Not Applicable
CUST002416,False,,Not Applicable
CUST002417,False,,Not Applicable
CUST002418,False,,Not Applicable
CUST002421,False,,Not Applicable
CUST002423,False,,Not Applicable
CUST002424,False,,Not Applicable
CUST002425,False,,Not Applicable
CUST002426,False,,Not Applicable
CUST002427,False,,Not Applicable
CUST002428,False,,Not Applicable
CUST002431,False,,Not Applicable
CUST002432,False,,Not Applicable
CUST002433,False,,Not Applicable
CUST002434,False,,Not Applicable
CUST002436,False,,Not Applicable
CUST002437,False,,Not Applicable
CUST002438,False,,Not Applicable
CUST002439,False,,Not Applicable
CUST002440,False,,Not Applicable
CUST002441,False,,Not Applicable
CUST002442,False,,Not Applicable
CUST002443,False,,Not Applicable
CUST002444,False,,Not Applicable
CUST002445,False,,Not Applicable
CUST002446,False,,Not Applicable
CUST002447,False,,Not Applicable
CUST002448,False,,Not Applicable
CUST002450,False,,Not Applicable
CUST002451,False,,Not Applicable
CUST002453,False,,Not Applicable
CUST002455,False,,Not Applicable
CUST002456,False,,Not Applicable
CUST002457,False,,Not Applicable
CUST002458,False,,Not Applicable
CUST002459,False,,Not Applicable
CUST002460,False,,Not Applicable
CUST002461,False,,Not Applicable
CUST002462,False,,Not Applicable
CUST002463,False,,Not Applicable
CUST002464,False,,Not Applicable
CUST002465,False,,Not Applicable
CUST002467,False,,Not Applicable
CUST002469,False,,Not Applicable
CUST002470,False,,Not Applicable
CUST002471,False,,Not Applicable
CUST002472,False,,Not Applicable
CUST002473,False,,Not Applicable
CUST002474,False,,Not Applicable
CUST002475,False,,Not Applicable
CUST002476,False,,Not Applicable
CUST002477,False,,Not Applicable
CUST002478,False,,Not Applicable
CUST002479,False,,Not Applicable
CUST002481,False,,Not Applicable
CUST002483,False,,Not Applicable
CUST002486,False,,Not Applicable
CUST002487,False,,Not Applicable
CUST002488,False,,Not Applicable
CUST002489,False,,Not Applicable
CUST002490,False,,Not Applicable
CUST002492,False,,Not Applicable
CUST002495,False,,Not Applicable
CUST002498,False,,Not Applicable
CUST002500,False,,Not Applicable
CUST002503,False,,Not Applicable
CUST002505,False,,Not Applicable
CUST002506,False,,Not Applicable
CUST002507,False,,Not Applicable
CUST002508,False,,Not Applicable
CUST002510,False,,Not Applicable
CUST002511,False,,Not Applicable
CUST002513,False,,Not Applicable
CUST002514,False,,Not Applicable
CUST002515,False,,Not Applicable
CUST002516,False,,Not Applicable
CUST002518,False,,Not Applicable
CUST002519,False,,Not Applicable
CUST002521,False,,Not Applicable
CUST002522,False,,Not Applicable
CUST002523,False,,Not Applicable
CUST002524,False,,Not Applicable
CUST002525,False,,Not Applicable
CUST002526,False,,Not Applicable
CUST002528,False,,Not Applicable
CUST002531,False,,Not Applicable
CUST002532,False,,Not Applicable
CUST002533,False,,Not Applicable
CUST002534,False,,Not Applicable
CUST002535,False,,Not Applicable
CUST002536,False,,Not Applicable
CUST002538,False,,Not Applicable
CUST002539,False,,Not Applicable
CUST002541,False,,Not Applicable
CUST002542,False,,Not Applicable
CUST002544,False,,Not Applicable
CUST002545,False,,Not Applicable
CUST002546,False,,Not Applicable
CUST002547,False,,Not Applicable
CUST002548,False,,Not Applicable
CUST002549,False,,Not Applicable
CUST002550,False,,Not Applicable
CUST002551,False,,Not Applicable
CUST002552,False,,Not Applicable
CUST002553,False,,Not Applicable
CUST002554,False,,Not Applicable
CUST002556,False,,Not Applicable
CUST002558,False,,Not Applicable
CUST002559,False,,Not Applicable
CUST002560,False,,Not Applicable
CUST002561,False,,Not Applicable
CUST002562,False,,Not Applicable
CUST002563,False,,Not Applicable
CUST002565,False,,Not Applicable
CUST002566,False,,Not Applicable
CUST002567,False,,Not Applicable
CUST002569,False,,Not Applicable
CUST002570,False,,Not Applicable
CUST002571,False,,Not Applicable
CUST002572,False,,Not Applicable
CUST002575,False,,Not Applicable
CUST002576,False,,Not Applicable
CUST002578,False,,Not Applicable
CUST002579,False,,Not Applicable
CUST002580,False,,Not Applicable
CUST002581,False,,Not Applicable
CUST002583,False,,Not Applicable
CUST002584,False,,Not Applicable
CUST002586,False,,Not Applicable
CUST002587,False,,Not Applicable
CUST002588,False,,Not Applicable
CUST002590,False,,Not Applicable
CUST002591,False,,Not Applicable
CUST002592,False,,Not Applicable
CUST002593,False,,Not Applicable
CUST002595,False,,Not Applicable
CUST002596,False,,Not Applicable
CUST002597,False,,Not Applicable
CUST002598,False,,Not Applicable
CUST002601,False,,Not Applicable
CUST002604,False,,Not Applicable
CUST002605,False,,Not Applicable
CUST002606,False,,Not Applicable
CUST002608,False,,Not Applicable
CUST002609,False,,Not Applicable
CUST002612,False,,Not Applicable
CUST002613,False,,Not Applicable
CUST002614,False,,Not Applicable
CUST002616,False,,Not Applicable
CUST002617,False,,Not Applicable
CUST002618,False,,Not Applicable
CUST002619,False,,Not Applicable
CUST002620,False,,Not Applicable
CUST002621,False,,Not Applicable
CUST002623,False,,Not Applicable
CUST002625,False,,Not Applicable
CUST002627,False,,Not Applicable
CUST002628,False,,Not Applicable
CUST002630,False,,Not Applicable
CUST002631,False,,Not Applicable
CUST002632,False,,Not Applicable
CUST002633,False,,Not Applicable
CUST002635,False,,Not Applicable
CUST002636,False,,Not Applicable
CUST002638,False,,Not Applicable
CUST002639,False,,Not Applicable
CUST002640,False,,Not Applicable
CUST002643,False,,Not Applicable
CUST002644,False,,Not Applicable
CUST002645,False,,Not Applicable
CUST002649,False,,Not Applicable
CUST002650,False,,Not Applicable
CUST002651,False,,Not Applicable
CUST002652,False,,Not Applicable
CUST002653,False,,Not Applicable
CUST002654,False,,Not Applicable
CUST002655,False,,Not Applicable
CUST002656,False,,Not Applicable
CUST002658,False,,Not Applicable
CUST002659,False,,Not Applicable
CUST002660,False,,Not Applicable
CUST002661,False,,Not Applicable
CUST002662,False,,Not Applicable
CUST002663,False,,Not Applicable
CUST002664,False,,Not Applicable
CUST002666,False,,Not Applicable
CUST002667,False,,Not Applicable
CUST002668,False,,Not Applicable
CUST002669,False,,Not Applicable
CUST002670,False,,Not Applicable
CUST002671,False,,Not Applicable
CUST002672,False,,Not Applicable
CUST002675,False,,Not Applicable
CUST002676,False,,Not Applicable
CUST002677,False,,Not Applicable
CUST002678,False,,Not Applicable
CUST002679,False,,Not Applicable
CUST002682,False,,Not Applicable
CUST002683,False,,Not Applicable
CUST002684,False,,Not Applicable
CUST002685,False,,Not Applicable
CUST002686,False,,Not Applicable
CUST002687,False,,Not Applicable
CUST002688,False,,Not Applicable
CUST002689,False,,Not Applicable
CUST002690,False,,Not Applicable
CUST002691,False,,Not Applicable
CUST002692,False,,Not Applicable
CUST002693,False,,Not Applicable
CUST002694,False,,Not Applicable
CUST002696,False,,Not Applicable
CUST002698,False,,Not Applicable
CUST002699,False,,Not Applicable
CUST002700,False,,Not Applicable
CUST002701,False,,Not Applicable
CUST002703,False,,Not Applicable
CUST002704,False,,Not Applicable
CUST002705,False,,Not Applicable
CUST002707,False,,Not Applicable
CUST002708,False,,Not Applicable
CUST002709,False,,Not Applicable
CUST002710,False,,Not Applicable
CUST002711,False,,Not Applicable
CUST002712,False,,Not Applicable
CUST002714,False,,Not Applicable
CUST002715,False,,Not Applicable
CUST002716,False,,Not Applicable
CUST002717,False,,Not Applicable
CUST002719,False,,Not Applicable
CUST002721,False,,Not Applicable
CUST002722,False,,Not Applicable
CUST002723,False,,Not Applicable
CUST002725,False,,Not Applicable
CUST002726,False,,Not Applicable
CUST002727,False,,Not Applicable
CUST002728,False,,Not Applicable
CUST002729,False,,Not Applicable
CUST002731,False,,Not Applicable
CUST002732,False,,Not Applicable
CUST002734,False,,Not Applicable
CUST002735,False,,Not Applicable
CUST002736,False,,Not Applicable
CUST002738,False,,Not Applicable
CUST002739,False,,Not Applicable
CUST002740,False,,Not Applicable
CUST002742,False,,Not Applicable
CUST002743,False,,Not Applicable
CUST002744,False,,Not Applicable
CUST002745,False,,Not Applicable
CUST002746,False,,Not Applicable
CUST002749,False,,Not Applicable
CUST002750,False,,Not Applicable
CUST002752,False,,Not Applicable
CUST002753,False,,Not Applicable
CUST002754,False,,Not Applicable
CUST002755,False,,Not Applicable
CUST002757,False,,Not Applicable
CUST002758,False,,Not Applicable
CUST002759,False,,Not Applicable
CUST002760,False,,Not Applicable
CUST002761,False,,Not Applicable
CUST002762,False,,Not Applicable
CUST002764,False,,Not Applicable
CUST002765,False,,Not Applicable
CUST002767,False,,Not Applicable
CUST002768,False,,Not Applicable
CUST002769,False,,Not Applicable
CUST002771,False,,Not Applicable
CUST002772,False,,Not Applicable
CUST002774,False,,Not Applicable
CUST002775,False,,Not Applicable
CUST002777,False,,Not Applicable
CUST002779,False,,Not Applicable
CUST002780,False,,Not Applicable
CUST002781,False,,Not Applicable
CUST002782,False,,Not Applicable
CUST002784,False,,Not Applicable
CUST002785,False,,Not Applicable
CUST002786,False,,Not Applicable
CUST002787,False,,Not Applicable
CUST002788,False,,Not Applicable
CUST002789,False,,Not Applicable
CUST002790,False,,Not Applicable
CUST002791,False,,Not Applicable
CUST002792,False,,Not Applicable
CUST002793,False,,Not Applicable
CUST002794,False,,Not Applicable
CUST002795,False,,Not Applicable
CUST002796,False,,Not Applicable
CUST002797,False,,Not Applicable
CUST002800,False,,Not Applicable
CUST002801,False,,Not Applicable
CUST002802,False,,Not Applicable
CUST002803,False,,Not Applicable
CUST002804,False,,Not Applicable
CUST002805,False,,Not Applicable
CUST002807,False,,Not Applicable
CUST002808,False,,Not Applicable
CUST002809,False,,Not Applicable
CUST002810,False,,Not Applicable
CUST002812,False,,Not Applicable
CUST002814,False,,Not Applicable
CUST002815,False,,Not Applicable
CUST002816,False,,Not Applicable
CUST002817,False,,Not Applicable
CUST002818,False,,Not Applicable
CUST002819,False,,Not Applicable
CUST002820,False,,Not Applicable
CUST002822,False,,Not Applicable
CUST002824,False,,Not Applicable
CUST002826,False,,Not Applicable
CUST002827,False,,Not Applicable
CUST002828,False,,Not Applicable
CUST002831,False,,Not Applicable
CUST002832,False,,Not Applicable
CUST002833,False,,Not Applicable
CUST002834,False,,Not Applicable
CUST002837,False,,Not Applicable
CUST002838,False,,Not Applicable
CUST002839,False,,Not Applicable
CUST002841,False,,Not Applicable
CUST002842,False,,Not Applicable
CUST002843,False,,Not Applicable
CUST002845,False,,Not Applicable
CUST002846,False,,Not Applicable
CUST002847,False,,Not Applicable
CUST002848,False,,Not Applicable
CUST002849,False,,Not Applicable
CUST002850,False,,Not Applicable
CUST002851,False,,Not Applicable
CUST002852,False,,Not Applicable
CUST002853,False,,Not Applicable
CUST002854,False,,Not Applicable
CUST002856,False,,Not Applicable
CUST002857,False,,Not Applicable
CUST002858,False,,Not Applicable
CUST002860,False,,Not Applicable
CUST002861,False,,Not Applicable
CUST002862,False,,Not Applicable
CUST002865,False,,Not Applicable
CUST002866,False,,Not Applicable
CUST002867,False,,Not Applicable
CUST002868,False,,Not Applicable
CUST002869,False,,Not Applicable
CUST002870,False,,Not Applicable
CUST002871,False,,Not Applicable
CUST002873,False,,Not Applicable
CUST002874,False,,Not Applicable
CUST002876,False,,Not Applicable
CUST002877,False,,Not Applicable
CUST002879,False,,Not Applicable
CUST002880,False,,Not Applicable
CUST002883,False,,Not Applicable
CUST002884,False,,Not Applicable
CUST002886,False,,Not Applicable
CUST002887,False,,Not Applicable
CUST002889,False,,Not Applicable
CUST002891,False,,Not Applicable
CUST002892,False,,Not Applicable
CUST002893,False,,Not Applicable
CUST002894,False,,Not Applicable
CUST002895,False,,Not Applicable
CUST002896,False,,Not Applicable
CUST002897,False,,Not Applicable
CUST002898,False,,Not Applicable
CUST002901,False,,Not Applicable
CUST002902,False,,Not Applicable
CUST002905,False,,Not Applicable
CUST002906,False,,Not Applicable
CUST002907,False,,Not Applicable
CUST002908,False,,Not Applicable
CUST002911,False,,Not Applicable
CUST002912,False,,Not Applicable
CUST002913,False,,Not Applicable
CUST002914,False,,Not Applicable
CUST002915,False,,Not Applicable
CUST002916,False,,Not Applicable
CUST002917,False,,Not Applicable
CUST002918,False,,Not Applicable
CUST002919,False,,Not Applicable
CUST002920,False,,Not Applicable
CUST002921,False,,Not Applicable
CUST002922,False,,Not Applicable
CUST002923,False,,Not Applicable
CUST002924,False,,Not Applicable
CUST002925,False,,Not Applicable
CUST002926,False,,Not Applicable
CUST002927,False,,Not Applicable
CUST002928,False,,Not Applicable
CUST002929,False,,Not Applicable
CUST002930,False,,Not Applicable
CUST002932,False,,Not Applicable
CUST002933,False,,Not Applicable
CUST002935,False,,Not Applicable
CUST002936,False,,Not Applicable
CUST002937,False,,Not Applicable
CUST002938,False,,Not Applicable
CUST002939,False,,Not Applicable
CUST002940,False,,Not Applicable
CUST002944,False,,Not Applicable
CUST002945,False,,Not Applicable
CUST002946,False,,Not Applicable
CUST002948,False,,Not Applicable
CUST002950,False,,Not Applicable
CUST002951,False,,Not Applicable
CUST002952,False,,Not Applicable
CUST002953,False,,Not Applicable
CUST002954,False,,Not Applicable
CUST002955,False,,Not Applicable
CUST002957,False,,Not Applicable
CUST002958,False,,Not Applicable
CUST002959,False,,Not Applicable
CUST002960,False,,Not Applicable
CUST002961,False,,Not Applicable
CUST002966,False,,Not Applicable
CUST002967,False,,Not Applicable
CUST002968,False,,Not Applicable
CUST002969,False,,Not Applicable
CUST002970,False,,Not Applicable
CUST002972,False,,Not Applicable
CUST002973,False,,Not Applicable
CUST002974,False,,Not Applicable
CUST002975,False,,Not Applicable
CUST002976,False,,Not Applicable
CUST002977,False,,Not Applicable
CUST002978,False,,Not Applicable
CUST002979,False,,Not Applicable
CUST002980,False,,Not Applicable
CUST002981,False,,Not Applicable
CUST002982,False,,Not Applicable
CUST002983,False,,Not Applicable
CUST002984,False,,Not Applicable
CUST002985,False,,Not Applicable
CUST002986,False,,Not Applicable
CUST002987,False,,Not Applicable
CUST002988,False,,Not Applicable
CUST002989,False,,Not Applicable
CUST002990,False,,Not Applicable
CUST002991,False,,Not Applicable
CUST002992,False,,Not Applicable
CUST002993,False,,Not Applicable
CUST002994,False,,Not Applicable
CUST002995,False,,Not Applicable
CUST002998,False,,Not Applicable
CUST002999,False,,Not Applicable
CUST003002,False,,Not Applicable
CUST003003,False,,Not Applicable
CUST003007,False,,Not Applicable
CUST003008,False,,Not Applicable
CUST003009,False,,Not Applicable
CUST003010,False,,Not Applicable
CUST003011,False,,Not Applicable
CUST003012,False,,Not Applicable
CUST003013,False,,Not Applicable
CUST003014,False,,Not Applicable
CUST003015,False,,Not Applicable
CUST003019,False,,Not Applicable
CUST003023,False,,Not Applicable
CUST003024,False,,Not Applicable
CUST003025,False,,Not Applicable
CUST003026,False,,Not Applicable
CUST003027,False,,Not Applicable
CUST003028,False,,Not Applicable
CUST003029,False,,Not Applicable
CUST003030,False,,Not Applicable
CUST003031,False,,Not Applicable
CUST003032,False,,Not Applicable
CUST003034,False,,Not Applicable
CUST003035,False,,Not Applicable
CUST003037,False,,Not Applicable
CUST003038,False,,Not Applicable
CUST003039,False,,Not Applicable
CUST003040,False,,Not Applicable
CUST003042,False,,Not Applicable
CUST003043,False,,Not Applicable
CUST003044,False,,Not Applicable
CUST003045,False,,Not Applicable
CUST003046,False,,Not Applicable
CUST003048,False,,Not Applicable
CUST003049,False,,Not Applicable
CUST003050,False,,Not Applicable
CUST003051,False,,Not Applicable
CUST003053,False,,Not Applicable
CUST003055,False,,Not Applicable
CUST003056,False,,Not Applicable
CUST003057,False,,Not Applicable
CUST003059,False,,Not Applicable
CUST003060,False,,Not Applicable
CUST003061,False,,Not Applicable
CUST003065,False,,Not Applicable
CUST003066,False,,Not Applicable
CUST003067,False,,Not Applicable
CUST003068,False,,Not Applicable
CUST003070,False,,Not Applicable
CUST003074,False,,Not Applicable
CUST003075,False,,Not Applicable
CUST003077,False,,Not Applicable
CUST003078,False,,Not Applicable
CUST003079,False,,Not Applicable
CUST003081,False,,Not Applicable
CUST003082,False,,Not Applicable
CUST003084,False,,Not Applicable
CUST003086,False,,Not Applicable
CUST003087,False,,Not Applicable
CUST003089,False,,Not Applicable
CUST003091,False,,Not Applicable
CUST003092,False,,Not Applicable
CUST003094,False,,Not Applicable
CUST003096,False,,Not Applicable
CUST003097,False,,Not Applicable
CUST003098,False,,Not Applicable
CUST003099,False,,Not Applicable
CUST003100,False,,Not Applicable
CUST003101,False,,Not Applicable
CUST003102,False,,Not Applicable
CUST003103,False,,Not Applicable
CUST003104,False,,Not Applicable
CUST003105,False,,Not Applicable
CUST003106,False,,Not Applicable
CUST003107,False,,Not Applicable
CUST003108,False,,Not Applicable
CUST003109,False,,Not Applicable
CUST003110,False,,Not Applicable
CUST003111,False,,Not Applicable
CUST003112,False,,Not Applicable
CUST003113,False,,Not Applicable
CUST003118,False,,Not Applicable
CUST003120,False,,Not Applicable
CUST003121,False,,Not Applicable
CUST003122,False,,Not Applicable
CUST003124,False,,Not Applicable
CUST003125,False,,Not Applicable
CUST003126,False,,Not Applicable
CUST003127,False,,Not Applicable
CUST003130,False,,Not Applicable
CUST003132,False,,Not Applicable
CUST003135,False,,Not Applicable
CUST003137,False,,Not Applicable
CUST003138,False,,Not Applicable
CUST003139,False,,Not Applicable
CUST003142,False,,Not Applicable
CUST003143,False,,Not Applicable
CUST003144,False,,Not Applicable
CUST003145,False,,Not Applicable
CUST003146,False,,Not Applicable
CUST003147,False,,Not Applicable
CUST003148,False,,Not Applicable
CUST003149,False,,Not Applicable
CUST003150,False,,Not Applicable
CUST003151,False,,Not Applicable
CUST003152,False,,Not Applicable
CUST003153,False,,Not Applicable
CUST003154,False,,Not Applicable
CUST003156,False,,Not Applicable
CUST003157,False,,Not Applicable
CUST003158,False,,Not Applicable
CUST003159,False,,Not Applicable
CUST003162,False,,Not Applicable
CUST003163,False,,Not Applicable
CUST003164,False,,Not Applicable
CUST003166,False,,Not Applicable
CUST003168,False,,Not Applicable
CUST003169,False,,Not Applicable
CUST003170,False,,Not Applicable
CUST003172,False,,Not Applicable
CUST003173,False,,Not Applicable
CUST003174,False,,Not Applicable
CUST003175,False,,Not Applicable
CUST003176,False,,Not Applicable
CUST003177,False,,Not Applicable
CUST003178,False,,Not Applicable
CUST003179,False,,Not Applicable
CUST003181,False,,Not Applicable
CUST003182,False,,Not Applicable
CUST003184,False,,Not Applicable
CUST003188,False,,Not Applicable
CUST003189,False,,Not Applicable
CUST003191,False,,Not Applicable
CUST003193,False,,Not Applicable
CUST003194,False,,Not Applicable
CUST003195,False,,Not Applicable
CUST003196,False,,Not Applicable
CUST003197,False,,Not Applicable
CUST003198,False,,Not Applicable
CUST003199,False,,Not Applicable
CUST003200,False,,Not Applicable
CUST003203,False,,Not Applicable
CUST003204,False,,Not Applicable
CUST003205,False,,Not Applicable
CUST003206,False,,Not Applicable
CUST003207,False,,Not Applicable
CUST003208,False,,Not Applicable
CUST003209,False,,Not Applicable
CUST003210,False,,Not Applicable
CUST003211,False,,Not Applicable
CUST003212,False,,Not Applicable
CUST003213,False,,Not Applicable
CUST003215,False,,Not Applicable
CUST003217,False,,Not Applicable
CUST003218,False,,Not Applicable
CUST003219,False,,Not Applicable
CUST003220,False,,Not Applicable
CUST003221,False,,Not Applicable
CUST003222,False,,Not Applicable
CUST003224,False,,Not Applicable
CUST003225,False,,Not Applicable
CUST003226,False,,Not Applicable
CUST003227,False,,Not Applicable
CUST003229,False,,Not Applicable
CUST003230,False,,Not Applicable
CUST003233,False,,Not Applicable
CUST003234,False,,Not Applicable
CUST003235,False,,Not Applicable
CUST003236,False,,Not Applicable
CUST003237,False,,Not Applicable
CUST003238,False,,Not Applicable
CUST003240,False,,Not Applicable
CUST003242,False,,Not Applicable
CUST003243,False,,Not Applicable
CUST003244,False,,Not Applicable
CUST003245,False,,Not Applicable
CUST003247,False,,Not Applicable
CUST003248,False,,Not Applicable
CUST003249,False,,Not Applicable
CUST003250,False,,Not Applicable
CUST003251,False,,Not Applicable
CUST003252,False,,Not Applicable
CUST003253,False,,Not Applicable
CUST003254,False,,Not Applicable
CUST003255,False,,Not Applicable
CUST003256,False,,Not Applicable
CUST003258,False,,Not Applicable
CUST003259,False,,Not Applicable
CUST003260,False,,Not Applicable
CUST003261,False,,Not Applicable
CUST003262,False,,Not Applicable
CUST003263,False,,Not Applicable
CUST003265,False,,Not Applicable
CUST003266,False,,Not Applicable
CUST003267,False,,Not Applicable
CUST003268,False,,Not Applicable
CUST003269,False,,Not Applicable
CUST003270,False,,Not Applicable
CUST003271,False,,Not Applicable
CUST003273,False,,Not Applicable
CUST003274,False,,Not Applicable
CUST003276,False,,Not Applicable
CUST003277,False,,Not Applicable
CUST003278,False,,Not Applicable
CUST003279,False,,Not Applicable
CUST003280,False,,Not Applicable
CUST003281,False,,Not Applicable
CUST003282,False,,Not Applicable
CUST003283,False,,Not Applicable
CUST003284,False,,Not Applicable
CUST003286,False,,Not Applicable
CUST003287,False,,Not Applicable
CUST003288,False,,Not Applicable
CUST003289,False,,Not Applicable
CUST003291,False,,Not Applicable
CUST003292,False,,Not Applicable
CUST003293,False,,Not Applicable
CUST003294,False,,Not Applicable
CUST003295,False,,Not Applicable
CUST003296,False,,Not Applicable
CUST003297,False,,Not Applicable
CUST003298,False,,Not Applicable
CUST003299,False,,Not Applicable
CUST003300,False,,Not Applicable
CUST003301,False,,Not Applicable
CUST003304,False,,Not Applicable
CUST003305,False,,Not Applicable
CUST003306,False,,Not Applicable
CUST003307,False,,Not Applicable
CUST003308,False,,Not Applicable
CUST003309,False,,Not Applicable
CUST003311,False,,Not Applicable
CUST003312,False,,Not Applicable
CUST003313,False,,Not Applicable
CUST003314,False,,Not Applicable
CUST003315,False,,Not Applicable
CUST003316,False,,Not Applicable
CUST003318,False,,Not Applicable
CUST003319,False,,Not Applicable
CUST003320,False,,Not Applicable
CUST003322,False,,Not Applicable
CUST003323,False,,Not Applicable
CUST003324,False,,Not Applicable
CUST003325,False,,Not Applicable
CUST003327,False,,Not Applicable
CUST003329,False,,Not Applicable
CUST003331,False,,Not Applicable
CUST003332,False,,Not Applicable
CUST003333,False,,Not Applicable
CUST003335,False,,Not Applicable
CUST003336,False,,Not Applicable
CUST003337,False,,Not Applicable
CUST003339,False,,Not Applicable
CUST003340,False,,Not Applicable
CUST003341,False,,Not Applicable
CUST003342,False,,Not Applicable
CUST003343,False,,Not Applicable
CUST003344,False,,Not Applicable
CUST003347,False,,Not Applicable
CUST003348,False,,Not Applicable
CUST003349,False,,Not Applicable
CUST003350,False,,Not Applicable
CUST003351,False,,Not Applicable
CUST003352,False,,Not Applicable
CUST003357,False,,Not Applicable
CUST003358,False,,Not Applicable
CUST003360,False,,Not Applicable
CUST003361,False,,Not Applicable
CUST003362,False,,Not Applicable
CUST003363,False,,Not Applicable
CUST003364,False,,Not Applicable
CUST003365,False,,Not Applicable
CUST003366,False,,Not Applicable
CUST003367,False,,Not Applicable
CUST003368,False,,Not Applicable
CUST003369,False,,Not Applicable
CUST003371,False,,Not Applicable
CUST003372,False,,Not Applicable
CUST003373,False,,Not Applicable
CUST003374,False,,Not Applicable
CUST003375,False,,Not Applicable
CUST003376,False,,Not Applicable
CUST003378,False,,Not Applicable
CUST003379,False,,Not Applicable
CUST003382,False,,Not Applicable
CUST003383,False,,Not Applicable
CUST003384,False,,Not Applicable
CUST003386,False,,Not Applicable
CUST003387,False,,Not Applicable
CUST003389,False,,Not Applicable
CUST003390,False,,Not Applicable
CUST003392,False,,Not Applicable
CUST003393,False,,Not Applicable
CUST003394,False,,Not Applicable
CUST003397,False,,Not Applicable
CUST003398,False,,Not Applicable
CUST003399,False,,Not Applicable
CUST003400,False,,Not Applicable
CUST003403,False,,Not Applicable
CUST003405,False,,Not Applicable
CUST003407,False,,Not Applicable
CUST003409,False,,Not Applicable
CUST003410,False,,Not Applicable
CUST003411,False,,Not Applicable
CUST003412,False,,Not Applicable
CUST003414,False,,Not Applicable
CUST003415,False,,Not Applicable
CUST003416,False,,Not Applicable
CUST003417,False,,Not Applicable
CUST003418,False,,Not Applicable
CUST003419,False,,Not Applicable
CUST003421,False,,Not Applicable
CUST003422,False,,Not Applicable
CUST003423,False,,Not Applicable
CUST003424,False,,Not Applicable
CUST003425,False,,Not Applicable
CUST003426,False,,Not Applicable
CUST003427,False,,Not Applicable
CUST003428,False,,Not Applicable
CUST003429,False,,Not Applicable
CUST003430,False,,Not Applicable
CUST003432,False,,Not Applicable
CUST003433,False,,Not Applicable
CUST003434,False,,Not Applicable
CUST003435,False,,Not Applicable
CUST003436,False,,Not Applicable
CUST003437,False,,Not Applicable
CUST003438,False,,Not Applicable
CUST003439,False,,Not Applicable
CUST003440,False,,Not Applicable
CUST003442,False,,Not Applicable
CUST003443,False,,Not Applicable
CUST003445,False,,Not Applicable
CUST003447,False,,Not Applicable
CUST003449,False,,Not Applicable
CUST003450,False,,Not Applicable
CUST003451,False,,Not Applicable
CUST003452,False,,Not Applicable
CUST003453,False,,Not Applicable
CUST003454,False,,Not Applicable
CUST003455,False,,Not Applicable
CUST003456,False,,Not Applicable
CUST003458,False,,Not Applicable
CUST003460,False,,Not Applicable
CUST003461,False,,Not Applicable
CUST003463,False,,Not Applicable
CUST003464,False,,Not Applicable
CUST003466,False,,Not Applicable
CUST003467,False,,Not Applicable
CUST003468,False,,Not Applicable
CUST003469,False,,Not Applicable
CUST003472,False,,Not Applicable
CUST003473,False,,Not Applicable
CUST003474,False,,Not Applicable
CUST003475,False,,Not Applicable
CUST003477,False,,Not Applicable
CUST003479,False,,Not Applicable
CUST003480,False,,Not Applicable
CUST003482,False,,Not Applicable
CUST003483,False,,Not Applicable
CUST003484,False,,Not Applicable
CUST003485,False,,Not Applicable
CUST003486,False,,Not Applicable
CUST003487,False,,Not Applicable
CUST003488,False,,Not Applicable
CUST003489,False,,Not Applicable
CUST003490,False,,Not Applicable
CUST003491,False,,Not Applicable
CUST003492,False,,Not Applicable
CUST003493,False,,Not Applicable
CUST003494,False,,Not Applicable
CUST003496,False,,Not Applicable
CUST003497,False,,Not Applicable
CUST003498,False,,Not Applicable
CUST003499,False,,Not Applicable
CUST003500,False,,Not Applicable
CUST003501,False,,Not Applicable
CUST003502,False,,Not Applicable
CUST003503,False,,Not Applicable
CUST003504,False,,Not Applicable
CUST003506,False,,Not Applicable
CUST003507,False,,Not Applicable
CUST003508,False,,Not Applicable
CUST003509,False,,Not Applicable
CUST003510,False,,Not Applicable
CUST003511,False,,Not Applicable
CUST003512,False,,Not Applicable
CUST003513,False,,Not Applicable
CUST003514,False,,Not Applicable
CUST003515,False,,Not Applicable
CUST003517,False,,Not Applicable
CUST003518,False,,Not Applicable
CUST003519,False,,Not Applicable
CUST003520,False,,Not Applicable
CUST003521,False,,Not Applicable
CUST003522,False,,Not Applicable
CUST003524,False,,Not Applicable
CUST003525,False,,Not Applicable
CUST003526,False,,Not Applicable
CUST003529,False,,Not Applicable
CUST003530,False,,Not Applicable
CUST003531,False,,Not Applicable
CUST003532,False,,Not Applicable
CUST003534,False,,Not Applicable
CUST003535,False,,Not Applicable
CUST003536,False,,Not Applicable
CUST003537,False,,Not Applicable
CUST003538,False,,Not Applicable
CUST003540,False,,Not Applicable
CUST003541,False,,Not Applicable
CUST003542,False,,Not Applicable
CUST003543,False,,Not Applicable
CUST003544,False,,Not Applicable
CUST003545,False,,Not Applicable
CUST003546,False,,Not Applicable
CUST003547,False,,Not Applicable
CUST003549,False,,Not Applicable
CUST003550,False,,Not Applicable
CUST003551,False,,Not Applicable
CUST003552,False,,Not Applicable
CUST003553,False,,Not Applicable
CUST003554,False,,Not Applicable
CUST003555,False,,Not Applicable
CUST003556,False,,Not Applicable
CUST003558,False,,Not Applicable
CUST003560,False,,Not Applicable
CUST003562,False,,Not Applicable
CUST003563,False,,Not Applicable
CUST003565,False,,Not Applicable
CUST003566,False,,Not Applicable
CUST003567,False,,Not Applicable
CUST003568,False,,Not Applicable
CUST003569,False,,Not Applicable
CUST003571,False,,Not Applicable
CUST003572,False,,Not Applicable
CUST003573,False,,Not Applicable
CUST003574,False,,Not Applicable
CUST003575,False,,Not Applicable
CUST003577,False,,Not Applicable
CUST003578,False,,Not Applicable
CUST003579,False,,Not Applicable
CUST003582,False,,Not Applicable
CUST003583,False,,Not Applicable
CUST003584,False,,Not Applicable
CUST003585,False,,Not Applicable
CUST003586,False,,Not Applicable
CUST003587,False,,Not Applicable
CUST003588,False,,Not Applicable
CUST003590,False,,Not Applicable
CUST003591,False,,Not Applicable
CUST003592,False,,Not Applicable
CUST003593,False,,Not Applicable
CUST003596,False,,Not Applicable
CUST003597,False,,Not Applicable
CUST003599,False,,Not Applicable
CUST003600,False,,Not Applicable
CUST003601,False,,Not Applicable
CUST003602,False,,Not Applicable
CUST003606,False,,Not Applicable
CUST003607,False,,Not Applicable
CUST003608,False,,Not Applicable
CUST003609,False,,Not Applicable
CUST003610,False,,Not Applicable
CUST003611,False,,Not Applicable
CUST003612,False,,Not Applicable
CUST003613,False,,Not Applicable
CUST003614,False,,Not Applicable
CUST003616,False,,Not Applicable
CUST003617,False,,Not Applicable
CUST003619,False,,Not Applicable
CUST003620,False,,Not Applicable
CUST003624,False,,Not Applicable
CUST003625,False,,Not Applicable
CUST003626,False,,Not Applicable
CUST003627,False,,Not Applicable
CUST003629,False,,Not Applicable
CUST003630,False,,Not Applicable
CUST003631,False,,Not Applicable
CUST003634,False,,Not Applicable
CUST003635,False,,Not Applicable
CUST003636,False,,Not Applicable
CUST003638,False,,Not Applicable
CUST003641,False,,Not Applicable
CUST003642,False,,Not Applicable
CUST003643,False,,Not Applicable
CUST003644,False,,Not Applicable
CUST003645,False,,Not Applicable
CUST003646,False,,Not Applicable
CUST003648,False,,Not Applicable
CUST003651,False,,Not Applicable
CUST003653,False,,Not Applicable
CUST003654,False,,Not Applicable
CUST003655,False,,Not Applicable
CUST003657,False,,Not Applicable
CUST003658,False,,Not Applicable
CUST003659,False,,Not Applicable
CUST003661,False,,Not Applicable
CUST003664,False,,Not Applicable
CUST003665,False,,Not Applicable
CUST003667,False,,Not Applicable
CUST003668,False,,Not Applicable
CUST003669,False,,Not Applicable
CUST003671,False,,Not Applicable
CUST003672,False,,Not Applicable
CUST003673,False,,Not Applicable
CUST003674,False,,Not Applicable
CUST003676,False,,Not Applicable
CUST003678,False,,Not Applicable
CUST003682,False,,Not Applicable
CUST003683,False,,Not Applicable
CUST003684,False,,Not Applicable
CUST003686,False,,Not Applicable
CUST003687,False,,Not Applicable
CUST003689,False,,Not Applicable
CUST003691,False,,Not Applicable
CUST003692,False,,Not Applicable
CUST003694,False,,Not Applicable
CUST003696,False,,Not Applicable
CUST003699,False,,Not Applicable
CUST003700,False,,Not Applicable
CUST003701,False,,Not Applicable
CUST003702,False,,Not Applicable
CUST003703,False,,Not Applicable
CUST003704,False,,Not Applicable
CUST003706,False,,Not Applicable
CUST003707,False,,Not Applicable
CUST003710,False,,Not Applicable
CUST003712,False,,Not Applicable
CUST003713,False,,Not Applicable
CUST003714,False,,Not Applicable
CUST003715,False,,Not Applicable
CUST003716,False,,Not Applicable
CUST003717,False,,Not Applicable
CUST003718,False,,Not Applicable
CUST003719,False,,Not Applicable
CUST003720,False,,Not Applicable
CUST003721,False,,Not Applicable
CUST003722,False,,Not Applicable
CUST003725,False,,Not Applicable
CUST003726,False,,Not Applicable
CUST003727,False,,Not Applicable
CUST003728,False,,Not Applicable
CUST003730,False,,Not Applicable
CUST003731,False,,Not Applicable
CUST003732,False,,Not Applicable
CUST003734,False,,Not Applicable
CUST003735,False,,Not Applicable
CUST003736,False,,Not Applicable
CUST003737,False,,Not Applicable
CUST003738,False,,Not Applicable
CUST003739,False,,Not Applicable
CUST003741,False,,Not Applicable
CUST003742,False,,Not Applicable
CUST003743,False,,Not Applicable
CUST003744,False,,Not Applicable
CUST003745,False,,Not Applicable
CUST003746,False,,Not Applicable
CUST003747,False,,Not Applicable
CUST003748,False,,Not Applicable
CUST003749,False,,Not Applicable
CUST003750,False,,Not Applicable
CUST003751,False,,Not Applicable
CUST003752,False,,Not Applicable
CUST003753,False,,Not Applicable
CUST003754,False,,Not Applicable
CUST003756,False,,Not Applicable
CUST003757,False,,Not Applicable
CUST003758,False,,Not Applicable
CUST003759,False,,Not Applicable
CUST003761,False,,Not Applicable
CUST003762,False,,Not Applicable
CUST003763,False,,Not Applicable
CUST003764,False,,Not Applicable
CUST003765,False,,Not Applicable
CUST003766,False,,Not Applicable
CUST003767,False,,Not Applicable
CUST003769,False,,Not Applicable
CUST003770,False,,Not Applicable
CUST003771,False,,Not Applicable
CUST003772,False,,Not Applicable
CUST003774,False,,Not Applicable
CUST003775,False,,Not Applicable
CUST003776,False,,Not Applicable
CUST003777,False,,Not Applicable
CUST003779,False,,Not Applicable
CUST003780,False,,Not Applicable
CUST003781,False,,Not Applicable
CUST003782,False,,Not Applicable
CUST003783,False,,Not Applicable
CUST003784,False,,Not Applicable
CUST003785,False,,Not Applicable
CUST003786,False,,Not Applicable
CUST003787,False,,Not Applicable
CUST003788,False,,Not Applicable
CUST003789,False,,Not Applicable
CUST003791,False,,Not Applicable
CUST003792,False,,Not Applicable
CUST003793,False,,Not Applicable
CUST003794,False,,Not Applicable
CUST003799,False,,Not Applicable
CUST003802,False,,Not Applicable
CUST003803,False,,Not Applicable
CUST003804,False,,Not Applicable
CUST003806,False,,Not Applicable
CUST003807,False,,Not Applicable
CUST003808,False,,Not Applicable
CUST003809,False,,Not Applicable
CUST003810,False,,Not Applicable
CUST003813,False,,Not Applicable
CUST003814,False,,Not Applicable
CUST003815,False,,Not Applicable
CUST003816,False,,Not Applicable
CUST003817,False,,Not Applicable
CUST003819,False,,Not Applicable
CUST003820,False,,Not Applicable
CUST003821,False,,Not Applicable
CUST003822,False,,Not Applicable
CUST003823,False,,Not Applicable
CUST003824,False,,Not Applicable
CUST003825,False,,Not Applicable
CUST003827,False,,Not Applicable
CUST003828,False,,Not Applicable
CUST003829,False,,Not Applicable
CUST003831,False,,Not Applicable
CUST003833,False,,Not Applicable
CUST003834,False,,Not Applicable
CUST003835,False,,Not Applicable
CUST003836,False,,Not Applicable
CUST003838,False,,Not Applicable
CUST003839,False,,Not Applicable
CUST003841,False,,Not Applicable
CUST003842,False,,Not Applicable
CUST003844,False,,Not Applicable
CUST003845,False,,Not Applicable
CUST003847,False,,Not Applicable
CUST003848,False,,Not Applicable
CUST003849,False,,Not Applicable
CUST003851,False,,Not Applicable
CUST003852,False,,Not Applicable
CUST003853,False,,Not Applicable
CUST003855,False,,Not Applicable
CUST003856,False,,Not Applicable
CUST003857,False,,Not Applicable
CUST003859,False,,Not Applicable
CUST003860,False,,Not Applicable
CUST003863,False,,Not Applicable
CUST003864,False,,Not Applicable
CUST003865,False,,Not Applicable
CUST003866,False,,Not Applicable
CUST003867,False,,Not Applicable
CUST003868,False,,Not Applicable
CUST003869,False,,Not Applicable
CUST003871,False,,Not Applicable
CUST003872,False,,Not Applicable
CUST003873,False,,Not Applicable
CUST003874,False,,Not Applicable
CUST003876,False,,Not Applicable
CUST003877,False,,Not Applicable
CUST003878,False,,Not Applicable
CUST003879,False,,Not Applicable
CUST003880,False,,Not Applicable
CUST003881,False,,Not Applicable
CUST003882,False,,Not Applicable
CUST003884,False,,Not Applicable
CUST003885,False,,Not Applicable
CUST003887,False,,Not Applicable
CUST003888,False,,Not Applicable
CUST003889,False,,Not Applicable
CUST003890,False,,Not Applicable
CUST003891,False,,Not Applicable
CUST003892,False,,Not Applicable
CUST003893,False,,Not Applicable
CUST003894,False,,Not Applicable
CUST003896,False,,Not Applicable
CUST003897,False,,Not Applicable
CUST003898,False,,Not Applicable
CUST003899,False,,Not Applicable
CUST003900,False,,Not Applicable
CUST003901,False,,Not Applicable
CUST003902,False,,Not Applicable
CUST003903,False,,Not Applicable
CUST003905,False,,Not Applicable
CUST003907,False,,Not Applicable
CUST003908,False,,Not Applicable
CUST003909,False,,Not Applicable
CUST003910,False,,Not Applicable
CUST003911,False,,Not Applicable
CUST003913,False,,Not Applicable
CUST003915,False,,Not Applicable
CUST003916,False,,Not Applicable
CUST003917,False,,Not Applicable
CUST003918,False,,Not Applicable
CUST003920,False,,Not Applicable
CUST003921,False,,Not Applicable
CUST003923,False,,Not Applicable
CUST003924,False,,Not Applicable
CUST003925,False,,Not Applicable
CUST003928,False,,Not Applicable
CUST003929,False,,Not Applicable
CUST003931,False,,Not Applicable
CUST003932,False,,Not Applicable
CUST003935,False,,Not Applicable
CUST003936,False,,Not Applicable
CUST003938,False,,Not Applicable
CUST003939,False,,Not Applicable
CUST003940,False,,Not Applicable
CUST003941,False,,Not Applicable
CUST003942,False,,Not Applicable
CUST003943,False,,Not Applicable
CUST003944,False,,Not Applicable
CUST003945,False,,Not Applicable
CUST003946,False,,Not Applicable
CUST003947,False,,Not Applicable
CUST003948,False,,Not Applicable
CUST003949,False,,Not Applicable
CUST003950,False,,Not Applicable
CUST003951,False,,Not Applicable
CUST003953,False,,Not Applicable
CUST003954,False,,Not Applicable
CUST003955,False,,Not Applicable
CUST003957,False,,Not Applicable
CUST003958,False,,Not Applicable
CUST003959,False,,Not Applicable
CUST003962,False,,Not Applicable
CUST003967,False,,Not Applicable
CUST003968,False,,Not Applicable
CUST003970,False,,Not Applicable
CUST003971,False,,Not Applicable
CUST003972,False,,Not Applicable
CUST003973,False,,Not Applicable
CUST003974,False,,Not Applicable
CUST003975,False,,Not Applicable
CUST003976,False,,Not Applicable
CUST003978,False,,Not Applicable
CUST003980,False,,Not Applicable
CUST003981,False,,Not Applicable
CUST003982,False,,Not Applicable
CUST003984,False,,Not Applicable
CUST003985,False,,Not Applicable
CUST003986,False,,Not Applicable
CUST003988,False,,Not Applicable
CUST003990,False,,Not Applicable
CUST003991,False,,Not Applicable
CUST003992,False,,Not Applicable
CUST003993,False,,Not Applicable
CUST003994,False,,Not Applicable
CUST003995,False,,Not Applicable
CUST003997,False,,Not Applicable
CUST004000,False,,Not Applicable
CUST004001,False,,Not Applicable
CUST004002,False,,Not Applicable
CUST004004,False,,Not Applicable
CUST004006,False,,Not Applicable
CUST004007,False,,Not Applicable
CUST004008,False,,Not Applicable
CUST004009,False,,Not Applicable
CUST004012,False,,Not Applicable
CUST004013,False,,Not Applicable
CUST004015,False,,Not Applicable
CUST004016,False,,Not Applicable
CUST004017,False,,Not Applicable
CUST004018,False,,Not Applicable
CUST004019,False,,Not Applicable
CUST004022,False,,Not Applicable
CUST004026,False,,Not Applicable
CUST004027,False,,Not Applicable
CUST004029,False,,Not Applicable
CUST004032,False,,Not Applicable
CUST004034,False,,Not Applicable
CUST004036,False,,Not Applicable
CUST004037,False,,Not Applicable
CUST004039,False,,Not Applicable
CUST004043,False,,Not Applicable
CUST004044,False,,Not Applicable
CUST004045,False,,Not Applicable
CUST004046,False,,Not Applicable
CUST004047,False,,Not Applicable
CUST004048,False,,Not Applicable
CUST004050,False,,Not Applicable
CUST004051,False,,Not Applicable
CUST004052,False,,Not Applicable
CUST004053,False,,Not Applicable
CUST004055,False,,Not Applicable
CUST004056,False,,Not Applicable
CUST004057,False,,Not Applicable
CUST004058,False,,Not Applicable
CUST004059,False,,Not Applicable
CUST004060,False,,Not Applicable
CUST004061,False,,Not Applicable
CUST004062,False,,Not Applicable
CUST004063,False,,Not Applicable
CUST004064,False,,Not Applicable
CUST004065,False,,Not Applicable
CUST004066,False,,Not Applicable
CUST004068,False,,Not Applicable
CUST004069,False,,Not Applicable
CUST004070,False,,Not Applicable
CUST004071,False,,Not Applicable
CUST004072,False,,Not Applicable
CUST004073,False,,Not Applicable
CUST004074,False,,Not Applicable
CUST004076,False,,Not Applicable
CUST004077,False,,Not Applicable
CUST004078,False,,Not Applicable
CUST004079,False,,Not Applicable
CUST004080,False,,Not Applicable
CUST004081,False,,Not Applicable
CUST004082,False,,Not Applicable
CUST004083,False,,Not Applicable
CUST004085,False,,Not Applicable
CUST004086,False,,Not Applicable
CUST004087,False,,Not Applicable
CUST004088,False,,Not Applicable
CUST004090,False,,Not Applicable
CUST004091,False,,Not Applicable
CUST004092,False,,Not Applicable
CUST004093,False,,Not Applicable
CUST004095,False,,Not Applicable
CUST004096,False,,Not Applicable
CUST004097,False,,Not Applicable
CUST004098,False,,Not Applicable
CUST004099,False,,Not Applicable
CUST004100,False,,Not Applicable
CUST004101,False,,Not Applicable
CUST004102,False,,Not Applicable
CUST004104,False,,Not Applicable
CUST004105,False,,Not Applicable
CUST004106,False,,Not Applicable
CUST004107,False,,Not Applicable
CUST004108,False,,Not Applicable
CUST004109,False,,Not Applicable
CUST004111,False,,Not Applicable
CUST004112,False,,Not Applicable
CUST004113,False,,Not Applicable
CUST004114,False,,Not Applicable
CUST004115,False,,Not Applicable
CUST004116,False,,Not Applicable
CUST004117,False,,Not Applicable
CUST004118,False,,Not Applicable
CUST004119,False,,Not Applicable
CUST004120,False,,Not Applicable
CUST004121,False,,Not Applicable
CUST004124,False,,Not Applicable
CUST004125,False,,Not Applicable
CUST004126,False,,Not Applicable
CUST004127,False,,Not Applicable
CUST004128,False,,Not Applicable
CUST004129,False,,Not Applicable
CUST004131,False,,Not Applicable
CUST004132,False,,Not Applicable
CUST004133,False,,Not Applicable
CUST004135,False,,Not Applicable
CUST004136,False,,Not Applicable
CUST004137,False,,Not Applicable
CUST004138,False,,Not Applicable
CUST004139,False,,Not Applicable
CUST004140,False,,Not Applicable
CUST004141,False,,Not Applicable
CUST004142,False,,Not Applicable
CUST004143,False,,Not Applicable
CUST004144,False,,Not Applicable
CUST004146,False,,Not Applicable
CUST004147,False,,Not Applicable
CUST004150,False,,Not Applicable
CUST004151,False,,Not Applicable
CUST004152,False,,Not Applicable
CUST004153,False,,Not Applicable
CUST004158,False,,Not Applicable
CUST004159,False,,Not Applicable
CUST004160,False,,Not Applicable
CUST004161,False,,Not Applicable
CUST004163,False,,Not Applicable
CUST004165,False,,Not Applicable
CUST004166,False,,Not Applicable
CUST004167,False,,Not Applicable
CUST004169,False,,Not Applicable
CUST004171,False,,Not Applicable
CUST004172,False,,Not Applicable
CUST004173,False,,Not Applicable
CUST004174,False,,Not Applicable
CUST004175,False,,Not Applicable
CUST004176,False,,Not Applicable
CUST004177,False,,Not Applicable
CUST004178,False,,Not Applicable
CUST004179,False,,Not Applicable
CUST004183,False,,Not Applicable
CUST004184,False,,Not Applicable
CUST004185,False,,Not Applicable
CUST004186,False,,Not Applicable
CUST004187,False,,Not Applicable
CUST004188,False,,Not Applicable
CUST004193,False,,Not Applicable
CUST004194,False,,Not Applicable
CUST004195,False,,Not Applicable
CUST004196,False,,Not Applicable
CUST004198,False,,Not Applicable
CUST004199,False,,Not Applicable
CUST004200,False,,Not Applicable
CUST004202,False,,Not Applicable
CUST004203,False,,Not Applicable
CUST004204,False,,Not Applicable
CUST004205,False,,Not Applicable
CUST004209,False,,Not Applicable
CUST004211,False,,Not Applicable
CUST004212,False,,Not Applicable
CUST004213,False,,Not Applicable
CUST004215,False,,Not Applicable
CUST004216,False,,Not Applicable
CUST004217,False,,Not Applicable
CUST004218,False,,Not Applicable
CUST004221,False,,Not Applicable
CUST004222,False,,Not Applicable
CUST004223,False,,Not Applicable
CUST004224,False,,Not Applicable
CUST004225,False,,Not Applicable
CUST004226,False,,Not Applicable
CUST004227,False,,Not Applicable
CUST004230,False,,Not Applicable
CUST004231,False,,Not Applicable
CUST004233,False,,Not Applicable
CUST004234,False,,Not Applicable
CUST004235,False,,Not Applicable
CUST004236,False,,Not Applicable
CUST004237,False,,Not Applicable
CUST004238,False,,Not Applicable
CUST004239,False,,Not Applicable
CUST004240,False,,Not Applicable
CUST004241,False,,Not Applicable
CUST004243,False,,Not Applicable
CUST004245,False,,Not Applicable
CUST004248,False,,Not Applicable
CUST004249,False,,Not Applicable
CUST004250,False,,Not Applicable
CUST004251,False,,Not Applicable
CUST004252,False,,Not Applicable
CUST004253,False,,Not Applicable
CUST004255,False,,Not Applicable
CUST004256,False,,Not Applicable
CUST004257,False,,Not Applicable
CUST004258,False,,Not Applicable
CUST004261,False,,Not Applicable
CUST004262,False,,Not Applicable
CUST004263,False,,Not Applicable
CUST004265,False,,Not Applicable
CUST004268,False,,Not Applicable
CUST004269,False,,Not Applicable
CUST004270,False,,Not Applicable
CUST004271,False,,Not Applicable
CUST004273,False,,Not Applicable
CUST004275,False,,Not Applicable
CUST004276,False,,Not Applicable
CUST004277,False,,Not Applicable
CUST004278,False,,Not Applicable
CUST004280,False,,Not Applicable
CUST004281,False,,Not Applicable
CUST004282,False,,Not Applicable
CUST004283,False,,Not Applicable
CUST004284,False,,Not Applicable
CUST004285,False,,Not Applicable
CUST004286,False,,Not Applicable
CUST004287,False,,Not Applicable
CUST004288,False,,Not Applicable
CUST004289,False,,Not Applicable
CUST004292,False,,Not Applicable
CUST004293,False,,Not Applicable
CUST004295,False,,Not Applicable
CUST004297,False,,Not Applicable
CUST004298,False,,Not Applicable
CUST004299,False,,Not Applicable
CUST004301,False,,Not Applicable
CUST004303,False,,Not Applicable
CUST004305,False,,Not Applicable
CUST004306,False,,Not Applicable
CUST004308,False,,Not Applicable
CUST004309,False,,Not Applicable
CUST004310,False,,Not Applicable
CUST004311,False,,Not Applicable
CUST004312,False,,Not Applicable
CUST004313,False,,Not Applicable
CUST004314,False,,Not Applicable
CUST004315,False,,Not Applicable
CUST004316,False,,Not Applicable
CUST004317,False,,Not Applicable
CUST004318,False,,Not Applicable
CUST004319,False,,Not Applicable
CUST004321,False,,Not Applicable
CUST004322,False,,Not Applicable
CUST004323,False,,Not Applicable
CUST004325,False,,Not Applicable
CUST004326,False,,Not Applicable
CUST004327,False,,Not Applicable
CUST004328,False,,Not Applicable
CUST004329,False,,Not Applicable
CUST004330,False,,Not Applicable
CUST004332,False,,Not Applicable
CUST004333,False,,Not Applicable
CUST004334,False,,Not Applicable
CUST004337,False,,Not Applicable
CUST004338,False,,Not Applicable
CUST004339,False,,Not Applicable
CUST004340,False,,Not Applicable
CUST004341,False,,Not Applicable
CUST004342,False,,Not Applicable
CUST004346,False,,Not Applicable
CUST004347,False,,Not Applicable
CUST004348,False,,Not Applicable
CUST004349,False,,Not Applicable
CUST004350,False,,Not Applicable
CUST004352,False,,Not Applicable
CUST004353,False,,Not Applicable
CUST004354,False,,Not Applicable
CUST004355,False,,Not Applicable
CUST004356,False,,Not Applicable
CUST004357,False,,Not Applicable
CUST004358,False,,Not Applicable
CUST004359,False,,Not Applicable
CUST004360,False,,Not Applicable
CUST004361,False,,Not Applicable
CUST004362,False,,Not Applicable
CUST004364,False,,Not Applicable
CUST004365,False,,Not Applicable
CUST004366,False,,Not Applicable
CUST004367,False,,Not Applicable
CUST004368,False,,Not Applicable
CUST004369,False,,Not Applicable
CUST004371,False,,Not Applicable
CUST004373,False,,Not Applicable
CUST004375,False,,Not Applicable
CUST004376,False,,Not Applicable
CUST004378,False,,Not Applicable
CUST004379,False,,Not Applicable
CUST004380,False,,Not Applicable
CUST004382,False,,Not Applicable
CUST004383,False,,Not Applicable
CUST004385,False,,Not Applicable
CUST004386,False,,Not Applicable
CUST004387,False,,Not Applicable
CUST004388,False,,Not Applicable
CUST004389,False,,Not Applicable
CUST004393,False,,Not Applicable
CUST004394,False,,Not Applicable
CUST004395,False,,Not Applicable
CUST004396,False,,Not Applicable
CUST004398,False,,Not Applicable
CUST004399,False,,Not Applicable
CUST004400,False,,Not Applicable
CUST004401,False,,Not Applicable
CUST004404,False,,Not Applicable
CUST004405,False,,Not Applicable
CUST004406,False,,Not Applicable
CUST004407,False,,Not Applicable
CUST004408,False,,Not Applicable
CUST004409,False,,Not Applicable
CUST004411,False,,Not Applicable
CUST004412,False,,Not Applicable
CUST004413,False,,Not Applicable
CUST004415,False,,Not Applicable
CUST004418,False,,Not Applicable
CUST004419,False,,Not Applicable
CUST004420,False,,Not Applicable
CUST004422,False,,Not Applicable
CUST004423,False,,Not Applicable
CUST004424,False,,Not Applicable
CUST004427,False,,Not Applicable
CUST004428,False,,Not Applicable
CUST004429,False,,Not Applicable
CUST004430,False,,Not Applicable
CUST004432,False,,Not Applicable
CUST004433,False,,Not Applicable
CUST004434,False,,Not Applicable
CUST004435,False,,Not Applicable
CUST004436,False,,Not Applicable
CUST004438,False,,Not Applicable
CUST004439,False,,Not Applicable
CUST004440,False,,Not Applicable
CUST004441,False,,Not Applicable
CUST004442,False,,Not Applicable
CUST004443,False,,Not Applicable
CUST004444,False,,Not Applicable
CUST004445,False,,Not Applicable
CUST004446,False,,Not Applicable
CUST004447,False,,Not Applicable
CUST004448,False,,Not Applicable
CUST004449,False,,Not Applicable
CUST004450,False,,Not Applicable
CUST004451,False,,Not Applicable
CUST004452,False,,Not Applicable
CUST004453,False,,Not Applicable
CUST004455,False,,Not Applicable
CUST004456,False,,Not Applicable
CUST004458,False,,Not Applicable
CUST004459,False,,Not Applicable
CUST004461,False,,Not Applicable
CUST004462,False,,Not Applicable
CUST004463,False,,Not Applicable
CUST004464,False,,Not Applicable
CUST004465,False,,Not Applicable
CUST004466,False,,Not Applicable
CUST004467,False,,Not Applicable
CUST004469,False,,Not Applicable
CUST004470,False,,Not Applicable
CUST004471,False,,Not Applicable
CUST004472,False,,Not Applicable
CUST004473,False,,Not Applicable
CUST004475,False,,Not Applicable
CUST004476,False,,Not Applicable
CUST004477,False,,Not Applicable
CUST004478,False,,Not Applicable
CUST004481,False,,Not Applicable
CUST004482,False,,Not Applicable
CUST004484,False,,Not Applicable
CUST004485,False,,Not Applicable
CUST004487,False,,Not Applicable
CUST004488,False,,Not Applicable
CUST004489,False,,Not Applicable
CUST004490,False,,Not Applicable
CUST004491,False,,Not Applicable
CUST004492,False,,Not Applicable
CUST004493,False,,Not Applicable
CUST004494,False,,Not Applicable
CUST004495,False,,Not Applicable
CUST004497,False,,Not Applicable
CUST004498,False,,Not Applicable
CUST004499,False,,Not Applicable
CUST004501,False,,Not Applicable
CUST004502,False,,Not Applicable
CUST004503,False,,Not Applicable
CUST004504,False,,Not Applicable
CUST004505,False,,Not Applicable
CUST004506,False,,Not Applicable
CUST004507,False,,Not Applicable
CUST004509,False,,Not Applicable
CUST004510,False,,Not Applicable
CUST004511,False,,Not Applicable
CUST004513,False,,Not Applicable
CUST004514,False,,Not Applicable
CUST004517,False,,Not Applicable
CUST004518,False,,Not Applicable
CUST004519,False,,Not Applicable
CUST004520,False,,Not Applicable
CUST004521,False,,Not Applicable
CUST004522,False,,Not Applicable
CUST004523,False,,Not Applicable
CUST004524,False,,Not Applicable
CUST004525,False,,Not Applicable
CUST004526,False,,Not Applicable
CUST004527,False,,Not Applicable
CUST004528,False,,Not Applicable
CUST004529,False,,Not Applicable
CUST004530,False,,Not Applicable
CUST004532,False,,Not Applicable
CUST004533,False,,Not Applicable
CUST004534,False,,Not Applicable
CUST004535,False,,Not Applicable
CUST004540,False,,Not Applicable
CUST004541,False,,Not Applicable
CUST004542,False,,Not Applicable
CUST004543,False,,Not Applicable
CUST004544,False,,Not Applicable
CUST004545,False,,Not Applicable
CUST004546,False,,Not Applicable
CUST004550,False,,Not Applicable
CUST004551,False,,Not Applicable
CUST004552,False,,Not Applicable
CUST004553,False,,Not Applicable
CUST004554,False,,Not Applicable
CUST004556,False,,Not Applicable
CUST004558,False,,Not Applicable
CUST004559,False,,Not Applicable
CUST004560,False,,Not Applicable
CUST004562,False,,Not Applicable
CUST004563,False,,Not Applicable
CUST004564,False,,Not Applicable
CUST004565,False,,Not Applicable
CUST004566,False,,Not Applicable
CUST004567,False,,Not Applicable
CUST004568,False,,Not Applicable
CUST004569,False,,Not Applicable
CUST004570,False,,Not Applicable
CUST004571,False,,Not Applicable
CUST004572,False,,Not Applicable
CUST004573,False,,Not Applicable
CUST004574,False,,Not Applicable
CUST004576,False,,Not Applicable
CUST004578,False,,Not Applicable
CUST004579,False,,Not Applicable
CUST004580,False,,Not Applicable
CUST004581,False,,Not Applicable
CUST004582,False,,Not Applicable
CUST004583,False,,Not Applicable
CUST004585,False,,Not Applicable
CUST004586,False,,Not Applicable
CUST004587,False,,Not Applicable
CUST004588,False,,Not Applicable
CUST004589,False,,Not Applicable
CUST004591,False,,Not Applicable
CUST004593,False,,Not Applicable
CUST004594,False,,Not Applicable
CUST004595,False,,Not Applicable
CUST004596,False,,Not Applicable
CUST004597,False,,Not Applicable
CUST004598,False,,Not Applicable
CUST004599,False,,Not Applicable
CUST004602,False,,Not Applicable
CUST004604,False,,Not Applicable
CUST004605,False,,Not Applicable
CUST004606,False,,Not Applicable
CUST004607,False,,Not Applicable
CUST004608,False,,Not Applicable
CUST004609,False,,Not Applicable
CUST004610,False,,Not Applicable
CUST004612,False,,Not Applicable
CUST004613,False,,Not Applicable
CUST004614,False,,Not Applicable
CUST004615,False,,Not Applicable
CUST004616,False,,Not Applicable
CUST004617,False,,Not Applicable
CUST004618,False,,Not Applicable
CUST004620,False,,Not Applicable
CUST004622,False,,Not Applicable
CUST004624,False,,Not Applicable
CUST004626,False,,Not Applicable
CUST004627,False,,Not Applicable
CUST004628,False,,Not Applicable
CUST004629,False,,Not Applicable
CUST004630,False,,Not Applicable
CUST004631,False,,Not Applicable
CUST004632,False,,Not Applicable
CUST004633,False,,Not Applicable
CUST004635,False,,Not Applicable
CUST004636,False,,Not Applicable
CUST004637,False,,Not Applicable
CUST004638,False,,Not Applicable
CUST004641,False,,Not Applicable
CUST004642,False,,Not Applicable
CUST004643,False,,Not Applicable
CUST004648,False,,Not Applicable
CUST004649,False,,Not Applicable
CUST004650,False,,Not Applicable
CUST004651,False,,Not Applicable
CUST004652,False,,Not Applicable
CUST004653,False,,Not Applicable
CUST004657,False,,Not Applicable
CUST004658,False,,Not Applicable
CUST004659,False,,Not Applicable
CUST004660,False,,Not Applicable
CUST004662,False,,Not Applicable
CUST004663,False,,Not Applicable
CUST004664,False,,Not Applicable
CUST004665,False,,Not Applicable
CUST004667,False,,Not Applicable
CUST004668,False,,Not Applicable
CUST004669,False,,Not Applicable
CUST004670,False,,Not Applicable
CUST004671,False,,Not Applicable
CUST004672,False,,Not Applicable
CUST004673,False,,Not Applicable
CUST004675,False,,Not Applicable
CUST004676,False,,Not Applicable
CUST004677,False,,Not Applicable
CUST004678,False,,Not Applicable
CUST004679,False,,Not Applicable
CUST004680,False,,Not Applicable
CUST004681,False,,Not Applicable
CUST004682,False,,Not Applicable
CUST004683,False,,Not Applicable
CUST004684,False,,Not Applicable
CUST004685,False,,Not Applicable
CUST004686,False,,Not Applicable
CUST004688,False,,Not Applicable
CUST004689,False,,Not Applicable
CUST004691,False,,Not Applicable
CUST004693,False,,Not Applicable
CUST004695,False,,Not Applicable
CUST004696,False,,Not Applicable
CUST004697,False,,Not Applicable
CUST004700,False,,Not Applicable
CUST004702,False,,Not Applicable
CUST004703,False,,Not Applicable
CUST004705,False,,Not Applicable
CUST004706,False,,Not Applicable
CUST004707,False,,Not Applicable
CUST004709,False,,Not Applicable
CUST004710,False,,Not Applicable
CUST004711,False,,Not Applicable
CUST004712,False,,Not Applicable
CUST004715,False,,Not Applicable
CUST004716,False,,Not Applicable
CUST004717,False,,Not Applicable
CUST004718,False,,Not Applicable
CUST004719,False,,Not Applicable
CUST004720,False,,Not Applicable
CUST004721,False,,Not Applicable
CUST004722,False,,Not Applicable
CUST004724,False,,Not Applicable
CUST004725,False,,Not Applicable
CUST004726,False,,Not Applicable
CUST004727,False,,Not Applicable
CUST004728,False,,Not Applicable
CUST004729,False,,Not Applicable
CUST004731,False,,Not Applicable
CUST004734,False,,Not Applicable
CUST004735,False,,Not Applicable
CUST004736,False,,Not Applicable
CUST004737,False,,Not Applicable
CUST004739,False,,Not Applicable
CUST004741,False,,Not Applicable
CUST004745,False,,Not Applicable
CUST004746,False,,Not Applicable
CUST004750,False,,Not Applicable
CUST004751,False,,Not Applicable
CUST004752,False,,Not Applicable
CUST004753,False,,Not Applicable
CUST004755,False,,Not Applicable
CUST004756,False,,Not Applicable
CUST004757,False,,Not Applicable
CUST004758,False,,Not Applicable
CUST004760,False,,Not Applicable
CUST004762,False,,Not Applicable
CUST004763,False,,Not Applicable
CUST004764,False,,Not Applicable
CUST004765,False,,Not Applicable
CUST004766,False,,Not Applicable
CUST004767,False,,Not Applicable
CUST004768,False,,Not Applicable
CUST004769,False,,Not Applicable
CUST004770,False,,Not Applicable
CUST004771,False,,Not Applicable
CUST004772,False,,Not Applicable
CUST004774,False,,Not Applicable
CUST004775,False,,Not Applicable
CUST004776,False,,Not Applicable
CUST004777,False,,Not Applicable
CUST004778,False,,Not Applicable
CUST004779,False,,Not Applicable
CUST004780,False,,Not Applicable
CUST004781,False,,Not Applicable
CUST004782,False,,Not Applicable
CUST004783,False,,Not Applicable
CUST004784,False,,Not Applicable
CUST004786,False,,Not Applicable
CUST004787,False,,Not Applicable
CUST004788,False,,Not Applicable
CUST004789,False,,Not Applicable
CUST004790,False,,Not Applicable
CUST004791,False,,Not Applicable
CUST004792,False,,Not Applicable
CUST004793,False,,Not Applicable
CUST004794,False,,Not Applicable
CUST004796,False,,Not Applicable
CUST004798,False,,Not Applicable
CUST004801,False,,Not Applicable
CUST004802,False,,Not Applicable
CUST004803,False,,Not Applicable
CUST004804,False,,Not Applicable
CUST004807,False,,Not Applicable
CUST004808,False,,Not Applicable
CUST004809,False,,Not Applicable
CUST004810,False,,Not Applicable
CUST004814,False,,Not Applicable
CUST004815,False,,Not Applicable
CUST004816,False,,Not Applicable
CUST004817,False,,Not Applicable
CUST004818,False,,Not Applicable
CUST004819,False,,Not Applicable
CUST004821,False,,Not Applicable
CUST004823,False,,Not Applicable
CUST004824,False,,Not Applicable
CUST004825,False,,Not Applicable
CUST004826,False,,Not Applicable
CUST004827,False,,Not Applicable
CUST004829,False,,Not Applicable
CUST004830,False,,Not Applicable
CUST004831,False,,Not Applicable
CUST004832,False,,Not Applicable
CUST004833,False,,Not Applicable
CUST004835,False,,Not Applicable
CUST004836,False,,Not Applicable
CUST004837,False,,Not Applicable
CUST004839,False,,Not Applicable
CUST004840,False,,Not Applicable
CUST004841,False,,Not Applicable
CUST004842,False,,Not Applicable
CUST004844,False,,Not Applicable
CUST004845,False,,Not Applicable
CUST004846,False,,Not Applicable
CUST004847,False,,Not Applicable
CUST004848,False,,Not Applicable
CUST004850,False,,Not Applicable
CUST004852,False,,Not Applicable
CUST004853,False,,Not Applicable
CUST004855,False,,Not Applicable
CUST004856,False,,Not Applicable
CUST004857,False,,Not Applicable
CUST004858,False,,Not Applicable
CUST004859,False,,Not Applicable
CUST004860,False,,Not Applicable
CUST004861,False,,Not Applicable
CUST004862,False,,Not Applicable
CUST004863,False,,Not Applicable
CUST004867,False,,Not Applicable
CUST004869,False,,Not Applicable
CUST004870,False,,Not Applicable
CUST004873,False,,Not Applicable
CUST004874,False,,Not Applicable
CUST004875,False,,Not Applicable
CUST004876,False,,Not Applicable
CUST004877,False,,Not Applicable
CUST004878,False,,Not Applicable
CUST004879,False,,Not Applicable
CUST004880,False,,Not Applicable
CUST004881,False,,Not Applicable
CUST004883,False,,Not Applicable
CUST004884,False,,Not Applicable
CUST004885,False,,Not Applicable
CUST004886,False,,Not Applicable
CUST004887,False,,Not Applicable
CUST004888,False,,Not Applicable
CUST004889,False,,Not Applicable
CUST004890,False,,Not Applicable
CUST004891,False,,Not Applicable
CUST004893,False,,Not Applicable
CUST004894,False,,Not Applicable
CUST004895,False,,Not Applicable
CUST004897,False,,Not Applicable
CUST004898,False,,Not Applicable
CUST004899,False,,Not Applicable
CUST004900,False,,Not Applicable
CUST004901,False,,Not Applicable
CUST004902,False,,Not Applicable
CUST004903,False,,Not Applicable
CUST004904,False,,Not Applicable
CUST004905,False,,Not Applicable
CUST004906,False,,Not Applicable
CUST004907,False,,Not Applicable
CUST004908,False,,Not Applicable
CUST004909,False,,Not Applicable
CUST004910,False,,Not Applicable
CUST004911,False,,Not Applicable
CUST004912,False,,Not Applicable
CUST004913,False,,Not Applicable
CUST004914,False,,Not Applicable
CUST004915,False,,Not Applicable
CUST004916,False,,Not Applicable
CUST004917,False,,Not Applicable
CUST004918,False,,Not Applicable
CUST004919,False,,Not Applicable
CUST004920,False,,Not Applicable
CUST004921,False,,Not Applicable
CUST004922,False,,Not Applicable
CUST004923,False,,Not Applicable
CUST004924,False,,Not Applicable
CUST004925,False,,Not Applicable
CUST004926,False,,Not Applicable
CUST004927,False,,Not Applicable
CUST004929,False,,Not Applicable
CUST004931,False,,Not Applicable
CUST004932,False,,Not Applicable
CUST004933,False,,Not Applicable
CUST004934,False,,Not Applicable
CUST004935,False,,Not Applicable
CUST004936,False,,Not Applicable
CUST004937,False,,Not Applicable
CUST004938,False,,Not Applicable
CUST004939,False,,Not Applicable
CUST004940,False,,Not Applicable
CUST004941,False,,Not Applicable
CUST004944,False,,Not Applicable
CUST004945,False,,Not Applicable
CUST004946,False,,Not Applicable
CUST004947,False,,Not Applicable
CUST004948,False,,Not Applicable
CUST004949,False,,Not Applicable
CUST004950,False,,Not Applicable
CUST004951,False,,Not Applicable
CUST004952,False,,Not Applicable
CUST004953,False,,Not Applicable
CUST004954,False,,Not Applicable
CUST004957,False,,Not Applicable
CUST004961,False,,Not Applicable
CUST004962,False,,Not Applicable
CUST004963,False,,Not Applicable
CUST004964,False,,Not Applicable
CUST004965,False,,Not Applicable
CUST004966,False,,Not Applicable
CUST004967,False,,Not Applicable
CUST004968,False,,Not Applicable
CUST004969,False,,Not Applicable
CUST004970,False,,Not Applicable
CUST004971,False,,Not Applicable
CUST004972,False,,Not Applicable
CUST004973,False,,Not Applicable
CUST004975,False,,Not Applicable
CUST004976,False,,Not Applicable
CUST004977,False,,Not Applicable
CUST004978,False,,Not Applicable
CUST004979,False,,Not Applicable
CUST004980,False,,Not Applicable
CUST004981,False,,Not Applicable
CUST004982,False,,Not Applicable
CUST004983,False,,Not Applicable
CUST004984,False,,Not Applicable
CUST004986,False,,Not Applicable
CUST004990,False,,Not Applicable
CUST004991,False,,Not Applicable
CUST004992,False,,Not Applicable
CUST004993,False,,Not Applicable
CUST004994,False,,Not Applicable
CUST004995,False,,Not Applicable
CUST004996,False,,Not Applicable
CUST004998,False,,Not Applicable
CUST004999,False,,Not Applicable
CUST005002,False,,Not Applicable
CUST005003,False,,Not Applicable
CUST005005,False,,Not Applicable
CUST005007,False,,Not Applicable
CUST005009,False,,Not Applicable
CUST005010,False,,Not Applicable
CUST005011,False,,Not Applicable
CUST005012,False,,Not Applicable
CUST005013,False,,Not Applicable
CUST005014,False,,Not Applicable
CUST005016,False,,Not Applicable
CUST005017,False,,Not Applicable
CUST005018,False,,Not Applicable
CUST005019,False,,Not Applicable
CUST005021,False,,Not Applicable
CUST005023,False,,Not Applicable
CUST005025,False,,Not Applicable
CUST005027,False,,Not Applicable
CUST005029,False,,Not Applicable
CUST005034,False,,Not Applicable
CUST005035,False,,Not Applicable
CUST005036,False,,Not Applicable
CUST005037,False,,Not Applicable
CUST005039,False,,Not Applicable
CUST005040,False,,Not Applicable
CUST005042,False,,Not Applicable
CUST005043,False,,Not Applicable
CUST005045,False,,Not Applicable
CUST005046,False,,Not Applicable
CUST005047,False,,Not Applicable
CUST005048,False,,Not Applicable
CUST005050,False,,Not Applicable
CUST005051,False,,Not Applicable
CUST005052,False,,Not Applicable
CUST005053,False,,Not Applicable
CUST005054,False,,Not Applicable
CUST005055,False,,Not Applicable
CUST005056,False,,Not Applicable
CUST005057,False,,Not Applicable
CUST005058,False,,Not Applicable
CUST005059,False,,Not Applicable
CUST005060,False,,Not Applicable
CUST005061,False,,Not Applicable
CUST005062,False,,Not Applicable
CUST005063,False,,Not Applicable
CUST005064,False,,Not Applicable
CUST005066,False,,Not Applicable
CUST005067,False,,Not Applicable
CUST005069,False,,Not Applicable
CUST005070,False,,Not Applicable
CUST005072,False,,Not Applicable
CUST005073,False,,Not Applicable
CUST005074,False,,Not Applicable
CUST005075,False,,Not Applicable
CUST005076,False,,Not Applicable
CUST005078,False,,Not Applicable
CUST005079,False,,Not Applicable
CUST005080,False,,Not Applicable
CUST005081,False,,Not Applicable
CUST005084,False,,Not Applicable
CUST005085,False,,Not Applicable
CUST005086,False,,Not Applicable
CUST005087,False,,Not Applicable
CUST005088,False,,Not Applicable
CUST005090,False,,Not Applicable
CUST005091,False,,Not Applicable
CUST005092,False,,Not Applicable
CUST005094,False,,Not Applicable
CUST005097,False,,Not Applicable
CUST005098,False,,Not Applicable
CUST005100,False,,Not Applicable
CUST005102,False,,Not Applicable
CUST005103,False,,Not Applicable
CUST005104,False,,Not Applicable
CUST005105,False,,Not Applicable
CUST005106,False,,Not Applicable
CUST005107,False,,Not Applicable
CUST005108,False,,Not Applicable
CUST005110,False,,Not Applicable
CUST005111,False,,Not Applicable
CUST005113,False,,Not Applicable
CUST005114,False,,Not Applicable
CUST005115,False,,Not Applicable
CUST005116,False,,Not Applicable
CUST005117,False,,Not Applicable
CUST005118,False,,Not Applicable
CUST005119,False,,Not Applicable
CUST005121,False,,Not Applicable
CUST005122,False,,Not Applicable
CUST005123,False,,Not Applicable
CUST005124,False,,Not Applicable
CUST005125,False,,Not Applicable
CUST005126,False,,Not Applicable
CUST005128,False,,Not Applicable
CUST005129,False,,Not Applicable
CUST005130,False,,Not Applicable
CUST005131,False,,Not Applicable
CUST005132,False,,Not Applicable
CUST005134,False,,Not Applicable
CUST005135,False,,Not Applicable
CUST005136,False,,Not Applicable
CUST005137,False,,Not Applicable
CUST005138,False,,Not Applicable
CUST005139,False,,Not Applicable
CUST005140,False,,Not Applicable
CUST005141,False,,Not Applicable
CUST005142,False,,Not Applicable
CUST005143,False,,Not Applicable
CUST005144,False,,Not Applicable
CUST005145,False,,Not Applicable
CUST005146,False,,Not Applicable
CUST005147,False,,Not Applicable
CUST005148,False,,Not Applicable
CUST005150,False,,Not Applicable
CUST005151,False,,Not Applicable
CUST005152,False,,Not Applicable
CUST005153,False,,Not Applicable
CUST005158,False,,Not Applicable
CUST005160,False,,Not Applicable
CUST005161,False,,Not Applicable
CUST005162,False,,Not Applicable
CUST005163,False,,Not Applicable
CUST005164,False,,Not Applicable
CUST005165,False,,Not Applicable
CUST005166,False,,Not Applicable
CUST005167,False,,Not Applicable
CUST005168,False,,Not Applicable
CUST005169,False,,Not Applicable
CUST005171,False,,Not Applicable
CUST005172,False,,Not Applicable
CUST005173,False,,Not Applicable
CUST005174,False,,Not Applicable
CUST005175,False,,Not Applicable
CUST005177,False,,Not Applicable
CUST005179,False,,Not Applicable
CUST005182,False,,Not Applicable
CUST005183,False,,Not Applicable
CUST005186,False,,Not Applicable
CUST005188,False,,Not Applicable
CUST005189,False,,Not Applicable
CUST005191,False,,Not Applicable
CUST005192,False,,Not Applicable
CUST005194,False,,Not Applicable
CUST005195,False,,Not Applicable
CUST005197,False,,Not Applicable
CUST005200,False,,Not Applicable
CUST005201,False,,Not Applicable
CUST005202,False,,Not Applicable
CUST005203,False,,Not Applicable
CUST005204,False,,Not Applicable
CUST005205,False,,Not Applicable
CUST005206,False,,Not Applicable
CUST005207,False,,Not Applicable
CUST005208,False,,Not Applicable
CUST005209,False,,Not Applicable
CUST005210,False,,Not Applicable
CUST005211,False,,Not Applicable
CUST005213,False,,Not Applicable
CUST005214,False,,Not Applicable
CUST005216,False,,Not Applicable
CUST005217,False,,Not Applicable
CUST005218,False,,Not Applicable
CUST005219,False,,Not Applicable
CUST005220,False,,Not Applicable
CUST005221,False,,Not Applicable
CUST005222,False,,Not Applicable
CUST005223,False,,Not Applicable
CUST005225,False,,Not Applicable
CUST005226,False,,Not Applicable
CUST005227,False,,Not Applicable
CUST005228,False,,Not Applicable
CUST005229,False,,Not Applicable
CUST005230,False,,Not Applicable
CUST005231,False,,Not Applicable
CUST005232,False,,Not Applicable
CUST005233,False,,Not Applicable
CUST005234,False,,Not Applicable
CUST005235,False,,Not Applicable
CUST005237,False,,Not Applicable
CUST005238,False,,Not Applicable
CUST005239,False,,Not Applicable
CUST005240,False,,Not Applicable
CUST005241,False,,Not Applicable
CUST005242,False,,Not Applicable
CUST005243,False,,Not Applicable
CUST005244,False,,Not Applicable
CUST005246,False,,Not Applicable
CUST005247,False,,Not Applicable
CUST005248,False,,Not Applicable
CUST005250,False,,Not Applicable
CUST005251,False,,Not Applicable
CUST005252,False,,Not Applicable
CUST005253,False,,Not Applicable
CUST005256,False,,Not Applicable
CUST005258,False,,Not Applicable
CUST005260,False,,Not Applicable
CUST005264,False,,Not Applicable
CUST005266,False,,Not Applicable
CUST005267,False,,Not Applicable
CUST005268,False,,Not Applicable
CUST005269,False,,Not Applicable
CUST005271,False,,Not Applicable
CUST005272,False,,Not Applicable
CUST005273,False,,Not Applicable
CUST005274,False,,Not Applicable
CUST005276,False,,Not Applicable
CUST005277,False,,Not Applicable
CUST005279,False,,Not Applicable
CUST005281,False,,Not Applicable
CUST005284,False,,Not Applicable
CUST005285,False,,Not Applicable
CUST005286,False,,Not Applicable
CUST005287,False,,Not Applicable
CUST005288,False,,Not Applicable
CUST005292,False,,Not Applicable
CUST005294,False,,Not Applicable
CUST005295,False,,Not Applicable
CUST005296,False,,Not Applicable
CUST005297,False,,Not Applicable
CUST005298,False,,Not Applicable
CUST005299,False,,Not Applicable
CUST005300,False,,Not Applicable
CUST005301,False,,Not Applicable
CUST005302,False,,Not Applicable
CUST005303,False,,Not Applicable
CUST005305,False,,Not Applicable
CUST005307,False,,Not Applicable
CUST005308,False,,Not Applicable
CUST005309,False,,Not Applicable
CUST005310,False,,Not Applicable
CUST005311,False,,Not Applicable
CUST005313,False,,Not Applicable
CUST005314,False,,Not Applicable
CUST005316,False,,Not Applicable
CUST005317,False,,Not Applicable
CUST005319,False,,Not Applicable
CUST005320,False,,Not Applicable
CUST005322,False,,Not Applicable
CUST005323,False,,Not Applicable
CUST005324,False,,Not Applicable
CUST005326,False,,Not Applicable
CUST005329,False,,Not Applicable
CUST005330,False,,Not Applicable
CUST005331,False,,Not Applicable
CUST005332,False,,Not Applicable
CUST005333,False,,Not Applicable
CUST005334,False,,Not Applicable
CUST005335,False,,Not Applicable
CUST005336,False,,Not Applicable
CUST005337,False,,Not Applicable
CUST005338,False,,Not Applicable
CUST005339,False,,Not Applicable
CUST005340,False,,Not Applicable
CUST005342,False,,Not Applicable
CUST005343,False,,Not Applicable
CUST005344,False,,Not Applicable
CUST005345,False,,Not Applicable
CUST005346,False,,Not Applicable
CUST005347,False,,Not Applicable
CUST005348,False,,Not Applicable
CUST005349,False,,Not Applicable
CUST005350,False,,Not Applicable
CUST005352,False,,Not Applicable
CUST005353,False,,Not Applicable
CUST005355,False,,Not Applicable
CUST005356,False,,Not Applicable
CUST005357,False,,Not Applicable
CUST005358,False,,Not Applicable
CUST005359,False,,Not Applicable
CUST005360,False,,Not Applicable
CUST005361,False,,Not Applicable
CUST005362,False,,Not Applicable
CUST005364,False,,Not Applicable
CUST005365,False,,Not Applicable
CUST005366,False,,Not Applicable
CUST005367,False,,Not Applicable
CUST005369,False,,Not Applicable
CUST005370,False,,Not Applicable
CUST005371,False,,Not Applicable
CUST005372,False,,Not Applicable
CUST005373,False,,Not Applicable
CUST005374,False,,Not Applicable
CUST005375,False,,Not Applicable
CUST005376,False,,Not Applicable
CUST005377,False,,Not Applicable
CUST005378,False,,Not Applicable
CUST005379,False,,Not Applicable
CUST005380,False,,Not Applicable
CUST005381,False,,Not Applicable
CUST005382,False,,Not Applicable
CUST005383,False,,Not Applicable
CUST005385,False,,Not Applicable
CUST005386,False,,Not Applicable
CUST005387,False,,Not Applicable
CUST005388,False,,Not Applicable
CUST005389,False,,Not Applicable
CUST005392,False,,Not Applicable
CUST005393,False,,Not Applicable
CUST005394,False,,Not Applicable
CUST005396,False,,Not Applicable
CUST005397,False,,Not Applicable
CUST005399,False,,Not Applicable
CUST005401,False,,Not Applicable
CUST005402,False,,Not Applicable
CUST005403,False,,Not Applicable
CUST005404,False,,Not Applicable
CUST005405,False,,Not Applicable
CUST005406,False,,Not Applicable
CUST005408,False,,Not Applicable
CUST005409,False,,Not Applicable
CUST005411,False,,Not Applicable
CUST005415,False,,Not Applicable
CUST005416,False,,Not Applicable
CUST005417,False,,Not Applicable
CUST005418,False,,Not Applicable
CUST005419,False,,Not Applicable
CUST005421,False,,Not Applicable
CUST005422,False,,Not Applicable
CUST005423,False,,Not Applicable
CUST005424,False,,Not Applicable
CUST005425,False,,Not Applicable
CUST005426,False,,Not Applicable
CUST005427,False,,Not Applicable
CUST005428,False,,Not Applicable
CUST005429,False,,Not Applicable
CUST005430,False,,Not Applicable
CUST005431,False,,Not Applicable
CUST005432,False,,Not Applicable
CUST005434,False,,Not Applicable
CUST005435,False,,Not Applicable
CUST005436,False,,Not Applicable
CUST005437,False,,Not Applicable
CUST005439,False,,Not Applicable
CUST005440,False,,Not Applicable
CUST005443,False,,Not Applicable
CUST005444,False,,Not Applicable
CUST005445,False,,Not Applicable
CUST005446,False,,Not Applicable
CUST005447,False,,Not Applicable
CUST005448,False,,Not Applicable
CUST005449,False,,Not Applicable
CUST005450,False,,Not Applicable
CUST005451,False,,Not Applicable
CUST005452,False,,Not Applicable
CUST005456,False,,Not Applicable
CUST005458,False,,Not Applicable
CUST005459,False,,Not Applicable
CUST005461,False,,Not Applicable
CUST005462,False,,Not Applicable
CUST005463,False,,Not Applicable
CUST005464,False,,Not Applicable
CUST005467,False,,Not Applicable
CUST005468,False,,Not Applicable
CUST005469,False,,Not Applicable
CUST005471,False,,Not Applicable
CUST005472,False,,Not Applicable
CUST005473,False,,Not Applicable
CUST005474,False,,Not Applicable
CUST005475,False,,Not Applicable
CUST005476,False,,Not Applicable
CUST005477,False,,Not Applicable
CUST005480,False,,Not Applicable
CUST005482,False,,Not Applicable
CUST005484,False,,Not Applicable
CUST005485,False,,Not Applicable
CUST005486,False,,Not Applicable
CUST005488,False,,Not Applicable
CUST005489,False,,Not Applicable
CUST005490,False,,Not Applicable
CUST005491,False,,Not Applicable
CUST005492,False,,Not Applicable
CUST005493,False,,Not Applicable
CUST005494,False,,Not Applicable
CUST005495,False,,Not Applicable
CUST005496,False,,Not Applicable
CUST005498,False,,Not Applicable
CUST005500,False,,Not Applicable
CUST005501,False,,Not Applicable
CUST005502,False,,Not Applicable
CUST005503,False,,Not Applicable
CUST005505,False,,Not Applicable
CUST005506,False,,Not Applicable
CUST005507,False,,Not Applicable
CUST005509,False,,Not Applicable
CUST005510,False,,Not Applicable
CUST005511,False,,Not Applicable
CUST005512,False,,Not Applicable
CUST005513,False,,Not Applicable
CUST005514,False,,Not Applicable
CUST005516,False,,Not Applicable
CUST005517,False,,Not Applicable
CUST005518,False,,Not Applicable
CUST005519,False,,Not Applicable
CUST005520,False,,Not Applicable
CUST005521,False,,Not Applicable
CUST005522,False,,Not Applicable
CUST005523,False,,Not Applicable
CUST005524,False,,Not Applicable
CUST005525,False,,Not Applicable
CUST005526,False,,Not Applicable
CUST005527,False,,Not Applicable
CUST005528,False,,Not Applicable
CUST005529,False,,Not Applicable
CUST005530,False,,Not Applicable
CUST005532,False,,Not Applicable
CUST005533,False,,Not Applicable
CUST005535,False,,Not Applicable
CUST005536,False,,Not Applicable
CUST005538,False,,Not Applicable
CUST005539,False,,Not Applicable
CUST005540,False,,Not Applicable
CUST005542,False,,Not Applicable
CUST005543,False,,Not Applicable
CUST005545,False,,Not Applicable
CUST005547,False,,Not Applicable
CUST005549,False,,Not Applicable
CUST005550,False,,Not Applicable
CUST005551,False,,Not Applicable
CUST005552,False,,Not Applicable
CUST005553,False,,Not Applicable
CUST005555,False,,Not Applicable
CUST005556,False,,Not Applicable
CUST005557,False,,Not Applicable
CUST005558,False,,Not Applicable
CUST005562,False,,Not Applicable
CUST005563,False,,Not Applicable
CUST005564,False,,Not Applicable
CUST005565,False,,Not Applicable
CUST005566,False,,Not Applicable
CUST005567,False,,Not Applicable
CUST005568,False,,Not Applicable
CUST005569,False,,Not Applicable
CUST005570,False,,Not Applicable
CUST005571,False,,Not Applicable
CUST005572,False,,Not Applicable
CUST005573,False,,Not Applicable
CUST005575,False,,Not Applicable
CUST005576,False,,Not Applicable
CUST005577,False,,Not Applicable
CUST005578,False,,Not Applicable
CUST005580,False,,Not Applicable
CUST005581,False,,Not Applicable
CUST005582,False,,Not Applicable
CUST005584,False,,Not Applicable
CUST005585,False,,Not Applicable
CUST005586,False,,Not Applicable
CUST005587,False,,Not Applicable
CUST005589,False,,Not Applicable
CUST005591,False,,Not Applicable
CUST005592,False,,Not Applicable
CUST005594,False,,Not Applicable
CUST005596,False,,Not Applicable
CUST005597,False,,Not Applicable
CUST005598,False,,Not Applicable
CUST005599,False,,Not Applicable
CUST005600,False,,Not Applicable
CUST005601,False,,Not Applicable
CUST005603,False,,Not Applicable
CUST005605,False,,Not Applicable
CUST005606,False,,Not Applicable
CUST005607,False,,Not Applicable
CUST005609,False,,Not Applicable
CUST005610,False,,Not Applicable
CUST005611,False,,Not Applicable
CUST005612,False,,Not Applicable
CUST005613,False,,Not Applicable
CUST005614,False,,Not Applicable
CUST005615,False,,Not Applicable
CUST005616,False,,Not Applicable
CUST005617,False,,Not Applicable
CUST005618,False,,Not Applicable
CUST005620,False,,Not Applicable
CUST005621,False,,Not Applicable
CUST005622,False,,Not Applicable
CUST005623,False,,Not Applicable
CUST005624,False,,Not Applicable
CUST005625,False,,Not Applicable
CUST005626,False,,Not Applicable
CUST005627,False,,Not Applicable
CUST005628,False,,Not Applicable
CUST005629,False,,Not Applicable
CUST005630,False,,Not Applicable
CUST005631,False,,Not Applicable
CUST005632,False,,Not Applicable
CUST005634,False,,Not Applicable
CUST005635,False,,Not Applicable
CUST005636,False,,Not Applicable
CUST005638,False,,Not Applicable
CUST005639,False,,Not Applicable
CUST005641,False,,Not Applicable
CUST005642,False,,Not Applicable
CUST005643,False,,Not Applicable
CUST005644,False,,Not Applicable
CUST005645,False,,Not Applicable
CUST005648,False,,Not Applicable
CUST005650,False,,Not Applicable
CUST005651,False,,Not Applicable
CUST005652,False,,Not Applicable
CUST005654,False,,Not Applicable
CUST005656,False,,Not Applicable
CUST005657,False,,Not Applicable
CUST005661,False,,Not Applicable
CUST005662,False,,Not Applicable
CUST005663,False,,Not Applicable
CUST005664,False,,Not Applicable
CUST005665,False,,Not Applicable
CUST005666,False,,Not Applicable
CUST005667,False,,Not Applicable
CUST005669,False,,Not Applicable
CUST005670,False,,Not Applicable
CUST005672,False,,Not Applicable
CUST005673,False,,Not Applicable
CUST005674,False,,Not Applicable
CUST005675,False,,Not Applicable
CUST005676,False,,Not Applicable
CUST005677,False,,Not Applicable
CUST005679,False,,Not Applicable
CUST005680,False,,Not Applicable
CUST005681,False,,Not Applicable
CUST005682,False,,Not Applicable
CUST005683,False,,Not Applicable
CUST005684,False,,Not Applicable
CUST005685,False,,Not Applicable
CUST005686,False,,Not Applicable
CUST005687,False,,Not Applicable
CUST005689,False,,Not Applicable
CUST005690,False,,Not Applicable
CUST005691,False,,Not Applicable
CUST005692,False,,Not Applicable
CUST005696,False,,Not Applicable
CUST005697,False,,Not Applicable
CUST005699,False,,Not Applicable
CUST005700,False,,Not Applicable
CUST005701,False,,Not Applicable
CUST005702,False,,Not Applicable
CUST005703,False,,Not Applicable
CUST005704,False,,Not Applicable
CUST005705,False,,Not Applicable
CUST005707,False,,Not Applicable
CUST005708,False,,Not Applicable
CUST005709,False,,Not Applicable
CUST005710,False,,Not Applicable
CUST005711,False,,Not Applicable
CUST005712,False,,Not Applicable
CUST005713,False,,Not Applicable
CUST005714,False,,Not Applicable
CUST005715,False,,Not Applicable
CUST005716,False,,Not Applicable
CUST005717,False,,Not Applicable
CUST005718,False,,Not Applicable
CUST005719,False,,Not Applicable
CUST005720,False,,Not Applicable
CUST005721,False,,Not Applicable
CUST005723,False,,Not Applicable
CUST005724,False,,Not Applicable
CUST005725,False,,Not Applicable
CUST005726,False,,Not Applicable
CUST005727,False,,Not Applicable
CUST005728,False,,Not Applicable
CUST005729,False,,Not Applicable
CUST005730,False,,Not Applicable
CUST005732,False,,Not Applicable
CUST005733,False,,Not Applicable
CUST005735,False,,Not Applicable
CUST005737,False,,Not Applicable
CUST005738,False,,Not Applicable
CUST005739,False,,Not Applicable
CUST005740,False,,Not Applicable
CUST005741,False,,Not Applicable
CUST005743,False,,Not Applicable
CUST005745,False,,Not Applicable
CUST005747,False,,Not Applicable
CUST005748,False,,Not Applicable
CUST005750,False,,Not Applicable
CUST005751,False,,Not Applicable
CUST005752,False,,Not Applicable
CUST005754,False,,Not Applicable
CUST005755,False,,Not Applicable
CUST005756,False,,Not Applicable
CUST005757,False,,Not Applicable
CUST005758,False,,Not Applicable
CUST005760,False,,Not Applicable
CUST005761,False,,Not Applicable
CUST005763,False,,Not Applicable
CUST005765,False,,Not Applicable
CUST005766,False,,Not Applicable
CUST005767,False,,Not Applicable
CUST005768,False,,Not Applicable
CUST005769,False,,Not Applicable
CUST005771,False,,Not Applicable
CUST005772,False,,Not Applicable
CUST005776,False,,Not Applicable
CUST005777,False,,Not Applicable
CUST005778,False,,Not Applicable
CUST005780,False,,Not Applicable
CUST005781,False,,Not Applicable
CUST005783,False,,Not Applicable
CUST005784,False,,Not Applicable
CUST005785,False,,Not Applicable
CUST005786,False,,Not Applicable
CUST005788,False,,Not Applicable
CUST005789,False,,Not Applicable
CUST005790,False,,Not Applicable
CUST005791,False,,Not Applicable
CUST005792,False,,Not Applicable
CUST005793,False,,Not Applicable
CUST005794,False,,Not Applicable
CUST005795,False,,Not Applicable
CUST005796,False,,Not Applicable
CUST005799,False,,Not Applicable
CUST005801,False,,Not Applicable
CUST005802,False,,Not Applicable
CUST005804,False,,Not Applicable
CUST005805,False,,Not Applicable
CUST005806,False,,Not Applicable
CUST005808,False,,Not Applicable
CUST005809,False,,Not Applicable
CUST005810,False,,Not Applicable
CUST005811,False,,Not Applicable
CUST005812,False,,Not Applicable
CUST005814,False,,Not Applicable
CUST005816,False,,Not Applicable
CUST005819,False,,Not Applicable
CUST005821,False,,Not Applicable
CUST005822,False,,Not Applicable
CUST005823,False,,Not Applicable
CUST005825,False,,Not Applicable
CUST005826,False,,Not Applicable
CUST005828,False,,Not Applicable
CUST005829,False,,Not Applicable
CUST005830,False,,Not Applicable
CUST005831,False,,Not Applicable
CUST005832,False,,Not Applicable
CUST005833,False,,Not Applicable
CUST005834,False,,Not Applicable
CUST005835,False,,Not Applicable
CUST005836,False,,Not Applicable
CUST005837,False,,Not Applicable
CUST005838,False,,Not Applicable
CUST005840,False,,Not Applicable
CUST005841,False,,Not Applicable
CUST005842,False,,Not Applicable
CUST005843,False,,Not Applicable
CUST005845,False,,Not Applicable
CUST005846,False,,Not Applicable
CUST005847,False,,Not Applicable
CUST005848,False,,Not Applicable
CUST005850,False,,Not Applicable
CUST005852,False,,Not Applicable
CUST005853,False,,Not Applicable
CUST005854,False,,Not Applicable
CUST005855,False,,Not Applicable
CUST005856,False,,Not Applicable
CUST005860,False,,Not Applicable
CUST005861,False,,Not Applicable
CUST005863,False,,Not Applicable
CUST005864,False,,Not Applicable
CUST005865,False,,Not Applicable
CUST005867,False,,Not Applicable
CUST005868,False,,Not Applicable
CUST005869,False,,Not Applicable
CUST005870,False,,Not Applicable
CUST005871,False,,Not Applicable
CUST005872,False,,Not Applicable
CUST005873,False,,Not Applicable
CUST005874,False,,Not Applicable
CUST005876,False,,Not Applicable
CUST005877,False,,Not Applicable
CUST005879,False,,Not Applicable
CUST005880,False,,Not Applicable
CUST005881,False,,Not Applicable
CUST005882,False,,Not Applicable
CUST005883,False,,Not Applicable
CUST005884,False,,Not Applicable
CUST005885,False,,Not Applicable
CUST005886,False,,Not Applicable
CUST005887,False,,Not Applicable
CUST005889,False,,Not Applicable
CUST005890,False,,Not Applicable
CUST005891,False,,Not Applicable
CUST005893,False,,Not Applicable
CUST005894,False,,Not Applicable
CUST005895,False,,Not Applicable
CUST005896,False,,Not Applicable
CUST005898,False,,Not Applicable
CUST005899,False,,Not Applicable
CUST005900,False,,Not Applicable
CUST005901,False,,Not Applicable
CUST005903,False,,Not Applicable
CUST005906,False,,Not Applicable
CUST005908,False,,Not Applicable
CUST005909,False,,Not Applicable
CUST005910,False,,Not Applicable
CUST005911,False,,Not Applicable
CUST005912,False,,Not Applicable
CUST005914,False,,Not Applicable
CUST005915,False,,Not Applicable
CUST005917,False,,Not Applicable
CUST005920,False,,Not Applicable
CUST005921,False,,Not Applicable
CUST005922,False,,Not Applicable
CUST005923,False,,Not Applicable
CUST005924,False,,Not Applicable
CUST005926,False,,Not Applicable
CUST005930,False,,Not Applicable
CUST005932,False,,Not Applicable
CUST005933,False,,Not Applicable
CUST005934,False,,Not Applicable
CUST005937,False,,Not Applicable
CUST005938,False,,Not Applicable
CUST005939,False,,Not Applicable
CUST005940,False,,Not Applicable
CUST005941,False,,Not Applicable
CUST005942,False,,Not Applicable
CUST005943,False,,Not Applicable
CUST005944,False,,Not Applicable
CUST005945,False,,Not Applicable
CUST005946,False,,Not Applicable
CUST005947,False,,Not Applicable
CUST005948,False,,Not Applicable
CUST005949,False,,Not Applicable
CUST005950,False,,Not Applicable
CUST005951,False,,Not Applicable
CUST005952,False,,Not Applicable
CUST005955,False,,Not Applicable
CUST005956,False,,Not Applicable
CUST005958,False,,Not Applicable
CUST005959,False,,Not Applicable
CUST005960,False,,Not Applicable
CUST005962,False,,Not Applicable
CUST005963,False,,Not Applicable
CUST005964,False,,Not Applicable
CUST005967,False,,Not Applicable
CUST005968,False,,Not Applicable
CUST005969,False,,Not Applicable
CUST005970,False,,Not Applicable
CUST005971,False,,Not Applicable
CUST005972,False,,Not Applicable
CUST005973,False,,Not Applicable
CUST005974,False,,Not Applicable
CUST005975,False,,Not Applicable
CUST005976,False,,Not Applicable
CUST005977,False,,Not Applicable
CUST005978,False,,Not Applicable
CUST005979,False,,Not Applicable
CUST005980,False,,Not Applicable
CUST005981,False,,Not Applicable
CUST005982,False,,Not Applicable
CUST005983,False,,Not Applicable
CUST005984,False,,Not Applicable
CUST005985,False,,Not Applicable
CUST005986,False,,Not Applicable
CUST005987,False,,Not Applicable
CUST005988,False,,Not Applicable
CUST005992,False,,Not Applicable
CUST005993,False,,Not Applicable
CUST005994,False,,Not Applicable
CUST005995,False,,Not Applicable
CUST005996,False,,Not Applicable
CUST005997,False,,Not Applicable
CUST005998,False,,Not Applicable
CUST005999,False,,Not Applicable
CUST006000,False,,Not Applicable
CUST006002,False,,Not Applicable
CUST006003,False,,Not Applicable
CUST006004,False,,Not Applicable
CUST006005,False,,Not Applicable
CUST006006,False,,Not Applicable
CUST006007,False,,Not Applicable
CUST006009,False,,Not Applicable
CUST006010,False,,Not Applicable
CUST006012,False,,Not Applicable
CUST006016,False,,Not Applicable
CUST006017,False,,Not Applicable
CUST006018,False,,Not Applicable
CUST006019,False,,Not Applicable
CUST006021,False,,Not Applicable
CUST006022,False,,Not Applicable
CUST006023,False,,Not Applicable
CUST006024,False,,Not Applicable
CUST006026,False,,Not Applicable
CUST006027,False,,Not Applicable
CUST006028,False,,Not Applicable
CUST006029,False,,Not Applicable
CUST006031,False,,Not Applicable
CUST006032,False,,Not Applicable
CUST006033,False,,Not Applicable
CUST006034,False,,Not Applicable
CUST006036,False,,Not Applicable
CUST006037,False,,Not Applicable
CUST006038,False,,Not Applicable
CUST006039,False,,Not Applicable
CUST006040,False,,Not Applicable
CUST006041,False,,Not Applicable
CUST006042,False,,Not Applicable
CUST006043,False,,Not Applicable
CUST006044,False,,Not Applicable
CUST006046,False,,Not Applicable
CUST006047,False,,Not Applicable
CUST006048,False,,Not Applicable
CUST006049,False,,Not Applicable
CUST006050,False,,Not Applicable
CUST006052,False,,Not Applicable
CUST006054,False,,Not Applicable
CUST006055,False,,Not Applicable
CUST006056,False,,Not Applicable
CUST006057,False,,Not Applicable
CUST006058,False,,Not Applicable
CUST006059,False,,Not Applicable
CUST006060,False,,Not Applicable
CUST006061,False,,Not Applicable
CUST006062,False,,Not Applicable
CUST006063,False,,Not Applicable
CUST006064,False,,Not Applicable
CUST006065,False,,Not Applicable
CUST006068,False,,Not Applicable
CUST006069,False,,Not Applicable
CUST006070,False,,Not Applicable
CUST006071,False,,Not Applicable
CUST006073,False,,Not Applicable
CUST006075,False,,Not Applicable
CUST006078,False,,Not Applicable
CUST006079,False,,Not Applicable
CUST006080,False,,Not Applicable
CUST006081,False,,Not Applicable
CUST006082,False,,Not Applicable
CUST006083,False,,Not Applicable
CUST006085,False,,Not Applicable
CUST006086,False,,Not Applicable
CUST006087,False,,Not Applicable
CUST006088,False,,Not Applicable
CUST006089,False,,Not Applicable
CUST006091,False,,Not Applicable
CUST006092,False,,Not Applicable
CUST006093,False,,Not Applicable
CUST006096,False,,Not Applicable
CUST006098,False,,Not Applicable
CUST006099,False,,Not Applicable
CUST006100,False,,Not Applicable
CUST006101,False,,Not Applicable
CUST006103,False,,Not Applicable
CUST006104,False,,Not Applicable
CUST006105,False,,Not Applicable
CUST006106,False,,Not Applicable
CUST006107,False,,Not Applicable
CUST006108,False,,Not Applicable
CUST006112,False,,Not Applicable
CUST006114,False,,Not Applicable
CUST006115,False,,Not Applicable
CUST006116,False,,Not Applicable
CUST006117,False,,Not Applicable
CUST006118,False,,Not Applicable
CUST006120,False,,Not Applicable
CUST006124,False,,Not Applicable
CUST006125,False,,Not Applicable
CUST006127,False,,Not Applicable
CUST006128,False,,Not Applicable
CUST006131,False,,Not Applicable
CUST006132,False,,Not Applicable
CUST006133,False,,Not Applicable
CUST006135,False,,Not Applicable
CUST006137,False,,Not Applicable
CUST006138,False,,Not Applicable
CUST006139,False,,Not Applicable
CUST006142,False,,Not Applicable
CUST006145,False,,Not Applicable
CUST006146,False,,Not Applicable
CUST006147,False,,Not Applicable
CUST006148,False,,Not Applicable
CUST006149,False,,Not Applicable
CUST006152,False,,Not Applicable
CUST006153,False,,Not Applicable
CUST006155,False,,Not Applicable
CUST006159,False,,Not Applicable
CUST006160,False,,Not Applicable
CUST006161,False,,Not Applicable
CUST006163,False,,Not Applicable
CUST006164,False,,Not Applicable
CUST006165,False,,Not Applicable
CUST006166,False,,Not Applicable
CUST006167,False,,Not Applicable
CUST006169,False,,Not Applicable
CUST006170,False,,Not Applicable
CUST006171,False,,Not Applicable
CUST006172,False,,Not Applicable
CUST006173,False,,Not Applicable
CUST006174,False,,Not Applicable
CUST006176,False,,Not Applicable
CUST006177,False,,Not Applicable
CUST006178,False,,Not Applicable
CUST006179,False,,Not Applicable
CUST006180,False,,Not Applicable
CUST006181,False,,Not Applicable
CUST006182,False,,Not Applicable
CUST006183,False,,Not Applicable
CUST006184,False,,Not Applicable
CUST006185,False,,Not Applicable
CUST006186,False,,Not Applicable
CUST006187,False,,Not Applicable
CUST006188,False,,Not Applicable
CUST006189,False,,Not Applicable
CUST006190,False,,Not Applicable
CUST006191,False,,Not Applicable
CUST006193,False,,Not Applicable
CUST006194,False,,Not Applicable
CUST006195,False,,Not Applicable
CUST006196,False,,Not Applicable
CUST006197,False,,Not Applicable
CUST006198,False,,Not Applicable
CUST006199,False,,Not Applicable
CUST006200,False,,Not Applicable
CUST006202,False,,Not Applicable
CUST006203,False,,Not Applicable
CUST006204,False,,Not Applicable
CUST006205,False,,Not Applicable
CUST006207,False,,Not Applicable
CUST006208,False,,Not Applicable
CUST006209,False,,Not Applicable
CUST006212,False,,Not Applicable
CUST006213,False,,Not Applicable
CUST006214,False,,Not Applicable
CUST006215,False,,Not Applicable
CUST006216,False,,Not Applicable
CUST006217,False,,Not Applicable
CUST006218,False,,Not Applicable
CUST006219,False,,Not Applicable
CUST006221,False,,Not Applicable
CUST006222,False,,Not Applicable
CUST006223,False,,Not Applicable
CUST006225,False,,Not Applicable
CUST006226,False,,Not Applicable
CUST006227,False,,Not Applicable
CUST006228,False,,Not Applicable
CUST006229,False,,Not Applicable
CUST006230,False,,Not Applicable
CUST006231,False,,Not Applicable
CUST006232,False,,Not Applicable
CUST006235,False,,Not Applicable
CUST006236,False,,Not Applicable
CUST006237,False,,Not Applicable
CUST006240,False,,Not Applicable
CUST006241,False,,Not Applicable
CUST006242,False,,Not Applicable
CUST006245,False,,Not Applicable
CUST006246,False,,Not Applicable
CUST006247,False,,Not Applicable
CUST006248,False,,Not Applicable
CUST006249,False,,Not Applicable
CUST006251,False,,Not Applicable
CUST006252,False,,Not Applicable
CUST006253,False,,Not Applicable
CUST006254,False,,Not Applicable
CUST006255,False,,Not Applicable
CUST006256,False,,Not Applicable
CUST006257,False,,Not Applicable
CUST006258,False,,Not Applicable
CUST006259,False,,Not Applicable
CUST006262,False,,Not Applicable
CUST006264,False,,Not Applicable
CUST006265,False,,Not Applicable
CUST006267,False,,Not Applicable
CUST006268,False,,Not Applicable
CUST006269,False,,Not Applicable
CUST006270,False,,Not Applicable
CUST006271,False,,Not Applicable
CUST006272,False,,Not Applicable
CUST006273,False,,Not Applicable
CUST006274,False,,Not Applicable
CUST006275,False,,Not Applicable
CUST006276,False,,Not Applicable
CUST006277,False,,Not Applicable
CUST006278,False,,Not Applicable
CUST006279,False,,Not Applicable
CUST006280,False,,Not Applicable
CUST006281,False,,Not Applicable
CUST006282,False,,Not Applicable
CUST006283,False,,Not Applicable
CUST006284,False,,Not Applicable
CUST006285,False,,Not Applicable
CUST006286,False,,Not Applicable
CUST006288,False,,Not Applicable
CUST006289,False,,Not Applicable
CUST006291,False,,Not Applicable
CUST006294,False,,Not Applicable
CUST006295,False,,Not Applicable
CUST006296,False,,Not Applicable
CUST006297,False,,Not Applicable
CUST006298,False,,Not Applicable
CUST006299,False,,Not Applicable
CUST006300,False,,Not Applicable
CUST006301,False,,Not Applicable
CUST006302,False,,Not Applicable
CUST006304,False,,Not Applicable
CUST006305,False,,Not Applicable
CUST006306,False,,Not Applicable
CUST006308,False,,Not Applicable
CUST006311,False,,Not Applicable
CUST006313,False,,Not Applicable
CUST006314,False,,Not Applicable
CUST006315,False,,Not Applicable
CUST006316,False,,Not Applicable
CUST006317,False,,Not Applicable
CUST006320,False,,Not Applicable
CUST006321,False,,Not Applicable
CUST006322,False,,Not Applicable
CUST006323,False,,Not Applicable
CUST006324,False,,Not Applicable
CUST006325,False,,Not Applicable
CUST006326,False,,Not Applicable
CUST006327,False,,Not Applicable
CUST006328,False,,Not Applicable
CUST006329,False,,Not Applicable
CUST006330,False,,Not Applicable
CUST006331,False,,Not Applicable
CUST006332,False,,Not Applicable
CUST006333,False,,Not Applicable
CUST006334,False,,Not Applicable
CUST006335,False,,Not Applicable
CUST006336,False,,Not Applicable
CUST006338,False,,Not Applicable
CUST006339,False,,Not Applicable
CUST006340,False,,Not Applicable
CUST006341,False,,Not Applicable
CUST006342,False,,Not Applicable
CUST006343,False,,Not Applicable
CUST006344,False,,Not Applicable
CUST006345,False,,Not Applicable
CUST006346,False,,Not Applicable
CUST006348,False,,Not Applicable
CUST006350,False,,Not Applicable
CUST006351,False,,Not Applicable
CUST006354,False,,Not Applicable
CUST006355,False,,Not Applicable
CUST006357,False,,Not Applicable
CUST006358,False,,Not Applicable
CUST006359,False,,Not Applicable
CUST006363,False,,Not Applicable
CUST006364,False,,Not Applicable
CUST006366,False,,Not Applicable
CUST006367,False,,Not Applicable
CUST006370,False,,Not Applicable
CUST006371,False,,Not Applicable
CUST006372,False,,Not Applicable
CUST006374,False,,Not Applicable
CUST006375,False,,Not Applicable
CUST006376,False,,Not Applicable
CUST006377,False,,Not Applicable
CUST006379,False,,Not Applicable
CUST006380,False,,Not Applicable
CUST006382,False,,Not Applicable
CUST006383,False,,Not Applicable
CUST006384,False,,Not Applicable
CUST006386,False,,Not Applicable
CUST006387,False,,Not Applicable
CUST006388,False,,Not Applicable
CUST006389,False,,Not Applicable
CUST006391,False,,Not Applicable
CUST006392,False,,Not Applicable
CUST006393,False,,Not Applicable
CUST006395,False,,Not Applicable
CUST006396,False,,Not Applicable
CUST006398,False,,Not Applicable
CUST006400,False,,Not Applicable
CUST006401,False,,Not Applicable
CUST006402,False,,Not Applicable
CUST006403,False,,Not Applicable
CUST006406,False,,Not Applicable
CUST006407,False,,Not Applicable
CUST006409,False,,Not Applicable
CUST006411,False,,Not Applicable
CUST006413,False,,Not Applicable
CUST006415,False,,Not Applicable
CUST006416,False,,Not Applicable
CUST006418,False,,Not Applicable
CUST006420,False,,Not Applicable
CUST006422,False,,Not Applicable
CUST006423,False,,Not Applicable
CUST006425,False,,Not Applicable
CUST006426,False,,Not Applicable
CUST006427,False,,Not Applicable
CUST006428,False,,Not Applicable
CUST006429,False,,Not Applicable
CUST006430,False,,Not Applicable
CUST006431,False,,Not Applicable
CUST006432,False,,Not Applicable
CUST006433,False,,Not Applicable
CUST006434,False,,Not Applicable
CUST006435,False,,Not Applicable
CUST006436,False,,Not Applicable
CUST006437,False,,Not Applicable
CUST006438,False,,Not Applicable
CUST006439,False,,Not Applicable
CUST006440,False,,Not Applicable
CUST006441,False,,Not Applicable
CUST006443,False,,Not Applicable
CUST006444,False,,Not Applicable
CUST006447,False,,Not Applicable
CUST006448,False,,Not Applicable
CUST006450,False,,Not Applicable
CUST006451,False,,Not Applicable
CUST006453,False,,Not Applicable
CUST006454,False,,Not Applicable
CUST006457,False,,Not Applicable
CUST006459,False,,Not Applicable
CUST006460,False,,Not Applicable
CUST006462,False,,Not Applicable
CUST006463,False,,Not Applicable
CUST006464,False,,Not Applicable
CUST006465,False,,Not Applicable
CUST006466,False,,Not Applicable
CUST006467,False,,Not Applicable
CUST006468,False,,Not Applicable
CUST006471,False,,Not Applicable
CUST006472,False,,Not Applicable
CUST006473,False,,Not Applicable
CUST006475,False,,Not Applicable
CUST006476,False,,Not Applicable
CUST006477,False,,Not Applicable
CUST006478,False,,Not Applicable
CUST006479,False,,Not Applicable
CUST006481,False,,Not Applicable
CUST006482,False,,Not Applicable
CUST006484,False,,Not Applicable
CUST006487,False,,Not Applicable
CUST006488,False,,Not Applicable
CUST006490,False,,Not Applicable
CUST006491,False,,Not Applicable
CUST006492,False,,Not Applicable
CUST006493,False,,Not Applicable
CUST006494,False,,Not Applicable
CUST006495,False,,Not Applicable
CUST006497,False,,Not Applicable
CUST006498,False,,Not Applicable
CUST006500,False,,Not Applicable
CUST006501,False,,Not Applicable
CUST006502,False,,Not Applicable
CUST006504,False,,Not Applicable
CUST006506,False,,Not Applicable
CUST006508,False,,Not Applicable
CUST006512,False,,Not Applicable
CUST006514,False,,Not Applicable
CUST006515,False,,Not Applicable
CUST006516,False,,Not Applicable
CUST006517,False,,Not Applicable
CUST006518,False,,Not Applicable
CUST006519,False,,Not Applicable
CUST006523,False,,Not Applicable
CUST006525,False,,Not Applicable
CUST006526,False,,Not Applicable
CUST006527,False,,Not Applicable
CUST006529,False,,Not Applicable
CUST006530,False,,Not Applicable
CUST006531,False,,Not Applicable
CUST006532,False,,Not Applicable
CUST006533,False,,Not Applicable
CUST006534,False,,Not Applicable
CUST006536,False,,Not Applicable
CUST006537,False,,Not Applicable
CUST006540,False,,Not Applicable
CUST006542,False,,Not Applicable
CUST006543,False,,Not Applicable
CUST006545,False,,Not Applicable
CUST006546,False,,Not Applicable
CUST006548,False,,Not Applicable
CUST006551,False,,Not Applicable
CUST006552,False,,Not Applicable
CUST006555,False,,Not Applicable
CUST006560,False,,Not Applicable
CUST006561,False,,Not Applicable
CUST006562,False,,Not Applicable
CUST006563,False,,Not Applicable
CUST006565,False,,Not Applicable
CUST006566,False,,Not Applicable
CUST006568,False,,Not Applicable
CUST006569,False,,Not Applicable
CUST006570,False,,Not Applicable
CUST006571,False,,Not Applicable
CUST006572,False,,Not Applicable
CUST006573,False,,Not Applicable
CUST006574,False,,Not Applicable
CUST006575,False,,Not Applicable
CUST006576,False,,Not Applicable
CUST006577,False,,Not Applicable
CUST006578,False,,Not Applicable
CUST006581,False,,Not Applicable
CUST006584,False,,Not Applicable
CUST006586,False,,Not Applicable
CUST006587,False,,Not Applicable
CUST006588,False,,Not Applicable
CUST006589,False,,Not Applicable
CUST006590,False,,Not Applicable
CUST006591,False,,Not Applicable
CUST006592,False,,Not Applicable
CUST006594,False,,Not Applicable
CUST006595,False,,Not Applicable
CUST006596,False,,Not Applicable
CUST006597,False,,Not Applicable
CUST006598,False,,Not Applicable
CUST006599,False,,Not Applicable
CUST006600,False,,Not Applicable
CUST006601,False,,Not Applicable
CUST006602,False,,Not Applicable
CUST006603,False,,Not Applicable
CUST006604,False,,Not Applicable
CUST006605,False,,Not Applicable
CUST006606,False,,Not Applicable
CUST006607,False,,Not Applicable
CUST006609,False,,Not Applicable
CUST006612,False,,Not Applicable
CUST006613,False,,Not Applicable
CUST006614,False,,Not Applicable
CUST006615,False,,Not Applicable
CUST006617,False,,Not Applicable
CUST006619,False,,Not Applicable
CUST006620,False,,Not Applicable
CUST006621,False,,Not Applicable
CUST006622,False,,Not Applicable
CUST006623,False,,Not Applicable
CUST006624,False,,Not Applicable
CUST006625,False,,Not Applicable
CUST006626,False,,Not Applicable
CUST006627,False,,Not Applicable
CUST006628,False,,Not Applicable
CUST006630,False,,Not Applicable
CUST006631,False,,Not Applicable
CUST006633,False,,Not Applicable
CUST006634,False,,Not Applicable
CUST006635,False,,Not Applicable
CUST006637,False,,Not Applicable
CUST006638,False,,Not Applicable
CUST006639,False,,Not Applicable
CUST006640,False,,Not Applicable
CUST006641,False,,Not Applicable
CUST006642,False,,Not Applicable
CUST006643,False,,Not Applicable
CUST006645,False,,Not Applicable
CUST006646,False,,Not Applicable
CUST006647,False,,Not Applicable
CUST006650,False,,Not Applicable
CUST006652,False,,Not Applicable
CUST006653,False,,Not Applicable
CUST006654,False,,Not Applicable
CUST006655,False,,Not Applicable
CUST006656,False,,Not Applicable
CUST006657,False,,Not Applicable
CUST006658,False,,Not Applicable
CUST006659,False,,Not Applicable
CUST006661,False,,Not Applicable
CUST006662,False,,Not Applicable
CUST006664,False,,Not Applicable
CUST006665,False,,Not Applicable
CUST006666,False,,Not Applicable
CUST006667,False,,Not Applicable
CUST006668,False,,Not Applicable
CUST006669,False,,Not Applicable
CUST006671,False,,Not Applicable
CUST006672,False,,Not Applicable
CUST006675,False,,Not Applicable
CUST006677,False,,Not Applicable
CUST006678,False,,Not Applicable
CUST006681,False,,Not Applicable
CUST006682,False,,Not Applicable
CUST006683,False,,Not Applicable
CUST006684,False,,Not Applicable
CUST006686,False,,Not Applicable
CUST006687,False,,Not Applicable
CUST006688,False,,Not Applicable
CUST006690,False,,Not Applicable
CUST006691,False,,Not Applicable
CUST006695,False,,Not Applicable
CUST006696,False,,Not Applicable
CUST006697,False,,Not Applicable
CUST006698,False,,Not Applicable
CUST006699,False,,Not Applicable
CUST006700,False,,Not Applicable
CUST006702,False,,Not Applicable
CUST006703,False,,Not Applicable
CUST006704,False,,Not Applicable
CUST006705,False,,Not Applicable
CUST006706,False,,Not Applicable
CUST006707,False,,Not Applicable
CUST006709,False,,Not Applicable
CUST006710,False,,Not Applicable
CUST006711,False,,Not Applicable
CUST006712,False,,Not Applicable
CUST006713,False,,Not Applicable
CUST006714,False,,Not Applicable
CUST006717,False,,Not Applicable
CUST006718,False,,Not Applicable
CUST006719,False,,Not Applicable
CUST006720,False,,Not Applicable
CUST006721,False,,Not Applicable
CUST006724,False,,Not Applicable
CUST006725,False,,Not Applicable
CUST006727,False,,Not Applicable
CUST006728,False,,Not Applicable
CUST006729,False,,Not Applicable
CUST006730,False,,Not Applicable
CUST006731,False,,Not Applicable
CUST006732,False,,Not Applicable
CUST006734,False,,Not Applicable
CUST006735,False,,Not Applicable
CUST006736,False,,Not Applicable
CUST006737,False,,Not Applicable
CUST006738,False,,Not Applicable
CUST006740,False,,Not Applicable
CUST006741,False,,Not Applicable
CUST006744,False,,Not Applicable
CUST006745,False,,Not Applicable
CUST006747,False,,Not Applicable
CUST006748,False,,Not Applicable
CUST006749,False,,Not Applicable
CUST006751,False,,Not Applicable
CUST006752,False,,Not Applicable
CUST006753,False,,Not Applicable
CUST006754,False,,Not Applicable
CUST006755,False,,Not Applicable
CUST006758,False,,Not Applicable
CUST006759,False,,Not Applicable
CUST006760,False,,Not Applicable
CUST006761,False,,Not Applicable
CUST006762,False,,Not Applicable
CUST006763,False,,Not Applicable
CUST006764,False,,Not Applicable
CUST006765,False,,Not Applicable
CUST006767,False,,Not Applicable
CUST006769,False,,Not Applicable
CUST006771,False,,Not Applicable
CUST006772,False,,Not Applicable
CUST006773,False,,Not Applicable
CUST006775,False,,Not Applicable
CUST006779,False,,Not Applicable
CUST006780,False,,Not Applicable
CUST006781,False,,Not Applicable
CUST006782,False,,Not Applicable
CUST006783,False,,Not Applicable
CUST006784,False,,Not Applicable
CUST006785,False,,Not Applicable
CUST006786,False,,Not Applicable
CUST006787,False,,Not Applicable
CUST006788,False,,Not Applicable
CUST006790,False,,Not Applicable
CUST006792,False,,Not Applicable
CUST006793,False,,Not Applicable
CUST006794,False,,Not Applicable
CUST006796,False,,Not Applicable
CUST006797,False,,Not Applicable
CUST006799,False,,Not Applicable
CUST006800,False,,Not Applicable
CUST006801,False,,Not Applicable
CUST006802,False,,Not Applicable
CUST006803,False,,Not Applicable
CUST006804,False,,Not Applicable
CUST006805,False,,Not Applicable
CUST006806,False,,Not Applicable
CUST006807,False,,Not Applicable
CUST006808,False,,Not Applicable
CUST006810,False,,Not Applicable
CUST006811,False,,Not Applicable
CUST006812,False,,Not Applicable
CUST006813,False,,Not Applicable
CUST006815,False,,Not Applicable
CUST006816,False,,Not Applicable
CUST006817,False,,Not Applicable
CUST006819,False,,Not Applicable
CUST006820,False,,Not Applicable
CUST006821,False,,Not Applicable
CUST006822,False,,Not Applicable
CUST006823,False,,Not Applicable
CUST006824,False,,Not Applicable
CUST006825,False,,Not Applicable
CUST006826,False,,Not Applicable
CUST006827,False,,Not Applicable
CUST006828,False,,Not Applicable
CUST006829,False,,Not Applicable
CUST006831,False,,Not Applicable
CUST006833,False,,Not Applicable
CUST006834,False,,Not Applicable
CUST006835,False,,Not Applicable
CUST006839,False,,Not Applicable
CUST006842,False,,Not Applicable
CUST006843,False,,Not Applicable
CUST006844,False,,Not Applicable
CUST006845,False,,Not Applicable
CUST006846,False,,Not Applicable
CUST006847,False,,Not Applicable
CUST006848,False,,Not Applicable
CUST006849,False,,Not Applicable
CUST006850,False,,Not Applicable
CUST006853,False,,Not Applicable
CUST006854,False,,Not Applicable
CUST006855,False,,Not Applicable
CUST006856,False,,Not Applicable
CUST006857,False,,Not Applicable
CUST006858,False,,Not Applicable
CUST006860,False,,Not Applicable
CUST006861,False,,Not Applicable
CUST006862,False,,Not Applicable
CUST006863,False,,Not Applicable
CUST006864,False,,Not Applicable
CUST006865,False,,Not Applicable
CUST006866,False,,Not Applicable
CUST006867,False,,Not Applicable
CUST006869,False,,Not Applicable
CUST006870,False,,Not Applicable
CUST006871,False,,Not Applicable
CUST006872,False,,Not Applicable
CUST006873,False,,Not Applicable
CUST006875,False,,Not Applicable
CUST006876,False,,Not Applicable
CUST006877,False,,Not Applicable
CUST006878,False,,Not Applicable
CUST006879,False,,Not Applicable
CUST006881,False,,Not Applicable
CUST006882,False,,Not Applicable
CUST006883,False,,Not Applicable
CUST006885,False,,Not Applicable
CUST006886,False,,Not Applicable
CUST006887,False,,Not Applicable
CUST006888,False,,Not Applicable
CUST006890,False,,Not Applicable
CUST006891,False,,Not Applicable
CUST006892,False,,Not Applicable
CUST006894,False,,Not Applicable
CUST006895,False,,Not Applicable
CUST006896,False,,Not Applicable
CUST006897,False,,Not Applicable
CUST006898,False,,Not Applicable
CUST006899,False,,Not Applicable
CUST006900,False,,Not Applicable
CUST006902,False,,Not Applicable
CUST006906,False,,Not Applicable
CUST006907,False,,Not Applicable
CUST006908,False,,Not Applicable
CUST006911,False,,Not Applicable
CUST006912,False,,Not Applicable
CUST006914,False,,Not Applicable
CUST006915,False,,Not Applicable
CUST006916,False,,Not Applicable
CUST006918,False,,Not Applicable
CUST006920,False,,Not Applicable
CUST006921,False,,Not Applicable
CUST006922,False,,Not Applicable
CUST006923,False,,Not Applicable
CUST006924,False,,Not Applicable
CUST006926,False,,Not Applicable
CUST006928,False,,Not Applicable
CUST006929,False,,Not Applicable
CUST006930,False,,Not Applicable
CUST006931,False,,Not Applicable
CUST006932,False,,Not Applicable
CUST006933,False,,Not Applicable
CUST006935,False,,Not Applicable
CUST006936,False,,Not Applicable
CUST006937,False,,Not Applicable
CUST006938,False,,Not Applicable
CUST006939,False,,Not Applicable
CUST006942,False,,Not Applicable
CUST006944,False,,Not Applicable
CUST006950,False,,Not Applicable
CUST006951,False,,Not Applicable
CUST006952,False,,Not Applicable
CUST006954,False,,Not Applicable
CUST006955,False,,Not Applicable
CUST006958,False,,Not Applicable
CUST006959,False,,Not Applicable
CUST006960,False,,Not Applicable
CUST006961,False,,Not Applicable
CUST006962,False,,Not Applicable
CUST006963,False,,Not Applicable
CUST006964,False,,Not Applicable
CUST006966,False,,Not Applicable
CUST006968,False,,Not Applicable
CUST006969,False,,Not Applicable
CUST006970,False,,Not Applicable
CUST006972,False,,Not Applicable
CUST006973,False,,Not Applicable
CUST006974,False,,Not Applicable
CUST006975,False,,Not Applicable
CUST006976,False,,Not Applicable
CUST006977,False,,Not Applicable
CUST006978,False,,Not Applicable
CUST006979,False,,Not Applicable
CUST006980,False,,Not Applicable
CUST006981,False,,Not Applicable
CUST006983,False,,Not Applicable
CUST006984,False,,Not Applicable
CUST006985,False,,Not Applicable
CUST006986,False,,Not Applicable
CUST006987,False,,Not Applicable
CUST006988,False,,Not Applicable
CUST006992,False,,Not Applicable
CUST006993,False,,Not Applicable
CUST006994,False,,Not Applicable
CUST006995,False,,Not Applicable
CUST006996,False,,Not Applicable
CUST006997,False,,Not Applicable
CUST006998,False,,Not Applicable
CUST006999,False,,Not Applicable
CUST007000,False,,Not Applicable
CUST007001,False,,Not Applicable
CUST007002,False,,Not Applicable
CUST007003,False,,Not Applicable
CUST007005,False,,Not Applicable
CUST007006,False,,Not Applicable
CUST007007,False,,Not Applicable
CUST007008,False,,Not Applicable
CUST007009,False,,Not Applicable
CUST007010,False,,Not Applicable
CUST007011,False,,Not Applicable
CUST007012,False,,Not Applicable
CUST007017,False,,Not Applicable
CUST007018,False,,Not Applicable
CUST007019,False,,Not Applicable
CUST007020,False,,Not Applicable
CUST007022,False,,Not Applicable
CUST007023,False,,Not Applicable
CUST007024,False,,Not Applicable
CUST007025,False,,Not Applicable
CUST007026,False,,Not Applicable
CUST007027,False,,Not Applicable
CUST007028,False,,Not Applicable
CUST007029,False,,Not Applicable
CUST007030,False,,Not Applicable
CUST007032,False,,Not Applicable
CUST007033,False,,Not Applicable
CUST007035,False,,Not Applicable
CUST007036,False,,Not Applicable
CUST007037,False,,Not Applicable
CUST007038,False,,Not Applicable
CUST007039,False,,Not Applicable
CUST007040,False,,Not Applicable
CUST007042,False,,Not Applicable
CUST007047,False,,Not Applicable
CUST007049,False,,Not Applicable
CUST007051,False,,Not Applicable
CUST007054,False,,Not Applicable
CUST007055,False,,Not Applicable
CUST007056,False,,Not Applicable
CUST007058,False,,Not Applicable
CUST007059,False,,Not Applicable
CUST007060,False,,Not Applicable
CUST007061,False,,Not Applicable
CUST007062,False,,Not Applicable
CUST007063,False,,Not Applicable
CUST007064,False,,Not Applicable
CUST007065,False,,Not Applicable
CUST007066,False,,Not Applicable
CUST007067,False,,Not Applicable
CUST007069,False,,Not Applicable
CUST007070,False,,Not Applicable
CUST007071,False,,Not Applicable
CUST007072,False,,Not Applicable
CUST007073,False,,Not Applicable
CUST007074,False,,Not Applicable
CUST007075,False,,Not Applicable
CUST007076,False,,Not Applicable
CUST007077,False,,Not Applicable
CUST007078,False,,Not Applicable
CUST007079,False,,Not Applicable
CUST007080,False,,Not Applicable
CUST007082,False,,Not Applicable
CUST007083,False,,Not Applicable
CUST007084,False,,Not Applicable
CUST007085,False,,Not Applicable
CUST007086,False,,Not Applicable
CUST007087,False,,Not Applicable
CUST007088,False,,Not Applicable
CUST007089,False,,Not Applicable
CUST007090,False,,Not Applicable
CUST007091,False,,Not Applicable
CUST007093,False,,Not Applicable
CUST007095,False,,Not Applicable
CUST007096,False,,Not Applicable
CUST007097,False,,Not Applicable
CUST007098,False,,Not Applicable
CUST007100,False,,Not Applicable
CUST007101,False,,Not Applicable
CUST007102,False,,Not Applicable
CUST007103,False,,Not Applicable
CUST007105,False,,Not Applicable
CUST007107,False,,Not Applicable
CUST007108,False,,Not Applicable
CUST007110,False,,Not Applicable
CUST007111,False,,Not Applicable
CUST007113,False,,Not Applicable
CUST007115,False,,Not Applicable
CUST007116,False,,Not Applicable
CUST007117,False,,Not Applicable
CUST007118,False,,Not Applicable
CUST007120,False,,Not Applicable
CUST007121,False,,Not Applicable
CUST007122,False,,Not Applicable
CUST007123,False,,Not Applicable
CUST007125,False,,Not Applicable
CUST007127,False,,Not Applicable
CUST007128,False,,Not Applicable
CUST007129,False,,Not Applicable
CUST007130,False,,Not Applicable
CUST007132,False,,Not Applicable
CUST007134,False,,Not Applicable
CUST007135,False,,Not Applicable
CUST007138,False,,Not Applicable
CUST007139,False,,Not Applicable
CUST007140,False,,Not Applicable
CUST007141,False,,Not Applicable
CUST007142,False,,Not Applicable
CUST007143,False,,Not Applicable
CUST007144,False,,Not Applicable
CUST007145,False,,Not Applicable
CUST007146,False,,Not Applicable
CUST007147,False,,Not Applicable
CUST007150,False,,Not Applicable
CUST007151,False,,Not Applicable
CUST007152,False,,Not Applicable
CUST007154,False,,Not Applicable
CUST007155,False,,Not Applicable
CUST007156,False,,Not Applicable
CUST007158,False,,Not Applicable
CUST007161,False,,Not Applicable
CUST007162,False,,Not Applicable
CUST007163,False,,Not Applicable
CUST007164,False,,Not Applicable
CUST007165,False,,Not Applicable
CUST007166,False,,Not Applicable
CUST007167,False,,Not Applicable
CUST007169,False,,Not Applicable
CUST007171,False,,Not Applicable
CUST007172,False,,Not Applicable
CUST007173,False,,Not Applicable
CUST007174,False,,Not Applicable
CUST007175,False,,Not Applicable
CUST007177,False,,Not Applicable
CUST007178,False,,Not Applicable
CUST007179,False,,Not Applicable
CUST007180,False,,Not Applicable
CUST007181,False,,Not Applicable
CUST007182,False,,Not Applicable
CUST007183,False,,Not Applicable
CUST007184,False,,Not Applicable
CUST007185,False,,Not Applicable
CUST007187,False,,Not Applicable
CUST007189,False,,Not Applicable
CUST007191,False,,Not Applicable
CUST007192,False,,Not Applicable
CUST007193,False,,Not Applicable
CUST007194,False,,Not Applicable
CUST007195,False,,Not Applicable
CUST007197,False,,Not Applicable
CUST007198,False,,Not Applicable
CUST007199,False,,Not Applicable
CUST007201,False,,Not Applicable
CUST007204,False,,Not Applicable
CUST007206,False,,Not Applicable
CUST007207,False,,Not Applicable
CUST007209,False,,Not Applicable
CUST007210,False,,Not Applicable
CUST007211,False,,Not Applicable
CUST007212,False,,Not Applicable
CUST007213,False,,Not Applicable
CUST007215,False,,Not Applicable
CUST007216,False,,Not Applicable
CUST007217,False,,Not Applicable
CUST007218,False,,Not Applicable
CUST007219,False,,Not Applicable
CUST007222,False,,Not Applicable
CUST007223,False,,Not Applicable
CUST007225,False,,Not Applicable
CUST007227,False,,Not Applicable
CUST007228,False,,Not Applicable
CUST007229,False,,Not Applicable
CUST007230,False,,Not Applicable
CUST007231,False,,Not Applicable
CUST007232,False,,Not Applicable
CUST007233,False,,Not Applicable
CUST007234,False,,Not Applicable
CUST007235,False,,Not Applicable
CUST007237,False,,Not Applicable
CUST007238,False,,Not Applicable
CUST007239,False,,Not Applicable
CUST007241,False,,Not Applicable
CUST007244,False,,Not Applicable
CUST007246,False,,Not Applicable
CUST007247,False,,Not Applicable
CUST007249,False,,Not Applicable
CUST007250,False,,Not Applicable
CUST007252,False,,Not Applicable
CUST007254,False,,Not Applicable
CUST007255,False,,Not Applicable
CUST007256,False,,Not Applicable
CUST007257,False,,Not Applicable
CUST007258,False,,Not Applicable
CUST007259,False,,Not Applicable
CUST007260,False,,Not Applicable
CUST007261,False,,Not Applicable
CUST007262,False,,Not Applicable
CUST007263,False,,Not Applicable
CUST007264,False,,Not Applicable
CUST007265,False,,Not Applicable
CUST007266,False,,Not Applicable
CUST007267,False,,Not Applicable
CUST007268,False,,Not Applicable
CUST007270,False,,Not Applicable
CUST007272,False,,Not Applicable
CUST007274,False,,Not Applicable
CUST007276,False,,Not Applicable
CUST007277,False,,Not Applicable
CUST007278,False,,Not Applicable
CUST007279,False,,Not Applicable
CUST007280,False,,Not Applicable
CUST007281,False,,Not Applicable
CUST007282,False,,Not Applicable
CUST007284,False,,Not Applicable
CUST007285,False,,Not Applicable
CUST007286,False,,Not Applicable
CUST007287,False,,Not Applicable
CUST007288,False,,Not Applicable
CUST007289,False,,Not Applicable
CUST007290,False,,Not Applicable
CUST007291,False,,Not Applicable
CUST007292,False,,Not Applicable
CUST007294,False,,Not Applicable
CUST007295,False,,Not Applicable
CUST007296,False,,Not Applicable
CUST007297,False,,Not Applicable
CUST007298,False,,Not Applicable
CUST007299,False,,Not Applicable
CUST007300,False,,Not Applicable
CUST007301,False,,Not Applicable
CUST007302,False,,Not Applicable
CUST007303,False,,Not Applicable
CUST007304,False,,Not Applicable
CUST007305,False,,Not Applicable
CUST007311,False,,Not Applicable
CUST007312,False,,Not Applicable
CUST007313,False,,Not Applicable
CUST007315,False,,Not Applicable
CUST007317,False,,Not Applicable
CUST007319,False,,Not Applicable
CUST007321,False,,Not Applicable
CUST007324,False,,Not Applicable
CUST007325,False,,Not Applicable
CUST007326,False,,Not Applicable
CUST007327,False,,Not Applicable
CUST007328,False,,Not Applicable
CUST007329,False,,Not Applicable
CUST007330,False,,Not Applicable
CUST007331,False,,Not Applicable
CUST007332,False,,Not Applicable
CUST007333,False,,Not Applicable
CUST007334,False,,Not Applicable
CUST007335,False,,Not Applicable
CUST007336,False,,Not Applicable
CUST007337,False,,Not Applicable
CUST007338,False,,Not Applicable
CUST007339,False,,Not Applicable
CUST007340,False,,Not Applicable
CUST007342,False,,Not Applicable
CUST007343,False,,Not Applicable
CUST007345,False,,Not Applicable
CUST007346,False,,Not Applicable
CUST007347,False,,Not Applicable
CUST007348,False,,Not Applicable
CUST007349,False,,Not Applicable
CUST007350,False,,Not Applicable
CUST007351,False,,Not Applicable
CUST007352,False,,Not Applicable
CUST007353,False,,Not Applicable
CUST007354,False,,Not Applicable
CUST007355,False,,Not Applicable
CUST007356,False,,Not Applicable
CUST007357,False,,Not Applicable
CUST007359,False,,Not Applicable
CUST007360,False,,Not Applicable
CUST007363,False,,Not Applicable
CUST007364,False,,Not Applicable
CUST007365,False,,Not Applicable
CUST007366,False,,Not Applicable
CUST007367,False,,Not Applicable
CUST007368,False,,Not Applicable
CUST007369,False,,Not Applicable
CUST007370,False,,Not Applicable
CUST007371,False,,Not Applicable
CUST007372,False,,Not Applicable
CUST007373,False,,Not Applicable
CUST007374,False,,Not Applicable
CUST007375,False,,Not Applicable
CUST007376,False,,Not Applicable
CUST007377,False,,Not Applicable
CUST007378,False,,Not Applicable
CUST007383,False,,Not Applicable
CUST007384,False,,Not Applicable
CUST007385,False,,Not Applicable
CUST007386,False,,Not Applicable
CUST007387,False,,Not Applicable
CUST007388,False,,Not Applicable
CUST007389,False,,Not Applicable
CUST007390,False,,Not Applicable
CUST007392,False,,Not Applicable
CUST007393,False,,Not Applicable
CUST007394,False,,Not Applicable
CUST007395,False,,Not Applicable
CUST007396,False,,Not Applicable
CUST007397,False,,Not Applicable
CUST007398,False,,Not Applicable
CUST007400,False,,Not Applicable
CUST007402,False,,Not Applicable
CUST007403,False,,Not Applicable
CUST007405,False,,Not Applicable
CUST007408,False,,Not Applicable
CUST007410,False,,Not Applicable
CUST007411,False,,Not Applicable
CUST007412,False,,Not Applicable
CUST007413,False,,Not Applicable
CUST007414,False,,Not Applicable
CUST007415,False,,Not Applicable
CUST007416,False,,Not Applicable
CUST007417,False,,Not Applicable
CUST007418,False,,Not Applicable
CUST007419,False,,Not Applicable
CUST007421,False,,Not Applicable
CUST007422,False,,Not Applicable
CUST007423,False,,Not Applicable
CUST007426,False,,Not Applicable
CUST007427,False,,Not Applicable
CUST007428,False,,Not Applicable
CUST007429,False,,Not Applicable
CUST007431,False,,Not Applicable
CUST007432,False,,Not Applicable
CUST007433,False,,Not Applicable
CUST007434,False,,Not Applicable
CUST007435,False,,Not Applicable
CUST007436,False,,Not Applicable
CUST007437,False,,Not Applicable
CUST007439,False,,Not Applicable
CUST007440,False,,Not Applicable
CUST007442,False,,Not Applicable
CUST007446,False,,Not Applicable
CUST007447,False,,Not Applicable
CUST007448,False,,Not Applicable
CUST007449,False,,Not Applicable
CUST007450,False,,Not Applicable
CUST007451,False,,Not Applicable
CUST007453,False,,Not Applicable
CUST007454,False,,Not Applicable
CUST007456,False,,Not Applicable
CUST007458,False,,Not Applicable
CUST007459,False,,Not Applicable
CUST007460,False,,Not Applicable
CUST007461,False,,Not Applicable
CUST007462,False,,Not Applicable
CUST007465,False,,Not Applicable
CUST007466,False,,Not Applicable
CUST007467,False,,Not Applicable
CUST007468,False,,Not Applicable
CUST007471,False,,Not Applicable
CUST007472,False,,Not Applicable
CUST007473,False,,Not Applicable
CUST007474,False,,Not Applicable
CUST007477,False,,Not Applicable
CUST007478,False,,Not Applicable
CUST007480,False,,Not Applicable
CUST007481,False,,Not Applicable
CUST007482,False,,Not Applicable
CUST007483,False,,Not Applicable
CUST007484,False,,Not Applicable
CUST007486,False,,Not Applicable
CUST007487,False,,Not Applicable
CUST007488,False,,Not Applicable
CUST007489,False,,Not Applicable
CUST007490,False,,Not Applicable
CUST007491,False,,Not Applicable
CUST007492,False,,Not Applicable
CUST007495,False,,Not Applicable
CUST007496,False,,Not Applicable
CUST007497,False,,Not Applicable
CUST007498,False,,Not Applicable
CUST007499,False,,Not Applicable
CUST007501,False,,Not Applicable
CUST007502,False,,Not Applicable
CUST007503,False,,Not Applicable
CUST007504,False,,Not Applicable
CUST007506,False,,Not Applicable
CUST007508,False,,Not Applicable
CUST007512,False,,Not Applicable
CUST007513,False,,Not Applicable
CUST007515,False,,Not Applicable
CUST007516,False,,Not Applicable
CUST007517,False,,Not Applicable
CUST007518,False,,Not Applicable
CUST007520,False,,Not Applicable
CUST007522,False,,Not Applicable
CUST007523,False,,Not Applicable
CUST007524,False,,Not Applicable
CUST007525,False,,Not Applicable
CUST007526,False,,Not Applicable
CUST007527,False,,Not Applicable
CUST007528,False,,Not Applicable
CUST007529,False,,Not Applicable
CUST007531,False,,Not Applicable
CUST007533,False,,Not Applicable
CUST007534,False,,Not Applicable
CUST007535,False,,Not Applicable
CUST007536,False,,Not Applicable
CUST007537,False,,Not Applicable
CUST007538,False,,Not Applicable
CUST007539,False,,Not Applicable
CUST007540,False,,Not Applicable
CUST007541,False,,Not Applicable
CUST007542,False,,Not Applicable
CUST007543,False,,Not Applicable
CUST007544,False,,Not Applicable
CUST007546,False,,Not Applicable
CUST007547,False,,Not Applicable
CUST007548,False,,Not Applicable
CUST007549,False,,Not Applicable
CUST007551,False,,Not Applicable
CUST007555,False,,Not Applicable
CUST007556,False,,Not Applicable
CUST007557,False,,Not Applicable
CUST007558,False,,Not Applicable
CUST007560,False,,Not Applicable
CUST007562,False,,Not Applicable
CUST007563,False,,Not Applicable
CUST007565,False,,Not Applicable
CUST007566,False,,Not Applicable
CUST007568,False,,Not Applicable
CUST007570,False,,Not Applicable
CUST007571,False,,Not Applicable
CUST007572,False,,Not Applicable
CUST007573,False,,Not Applicable
CUST007575,False,,Not Applicable
CUST007577,False,,Not Applicable
CUST007578,False,,Not Applicable
CUST007579,False,,Not Applicable
CUST007580,False,,Not Applicable
CUST007582,False,,Not Applicable
CUST007584,False,,Not Applicable
CUST007585,False,,Not Applicable
CUST007587,False,,Not Applicable
CUST007588,False,,Not Applicable
CUST007589,False,,Not Applicable
CUST007594,False,,Not Applicable
CUST007595,False,,Not Applicable
CUST007598,False,,Not Applicable
CUST007599,False,,Not Applicable
CUST007600,False,,Not Applicable
CUST007601,False,,Not Applicable
CUST007602,False,,Not Applicable
CUST007603,False,,Not Applicable
CUST007604,False,,Not Applicable
CUST007605,False,,Not Applicable
CUST007606,False,,Not Applicable
CUST007607,False,,Not Applicable
CUST007609,False,,Not Applicable
CUST007610,False,,Not Applicable
CUST007611,False,,Not Applicable
CUST007612,False,,Not Applicable
CUST007616,False,,Not Applicable
CUST007617,False,,Not Applicable
CUST007618,False,,Not Applicable
CUST007619,False,,Not Applicable
CUST007623,False,,Not Applicable
CUST007624,False,,Not Applicable
CUST007627,False,,Not Applicable
CUST007628,False,,Not Applicable
CUST007629,False,,Not Applicable
CUST007630,False,,Not Applicable
CUST007631,False,,Not Applicable
CUST007632,False,,Not Applicable
CUST007633,False,,Not Applicable
CUST007634,False,,Not Applicable
CUST007636,False,,Not Applicable
CUST007638,False,,Not Applicable
CUST007639,False,,Not Applicable
CUST007640,False,,Not Applicable
CUST007642,False,,Not Applicable
CUST007643,False,,Not Applicable
CUST007644,False,,Not Applicable
CUST007645,False,,Not Applicable
CUST007648,False,,Not Applicable
CUST007650,False,,Not Applicable
CUST007651,False,,Not Applicable
CUST007652,False,,Not Applicable
CUST007653,False,,Not Applicable
CUST007654,False,,Not Applicable
CUST007655,False,,Not Applicable
CUST007661,False,,Not Applicable
CUST007662,False,,Not Applicable
CUST007663,False,,Not Applicable
CUST007664,False,,Not Applicable
CUST007665,False,,Not Applicable
CUST007666,False,,Not Applicable
CUST007667,False,,Not Applicable
CUST007668,False,,Not Applicable
CUST007670,False,,Not Applicable
CUST007672,False,,Not Applicable
CUST007674,False,,Not Applicable
CUST007675,False,,Not Applicable
CUST007676,False,,Not Applicable
CUST007677,False,,Not Applicable
CUST007678,False,,Not Applicable
CUST007680,False,,Not Applicable
CUST007681,False,,Not Applicable
CUST007682,False,,Not Applicable
CUST007683,False,,Not Applicable
CUST007684,False,,Not Applicable
CUST007685,False,,Not Applicable
CUST007687,False,,Not Applicable
CUST007688,False,,Not Applicable
CUST007690,False,,Not Applicable
CUST007691,False,,Not Applicable
CUST007692,False,,Not Applicable
CUST007693,False,,Not Applicable
CUST007694,False,,Not Applicable
CUST007697,False,,Not Applicable
CUST007699,False,,Not Applicable
CUST007700,False,,Not Applicable
CUST007701,False,,Not Applicable
CUST007702,False,,Not Applicable
CUST007703,False,,Not Applicable
CUST007704,False,,Not Applicable
CUST007706,False,,Not Applicable
CUST007707,False,,Not Applicable
CUST007709,False,,Not Applicable
CUST007710,False,,Not Applicable
CUST007711,False,,Not Applicable
CUST007712,False,,Not Applicable
CUST007713,False,,Not Applicable
CUST007714,False,,Not Applicable
CUST007718,False,,Not Applicable
CUST007719,False,,Not Applicable
CUST007720,False,,Not Applicable
CUST007721,False,,Not Applicable
CUST007722,False,,Not Applicable
CUST007723,False,,Not Applicable
CUST007724,False,,Not Applicable
CUST007725,False,,Not Applicable
CUST007726,False,,Not Applicable
CUST007728,False,,Not Applicable
CUST007729,False,,Not Applicable
CUST007730,False,,Not Applicable
CUST007731,False,,Not Applicable
CUST007732,False,,Not Applicable
CUST007734,False,,Not Applicable
CUST007736,False,,Not Applicable
CUST007737,False,,Not Applicable
CUST007738,False,,Not Applicable
CUST007739,False,,Not Applicable
CUST007740,False,,Not Applicable
CUST007741,False,,Not Applicable
CUST007742,False,,Not Applicable
CUST007743,False,,Not Applicable
CUST007744,False,,Not Applicable
CUST007745,False,,Not Applicable
CUST007746,False,,Not Applicable
CUST007747,False,,Not Applicable
CUST007748,False,,Not Applicable
CUST007749,False,,Not Applicable
CUST007750,False,,Not Applicable
CUST007751,False,,Not Applicable
CUST007752,False,,Not Applicable
CUST007753,False,,Not Applicable
CUST007754,False,,Not Applicable
CUST007757,False,,Not Applicable
CUST007758,False,,Not Applicable
CUST007759,False,,Not Applicable
CUST007761,False,,Not Applicable
CUST007762,False,,Not Applicable
CUST007763,False,,Not Applicable
CUST007765,False,,Not Applicable
CUST007766,False,,Not Applicable
CUST007767,False,,Not Applicable
CUST007768,False,,Not Applicable
CUST007769,False,,Not Applicable
CUST007770,False,,Not Applicable
CUST007771,False,,Not Applicable
CUST007772,False,,Not Applicable
CUST007774,False,,Not Applicable
CUST007775,False,,Not Applicable
CUST007776,False,,Not Applicable
CUST007777,False,,Not Applicable
CUST007778,False,,Not Applicable
CUST007779,False,,Not Applicable
CUST007780,False,,Not Applicable
CUST007782,False,,Not Applicable
CUST007783,False,,Not Applicable
CUST007784,False,,Not Applicable
CUST007785,False,,Not Applicable
CUST007786,False,,Not Applicable
CUST007787,False,,Not Applicable
CUST007788,False,,Not Applicable
CUST007789,False,,Not Applicable
CUST007790,False,,Not Applicable
CUST007791,False,,Not Applicable
CUST007792,False,,Not Applicable
CUST007793,False,,Not Applicable
CUST007794,False,,Not Applicable
CUST007796,False,,Not Applicable
CUST007797,False,,Not Applicable
CUST007798,False,,Not Applicable
CUST007799,False,,Not Applicable
CUST007801,False,,Not Applicable
CUST007802,False,,Not Applicable
CUST007803,False,,Not Applicable
CUST007804,False,,Not Applicable
CUST007805,False,,Not Applicable
CUST007808,False,,Not Applicable
CUST007809,False,,Not Applicable
CUST007810,False,,Not Applicable
CUST007811,False,,Not Applicable
CUST007812,False,,Not Applicable
CUST007813,False,,Not Applicable
CUST007814,False,,Not Applicable
CUST007815,False,,Not Applicable
CUST007816,False,,Not Applicable
CUST007818,False,,Not Applicable
CUST007819,False,,Not Applicable
CUST007820,False,,Not Applicable
CUST007821,False,,Not Applicable
CUST007822,False,,Not Applicable
CUST007823,False,,Not Applicable
CUST007825,False,,Not Applicable
CUST007826,False,,Not Applicable
CUST007827,False,,Not Applicable
CUST007830,False,,Not Applicable
CUST007831,False,,Not Applicable
CUST007833,False,,Not Applicable
CUST007834,False,,Not Applicable
CUST007835,False,,Not Applicable
CUST007836,False,,Not Applicable
CUST007837,False,,Not Applicable
CUST007838,False,,Not Applicable
CUST007839,False,,Not Applicable
CUST007840,False,,Not Applicable
CUST007841,False,,Not Applicable
CUST007842,False,,Not Applicable
CUST007844,False,,Not Applicable
CUST007845,False,,Not Applicable
CUST007846,False,,Not Applicable
CUST007847,False,,Not Applicable
CUST007848,False,,Not Applicable
CUST007849,False,,Not Applicable
CUST007850,False,,Not Applicable
CUST007852,False,,Not Applicable
CUST007853,False,,Not Applicable
CUST007854,False,,Not Applicable
CUST007855,False,,Not Applicable
CUST007856,False,,Not Applicable
CUST007857,False,,Not Applicable
CUST007859,False,,Not Applicable
CUST007860,False,,Not Applicable
CUST007861,False,,Not Applicable
CUST007862,False,,Not Applicable
CUST007865,False,,Not Applicable
CUST007866,False,,Not Applicable
CUST007871,False,,Not Applicable
CUST007872,False,,Not Applicable
CUST007874,False,,Not Applicable
CUST007875,False,,Not Applicable
CUST007876,False,,Not Applicable
CUST007877,False,,Not Applicable
CUST007878,False,,Not Applicable
CUST007879,False,,Not Applicable
CUST007880,False,,Not Applicable
CUST007881,False,,Not Applicable
CUST007882,False,,Not Applicable
CUST007883,False,,Not Applicable
CUST007885,False,,Not Applicable
CUST007886,False,,Not Applicable
CUST007888,False,,Not Applicable
CUST007891,False,,Not Applicable
CUST007892,False,,Not Applicable
CUST007894,False,,Not Applicable
CUST007895,False,,Not Applicable
CUST007896,False,,Not Applicable
CUST007897,False,,Not Applicable
CUST007898,False,,Not Applicable
CUST007899,False,,Not Applicable
CUST007900,False,,Not Applicable
CUST007901,False,,Not Applicable
CUST007902,False,,Not Applicable
CUST007903,False,,Not Applicable
CUST007904,False,,Not Applicable
CUST007905,False,,Not Applicable
CUST007906,False,,Not Applicable
CUST007907,False,,Not Applicable
CUST007908,False,,Not Applicable
CUST007909,False,,Not Applicable
CUST007910,False,,Not Applicable
CUST007912,False,,Not Applicable
CUST007913,False,,Not Applicable
CUST007915,False,,Not Applicable
CUST007916,False,,Not Applicable
CUST007917,False,,Not Applicable
CUST007918,False,,Not Applicable
CUST007920,False,,Not Applicable
CUST007921,False,,Not Applicable
CUST007923,False,,Not Applicable
CUST007924,False,,Not Applicable
CUST007925,False,,Not Applicable
CUST007926,False,,Not Applicable
CUST007927,False,,Not Applicable
CUST007928,False,,Not Applicable
CUST007929,False,,Not Applicable
CUST007930,False,,Not Applicable
CUST007931,False,,Not Applicable
CUST007932,False,,Not Applicable
CUST007933,False,,Not Applicable
CUST007934,False,,Not Applicable
CUST007935,False,,Not Applicable
CUST007938,False,,Not Applicable
CUST007939,False,,Not Applicable
CUST007940,False,,Not Applicable
CUST007941,False,,Not Applicable
CUST007942,False,,Not Applicable
CUST007944,False,,Not Applicable
CUST007945,False,,Not Applicable
CUST007947,False,,Not Applicable
CUST007949,False,,Not Applicable
CUST007950,False,,Not Applicable
CUST007953,False,,Not Applicable
CUST007955,False,,Not Applicable
CUST007956,False,,Not Applicable
CUST007957,False,,Not Applicable
CUST007959,False,,Not Applicable
CUST007960,False,,Not Applicable
CUST007961,False,,Not Applicable
CUST007962,False,,Not Applicable
CUST007964,False,,Not Applicable
CUST007966,False,,Not Applicable
CUST007968,False,,Not Applicable
CUST007969,False,,Not Applicable
CUST007970,False,,Not Applicable
CUST007971,False,,Not Applicable
CUST007972,False,,Not Applicable
CUST007973,False,,Not Applicable
CUST007975,False,,Not Applicable
CUST007976,False,,Not Applicable
CUST007977,False,,Not Applicable
CUST007978,False,,Not Applicable
CUST007979,False,,Not Applicable
CUST007980,False,,Not Applicable
CUST007981,False,,Not Applicable
CUST007982,False,,Not Applicable
CUST007984,False,,Not Applicable
CUST007985,False,,Not Applicable
CUST007986,False,,Not Applicable
CUST007988,False,,Not Applicable
CUST007992,False,,Not Applicable
CUST007996,False,,Not Applicable
CUST007997,False,,Not Applicable
CUST007998,False,,Not Applicable
CUST007999,False,,Not Applicable
CUST008000,False,,Not Applicable
