customer_id,session_count,total_watch_duration_minutes,mean_completion_percentage,distinct_device_count
CUST000001,5,226.0,77.2,3
CUST000002,5,206.0,65.6,3
CUST000003,2,84.0,76.5,1
CUST000004,8,471.0,63.75,5
CUST000005,10,397.0,70.0,5
CUST000006,8,422.0,68.75,5
CUST000007,7,407.0,76.71428571428571,4
CUST000008,11,474.0,59.81818181818182,3
CUST000009,11,622.0,73.72727272727273,4
CUST000010,12,511.0,80.33333333333333,6
CUST000011,7,362.0,66.28571428571429,5
CUST000012,11,617.0,81.45454545454545,6
CUST000013,1,50.0,62.0,1
CUST000014,4,141.0,70.25,2
CUST000015,12,492.0,68.91666666666667,4
CUST000016,1,20.0,57.0,1
CUST000017,3,200.0,100.0,2
CUST000018,10,455.0,76.9,4
CUST000019,1,9.0,94.0,1
CUST000020,11,617.0,68.0909090909091,5
CUST000021,18,693.0,74.27777777777777,5
CUST000022,10,379.0,72.5,3
CUST000023,10,547.0,72.4,4
CUST000024,11,576.0,68.0909090909091,5
CUST000025,5,231.0,78.0,2
CUST000026,7,308.0,73.0,3
CUST000027,8,466.0,74.625,4
CUST000028,7,466.5,80.71428571428571,5
CUST000029,8,512.0,66.5,4
CUST000030,7,293.0,75.71428571428571,4
CUST000031,5,224.0,69.8,3
CUST000032,16,723.0,70.25,5
CUST000033,12,542.0,69.58333333333333,5
CUST000034,4,166.0,56.25,2
CUST000035,10,464.0,79.9,5
CUST000036,8,435.0,69.625,4
CUST000037,10,486.0,66.2,4
CUST000038,10,492.0,84.9,3
CUST000039,3,188.0,66.0,3
CUST000040,14,536.0,81.57142857142857,4
CUST000041,10,524.0,73.2,3
CUST000042,6,281.0,77.16666666666667,3
CUST000043,8,404.0,73.25,4
CUST000044,10,511.0,64.0,3
CUST000045,7,369.0,83.0,5
CUST000046,1,61.0,90.0,1
CUST000047,8,378.0,69.25,4
CUST000048,11,661.0,73.9090909090909,5
CUST000049,7,370.0,84.28571428571429,5
CUST000050,11,522.0,61.0,3
CUST000051,8,340.0,82.5,3
CUST000052,13,610.0,76.46153846153847,5
CUST000053,7,518.0,62.857142857142854,4
CUST000054,5,226.0,61.0,3
CUST000055,9,369.0,73.0,5
CUST000056,9,314.0,71.77777777777777,2
CUST000057,11,396.0,79.36363636363636,3
CUST000058,4,204.0,87.25,4
CUST000059,4,218.0,74.75,3
CUST000060,6,267.0,66.0,5
CUST000061,2,37.0,64.0,2
CUST000062,7,354.5,74.28571428571429,4
CUST000063,9,471.0,68.44444444444444,3
CUST000064,11,677.0,64.36363636363636,3
CUST000065,12,518.0,74.25,4
CUST000066,2,37.0,57.0,2
CUST000067,17,690.0,77.6470588235294,4
CUST000068,12,558.0,64.66666666666667,4
CUST000069,13,579.0,80.92307692307692,4
CUST000070,11,601.0,67.18181818181819,5
CUST000071,10,476.0,75.0,3
CUST000072,1,44.0,83.0,1
CUST000073,10,567.0,61.8,4
CUST000074,9,522.0,64.66666666666667,5
CUST000075,7,301.0,67.85714285714286,3
CUST000076,4,246.0,63.25,2
CUST000077,8,428.0,64.5,3
CUST000078,10,463.0,71.1,3
CUST000079,9,369.0,72.0,4
CUST000080,7,307.0,62.857142857142854,4
CUST000081,8,334.0,65.125,3
CUST000082,13,683.0,74.76923076923077,5
CUST000083,11,544.0,75.54545454545455,5
CUST000084,10,481.0,65.3,6
CUST000085,2,123.0,75.0,2
CUST000086,10,338.0,63.5,5
CUST000087,12,658.0,68.08333333333333,4
CUST000088,12,479.0,72.83333333333333,5
CUST000089,10,449.0,73.3,5
CUST000090,8,373.0,79.875,5
CUST000091,8,510.0,71.25,4
CUST000092,10,408.0,69.3,4
CUST000093,10,385.5,61.5,4
CUST000094,8,399.0,69.0,4
CUST000095,10,459.0,66.0,3
CUST000096,7,354.0,64.28571428571429,2
CUST000097,5,277.0,66.6,4
CUST000098,10,601.0,70.8,5
CUST000099,11,625.0,72.9090909090909,5
CUST000100,12,461.0,81.91666666666667,3
CUST000101,9,427.0,64.11111111111111,4
CUST000102,5,230.0,66.0,3
CUST000103,9,467.0,63.44444444444444,4
CUST000104,5,233.0,82.0,2
CUST000105,3,94.0,83.33333333333333,2
CUST000106,8,398.0,70.0,5
CUST000107,7,291.0,74.57142857142857,3
CUST000108,11,471.0,72.0909090909091,6
CUST000109,7,342.0,76.57142857142857,3
CUST000110,1,34.0,68.0,1
CUST000111,7,355.0,69.42857142857143,5
CUST000112,7,282.0,86.85714285714286,4
CUST000113,11,447.0,71.81818181818181,4
CUST000114,9,358.0,59.333333333333336,3
CUST000115,11,403.0,73.54545454545455,4
CUST000116,8,332.0,65.875,4
CUST000117,11,591.0,77.54545454545455,4
CUST000118,9,328.0,72.88888888888889,5
CUST000119,10,434.0,67.1,4
CUST000120,12,747.0,83.58333333333333,4
CUST000121,4,275.5,61.0,3
CUST000122,14,735.0,59.785714285714285,5
CUST000123,13,568.0,72.53846153846153,4
CUST000124,8,299.0,78.625,3
CUST000125,8,437.0,75.25,4
CUST000126,5,236.0,58.6,3
CUST000127,7,353.0,67.71428571428571,2
CUST000128,4,197.0,60.5,3
CUST000129,11,512.0,69.54545454545455,4
CUST000130,7,418.0,79.0,5
CUST000131,2,116.0,91.5,2
CUST000132,11,523.0,63.45454545454545,5
CUST000133,7,340.0,82.85714285714286,4
CUST000134,12,627.0,70.75,4
CUST000135,7,381.0,76.0,5
CUST000136,8,361.0,64.75,4
CUST000137,9,543.0,63.44444444444444,5
CUST000138,6,388.0,67.5,5
CUST000139,11,447.0,73.54545454545455,5
CUST000140,1,42.0,58.0,1
CUST000141,10,476.0,70.3,5
CUST000142,12,806.0,64.83333333333333,5
CUST000143,4,185.0,74.75,4
CUST000144,13,630.0,68.61538461538461,4
CUST000145,5,200.0,68.4,3
CUST000146,7,374.0,78.0,1
CUST000147,4,206.0,67.0,3
CUST000148,4,221.5,69.25,2
CUST000149,10,411.0,58.9,5
CUST000150,10,374.0,73.6,4
CUST000151,8,415.0,83.625,5
CUST000152,13,567.0,62.38461538461539,4
CUST000153,11,472.0,72.45454545454545,4
CUST000154,1,38.0,78.0,1
CUST000155,2,118.0,84.0,2
CUST000156,12,454.0,69.16666666666667,4
CUST000157,14,518.0,73.07142857142857,6
CUST000158,9,443.0,63.111111111111114,4
CUST000159,12,415.0,64.41666666666667,5
CUST000160,6,387.0,56.833333333333336,4
CUST000161,13,705.5,68.61538461538461,6
CUST000162,7,476.0,72.42857142857143,3
CUST000163,12,514.0,70.16666666666667,5
CUST000164,6,348.0,76.33333333333333,4
CUST000165,9,461.0,66.22222222222223,3
CUST000166,8,409.0,71.75,4
CUST000167,8,396.0,85.375,4
CUST000168,12,587.0,68.16666666666667,5
CUST000169,3,173.0,62.666666666666664,2
CUST000170,7,484.0,70.28571428571429,3
CUST000171,8,413.0,78.5,3
CUST000172,14,617.0,67.42857142857143,5
CUST000173,17,792.5,74.23529411764706,5
CUST000174,8,440.5,73.75,3
CUST000175,8,359.0,63.25,5
CUST000176,9,371.0,76.88888888888889,3
CUST000177,4,228.5,73.75,3
CUST000178,10,428.0,62.8,5
CUST000179,11,547.5,71.45454545454545,4
CUST000180,6,294.0,82.16666666666667,5
CUST000181,6,327.0,82.66666666666667,3
CUST000182,10,483.0,71.6,4
CUST000183,2,141.0,93.5,2
CUST000184,7,340.0,84.57142857142857,3
CUST000185,9,432.0,75.44444444444444,5
CUST000186,10,438.0,68.1,3
CUST000187,5,250.0,66.8,3
CUST000188,9,337.0,68.77777777777777,2
CUST000189,15,553.0,72.93333333333334,4
CUST000190,6,353.5,65.66666666666667,4
CUST000191,1,21.0,40.0,1
CUST000192,5,278.0,57.6,3
CUST000193,6,294.0,58.666666666666664,5
CUST000194,14,786.0,62.5,4
CUST000195,7,300.0,69.14285714285714,5
CUST000196,2,46.0,84.0,2
CUST000197,9,265.0,65.77777777777777,4
CUST000198,10,424.0,80.4,4
CUST000199,10,536.0,70.8,4
CUST000200,10,279.0,73.6,5
CUST000201,12,583.5,60.583333333333336,4
CUST000202,11,441.0,70.9090909090909,3
CUST000203,4,200.0,50.25,3
CUST000204,12,457.0,74.0,3
CUST000205,10,536.0,78.2,6
CUST000206,10,465.0,61.4,5
CUST000207,4,248.0,84.0,2
CUST000208,13,423.0,66.3076923076923,5
CUST000209,12,546.0,71.58333333333333,4
CUST000210,9,399.5,80.11111111111111,5
CUST000211,9,484.0,77.55555555555556,5
CUST000212,12,584.0,68.08333333333333,4
CUST000213,6,383.5,74.83333333333333,4
CUST000214,13,598.0,69.6923076923077,5
CUST000215,10,398.0,82.1,3
CUST000216,7,351.0,75.85714285714286,3
CUST000217,11,534.0,75.0,4
CUST000218,14,772.0,72.85714285714286,4
CUST000219,12,573.0,60.083333333333336,4
CUST000220,10,542.0,75.1,3
CUST000221,10,501.0,73.4,4
CUST000222,11,581.0,70.27272727272727,4
CUST000223,2,118.0,55.0,2
CUST000224,4,144.0,75.75,2
CUST000225,12,654.0,67.58333333333333,6
CUST000226,4,208.0,86.75,2
CUST000227,6,253.0,69.33333333333333,4
CUST000228,1,44.0,86.0,1
CUST000229,9,530.0,80.33333333333333,5
CUST000230,5,227.0,71.0,2
CUST000231,7,385.0,77.0,5
CUST000232,8,479.0,73.0,5
CUST000233,15,557.0,67.6,5
CUST000234,8,313.0,52.375,3
CUST000235,2,137.0,82.5,2
CUST000236,6,252.0,68.16666666666667,3
CUST000237,5,222.0,70.0,3
CUST000238,10,563.0,74.9,6
CUST000239,8,396.0,76.75,4
CUST000240,8,325.0,70.25,3
CUST000241,10,405.0,80.3,4
CUST000242,12,533.0,65.08333333333333,4
CUST000243,9,611.5,73.0,4
CUST000244,7,333.0,56.857142857142854,3
CUST000245,9,429.0,64.66666666666667,5
CUST000246,6,362.0,68.33333333333333,5
CUST000247,7,363.0,57.714285714285715,4
CUST000248,6,354.0,77.33333333333333,3
CUST000249,15,597.0,72.6,3
CUST000250,1,71.0,52.0,1
CUST000251,11,374.0,80.27272727272727,4
CUST000252,4,218.0,64.25,3
CUST000253,13,613.0,76.61538461538461,4
CUST000254,6,280.0,69.83333333333333,4
CUST000255,9,497.0,71.66666666666667,4
CUST000256,7,246.0,65.42857142857143,4
CUST000257,7,354.0,67.71428571428571,5
CUST000258,5,184.0,59.4,3
CUST000259,9,437.0,76.77777777777777,4
CUST000260,10,371.0,69.5,4
CUST000261,11,624.0,65.0,4
CUST000262,11,640.0,78.9090909090909,4
CUST000263,6,441.0,72.66666666666667,4
CUST000264,9,401.0,71.22222222222223,5
CUST000265,7,335.0,71.57142857142857,4
CUST000266,11,592.0,67.72727272727273,5
CUST000267,6,214.0,59.833333333333336,2
CUST000268,7,321.0,64.71428571428571,5
CUST000269,8,431.0,63.875,5
CUST000270,6,294.0,54.5,3
CUST000271,8,396.0,63.375,5
CUST000272,4,257.0,62.0,3
CUST000273,14,644.0,73.78571428571429,5
CUST000274,6,356.0,66.5,4
CUST000275,5,327.0,75.8,2
CUST000276,18,956.0,66.72222222222223,4
CUST000277,11,578.0,72.81818181818181,2
CUST000278,9,482.0,77.33333333333333,5
CUST000279,9,483.0,65.88888888888889,4
CUST000280,8,440.0,58.0,3
CUST000281,8,268.0,61.625,3
CUST000282,12,606.0,69.58333333333333,5
CUST000283,9,439.0,67.66666666666667,5
CUST000284,14,634.0,71.28571428571429,3
CUST000285,9,533.0,68.22222222222223,3
CUST000286,17,556.0,75.52941176470588,4
CUST000287,2,131.0,70.0,1
CUST000288,6,362.0,72.0,3
CUST000289,4,125.0,76.25,2
CUST000290,11,635.0,70.72727272727273,4
CUST000291,9,396.0,71.33333333333333,4
CUST000292,10,385.0,85.5,4
CUST000293,10,587.0,66.1,4
CUST000294,2,115.0,66.5,2
CUST000295,2,72.0,72.0,2
CUST000296,10,484.0,70.4,4
CUST000297,11,426.0,75.36363636363636,4
CUST000298,8,384.0,74.25,3
CUST000299,5,213.0,63.0,3
CUST000300,8,429.0,69.625,5
CUST000301,7,309.0,54.857142857142854,3
CUST000302,10,428.0,72.6,4
CUST000303,6,346.0,66.0,4
CUST000304,7,298.0,67.14285714285714,3
CUST000305,8,276.0,78.0,5
CUST000306,8,368.0,65.75,4
CUST000307,7,258.0,73.28571428571429,4
CUST000308,11,370.0,75.0909090909091,4
CUST000309,8,444.0,74.875,4
CUST000310,1,44.0,67.0,1
CUST000311,8,396.0,60.0,3
CUST000312,3,149.0,68.33333333333333,2
CUST000313,1,31.0,71.0,1
CUST000314,7,356.0,72.57142857142857,4
CUST000315,8,384.0,84.25,4
CUST000316,9,310.0,66.0,4
CUST000317,8,340.0,60.625,5
CUST000318,10,520.0,62.0,4
CUST000319,17,812.0,62.1764705882353,4
CUST000320,11,436.0,60.0,5
CUST000321,2,106.0,79.0,2
CUST000322,10,460.0,67.5,2
CUST000323,10,463.0,76.4,4
CUST000324,10,590.0,62.4,5
CUST000325,5,263.0,63.8,4
CUST000326,10,410.0,71.9,4
CUST000327,6,341.0,66.66666666666667,4
CUST000328,7,227.0,85.0,5
CUST000329,10,467.0,57.1,4
CUST000330,1,60.0,71.0,1
CUST000331,12,457.0,72.25,4
CUST000332,7,339.0,54.42857142857143,3
CUST000333,10,471.0,72.8,5
CUST000334,16,724.0,80.5,5
CUST000335,14,650.0,66.85714285714286,5
CUST000336,7,250.0,80.71428571428571,5
CUST000337,5,301.0,75.2,4
CUST000338,7,269.0,76.28571428571429,3
CUST000339,13,577.0,73.15384615384616,4
CUST000340,11,591.0,62.36363636363637,4
CUST000341,10,376.0,65.0,4
CUST000342,9,451.0,66.33333333333333,5
CUST000343,2,69.0,67.0,2
CUST000344,8,441.0,59.125,3
CUST000345,10,455.0,75.3,4
CUST000346,16,720.0,65.0625,7
CUST000347,5,193.0,74.4,3
CUST000348,12,639.0,73.58333333333333,5
CUST000349,10,624.0,69.8,4
CUST000350,8,445.0,72.875,4
CUST000351,12,592.0,70.75,4
CUST000352,8,455.0,67.875,5
CUST000353,9,258.0,67.44444444444444,4
CUST000354,7,336.0,75.71428571428571,4
CUST000355,6,248.0,58.833333333333336,3
CUST000356,8,383.0,73.75,5
CUST000357,8,323.0,70.875,3
CUST000358,5,256.0,71.0,4
CUST000359,2,133.0,74.5,1
CUST000360,12,576.0,74.75,4
CUST000361,12,677.0,71.5,6
CUST000362,16,804.0,69.875,5
CUST000363,10,398.0,75.1,4
CUST000364,10,532.0,69.5,6
CUST000365,9,541.0,70.22222222222223,4
CUST000366,2,92.0,90.5,2
CUST000367,8,422.0,76.25,3
CUST000368,7,319.5,63.57142857142857,3
CUST000369,9,383.0,75.22222222222223,3
CUST000370,12,464.0,68.33333333333333,4
CUST000371,9,367.0,61.22222222222222,4
CUST000372,9,446.0,68.66666666666667,4
CUST000373,9,380.0,64.11111111111111,5
CUST000374,7,368.0,87.0,2
CUST000375,11,573.5,64.36363636363636,4
CUST000376,13,621.0,74.92307692307692,4
CUST000377,9,462.0,54.0,4
CUST000378,5,245.0,75.8,4
CUST000379,5,293.0,63.4,4
CUST000380,4,270.0,59.25,3
CUST000381,7,317.5,74.71428571428571,4
CUST000382,8,422.5,74.0,4
CUST000383,5,310.5,77.8,2
CUST000384,1,39.0,52.0,1
CUST000385,12,634.0,73.41666666666667,4
CUST000386,11,548.0,60.0,4
CUST000387,12,646.0,69.66666666666667,3
CUST000388,11,389.0,66.0909090909091,5
CUST000389,10,547.0,77.6,4
CUST000390,7,389.0,54.857142857142854,4
CUST000391,2,65.0,32.0,2
CUST000392,10,386.0,74.1,4
CUST000393,1,23.0,64.0,1
CUST000394,8,397.0,84.25,4
CUST000395,6,353.0,64.66666666666667,4
CUST000396,2,44.0,65.0,2
CUST000397,7,360.0,61.714285714285715,4
CUST000398,14,766.0,72.85714285714286,6
CUST000399,9,474.0,71.77777777777777,5
CUST000400,3,140.0,58.333333333333336,3
CUST000401,8,316.0,64.0,3
CUST000402,9,398.0,64.88888888888889,3
CUST000403,7,332.0,78.14285714285714,5
CUST000404,10,456.0,65.7,4
CUST000405,8,457.0,70.0,4
CUST000406,6,295.0,75.83333333333333,2
CUST000407,14,747.0,68.5,4
CUST000408,5,304.0,76.6,4
CUST000409,11,578.0,70.81818181818181,4
CUST000410,8,370.0,76.875,3
CUST000411,2,114.0,72.0,2
CUST000412,7,432.0,65.42857142857143,3
CUST000413,8,400.0,65.0,4
CUST000414,13,687.0,67.61538461538461,5
CUST000415,13,759.5,60.84615384615385,3
CUST000416,11,423.0,65.0,3
CUST000417,9,345.0,70.0,4
CUST000418,10,446.0,73.2,4
CUST000419,9,500.0,77.0,2
CUST000420,10,405.0,58.4,4
CUST000421,11,480.0,77.27272727272727,5
CUST000422,9,301.0,72.55555555555556,4
CUST000423,10,491.0,74.1,5
CUST000424,11,437.0,71.0,5
CUST000425,13,574.0,67.38461538461539,4
CUST000426,12,481.0,68.41666666666667,5
CUST000427,17,952.0,65.05882352941177,5
CUST000428,5,289.0,74.0,4
CUST000429,8,372.0,63.75,3
CUST000430,14,767.0,72.85714285714286,4
CUST000431,9,403.0,71.77777777777777,4
CUST000432,11,516.0,81.63636363636364,4
CUST000433,13,665.0,63.0,5
CUST000434,7,341.0,67.14285714285714,4
CUST000435,8,415.0,67.625,4
CUST000436,13,618.0,68.3076923076923,5
CUST000437,6,346.0,62.833333333333336,3
CUST000438,14,603.0,71.85714285714286,4
CUST000439,8,371.0,68.75,3
CUST000440,9,546.0,73.0,4
CUST000441,8,298.0,72.5,5
CUST000442,10,541.0,77.1,4
CUST000443,10,529.0,70.3,4
CUST000444,15,660.0,75.86666666666666,4
CUST000445,9,255.0,72.88888888888889,3
CUST000446,9,550.0,81.44444444444444,4
CUST000447,1,36.0,100.0,1
CUST000448,8,339.0,73.625,4
CUST000449,3,95.0,78.0,3
CUST000450,15,761.0,71.0,6
CUST000451,12,578.0,74.0,4
CUST000452,14,658.0,70.71428571428571,3
CUST000453,1,25.0,91.0,1
CUST000454,10,673.5,86.1,5
CUST000455,9,523.0,79.88888888888889,3
CUST000456,9,497.5,69.55555555555556,4
CUST000457,11,598.0,74.0909090909091,4
CUST000458,15,646.0,64.6,5
CUST000459,8,447.0,78.25,3
CUST000460,9,595.0,70.22222222222223,4
CUST000462,6,373.0,64.5,5
CUST000463,11,584.0,71.9090909090909,3
CUST000464,8,488.0,60.75,4
CUST000465,5,212.0,59.8,4
CUST000466,11,433.0,61.45454545454545,4
CUST000467,4,183.0,67.5,3
CUST000468,6,347.0,59.5,4
CUST000469,9,251.0,74.33333333333333,5
CUST000470,8,479.0,68.0,3
CUST000471,5,231.0,72.2,4
CUST000472,10,492.0,69.6,3
CUST000473,8,537.0,65.25,3
CUST000474,7,361.0,70.57142857142857,4
CUST000475,19,680.0,70.47368421052632,5
CUST000476,10,388.0,65.5,6
CUST000477,3,215.0,60.0,2
CUST000478,7,344.0,68.71428571428571,5
CUST000479,8,424.0,67.625,3
CUST000480,12,515.0,75.58333333333333,4
CUST000481,10,413.0,59.9,5
CUST000482,10,595.0,75.3,3
CUST000483,9,490.0,69.11111111111111,4
CUST000484,3,192.0,72.33333333333333,3
CUST000485,11,532.0,60.18181818181818,5
CUST000486,9,364.0,69.55555555555556,4
CUST000487,6,241.0,69.0,3
CUST000488,2,45.0,45.0,2
CUST000489,5,282.0,73.4,3
CUST000490,8,493.5,68.875,4
CUST000491,13,629.0,65.07692307692308,5
CUST000492,8,442.0,76.375,5
CUST000493,8,339.0,71.0,3
CUST000494,5,233.0,61.0,3
CUST000495,8,449.0,64.25,4
CUST000496,9,477.0,69.0,3
CUST000497,1,27.0,64.0,1
CUST000498,12,550.5,83.58333333333333,3
CUST000499,9,423.0,66.66666666666667,5
CUST000500,7,366.0,61.0,3
CUST000501,11,448.0,71.0909090909091,5
CUST000502,9,536.0,74.33333333333333,3
CUST000503,9,478.5,70.88888888888889,4
CUST000504,11,516.0,72.18181818181819,4
CUST000505,13,496.0,71.46153846153847,4
CUST000506,6,298.0,68.33333333333333,4
CUST000507,9,500.0,71.44444444444444,4
CUST000508,7,369.0,71.0,4
CUST000509,8,309.0,64.25,2
CUST000510,11,470.0,74.45454545454545,3
CUST000511,1,52.0,100.0,1
CUST000512,2,96.0,66.0,1
CUST000513,8,442.0,67.125,3
CUST000514,9,301.0,78.33333333333333,5
CUST000515,7,408.0,72.71428571428571,2
CUST000516,6,206.0,74.66666666666667,3
CUST000517,7,287.0,72.42857142857143,4
CUST000518,15,753.0,72.06666666666666,5
CUST000519,18,921.0,62.22222222222222,5
CUST000520,11,587.5,63.27272727272727,4
CUST000521,9,364.0,69.88888888888889,5
CUST000522,4,171.0,51.5,3
CUST000523,10,475.0,69.3,5
CUST000524,11,627.5,61.36363636363637,4
CUST000525,13,671.0,67.07692307692308,6
CUST000526,13,613.0,73.84615384615384,5
CUST000527,2,73.0,84.5,2
CUST000528,11,513.0,66.45454545454545,6
CUST000529,7,412.0,75.71428571428571,4
CUST000530,8,398.0,71.5,3
CUST000531,10,592.5,67.5,3
CUST000532,2,108.0,79.0,1
CUST000533,11,735.0,58.72727272727273,3
CUST000534,11,448.0,66.72727272727273,4
CUST000535,6,306.0,74.83333333333333,2
CUST000536,9,272.0,67.0,4
CUST000537,14,434.0,73.0,5
CUST000538,11,434.0,78.45454545454545,5
CUST000539,2,76.0,57.5,2
CUST000540,13,564.0,71.6923076923077,6
CUST000541,10,438.0,69.1,5
CUST000542,11,534.0,69.27272727272727,6
CUST000543,11,543.0,69.63636363636364,5
CUST000544,11,614.0,69.27272727272727,3
CUST000545,10,514.0,61.3,3
CUST000546,7,360.5,57.57142857142857,3
CUST000547,4,201.0,71.5,3
CUST000548,11,595.0,63.72727272727273,4
CUST000549,7,292.0,66.42857142857143,3
CUST000550,2,118.0,77.0,2
CUST000551,17,574.0,72.05882352941177,4
CUST000552,6,297.0,66.66666666666667,2
CUST000553,7,231.0,78.14285714285714,4
CUST000554,8,342.0,69.125,4
CUST000555,3,135.0,78.66666666666667,2
CUST000556,11,565.0,60.45454545454545,5
CUST000557,7,358.5,82.28571428571429,4
CUST000558,7,271.0,73.14285714285714,2
CUST000559,14,720.0,68.57142857142857,6
CUST000560,9,522.0,74.55555555555556,4
CUST000561,4,264.0,67.25,2
CUST000562,4,156.0,55.0,2
CUST000563,9,340.0,74.44444444444444,4
CUST000565,13,443.0,68.46153846153847,4
CUST000566,8,528.0,59.625,3
CUST000567,12,626.5,78.66666666666667,4
CUST000568,2,52.0,53.0,2
CUST000569,8,359.0,73.875,3
CUST000570,13,711.0,77.46153846153847,4
CUST000571,9,381.0,69.88888888888889,4
CUST000572,13,463.0,58.84615384615385,6
CUST000573,7,394.0,77.42857142857143,4
CUST000574,13,546.0,75.3076923076923,5
CUST000575,6,152.0,69.16666666666667,4
CUST000576,12,582.0,75.0,6
CUST000577,9,295.0,68.11111111111111,4
CUST000578,7,439.0,76.71428571428571,6
CUST000579,9,475.0,61.888888888888886,4
CUST000580,7,282.0,69.85714285714286,2
CUST000581,5,165.0,63.6,3
CUST000582,11,628.0,64.63636363636364,4
CUST000583,8,463.0,59.625,3
CUST000584,8,350.0,73.25,5
CUST000585,9,406.0,78.0,4
CUST000586,6,218.0,64.66666666666667,3
CUST000587,11,495.0,76.18181818181819,4
CUST000588,6,328.0,79.83333333333333,3
CUST000589,13,661.0,76.38461538461539,5
CUST000590,9,511.0,82.77777777777777,5
CUST000591,9,430.0,70.66666666666667,4
CUST000592,11,564.0,77.0,4
CUST000593,9,455.0,70.0,4
CUST000594,1,53.0,100.0,1
CUST000595,7,89.0,68.42857142857143,2
CUST000596,8,394.0,63.75,4
CUST000597,16,618.0,75.5625,5
CUST000598,9,472.0,69.22222222222223,3
CUST000599,11,711.0,78.54545454545455,5
CUST000600,11,559.0,76.81818181818181,5
CUST000601,4,215.5,72.0,2
CUST000602,10,387.0,79.0,5
CUST000603,2,106.0,84.5,2
CUST000604,11,678.0,73.0,4
CUST000605,7,324.0,66.0,4
CUST000606,9,563.0,82.33333333333333,3
CUST000607,8,480.0,65.375,4
CUST000608,8,285.0,76.25,3
CUST000609,11,511.0,68.18181818181819,4
CUST000610,6,315.0,72.66666666666667,4
CUST000611,4,148.0,79.0,3
CUST000612,9,533.0,72.66666666666667,3
CUST000613,10,476.0,63.7,4
CUST000614,10,517.5,77.4,4
CUST000615,1,71.0,53.0,1
CUST000616,8,289.0,78.125,5
CUST000617,6,289.0,75.83333333333333,3
CUST000618,12,554.0,77.75,5
CUST000619,7,319.0,72.14285714285714,4
CUST000620,12,632.0,73.16666666666667,3
CUST000621,7,367.0,63.714285714285715,4
CUST000622,1,46.0,79.0,1
CUST000623,13,632.0,73.0,5
CUST000624,12,500.0,69.83333333333333,5
CUST000625,9,480.5,55.55555555555556,6
CUST000626,12,547.0,67.5,3
CUST000627,1,96.0,67.0,1
CUST000628,2,116.0,89.5,2
CUST000629,8,372.0,75.25,4
CUST000630,8,333.0,65.125,3
CUST000631,9,477.0,71.11111111111111,5
CUST000632,9,361.0,74.11111111111111,5
CUST000633,2,33.0,68.0,2
CUST000634,11,500.0,60.18181818181818,4
CUST000635,8,517.0,69.625,3
CUST000636,11,499.0,72.72727272727273,6
CUST000637,8,337.0,66.875,3
CUST000638,3,126.0,69.66666666666667,2
CUST000639,1,64.0,53.0,1
CUST000640,6,318.0,70.66666666666667,3
CUST000641,10,416.0,73.7,5
CUST000642,8,457.0,72.125,5
CUST000643,6,275.0,82.0,2
CUST000644,7,381.0,73.0,5
CUST000645,9,368.0,67.77777777777777,3
CUST000646,16,673.0,78.25,5
CUST000647,7,370.0,65.14285714285714,4
CUST000648,13,491.0,66.0,5
CUST000649,12,612.5,61.416666666666664,4
CUST000650,12,439.0,75.75,4
CUST000651,2,112.0,83.0,2
CUST000652,12,753.5,71.91666666666667,5
CUST000653,2,171.0,71.5,1
CUST000654,7,383.0,59.285714285714285,2
CUST000655,3,168.0,79.66666666666667,2
CUST000656,12,612.0,66.08333333333333,4
CUST000657,11,612.0,59.45454545454545,5
CUST000658,11,495.0,68.0909090909091,4
CUST000659,13,539.0,69.76923076923077,5
CUST000660,6,232.0,71.33333333333333,2
CUST000661,8,411.0,70.75,4
CUST000662,4,194.0,62.75,3
CUST000663,9,440.0,74.22222222222223,3
CUST000664,7,289.0,80.14285714285714,4
CUST000665,2,131.0,83.5,2
CUST000666,12,529.0,76.66666666666667,4
CUST000667,13,482.0,61.0,3
CUST000668,8,442.0,68.0,2
CUST000669,7,338.0,68.14285714285714,2
CUST000670,9,526.0,81.22222222222223,4
CUST000671,12,661.0,63.25,5
CUST000672,10,516.0,73.2,4
CUST000673,8,346.0,73.375,5
CUST000674,11,568.0,64.9090909090909,4
CUST000675,10,371.0,70.3,6
CUST000676,9,440.0,74.44444444444444,5
CUST000677,8,410.0,81.0,2
CUST000678,10,511.0,71.3,4
CUST000679,12,700.0,57.25,4
CUST000680,11,560.0,72.54545454545455,7
CUST000681,11,501.0,68.18181818181819,5
CUST000682,1,84.0,75.0,1
CUST000683,10,506.0,74.5,5
CUST000684,6,317.5,65.5,4
CUST000685,7,314.0,85.42857142857143,4
CUST000686,11,445.0,74.27272727272727,4
CUST000687,7,391.0,54.714285714285715,5
CUST000688,9,420.0,74.0,5
CUST000689,11,519.0,73.18181818181819,3
CUST000690,17,697.0,67.23529411764706,5
CUST000691,9,307.0,76.0,4
CUST000692,6,391.0,73.66666666666667,4
CUST000693,11,503.0,65.45454545454545,5
CUST000694,6,286.0,63.833333333333336,3
CUST000695,8,387.0,78.625,4
CUST000696,10,349.0,85.8,5
CUST000697,3,185.0,66.33333333333333,3
CUST000698,3,200.0,78.33333333333333,2
CUST000699,17,794.0,73.70588235294117,5
CUST000700,10,511.0,73.8,3
CUST000701,10,490.0,70.0,4
CUST000702,10,579.0,83.4,4
CUST000703,10,591.0,70.4,4
CUST000704,2,90.0,98.0,1
CUST000705,10,545.0,76.7,5
CUST000706,11,510.0,69.63636363636364,4
CUST000707,13,684.0,65.92307692307692,3
CUST000708,8,319.0,70.25,4
CUST000709,7,253.0,58.0,3
CUST000710,11,446.0,80.0,4
CUST000711,9,370.0,58.888888888888886,3
CUST000712,10,419.0,62.2,3
CUST000713,9,360.0,71.44444444444444,4
CUST000714,11,532.0,85.45454545454545,5
CUST000715,8,424.0,73.875,2
CUST000716,13,722.0,73.0,3
CUST000717,9,452.0,68.77777777777777,3
CUST000718,11,569.0,72.72727272727273,4
CUST000719,7,406.0,71.42857142857143,3
CUST000720,11,613.0,80.63636363636364,4
CUST000721,7,370.5,80.28571428571429,3
CUST000722,6,264.0,60.166666666666664,3
CUST000723,11,491.0,56.54545454545455,5
CUST000724,10,455.0,81.1,4
CUST000725,10,449.0,65.8,5
CUST000726,11,515.0,72.54545454545455,5
CUST000727,6,351.0,72.66666666666667,3
CUST000728,6,294.0,66.5,3
CUST000729,1,48.0,100.0,1
CUST000730,7,278.0,68.42857142857143,4
CUST000731,10,414.0,66.8,4
CUST000732,15,633.0,69.66666666666667,5
CUST000733,11,532.0,73.63636363636364,4
CUST000734,14,666.0,79.0,6
CUST000735,10,454.0,76.2,4
CUST000736,11,503.0,69.72727272727273,4
CUST000737,8,315.0,60.875,5
CUST000738,12,533.0,72.91666666666667,5
CUST000739,8,399.0,69.75,3
CUST000740,7,385.0,70.71428571428571,4
CUST000741,8,404.0,62.125,5
CUST000742,7,259.0,66.28571428571429,3
CUST000743,14,726.0,63.0,4
CUST000744,5,266.0,70.2,4
CUST000745,8,323.0,71.5,4
CUST000746,9,359.0,62.888888888888886,5
CUST000747,6,236.0,60.5,2
CUST000748,10,498.0,88.3,3
CUST000749,3,99.0,82.66666666666667,1
CUST000750,8,272.0,73.25,4
CUST000751,9,449.0,71.55555555555556,3
CUST000752,14,497.0,66.35714285714286,4
CUST000753,8,373.0,77.625,3
CUST000754,2,70.0,95.5,1
CUST000755,14,621.0,77.78571428571429,4
CUST000756,12,440.0,77.33333333333333,3
CUST000757,8,376.0,61.625,3
CUST000758,9,408.0,72.88888888888889,4
CUST000759,9,531.0,73.22222222222223,3
CUST000760,8,277.0,72.75,3
CUST000761,8,353.0,84.125,4
CUST000762,10,481.0,76.6,5
CUST000763,11,579.0,61.63636363636363,5
CUST000764,4,156.0,81.75,4
CUST000765,13,593.0,73.38461538461539,5
CUST000766,11,441.0,75.9090909090909,4
CUST000767,14,641.5,75.92857142857143,6
CUST000768,10,525.0,69.9,5
CUST000769,9,593.5,65.77777777777777,4
CUST000770,7,257.0,65.0,3
CUST000771,7,450.0,79.85714285714286,3
CUST000772,6,330.0,74.0,3
CUST000773,8,301.0,68.375,5
CUST000774,10,458.0,77.1,5
CUST000775,5,268.0,79.6,3
CUST000776,6,280.0,81.16666666666667,3
CUST000777,8,407.0,83.25,3
CUST000778,8,422.0,70.375,5
CUST000779,13,619.0,72.53846153846153,3
CUST000780,15,723.5,76.86666666666666,5
CUST000781,4,137.0,61.75,3
CUST000782,7,364.0,81.28571428571429,3
CUST000783,16,689.0,73.6875,5
CUST000784,11,615.0,85.72727272727273,4
CUST000785,6,290.0,55.166666666666664,4
CUST000786,9,509.0,67.77777777777777,3
CUST000787,9,275.0,78.88888888888889,3
CUST000788,15,768.0,76.33333333333333,4
CUST000789,9,473.0,67.55555555555556,4
CUST000790,8,412.0,80.875,4
CUST000791,10,526.0,75.7,4
CUST000792,13,800.5,73.3076923076923,2
CUST000793,9,391.0,60.44444444444444,5
CUST000794,14,703.0,74.85714285714286,5
CUST000795,2,83.0,83.0,2
CUST000796,7,365.5,75.71428571428571,3
CUST000797,7,382.0,68.57142857142857,4
CUST000798,7,257.0,70.71428571428571,2
CUST000799,9,295.0,67.88888888888889,3
CUST000800,14,671.0,68.14285714285714,3
CUST000801,3,150.0,79.66666666666667,2
CUST000802,13,594.0,60.07692307692308,4
CUST000803,13,749.0,66.07692307692308,4
CUST000804,7,375.0,83.0,4
CUST000805,12,440.0,68.75,5
CUST000806,9,389.0,73.66666666666667,4
CUST000807,9,372.0,67.33333333333333,5
CUST000808,12,508.5,61.5,4
CUST000809,12,484.0,65.83333333333333,4
CUST000810,4,234.0,92.75,3
CUST000811,10,524.5,76.0,3
CUST000812,9,356.0,64.33333333333333,2
CUST000813,8,293.0,73.75,4
CUST000814,9,524.0,74.0,4
CUST000815,13,583.0,77.07692307692308,5
CUST000816,8,345.5,73.0,3
CUST000817,12,507.0,75.25,5
CUST000818,8,421.0,68.75,2
CUST000819,6,373.5,55.833333333333336,3
CUST000820,6,245.0,81.66666666666667,3
CUST000821,10,485.0,69.0,4
CUST000822,8,362.0,69.0,5
CUST000823,7,226.0,62.0,4
CUST000824,12,522.0,67.91666666666667,6
CUST000825,8,462.0,66.625,4
CUST000826,8,249.0,80.125,3
CUST000827,8,374.0,68.0,4
CUST000828,12,663.0,63.666666666666664,4
CUST000829,7,433.0,58.857142857142854,3
CUST000830,13,722.0,70.15384615384616,5
CUST000831,2,38.0,81.0,2
CUST000832,9,379.0,54.22222222222222,3
CUST000833,6,265.0,80.66666666666667,5
CUST000834,9,416.0,78.0,3
CUST000835,13,456.0,61.69230769230769,3
CUST000836,9,402.0,73.66666666666667,5
CUST000837,14,758.0,75.35714285714286,3
CUST000838,3,120.0,82.66666666666667,2
CUST000839,15,614.0,67.86666666666666,5
CUST000840,8,397.0,67.25,3
CUST000841,10,479.0,67.4,5
CUST000842,8,335.0,74.0,4
CUST000843,6,350.0,80.0,5
CUST000844,6,441.5,68.83333333333333,2
CUST000845,9,430.0,78.0,5
CUST000846,9,337.0,82.0,4
CUST000847,9,385.0,61.22222222222222,5
CUST000848,3,135.0,89.66666666666667,2
CUST000849,8,494.0,69.375,3
CUST000850,7,259.0,65.57142857142857,6
CUST000851,11,375.0,73.0909090909091,4
CUST000852,2,122.0,82.0,2
CUST000853,3,206.0,63.666666666666664,2
CUST000854,14,779.0,75.92857142857143,4
CUST000855,6,243.0,81.83333333333333,3
CUST000856,9,390.0,71.66666666666667,4
CUST000857,11,429.0,77.36363636363636,5
CUST000858,7,419.0,74.85714285714286,3
CUST000859,2,97.0,38.5,1
CUST000860,3,144.0,68.66666666666667,2
CUST000861,2,88.0,80.0,2
CUST000862,7,331.0,71.85714285714286,3
CUST000863,6,184.0,77.16666666666667,3
CUST000864,10,574.0,69.3,3
CUST000865,8,452.0,79.125,5
CUST000866,19,1223.0,67.52631578947368,5
CUST000867,8,412.0,52.875,2
CUST000868,14,784.0,72.07142857142857,4
CUST000869,10,494.0,77.1,4
CUST000870,10,407.0,61.6,4
CUST000871,12,521.0,76.58333333333333,4
CUST000872,2,69.0,64.0,2
CUST000873,6,283.0,78.5,3
CUST000874,10,525.0,70.3,5
CUST000875,9,464.0,72.88888888888889,4
CUST000876,11,486.0,77.45454545454545,4
CUST000877,9,509.5,77.55555555555556,5
CUST000878,7,322.0,71.71428571428571,3
CUST000879,15,680.0,75.8,5
CUST000880,11,455.0,73.36363636363636,3
CUST000881,7,351.0,69.42857142857143,3
CUST000882,6,133.0,73.5,3
CUST000883,15,712.0,69.53333333333333,5
CUST000884,10,472.0,62.8,5
CUST000885,8,472.0,83.125,3
CUST000886,11,515.0,77.45454545454545,4
CUST000887,9,343.0,67.44444444444444,4
CUST000888,8,406.0,69.0,3
CUST000889,7,423.0,69.85714285714286,2
CUST000890,10,379.0,80.1,4
CUST000891,7,385.0,51.714285714285715,4
CUST000892,14,639.0,72.71428571428571,5
CUST000893,12,729.5,74.0,4
CUST000894,11,504.0,71.27272727272727,3
CUST000895,12,578.0,66.5,5
CUST000896,9,385.0,76.88888888888889,3
CUST000897,12,645.0,71.75,4
CUST000898,9,430.0,61.55555555555556,3
CUST000899,10,314.0,73.6,4
CUST000900,11,465.0,74.81818181818181,4
CUST000901,8,455.0,62.375,4
CUST000902,16,662.0,74.375,4
CUST000903,2,54.0,68.0,1
CUST000904,9,457.0,69.33333333333333,5
CUST000905,15,690.5,79.73333333333333,4
CUST000906,7,296.0,80.57142857142857,2
CUST000907,4,197.0,66.25,3
CUST000908,10,348.0,66.2,3
CUST000909,9,397.0,61.44444444444444,3
CUST000910,12,512.0,75.91666666666667,5
CUST000911,13,553.0,78.92307692307692,2
CUST000912,12,479.0,71.75,3
CUST000913,10,407.0,71.3,4
CUST000914,4,191.0,45.75,2
CUST000915,10,438.0,68.3,5
CUST000916,7,397.0,58.0,5
CUST000917,2,61.0,63.5,2
CUST000918,12,607.0,69.16666666666667,5
CUST000919,10,415.0,70.7,3
CUST000920,8,342.0,56.125,4
CUST000921,9,511.0,65.22222222222223,3
CUST000922,11,434.0,67.0,6
CUST000923,10,327.0,60.6,4
CUST000924,4,174.0,57.0,3
CUST000925,12,751.0,69.66666666666667,4
CUST000926,6,149.0,81.0,3
CUST000927,15,877.0,72.46666666666667,4
CUST000928,9,521.0,71.88888888888889,4
CUST000929,13,555.0,79.15384615384616,4
CUST000930,14,719.0,68.5,5
CUST000931,14,663.0,75.42857142857143,5
CUST000932,1,55.0,67.0,1
CUST000933,17,1019.5,75.3529411764706,5
CUST000934,13,667.0,63.15384615384615,4
CUST000935,11,535.0,68.27272727272727,4
CUST000936,10,391.0,80.6,5
CUST000937,6,299.0,75.33333333333333,3
CUST000938,14,602.0,63.214285714285715,4
CUST000939,12,514.0,62.083333333333336,5
CUST000940,3,145.0,51.333333333333336,3
CUST000941,9,384.5,65.55555555555556,3
CUST000942,7,411.0,63.142857142857146,2
CUST000943,10,443.0,75.0,4
CUST000944,2,125.0,48.5,2
CUST000945,9,476.0,65.77777777777777,4
CUST000946,11,516.0,69.0,4
CUST000947,7,419.0,71.28571428571429,3
CUST000948,14,750.0,66.64285714285714,5
CUST000949,14,493.0,72.57142857142857,5
CUST000950,7,346.0,71.14285714285714,5
CUST000951,12,479.0,79.25,5
CUST000952,11,699.5,73.27272727272727,3
CUST000953,15,765.5,63.0,4
CUST000954,12,544.0,64.41666666666667,4
CUST000955,7,379.0,61.142857142857146,4
CUST000956,10,519.0,63.0,4
CUST000957,9,563.0,51.77777777777778,6
CUST000958,12,542.0,72.16666666666667,5
CUST000959,9,357.0,70.11111111111111,4
CUST000960,11,557.0,75.18181818181819,5
CUST000961,5,172.0,79.2,3
CUST000962,6,223.0,61.666666666666664,3
CUST000963,5,311.0,63.4,3
CUST000964,8,398.0,75.5,2
CUST000965,9,454.0,69.55555555555556,5
CUST000966,9,356.0,66.11111111111111,3
CUST000967,11,570.0,82.27272727272727,5
CUST000968,7,319.0,74.57142857142857,3
CUST000969,12,611.0,60.5,4
CUST000970,6,234.0,70.16666666666667,3
CUST000971,9,478.0,61.0,4
CUST000972,10,555.0,65.0,4
CUST000973,3,136.0,75.0,3
CUST000974,11,420.0,80.36363636363636,5
CUST000975,8,296.0,82.875,4
CUST000976,9,420.0,69.88888888888889,5
CUST000977,7,432.0,74.28571428571429,4
CUST000978,5,284.0,68.2,4
CUST000979,10,475.0,53.7,5
CUST000980,8,359.5,73.75,4
CUST000981,10,505.0,73.5,4
CUST000982,10,623.0,70.5,5
CUST000983,8,423.0,66.375,4
CUST000984,14,799.0,59.714285714285715,4
CUST000985,6,283.0,80.33333333333333,3
CUST000986,13,657.0,66.15384615384616,5
CUST000987,8,441.0,72.125,5
CUST000988,11,575.0,74.63636363636364,4
CUST000989,8,350.0,79.875,3
CUST000990,12,532.0,65.66666666666667,5
CUST000991,10,436.0,65.8,5
CUST000992,8,302.0,77.0,5
CUST000993,3,121.0,82.66666666666667,3
CUST000994,10,589.0,72.1,4
CUST000995,8,429.0,73.0,4
CUST000996,8,411.0,67.0,5
CUST000997,5,223.0,61.0,4
CUST000998,10,554.0,79.7,4
CUST000999,12,458.0,76.33333333333333,5
CUST001000,9,330.0,70.55555555555556,3
CUST001001,9,448.0,68.44444444444444,5
CUST001002,13,790.0,70.23076923076923,5
CUST001003,3,169.0,82.0,2
CUST001004,12,555.5,80.83333333333333,4
CUST001005,8,392.0,74.625,3
CUST001006,4,228.0,78.75,4
CUST001007,2,46.0,67.5,2
CUST001008,2,27.0,62.0,2
CUST001009,8,370.0,76.5,5
CUST001010,6,308.0,84.5,3
CUST001011,6,222.0,64.83333333333333,3
CUST001012,4,215.0,60.0,2
CUST001013,12,692.0,59.083333333333336,4
CUST001014,12,567.5,65.75,4
CUST001015,1,12.0,60.0,1
CUST001016,6,286.0,64.83333333333333,3
CUST001017,3,166.0,82.66666666666667,2
CUST001018,11,487.0,72.27272727272727,4
CUST001019,8,351.0,74.875,5
CUST001020,13,714.0,73.6923076923077,4
CUST001021,10,414.0,59.5,3
CUST001022,9,424.0,77.22222222222223,5
CUST001023,9,489.0,65.88888888888889,3
CUST001024,7,257.0,73.14285714285714,3
CUST001025,7,413.0,72.28571428571429,4
CUST001026,8,348.0,70.875,3
CUST001027,8,359.0,75.5,3
CUST001028,1,35.0,40.0,1
CUST001029,8,261.0,71.25,3
CUST001030,10,416.0,66.8,4
CUST001031,11,441.0,78.72727272727273,4
CUST001032,9,568.0,68.55555555555556,4
CUST001033,7,449.0,59.0,3
CUST001034,7,313.0,67.42857142857143,5
CUST001035,8,476.0,79.5,3
CUST001036,16,800.0,63.875,5
CUST001037,8,237.0,78.125,3
CUST001038,1,27.0,50.0,1
CUST001039,10,428.0,73.0,4
CUST001040,7,323.0,70.85714285714286,3
CUST001041,12,429.0,69.58333333333333,6
CUST001042,6,306.0,76.83333333333333,4
CUST001043,10,440.0,59.3,6
CUST001044,10,530.0,69.3,4
CUST001045,5,292.0,70.8,3
CUST001046,5,266.0,56.8,2
CUST001047,9,511.0,79.66666666666667,5
CUST001048,6,253.0,60.833333333333336,4
CUST001049,9,506.0,60.0,4
CUST001050,10,592.0,73.4,4
CUST001051,9,380.0,73.66666666666667,4
CUST001052,2,67.0,75.5,1
CUST001053,7,420.0,71.71428571428571,4
CUST001054,3,132.0,89.33333333333333,3
CUST001055,9,465.0,68.55555555555556,4
CUST001056,12,610.0,71.16666666666667,5
CUST001057,11,525.0,56.72727272727273,6
CUST001058,7,501.0,71.57142857142857,2
CUST001059,6,372.0,68.66666666666667,2
CUST001060,7,323.0,71.85714285714286,3
CUST001061,8,304.0,75.5,3
CUST001062,2,51.0,45.0,2
CUST001063,8,396.0,77.25,4
CUST001064,3,119.0,72.0,1
CUST001065,6,275.0,74.33333333333333,3
CUST001066,2,133.0,54.0,2
CUST001067,4,223.0,79.5,2
CUST001068,9,434.0,61.666666666666664,5
CUST001069,2,96.0,94.0,2
CUST001070,11,597.5,61.63636363636363,4
CUST001071,12,702.0,68.0,4
CUST001072,8,376.5,77.25,4
CUST001073,8,382.0,59.625,4
CUST001074,10,567.5,71.1,3
CUST001075,2,88.0,58.5,1
CUST001076,11,686.0,72.0909090909091,4
CUST001077,7,215.0,73.85714285714286,3
CUST001078,14,816.5,67.35714285714286,3
CUST001079,5,252.0,67.0,5
CUST001080,2,122.0,46.5,2
CUST001081,12,583.0,77.5,5
CUST001082,12,549.0,68.75,5
CUST001083,8,350.0,64.875,3
CUST001084,7,300.0,63.285714285714285,3
CUST001085,8,429.0,74.75,3
CUST001086,4,192.0,77.5,3
CUST001087,5,237.0,72.2,2
CUST001088,1,77.0,83.0,1
CUST001089,2,108.0,68.0,2
CUST001090,11,533.0,69.36363636363636,5
CUST001091,8,414.0,73.625,4
CUST001092,13,506.0,60.15384615384615,4
CUST001093,10,508.0,73.6,3
CUST001094,2,114.0,50.5,2
CUST001095,9,283.0,70.33333333333333,3
CUST001096,8,371.0,71.5,4
CUST001097,8,334.0,71.25,4
CUST001098,16,949.0,73.0625,5
CUST001099,5,282.0,75.2,1
CUST001100,1,80.0,62.0,1
CUST001101,7,424.0,69.28571428571429,4
CUST001102,12,614.0,68.83333333333333,5
CUST001103,1,37.0,50.0,1
CUST001104,11,463.0,70.54545454545455,3
CUST001105,8,396.0,62.0,4
CUST001106,8,364.0,71.875,3
CUST001107,5,167.0,65.2,4
CUST001108,15,629.0,73.53333333333333,3
CUST001109,8,311.0,70.0,4
CUST001110,9,452.5,61.44444444444444,5
CUST001111,16,734.0,70.5625,5
CUST001112,6,335.0,63.333333333333336,3
CUST001113,8,269.0,80.875,4
CUST001114,11,662.0,74.18181818181819,4
CUST001115,14,713.0,72.07142857142857,6
CUST001116,6,330.0,76.0,4
CUST001117,1,36.0,86.0,1
CUST001118,9,445.0,78.0,3
CUST001119,10,404.0,75.5,3
CUST001120,5,182.0,76.0,2
CUST001121,6,313.0,65.66666666666667,4
CUST001122,7,436.0,66.42857142857143,4
CUST001123,9,472.0,65.66666666666667,4
CUST001124,7,312.5,74.0,3
CUST001125,8,510.0,77.375,3
CUST001126,8,364.0,67.625,5
CUST001127,2,97.0,40.5,2
CUST001128,9,341.0,70.22222222222223,5
CUST001129,6,364.0,89.33333333333333,5
CUST001130,9,469.0,78.88888888888889,4
CUST001131,12,522.0,68.33333333333333,3
CUST001132,10,404.0,71.6,3
CUST001133,12,409.0,62.166666666666664,4
CUST001134,7,313.0,73.14285714285714,2
CUST001135,13,571.0,69.15384615384616,4
CUST001136,6,202.0,57.833333333333336,4
CUST001137,11,375.0,62.27272727272727,5
CUST001139,8,288.0,72.75,3
CUST001140,1,54.0,83.0,1
CUST001141,8,505.0,64.25,4
CUST001142,9,485.0,86.22222222222223,4
CUST001143,11,364.0,67.36363636363636,3
CUST001144,8,458.0,75.75,4
CUST001145,3,113.0,63.666666666666664,3
CUST001146,15,815.0,64.66666666666667,4
CUST001147,9,461.0,70.88888888888889,3
CUST001148,14,614.0,72.85714285714286,4
CUST001149,9,456.0,82.0,4
CUST001150,6,289.0,83.16666666666667,4
CUST001151,5,210.0,54.6,2
CUST001152,10,389.0,72.8,4
CUST001153,16,787.0,72.625,5
CUST001154,7,344.0,80.0,4
CUST001155,2,110.0,68.5,1
CUST001156,6,391.5,62.166666666666664,3
CUST001157,14,715.0,83.0,6
CUST001158,8,457.0,71.25,4
CUST001159,7,324.0,69.28571428571429,2
CUST001160,2,91.0,66.5,2
CUST001161,14,568.0,68.21428571428571,5
CUST001162,8,253.0,83.25,4
CUST001163,9,476.0,70.22222222222223,4
CUST001164,3,209.0,66.0,2
CUST001165,3,187.0,65.0,1
CUST001166,9,516.0,74.66666666666667,4
CUST001167,6,261.0,54.166666666666664,3
CUST001168,2,77.0,75.0,2
CUST001169,7,307.0,62.285714285714285,3
CUST001170,8,393.0,60.125,2
CUST001171,9,424.0,61.22222222222222,3
CUST001172,6,361.0,79.66666666666667,5
CUST001173,9,460.0,73.66666666666667,2
CUST001174,13,682.0,73.23076923076923,4
CUST001175,9,460.0,66.44444444444444,5
CUST001176,6,355.5,75.66666666666667,3
CUST001177,7,362.0,68.57142857142857,4
CUST001178,8,264.0,82.0,4
CUST001179,2,125.0,79.5,2
CUST001180,5,276.0,62.6,3
CUST001181,11,468.0,68.54545454545455,5
CUST001182,1,68.0,100.0,1
CUST001183,12,526.0,76.58333333333333,6
CUST001184,7,421.0,83.42857142857143,3
CUST001185,7,317.0,82.14285714285714,4
CUST001186,10,434.0,71.1,4
CUST001187,13,490.0,69.76923076923077,4
CUST001188,10,547.5,76.2,4
CUST001189,7,296.0,79.42857142857143,4
CUST001190,9,598.0,77.11111111111111,5
CUST001191,6,171.0,80.83333333333333,3
CUST001192,3,138.0,73.0,1
CUST001193,7,316.0,70.85714285714286,3
CUST001194,10,491.0,70.1,4
CUST001195,8,243.0,64.25,4
CUST001196,9,360.0,66.66666666666667,3
CUST001197,8,440.0,70.0,4
CUST001198,7,337.0,76.85714285714286,5
CUST001199,8,385.0,64.875,3
CUST001200,14,685.0,79.28571428571429,4
CUST001201,11,487.0,66.27272727272727,4
CUST001202,8,311.0,71.75,3
CUST001203,9,411.0,74.88888888888889,3
CUST001204,9,370.0,83.55555555555556,3
CUST001205,7,503.0,61.857142857142854,5
CUST001206,4,308.0,70.5,3
CUST001207,7,274.0,80.14285714285714,3
CUST001208,9,348.0,78.55555555555556,4
CUST001209,7,345.0,64.0,4
CUST001210,7,404.0,66.71428571428571,4
CUST001211,2,116.0,54.0,1
CUST001212,6,368.0,83.5,3
CUST001213,9,487.0,78.88888888888889,5
CUST001214,10,505.0,67.1,4
CUST001215,6,290.0,76.83333333333333,2
CUST001216,3,135.0,78.0,2
CUST001217,5,192.0,76.8,4
CUST001218,5,158.0,60.6,3
CUST001219,6,182.0,58.0,3
CUST001220,1,22.0,77.0,1
CUST001221,6,300.0,69.5,3
CUST001222,9,412.0,74.33333333333333,4
CUST001223,2,83.0,94.0,2
CUST001224,10,464.0,69.9,3
CUST001225,9,355.0,74.77777777777777,3
CUST001226,5,195.0,63.2,3
CUST001227,8,431.0,69.75,4
CUST001228,11,534.0,77.72727272727273,4
CUST001229,8,456.0,82.75,3
CUST001230,6,222.0,51.666666666666664,3
CUST001231,9,476.0,66.55555555555556,4
CUST001232,2,105.0,53.5,2
CUST001233,8,245.0,65.75,2
CUST001234,12,622.0,70.5,4
CUST001235,6,360.0,75.16666666666667,5
CUST001236,7,362.0,58.285714285714285,3
CUST001237,11,554.0,63.18181818181818,4
CUST001238,9,341.0,76.33333333333333,6
CUST001239,7,391.0,59.0,3
CUST001240,8,365.0,81.25,4
CUST001241,14,549.0,68.64285714285714,5
CUST001242,3,137.0,97.33333333333333,3
CUST001243,2,85.0,82.0,1
CUST001244,9,455.0,83.55555555555556,4
CUST001245,6,234.0,69.66666666666667,2
CUST001246,11,688.0,68.54545454545455,4
CUST001247,6,304.0,66.0,2
CUST001248,12,607.0,63.666666666666664,5
CUST001249,10,450.0,65.9,4
CUST001250,9,469.0,76.11111111111111,5
CUST001251,7,440.0,77.28571428571429,3
CUST001252,18,942.0,57.888888888888886,4
CUST001253,11,490.0,75.0,5
CUST001254,9,478.0,70.77777777777777,3
CUST001255,2,89.0,100.0,2
CUST001256,11,513.0,65.45454545454545,5
CUST001257,11,601.0,82.81818181818181,5
CUST001258,6,349.5,74.33333333333333,3
CUST001259,8,279.0,75.5,5
CUST001260,13,585.0,73.15384615384616,5
CUST001261,13,450.0,69.15384615384616,4
CUST001262,12,554.0,70.08333333333333,5
CUST001263,13,578.0,70.92307692307692,4
CUST001264,6,343.0,71.33333333333333,3
CUST001265,11,503.0,77.54545454545455,5
CUST001266,9,452.0,78.33333333333333,3
CUST001267,18,871.0,67.83333333333333,5
CUST001268,15,613.0,69.33333333333333,6
CUST001269,13,697.0,70.07692307692308,6
CUST001270,11,366.0,68.27272727272727,4
CUST001271,2,96.0,77.5,2
CUST001272,10,371.0,78.9,3
CUST001273,7,344.0,68.42857142857143,3
CUST001274,8,381.0,74.125,2
CUST001275,10,393.0,70.2,3
CUST001276,9,406.0,69.66666666666667,5
CUST001277,10,569.0,61.7,5
CUST001278,8,456.0,71.125,5
CUST001279,10,504.0,66.9,6
CUST001280,5,260.0,62.8,3
CUST001281,12,477.0,69.75,5
CUST001282,2,129.0,64.0,2
CUST001283,6,241.0,79.33333333333333,2
CUST001284,7,363.0,73.28571428571429,4
CUST001285,6,226.0,53.166666666666664,4
CUST001286,8,410.0,76.125,5
CUST001287,8,357.0,68.125,3
CUST001288,10,568.0,71.6,2
CUST001289,2,96.0,48.0,2
CUST001290,2,80.0,71.0,2
CUST001291,15,769.0,64.6,5
CUST001292,10,420.0,71.5,5
CUST001293,13,490.0,67.23076923076923,5
CUST001294,7,338.0,77.14285714285714,5
CUST001295,10,378.0,77.5,4
CUST001296,12,472.0,74.83333333333333,4
CUST001297,11,446.0,70.72727272727273,4
CUST001298,9,479.5,67.22222222222223,4
CUST001299,9,410.0,73.33333333333333,4
CUST001300,3,96.0,64.33333333333333,3
CUST001301,9,480.0,69.44444444444444,4
CUST001302,9,473.0,71.88888888888889,5
CUST001303,11,564.0,71.72727272727273,3
CUST001304,11,676.0,71.36363636363636,4
CUST001305,12,638.0,62.0,5
CUST001306,11,552.0,80.18181818181819,5
CUST001307,11,614.0,74.54545454545455,4
CUST001308,6,332.0,64.5,3
CUST001309,9,349.0,62.77777777777778,4
CUST001310,8,418.0,62.5,5
CUST001311,13,711.0,70.61538461538461,4
CUST001312,6,272.0,73.16666666666667,4
CUST001313,11,570.5,67.81818181818181,5
CUST001314,12,668.0,86.25,4
CUST001315,2,75.0,93.0,2
CUST001316,6,338.0,77.66666666666667,3
CUST001317,11,519.0,73.0,4
CUST001318,6,315.0,81.0,2
CUST001319,1,79.0,49.0,1
CUST001320,8,454.0,69.125,6
CUST001321,1,45.0,91.0,1
CUST001322,6,258.0,57.0,5
CUST001323,10,557.0,75.1,5
CUST001324,11,557.0,70.0909090909091,5
CUST001325,3,98.0,73.66666666666667,2
CUST001326,10,536.5,70.3,5
CUST001327,12,653.0,75.33333333333333,4
CUST001328,10,465.0,76.1,3
CUST001329,13,756.0,68.46153846153847,4
CUST001330,15,499.0,64.53333333333333,5
CUST001331,11,538.0,72.63636363636364,4
CUST001332,16,698.0,74.0,5
CUST001333,10,498.0,76.1,4
CUST001334,9,458.0,60.111111111111114,4
CUST001335,11,517.0,72.36363636363636,4
CUST001336,12,687.0,77.83333333333333,6
CUST001337,12,557.0,69.66666666666667,4
CUST001338,8,392.0,76.0,4
CUST001339,8,348.0,67.75,4
CUST001340,10,459.0,75.4,4
CUST001341,1,60.0,97.0,1
CUST001342,8,373.0,75.375,3
CUST001343,11,438.0,59.45454545454545,4
CUST001344,11,650.0,71.27272727272727,4
CUST001345,2,57.0,72.0,2
CUST001346,9,504.0,68.55555555555556,3
CUST001347,9,439.0,75.0,4
CUST001348,7,315.0,86.28571428571429,5
CUST001349,8,276.0,77.75,4
CUST001350,7,257.0,77.71428571428571,4
CUST001351,11,503.0,76.36363636363636,4
CUST001352,9,473.0,67.22222222222223,5
CUST001353,9,453.0,73.33333333333333,3
CUST001354,5,200.0,64.6,3
CUST001355,16,789.0,65.6875,4
CUST001356,10,474.0,72.8,4
CUST001357,13,511.0,70.53846153846153,3
CUST001358,9,291.0,75.44444444444444,2
CUST001359,7,275.0,62.0,4
CUST001360,13,639.0,67.84615384615384,5
CUST001361,9,331.0,78.11111111111111,3
CUST001362,7,299.0,82.85714285714286,3
CUST001363,8,383.0,57.5,4
CUST001364,1,36.0,81.0,1
CUST001365,5,151.0,62.4,3
CUST001366,9,465.0,62.77777777777778,3
CUST001367,7,328.0,86.0,3
CUST001368,8,387.5,86.875,3
CUST001369,10,405.0,70.6,5
CUST001370,8,222.0,77.0,5
CUST001371,7,406.5,74.71428571428571,4
CUST001372,7,349.0,74.14285714285714,5
CUST001373,3,82.0,65.0,3
CUST001374,7,390.0,67.42857142857143,4
CUST001375,10,595.0,76.3,5
CUST001376,7,258.0,75.42857142857143,3
CUST001377,9,509.5,78.88888888888889,4
CUST001378,7,409.0,67.42857142857143,4
CUST001379,12,606.0,76.08333333333333,5
CUST001380,1,77.0,49.0,1
CUST001381,7,343.0,68.14285714285714,4
CUST001382,15,735.0,64.53333333333333,5
CUST001383,3,176.0,60.0,3
CUST001384,7,379.0,62.142857142857146,5
CUST001385,8,346.0,71.125,3
CUST001386,10,527.0,69.8,6
CUST001387,15,771.0,75.73333333333333,5
CUST001388,6,308.0,81.66666666666667,5
CUST001389,6,343.0,65.0,5
CUST001390,11,448.0,70.27272727272727,3
CUST001391,8,394.0,68.75,4
CUST001392,5,166.0,70.8,3
CUST001393,7,359.0,69.42857142857143,5
CUST001394,7,254.0,73.57142857142857,4
CUST001395,1,33.0,36.0,1
CUST001396,10,500.0,67.4,5
CUST001397,9,364.0,74.66666666666667,3
CUST001398,11,610.0,69.0909090909091,4
CUST001399,14,676.0,72.85714285714286,7
CUST001400,6,277.0,80.66666666666667,3
CUST001401,2,85.0,94.5,2
CUST001402,3,96.0,56.333333333333336,2
CUST001403,9,464.0,61.111111111111114,4
CUST001404,5,300.0,80.2,2
CUST001405,13,466.0,71.0,4
CUST001406,8,423.0,73.0,4
CUST001407,12,530.0,73.33333333333333,5
CUST001408,11,513.0,72.36363636363636,4
CUST001409,9,465.0,74.33333333333333,4
CUST001410,8,455.0,62.25,4
CUST001411,8,497.5,64.0,3
CUST001412,8,302.0,76.25,4
CUST001413,10,457.0,69.7,3
CUST001414,8,441.0,71.75,3
CUST001415,8,446.0,78.0,3
CUST001416,3,58.0,56.0,2
CUST001417,11,580.0,73.72727272727273,5
CUST001418,11,618.5,85.0,5
CUST001419,6,366.0,89.5,2
CUST001420,14,770.0,71.42857142857143,4
CUST001421,2,78.0,35.0,2
CUST001422,10,553.5,63.8,2
CUST001423,13,603.0,61.92307692307692,4
CUST001424,8,402.0,67.125,4
CUST001425,7,453.0,58.142857142857146,4
CUST001426,3,147.0,99.33333333333333,2
CUST001427,5,204.0,80.4,3
CUST001428,5,277.0,51.4,4
CUST001429,14,818.5,70.71428571428571,3
CUST001430,12,573.0,76.58333333333333,4
CUST001431,5,173.0,76.4,3
CUST001432,8,372.0,62.125,4
CUST001433,2,55.0,61.5,2
CUST001434,7,367.0,70.14285714285714,3
CUST001435,1,71.0,63.0,1
CUST001436,12,538.0,75.25,4
CUST001437,17,701.0,68.58823529411765,5
CUST001438,10,497.0,67.5,4
CUST001439,9,524.0,79.33333333333333,4
CUST001440,12,713.0,65.41666666666667,4
CUST001441,14,727.0,63.5,4
CUST001442,7,188.0,72.71428571428571,4
CUST001443,7,442.0,79.42857142857143,4
CUST001444,10,435.0,82.2,6
CUST001445,5,281.0,80.0,3
CUST001446,8,489.0,69.75,3
CUST001447,10,468.0,66.8,5
CUST001448,10,505.0,70.6,3
CUST001449,12,559.0,71.33333333333333,5
CUST001450,10,448.0,74.9,3
CUST001451,8,336.0,68.625,3
CUST001452,7,390.5,63.57142857142857,3
CUST001453,8,425.0,70.25,3
CUST001454,9,286.0,75.77777777777777,4
CUST001455,6,269.0,65.0,3
CUST001456,11,681.0,65.9090909090909,4
CUST001457,6,340.0,74.16666666666667,2
CUST001458,1,113.5,82.0,1
CUST001459,8,534.0,65.875,4
CUST001460,9,503.0,74.44444444444444,4
CUST001461,10,500.0,71.1,4
CUST001462,16,612.0,78.875,6
CUST001463,10,388.0,79.3,3
CUST001464,6,300.0,70.66666666666667,4
CUST001465,12,589.0,80.25,4
CUST001466,6,360.5,76.0,4
CUST001467,9,492.0,67.77777777777777,4
CUST001468,2,99.0,73.0,2
CUST001469,5,342.0,66.0,4
CUST001470,10,413.0,73.2,4
CUST001471,6,264.0,62.666666666666664,4
CUST001472,6,243.0,77.33333333333333,3
CUST001473,13,510.0,72.23076923076923,3
CUST001474,5,220.0,53.8,4
CUST001475,13,526.0,71.61538461538461,4
CUST001476,12,455.0,71.08333333333333,4
CUST001477,7,307.0,62.714285714285715,4
CUST001478,15,587.0,67.46666666666667,4
CUST001479,3,118.0,68.0,2
CUST001480,10,417.0,66.3,4
CUST001481,12,778.0,68.5,6
CUST001482,9,370.0,85.44444444444444,4
CUST001483,2,94.0,43.0,1
CUST001484,1,22.0,92.0,1
CUST001485,11,573.0,77.36363636363636,4
CUST001486,11,339.0,71.9090909090909,4
CUST001487,2,70.0,56.0,1
CUST001488,13,648.0,72.92307692307692,5
CUST001489,2,134.0,66.5,2
CUST001490,12,726.0,76.41666666666667,4
CUST001491,4,200.0,77.0,3
CUST001492,5,340.0,82.0,3
CUST001493,13,601.5,74.46153846153847,4
CUST001494,10,412.0,68.6,5
CUST001495,2,80.0,59.5,2
CUST001496,4,194.5,72.0,4
CUST001497,6,194.0,65.0,4
CUST001498,5,241.0,88.4,2
CUST001499,8,505.0,65.0,4
CUST001500,7,325.0,65.28571428571429,4
CUST001501,10,594.0,69.5,3
CUST001502,5,309.0,72.8,2
CUST001503,9,622.0,63.55555555555556,3
CUST001504,8,375.0,64.5,4
CUST001505,5,257.0,71.0,4
CUST001506,3,171.0,76.0,3
CUST001507,8,404.0,70.625,4
CUST001508,1,39.0,51.0,1
CUST001509,4,173.0,85.5,3
CUST001510,9,403.0,79.33333333333333,3
CUST001511,12,527.0,70.0,5
CUST001512,9,413.0,67.22222222222223,4
CUST001513,6,421.5,57.333333333333336,3
CUST001514,8,477.0,79.875,3
CUST001515,9,512.0,63.0,4
CUST001516,14,743.5,61.857142857142854,5
CUST001517,11,495.0,61.45454545454545,4
CUST001518,7,333.0,83.28571428571429,4
CUST001519,7,276.0,64.28571428571429,4
CUST001520,1,75.0,10.0,1
CUST001521,12,606.0,63.25,5
CUST001522,4,184.0,74.0,1
CUST001523,3,110.0,74.33333333333333,2
CUST001524,2,83.0,78.0,2
CUST001525,6,163.0,58.5,3
CUST001526,11,453.0,73.63636363636364,4
CUST001527,8,427.0,76.25,3
CUST001528,9,428.0,73.77777777777777,5
CUST001529,8,397.0,80.75,4
CUST001530,5,214.0,65.2,3
CUST001531,7,314.0,67.85714285714286,3
CUST001532,15,728.0,71.0,6
CUST001533,15,812.0,80.73333333333333,4
CUST001534,12,620.0,77.41666666666667,5
CUST001535,3,159.0,43.0,3
CUST001536,2,89.0,74.0,1
CUST001537,10,509.0,68.7,3
CUST001538,10,475.0,83.4,3
CUST001539,3,92.0,59.333333333333336,2
CUST001540,13,621.0,74.46153846153847,3
CUST001541,9,533.0,61.77777777777778,4
CUST001542,9,491.0,72.0,3
CUST001543,14,748.0,64.64285714285714,4
CUST001544,2,90.0,79.5,2
CUST001545,14,755.0,76.57142857142857,4
CUST001546,12,557.0,76.16666666666667,4
CUST001547,9,408.0,68.44444444444444,3
CUST001548,15,773.0,74.2,4
CUST001549,10,713.5,55.2,3
CUST001550,12,584.0,63.833333333333336,5
CUST001551,8,418.0,59.5,4
CUST001552,13,507.0,67.38461538461539,4
CUST001553,9,529.0,78.55555555555556,4
CUST001554,11,406.0,77.9090909090909,6
CUST001555,6,239.0,70.66666666666667,2
CUST001556,10,490.0,77.1,3
CUST001557,13,635.0,80.6923076923077,5
CUST001558,10,574.0,66.1,5
CUST001559,3,61.0,78.33333333333333,2
CUST001560,9,531.0,75.55555555555556,3
CUST001561,8,340.0,54.75,4
CUST001562,7,264.0,62.714285714285715,4
CUST001563,3,172.0,51.333333333333336,2
CUST001564,7,121.0,56.714285714285715,3
CUST001565,6,355.0,46.0,3
CUST001566,6,230.0,67.0,3
CUST001567,10,379.0,76.1,4
CUST001568,10,398.0,75.6,6
CUST001569,10,550.0,72.6,3
CUST001570,3,157.0,61.333333333333336,2
CUST001571,3,157.0,59.333333333333336,1
CUST001572,11,561.0,75.0909090909091,5
CUST001573,6,275.0,73.16666666666667,3
CUST001574,15,558.0,73.6,5
CUST001575,12,542.0,60.666666666666664,4
CUST001576,9,478.5,60.55555555555556,4
CUST001577,8,543.0,77.0,4
CUST001578,9,368.0,78.44444444444444,4
CUST001579,6,288.0,73.0,3
CUST001580,10,490.0,47.9,4
CUST001581,10,574.0,73.0,4
CUST001582,7,281.0,65.0,4
CUST001583,7,385.0,60.42857142857143,3
CUST001584,8,333.0,60.75,4
CUST001585,10,395.0,75.3,4
CUST001586,8,326.0,74.5,3
CUST001587,9,482.0,77.66666666666667,3
CUST001588,10,517.0,77.4,4
CUST001589,7,335.0,59.285714285714285,5
CUST001590,9,376.0,69.33333333333333,3
CUST001591,8,378.0,74.5,4
CUST001592,8,428.0,67.375,4
CUST001593,7,419.0,75.85714285714286,2
CUST001594,6,276.0,59.666666666666664,3
CUST001595,6,250.0,69.5,2
CUST001596,12,681.0,62.916666666666664,5
CUST001597,7,195.0,66.14285714285714,3
CUST001598,5,240.0,75.8,4
CUST001599,7,372.0,73.14285714285714,4
CUST001600,8,303.0,82.625,4
CUST001601,12,603.0,73.41666666666667,5
CUST001602,7,358.0,85.85714285714286,4
CUST001603,2,92.0,79.5,2
CUST001604,9,513.0,71.77777777777777,3
CUST001605,4,185.0,63.5,1
CUST001606,2,98.0,65.5,1
CUST001607,2,57.0,61.0,1
CUST001608,5,427.5,74.4,4
CUST001609,2,85.0,91.0,2
CUST001610,13,453.0,60.84615384615385,5
CUST001611,1,17.0,85.0,1
CUST001612,2,105.0,77.0,2
CUST001613,9,476.0,59.44444444444444,4
CUST001614,1,31.0,78.0,1
CUST001615,7,379.0,72.28571428571429,4
CUST001616,16,816.0,63.0,5
CUST001617,11,399.0,76.63636363636364,4
CUST001618,6,169.0,44.0,3
CUST001619,9,477.0,66.11111111111111,3
CUST001620,11,316.0,71.45454545454545,3
CUST001621,3,157.0,50.333333333333336,3
CUST001622,4,230.0,79.75,2
CUST001623,11,457.0,69.27272727272727,6
CUST001624,9,397.0,67.88888888888889,3
CUST001625,8,419.0,64.625,3
CUST001626,14,932.5,70.07142857142857,4
CUST001627,13,577.0,69.3076923076923,5
CUST001628,8,460.0,68.375,3
CUST001629,2,101.0,78.5,2
CUST001630,1,54.0,76.0,1
CUST001631,12,647.0,70.5,5
CUST001632,12,560.0,68.91666666666667,4
CUST001633,9,567.0,57.0,4
CUST001634,15,704.0,68.13333333333334,5
CUST001635,14,713.0,68.42857142857143,5
CUST001636,11,614.0,70.36363636363636,4
CUST001637,7,382.0,73.0,4
CUST001638,8,326.0,73.875,3
CUST001639,12,497.0,75.33333333333333,4
CUST001640,13,474.0,74.07692307692308,4
CUST001641,11,690.0,68.0,5
CUST001642,11,462.0,74.0,4
CUST001643,13,443.0,76.92307692307692,5
CUST001644,11,523.0,72.27272727272727,4
CUST001645,11,385.0,68.0909090909091,3
CUST001646,2,144.0,55.0,2
CUST001647,10,418.0,65.3,5
CUST001648,9,345.0,72.22222222222223,5
CUST001649,6,275.0,82.33333333333333,4
CUST001650,9,368.0,74.11111111111111,5
CUST001651,5,213.0,68.8,3
CUST001652,9,481.0,59.666666666666664,5
CUST001653,21,1065.5,72.42857142857143,5
CUST001654,4,200.0,67.0,2
CUST001655,4,191.0,84.0,2
CUST001656,4,173.0,67.25,3
CUST001657,11,509.0,64.36363636363636,4
CUST001658,6,220.0,67.33333333333333,4
CUST001659,6,214.0,73.33333333333333,3
CUST001660,1,31.0,57.0,1
CUST001661,7,380.0,71.57142857142857,4
CUST001662,2,72.0,80.0,1
CUST001663,11,576.0,69.81818181818181,4
CUST001664,13,676.0,63.61538461538461,5
CUST001665,8,476.5,59.25,2
CUST001666,8,446.0,62.125,5
CUST001667,1,77.0,93.0,1
CUST001668,10,421.0,63.0,3
CUST001669,8,399.0,60.25,4
CUST001670,5,344.0,62.6,3
CUST001671,10,408.0,70.0,5
CUST001672,3,84.0,86.0,2
CUST001673,1,36.0,86.0,1
CUST001674,2,134.0,85.5,2
CUST001675,5,252.0,79.6,2
CUST001676,12,681.0,79.75,4
CUST001677,6,270.0,73.33333333333333,4
CUST001678,9,512.0,65.0,2
CUST001679,9,318.0,79.22222222222223,4
CUST001680,13,585.0,66.76923076923077,5
CUST001681,10,653.0,71.2,4
CUST001682,10,420.0,72.7,3
CUST001683,7,336.0,59.57142857142857,4
CUST001684,9,311.0,71.88888888888889,5
CUST001685,13,653.0,77.53846153846153,5
CUST001686,8,360.0,63.375,5
CUST001687,10,597.0,68.4,5
CUST001688,14,696.0,69.14285714285714,5
CUST001689,11,445.0,51.45454545454545,4
CUST001690,10,425.0,64.8,4
CUST001691,3,104.0,69.0,3
CUST001692,11,520.0,74.45454545454545,5
CUST001693,8,402.0,66.5,3
CUST001694,13,644.0,78.76923076923077,4
CUST001695,6,268.0,73.83333333333333,3
CUST001696,2,153.0,90.5,2
CUST001697,9,366.0,67.88888888888889,4
CUST001698,12,610.0,76.41666666666667,5
CUST001699,6,229.0,82.0,4
CUST001700,9,367.0,71.22222222222223,5
CUST001701,8,385.0,64.0,5
CUST001702,10,465.0,72.6,5
CUST001703,12,501.0,75.16666666666667,4
CUST001704,12,457.0,83.91666666666667,5
CUST001705,16,850.0,67.5625,7
CUST001706,12,818.5,72.41666666666667,4
CUST001707,11,659.0,74.0909090909091,5
CUST001708,11,657.5,80.54545454545455,4
CUST001709,8,266.0,66.25,4
CUST001710,16,722.0,68.875,3
CUST001711,10,531.0,62.2,5
CUST001712,10,596.5,67.9,5
CUST001713,9,539.0,78.33333333333333,5
CUST001714,7,399.0,64.28571428571429,4
CUST001715,6,290.0,71.33333333333333,3
CUST001716,7,175.0,85.14285714285714,4
CUST001717,7,376.0,75.71428571428571,4
CUST001718,14,706.0,67.92857142857143,4
CUST001719,9,511.0,71.22222222222223,3
CUST001720,2,102.0,57.5,2
CUST001721,14,844.0,74.71428571428571,5
CUST001722,10,367.0,69.0,4
CUST001723,9,403.0,64.44444444444444,2
CUST001724,10,542.0,75.9,4
CUST001725,7,332.0,62.714285714285715,4
CUST001726,8,350.0,82.0,4
CUST001727,13,728.0,73.38461538461539,4
CUST001728,5,190.0,63.6,3
CUST001729,9,458.0,80.33333333333333,4
CUST001730,7,327.0,78.71428571428571,5
CUST001731,6,327.0,75.66666666666667,5
CUST001732,16,647.0,79.5,4
CUST001733,8,462.0,70.625,4
CUST001734,6,217.0,72.0,3
CUST001735,6,318.0,68.33333333333333,3
CUST001736,7,424.0,81.57142857142857,2
CUST001737,5,207.0,69.4,4
CUST001738,7,309.0,70.42857142857143,5
CUST001739,6,350.0,76.16666666666667,4
CUST001740,6,300.0,80.83333333333333,4
CUST001741,8,319.0,69.25,4
CUST001742,9,497.0,67.77777777777777,5
CUST001743,6,198.0,78.66666666666667,3
CUST001744,9,496.0,72.55555555555556,4
CUST001745,12,563.5,68.33333333333333,5
CUST001746,5,285.0,78.8,4
CUST001747,11,433.0,64.9090909090909,3
CUST001748,12,478.0,71.91666666666667,4
CUST001749,7,230.0,56.57142857142857,3
CUST001750,10,509.0,73.4,4
CUST001751,9,415.0,67.33333333333333,3
CUST001752,9,557.0,73.55555555555556,4
CUST001753,12,706.0,70.25,5
CUST001754,12,514.5,70.08333333333333,4
CUST001755,7,253.0,58.857142857142854,3
CUST001756,6,331.0,73.83333333333333,5
CUST001757,8,388.0,67.0,3
CUST001758,8,359.0,69.125,3
CUST001759,12,652.0,69.5,3
CUST001760,8,404.0,70.375,4
CUST001761,9,447.0,76.33333333333333,4
CUST001762,9,441.0,72.77777777777777,5
CUST001763,9,546.0,61.666666666666664,3
CUST001764,6,318.5,74.66666666666667,2
CUST001765,9,454.0,79.44444444444444,5
CUST001766,12,557.0,65.41666666666667,4
CUST001767,11,503.0,74.36363636363636,4
CUST001768,4,192.0,76.75,3
CUST001769,5,302.5,81.6,4
CUST001770,11,538.0,62.72727272727273,5
CUST001771,11,600.0,84.72727272727273,4
CUST001772,9,463.0,71.44444444444444,5
CUST001773,8,367.0,73.375,5
CUST001774,9,335.0,71.11111111111111,3
CUST001775,2,77.0,100.0,2
CUST001776,7,360.0,70.28571428571429,3
CUST001777,15,608.0,75.0,4
CUST001778,4,179.0,60.0,3
CUST001779,9,338.0,71.0,4
CUST001780,8,430.0,73.0,6
CUST001781,17,1091.0,72.76470588235294,4
CUST001782,9,363.0,81.11111111111111,5
CUST001783,11,506.0,80.36363636363636,5
CUST001784,2,101.0,78.5,2
CUST001785,6,200.0,93.5,5
CUST001786,4,211.0,62.5,2
CUST001787,9,494.0,74.44444444444444,4
CUST001788,7,402.0,77.42857142857143,2
CUST001789,9,434.0,72.44444444444444,3
CUST001790,15,756.0,62.06666666666667,5
CUST001791,19,996.0,75.63157894736842,4
CUST001792,11,652.0,77.27272727272727,6
CUST001793,16,822.0,75.6875,3
CUST001794,10,487.0,64.1,3
CUST001795,6,158.0,75.16666666666667,2
CUST001796,8,530.0,68.75,2
CUST001797,8,347.0,47.125,3
CUST001798,2,89.0,60.5,2
CUST001799,10,494.0,76.2,4
CUST001800,2,126.0,56.0,2
CUST001801,16,951.0,80.4375,5
CUST001802,13,609.5,61.30769230769231,4
CUST001803,6,375.5,52.666666666666664,2
CUST001804,13,732.5,63.15384615384615,3
CUST001806,6,271.0,58.333333333333336,2
CUST001807,14,744.0,77.78571428571429,4
CUST001808,11,577.0,78.72727272727273,4
CUST001809,10,390.0,73.4,3
CUST001810,10,519.0,73.2,3
CUST001811,7,249.0,55.285714285714285,2
CUST001812,8,337.0,61.875,4
CUST001813,1,34.0,51.0,1
CUST001814,5,292.0,83.4,3
CUST001815,7,257.0,78.0,4
CUST001816,7,292.0,68.0,4
CUST001817,9,383.0,64.77777777777777,4
CUST001818,14,664.0,58.857142857142854,4
CUST001819,9,307.0,76.0,4
CUST001820,11,623.0,70.0909090909091,5
CUST001821,9,398.0,71.22222222222223,3
CUST001822,6,279.0,67.16666666666667,3
CUST001823,9,327.0,67.55555555555556,3
CUST001824,11,541.0,70.0909090909091,4
CUST001825,10,382.0,79.6,4
CUST001826,9,486.5,65.55555555555556,4
CUST001827,9,433.0,70.77777777777777,4
CUST001828,9,592.0,66.44444444444444,4
CUST001829,1,41.0,49.0,1
CUST001830,13,523.0,64.15384615384616,5
CUST001831,6,339.0,67.16666666666667,3
CUST001832,6,237.5,79.66666666666667,4
CUST001833,8,392.0,63.5,3
CUST001834,11,469.0,56.36363636363637,2
CUST001835,10,351.0,68.4,3
CUST001836,6,290.0,77.16666666666667,3
CUST001837,7,351.0,71.42857142857143,4
CUST001838,5,229.0,59.0,3
CUST001839,10,509.0,69.2,4
CUST001840,9,426.0,70.66666666666667,3
CUST001841,6,156.0,76.5,4
CUST001842,9,383.0,61.55555555555556,4
CUST001843,17,832.0,70.52941176470588,5
CUST001844,8,354.0,71.5,3
CUST001845,4,182.0,87.75,3
CUST001846,10,512.0,66.7,4
CUST001847,10,293.0,64.5,5
CUST001848,4,245.0,66.25,3
CUST001849,12,606.0,62.75,5
CUST001850,9,448.0,69.22222222222223,5
CUST001851,7,311.0,72.0,4
CUST001852,7,333.0,57.714285714285715,4
CUST001853,7,372.0,82.71428571428571,3
CUST001854,5,197.0,68.0,3
CUST001855,13,526.0,67.76923076923077,5
CUST001856,9,460.0,70.88888888888889,3
CUST001857,12,618.0,70.0,3
CUST001858,1,83.0,73.0,1
CUST001859,13,725.0,69.3076923076923,4
CUST001860,2,71.0,56.5,2
CUST001861,12,620.0,66.58333333333333,3
CUST001862,9,456.0,80.0,4
CUST001863,14,708.0,60.642857142857146,3
CUST001864,1,36.0,100.0,1
CUST001865,9,429.0,78.11111111111111,4
CUST001866,12,596.0,61.416666666666664,4
CUST001868,8,478.0,62.75,3
CUST001869,8,356.0,66.5,2
CUST001870,8,318.0,63.5,3
CUST001871,3,106.0,77.33333333333333,2
CUST001872,3,174.0,60.666666666666664,3
CUST001873,13,643.0,74.53846153846153,3
CUST001874,1,71.0,42.0,1
CUST001875,2,153.0,81.0,2
CUST001876,8,427.0,68.25,4
CUST001877,5,254.0,72.6,3
CUST001878,17,927.0,71.3529411764706,6
CUST001879,6,262.0,66.83333333333333,2
CUST001880,7,307.0,67.42857142857143,4
CUST001881,11,574.0,62.09090909090909,4
CUST001882,8,486.0,63.5,3
CUST001883,5,209.0,61.0,2
CUST001884,8,380.0,75.375,4
CUST001885,8,336.0,64.625,4
CUST001886,7,328.0,58.285714285714285,4
CUST001887,3,92.0,49.0,2
CUST001888,11,473.0,74.36363636363636,6
CUST001889,7,445.0,74.0,3
CUST001890,14,596.0,79.07142857142857,5
CUST001891,7,377.5,68.14285714285714,4
CUST001892,8,391.0,64.5,4
CUST001893,5,237.0,68.0,4
CUST001894,10,530.0,55.8,2
CUST001895,12,534.0,69.75,4
CUST001896,8,379.0,66.5,4
CUST001897,2,120.0,64.0,2
CUST001898,11,625.0,68.18181818181819,5
CUST001899,7,379.0,65.28571428571429,2
CUST001900,6,290.0,79.33333333333333,3
CUST001901,12,826.0,68.08333333333333,4
CUST001902,10,447.0,65.8,3
CUST001903,11,427.0,74.27272727272727,5
CUST001904,1,55.0,64.0,1
CUST001905,2,107.0,68.5,1
CUST001906,9,323.0,75.0,4
CUST001907,9,500.0,83.44444444444444,5
CUST001908,9,427.0,68.33333333333333,4
CUST001909,11,542.0,69.45454545454545,4
CUST001910,4,229.0,67.75,2
CUST001911,11,622.0,55.54545454545455,4
CUST001912,11,609.0,80.63636363636364,4
CUST001913,12,587.0,67.08333333333333,4
CUST001914,1,8.0,45.0,1
CUST001915,5,312.0,77.6,4
CUST001916,2,111.0,66.0,2
CUST001917,1,19.0,67.0,1
CUST001918,14,499.0,67.14285714285714,6
CUST001919,9,402.5,74.33333333333333,3
CUST001920,7,309.0,79.28571428571429,4
CUST001921,10,343.0,75.0,4
CUST001922,8,318.0,83.25,3
CUST001923,6,287.0,78.33333333333333,4
CUST001924,9,245.0,71.44444444444444,5
CUST001925,9,322.0,76.88888888888889,4
CUST001926,10,505.0,62.4,3
CUST001927,10,469.0,66.3,5
CUST001928,7,320.0,66.28571428571429,4
CUST001929,11,595.0,75.72727272727273,4
CUST001930,9,441.0,67.0,4
CUST001931,2,50.0,71.0,2
CUST001932,8,318.0,75.25,4
CUST001933,9,386.0,73.44444444444444,4
CUST001934,11,545.0,74.0,4
CUST001935,10,534.0,59.4,5
CUST001936,9,484.0,77.55555555555556,5
CUST001937,7,297.0,79.14285714285714,2
CUST001938,10,447.0,74.2,3
CUST001939,8,399.0,71.0,4
CUST001940,12,630.0,62.666666666666664,4
CUST001941,13,544.0,70.38461538461539,4
CUST001942,9,414.0,65.66666666666667,3
CUST001943,6,347.5,79.16666666666667,3
CUST001944,7,307.0,70.85714285714286,3
CUST001945,9,440.0,59.55555555555556,4
CUST001946,8,431.0,71.5,5
CUST001947,9,475.0,67.0,5
CUST001948,13,686.0,73.07692307692308,5
CUST001949,10,484.0,63.6,4
CUST001950,5,232.0,52.6,2
CUST001951,11,364.0,67.27272727272727,4
CUST001952,8,493.5,62.625,2
CUST001953,8,299.0,75.25,4
CUST001954,7,417.0,78.57142857142857,3
CUST001955,9,513.0,75.22222222222223,5
CUST001956,4,137.0,68.0,3
CUST001957,12,582.0,82.16666666666667,4
CUST001958,2,93.0,55.5,2
CUST001959,7,296.0,68.14285714285714,2
CUST001960,9,458.0,62.333333333333336,5
CUST001961,12,461.0,67.41666666666667,3
CUST001962,8,434.0,78.0,3
CUST001963,12,438.0,76.66666666666667,6
CUST001964,11,558.0,61.54545454545455,4
CUST001965,8,487.0,66.625,2
CUST001966,16,945.0,71.0,4
CUST001967,2,86.0,55.5,2
CUST001968,16,699.0,81.6875,5
CUST001969,4,271.0,54.0,4
CUST001970,17,921.5,64.94117647058823,4
CUST001971,5,281.0,75.2,2
CUST001972,4,172.0,62.25,3
CUST001973,9,429.0,73.77777777777777,4
CUST001974,1,36.0,67.0,1
CUST001975,10,578.0,66.5,4
CUST001976,6,273.0,68.33333333333333,2
CUST001977,8,270.0,66.375,4
CUST001978,11,505.0,61.90909090909091,4
CUST001979,13,661.5,76.15384615384616,4
CUST001980,12,602.0,73.08333333333333,3
CUST001981,10,525.0,80.7,4
CUST001982,7,383.0,83.42857142857143,4
CUST001983,9,393.0,69.44444444444444,4
CUST001984,16,752.0,71.875,6
CUST001985,8,431.0,63.0,3
CUST001986,13,639.0,79.23076923076923,5
CUST001987,8,345.0,67.875,5
CUST001988,13,712.0,76.53846153846153,4
CUST001989,1,52.0,83.0,1
CUST001990,16,816.0,72.625,3
CUST001991,5,203.0,58.2,4
CUST001992,7,354.0,76.14285714285714,2
CUST001993,5,320.5,85.0,3
CUST001994,8,242.0,65.5,4
CUST001995,8,382.0,66.625,5
CUST001996,14,797.5,67.92857142857143,5
CUST001997,12,638.5,73.58333333333333,5
CUST001998,11,368.0,59.72727272727273,4
CUST001999,10,489.0,68.0,4
CUST002000,9,495.0,80.88888888888889,2
CUST002001,17,962.0,70.52941176470588,4
CUST002002,11,471.0,67.81818181818181,5
CUST002003,8,364.0,81.125,3
CUST002004,8,461.0,59.875,3
CUST002005,7,455.0,73.42857142857143,5
CUST002006,10,491.0,73.6,4
CUST002007,4,219.0,89.75,3
CUST002008,8,207.0,72.25,5
CUST002009,14,790.0,73.35714285714286,4
CUST002010,6,340.0,82.33333333333333,4
CUST002011,9,349.0,70.77777777777777,4
CUST002012,11,586.0,66.27272727272727,6
CUST002013,13,674.0,66.6923076923077,5
CUST002014,12,539.0,74.08333333333333,4
CUST002015,8,406.0,70.75,5
CUST002016,3,159.0,53.333333333333336,3
CUST002017,5,230.0,65.8,5
CUST002018,1,52.0,88.0,1
CUST002019,9,416.0,70.44444444444444,5
CUST002020,10,483.0,73.5,4
CUST002021,7,276.0,65.42857142857143,3
CUST002022,8,343.0,76.75,4
CUST002023,13,756.0,67.6923076923077,3
CUST002024,9,489.0,69.44444444444444,4
CUST002025,2,144.0,76.0,1
CUST002026,9,467.0,72.11111111111111,5
CUST002027,15,748.0,61.6,5
CUST002028,8,357.0,74.875,4
CUST002029,14,685.0,71.5,4
CUST002030,18,949.0,66.05555555555556,5
CUST002031,6,283.0,70.83333333333333,5
CUST002032,7,324.0,73.0,4
CUST002033,2,65.0,45.0,2
CUST002034,5,208.0,69.2,3
CUST002035,9,479.0,75.33333333333333,4
CUST002036,1,55.0,67.0,1
CUST002037,2,110.0,92.5,2
CUST002038,9,437.0,84.77777777777777,3
CUST002039,11,651.0,71.0909090909091,3
CUST002040,10,546.0,62.7,4
CUST002042,6,213.0,65.0,3
CUST002043,2,138.0,91.0,1
CUST002044,9,567.0,82.44444444444444,3
CUST002045,9,426.0,75.11111111111111,3
CUST002046,8,373.0,65.75,3
CUST002047,9,447.0,68.44444444444444,4
CUST002048,7,314.0,90.85714285714286,3
CUST002049,6,381.5,66.5,4
CUST002050,8,359.0,71.375,3
CUST002051,5,301.0,76.4,3
CUST002052,7,279.0,79.0,2
CUST002053,13,720.0,68.53846153846153,5
CUST002054,2,54.0,51.5,2
CUST002055,13,557.0,74.07692307692308,4
CUST002056,6,293.0,66.33333333333333,3
CUST002057,3,96.0,61.0,2
CUST002058,3,96.0,80.0,2
CUST002059,2,56.0,61.0,2
CUST002060,11,577.0,72.9090909090909,4
CUST002061,8,310.0,75.25,3
CUST002062,10,424.0,75.8,3
CUST002063,9,432.0,68.44444444444444,3
CUST002064,11,392.0,71.54545454545455,4
CUST002065,7,321.0,70.42857142857143,3
CUST002066,4,190.0,65.75,4
CUST002067,15,828.0,77.73333333333333,4
CUST002068,7,380.0,72.71428571428571,3
CUST002069,11,499.0,73.0,4
CUST002070,5,312.0,58.8,3
CUST002071,8,408.0,88.25,4
CUST002072,12,514.0,81.41666666666667,4
CUST002073,8,449.0,71.375,4
CUST002074,7,313.0,79.57142857142857,3
CUST002075,2,123.0,80.5,1
CUST002076,13,673.0,64.46153846153847,4
CUST002077,16,645.0,71.5,4
CUST002078,9,410.5,57.0,3
CUST002079,8,299.0,66.875,5
CUST002080,4,169.0,73.0,3
CUST002081,9,374.0,63.22222222222222,4
CUST002082,12,608.0,76.66666666666667,4
CUST002083,9,353.0,66.44444444444444,4
CUST002084,15,777.0,64.86666666666666,2
CUST002085,8,325.0,67.5,3
CUST002086,7,284.0,77.0,3
CUST002087,1,39.0,65.0,1
CUST002088,8,460.5,83.375,3
CUST002089,10,510.0,70.9,4
CUST002090,6,201.0,68.33333333333333,3
CUST002091,13,609.0,68.46153846153847,5
CUST002092,12,574.5,55.666666666666664,4
CUST002093,8,256.0,87.0,5
CUST002094,8,518.0,70.125,4
CUST002095,8,384.0,69.375,2
CUST002096,10,543.0,69.0,4
CUST002097,5,313.0,76.6,3
CUST002098,8,368.0,69.75,5
CUST002099,2,101.0,66.5,2
CUST002100,4,176.0,87.75,3
CUST002101,1,71.0,89.0,1
CUST002102,12,675.5,67.83333333333333,3
CUST002103,8,364.0,54.875,3
CUST002104,11,499.0,71.72727272727273,5
CUST002105,10,392.0,73.9,4
CUST002106,3,150.0,76.66666666666667,3
CUST002107,10,596.0,66.8,5
CUST002108,11,523.0,72.9090909090909,4
CUST002109,9,410.0,65.44444444444444,2
CUST002110,6,277.0,62.666666666666664,3
CUST002111,6,204.0,66.83333333333333,3
CUST002112,10,443.0,70.8,2
CUST002113,5,145.0,65.8,2
CUST002114,7,416.5,68.14285714285714,4
CUST002115,3,194.0,81.33333333333333,3
CUST002116,5,320.0,75.4,4
CUST002117,9,334.0,63.888888888888886,3
CUST002118,2,77.0,83.0,2
CUST002119,9,308.0,65.88888888888889,5
CUST002120,1,38.0,12.0,1
CUST002121,11,461.0,67.81818181818181,4
CUST002122,11,598.0,62.45454545454545,3
CUST002123,15,771.0,65.8,5
CUST002124,6,187.0,70.5,3
CUST002125,15,638.0,67.93333333333334,5
CUST002126,6,264.0,67.83333333333333,4
CUST002127,5,270.0,70.4,2
CUST002128,9,365.0,61.111111111111114,4
CUST002129,9,411.0,63.44444444444444,3
CUST002130,7,270.0,72.71428571428571,2
CUST002131,11,524.0,74.81818181818181,4
CUST002132,9,338.0,76.88888888888889,4
CUST002133,14,559.0,75.92857142857143,6
CUST002134,8,324.0,73.5,5
CUST002135,5,229.0,68.8,3
CUST002136,5,256.0,87.8,3
CUST002137,11,489.0,69.36363636363636,3
CUST002138,7,344.0,61.0,1
CUST002139,14,768.0,73.5,4
CUST002140,7,405.0,84.57142857142857,4
CUST002141,2,127.0,64.0,2
CUST002142,16,638.0,76.3125,5
CUST002143,8,341.0,80.375,3
CUST002144,11,565.5,71.72727272727273,3
CUST002145,14,693.0,70.35714285714286,4
CUST002146,5,214.0,59.8,3
CUST002147,10,441.0,57.2,5
CUST002148,7,352.0,65.85714285714286,4
CUST002149,7,300.0,58.285714285714285,2
CUST002150,9,503.0,77.55555555555556,4
CUST002151,9,523.0,72.0,5
CUST002152,9,419.0,78.55555555555556,4
CUST002153,10,433.0,82.3,4
CUST002154,9,441.0,78.55555555555556,3
CUST002155,12,629.5,77.75,3
CUST002156,8,408.0,65.0,5
CUST002157,9,485.0,65.77777777777777,5
CUST002158,15,948.0,75.06666666666666,4
CUST002159,7,245.0,71.57142857142857,3
CUST002160,12,640.0,73.5,4
CUST002161,5,131.0,64.2,3
CUST002162,4,149.0,58.75,2
CUST002163,9,474.0,65.44444444444444,4
CUST002164,7,464.5,73.85714285714286,5
CUST002165,7,296.0,61.714285714285715,5
CUST002166,9,367.0,70.0,4
CUST002167,2,53.0,63.5,1
CUST002168,1,76.0,55.0,1
CUST002169,7,327.0,67.85714285714286,3
CUST002170,2,111.0,72.0,2
CUST002171,8,337.0,60.25,4
CUST002172,3,102.0,53.333333333333336,2
CUST002173,7,238.0,73.71428571428571,2
CUST002174,9,516.0,63.44444444444444,4
CUST002175,2,94.0,81.0,2
CUST002176,7,339.0,68.57142857142857,5
CUST002177,9,446.0,68.66666666666667,5
CUST002178,9,412.0,72.55555555555556,2
CUST002179,10,476.0,76.8,4
CUST002180,8,407.0,45.0,3
CUST002181,8,312.0,75.125,4
CUST002182,10,458.0,76.3,4
CUST002183,9,361.0,56.0,4
CUST002184,9,421.0,72.55555555555556,4
CUST002185,9,504.0,77.11111111111111,5
CUST002186,7,333.0,72.0,4
CUST002187,6,263.0,47.666666666666664,4
CUST002188,7,323.0,81.71428571428571,3
CUST002189,8,371.0,68.5,3
CUST002190,5,188.0,83.0,3
CUST002191,13,630.0,68.23076923076923,5
CUST002192,5,208.0,58.6,4
CUST002193,7,356.0,62.142857142857146,3
CUST002194,6,303.0,77.66666666666667,3
CUST002195,15,654.0,74.06666666666666,5
CUST002196,6,265.0,65.33333333333333,4
CUST002197,6,252.0,72.66666666666667,3
CUST002198,9,520.0,67.88888888888889,4
CUST002199,10,353.0,52.9,5
CUST002200,14,648.5,72.71428571428571,4
CUST002201,6,300.0,72.5,2
CUST002202,1,66.0,48.0,1
CUST002203,1,72.0,66.0,1
CUST002204,2,102.0,71.5,2
CUST002205,13,574.0,78.0,3
CUST002206,7,382.0,59.142857142857146,3
CUST002207,7,308.0,86.57142857142857,5
CUST002208,10,602.0,84.3,4
CUST002209,5,223.0,65.6,2
CUST002210,8,293.0,71.125,4
CUST002211,5,184.0,68.2,3
CUST002212,5,185.0,61.8,2
CUST002213,16,790.0,72.0625,5
CUST002214,9,413.0,74.88888888888889,4
CUST002215,6,359.0,61.666666666666664,2
CUST002216,3,170.0,71.33333333333333,2
CUST002217,10,553.0,68.7,3
CUST002218,7,259.0,57.57142857142857,2
CUST002219,10,450.0,71.3,5
CUST002220,11,583.0,78.54545454545455,4
CUST002221,1,66.0,50.0,1
CUST002222,7,438.0,69.28571428571429,3
CUST002223,8,287.0,65.0,3
CUST002224,6,287.5,53.5,3
CUST002225,13,512.0,70.46153846153847,3
CUST002226,1,3.0,78.0,1
CUST002227,2,100.0,89.5,1
CUST002228,7,389.0,72.42857142857143,2
CUST002229,11,486.0,76.18181818181819,5
CUST002230,6,181.0,70.33333333333333,3
CUST002231,7,248.0,69.42857142857143,4
CUST002232,6,318.0,70.83333333333333,4
CUST002233,7,385.0,65.85714285714286,3
CUST002234,11,640.0,74.0909090909091,5
CUST002235,10,496.5,62.7,5
CUST002236,8,252.0,70.75,5
CUST002237,8,339.0,66.25,4
CUST002238,13,650.0,71.76923076923077,6
CUST002239,11,461.0,72.27272727272727,4
CUST002240,12,316.0,68.66666666666667,4
CUST002241,5,205.0,76.8,2
CUST002242,7,337.0,67.28571428571429,4
CUST002243,9,504.5,65.44444444444444,5
CUST002244,7,295.0,56.857142857142854,4
CUST002245,2,117.0,65.5,1
CUST002246,6,234.0,67.5,5
CUST002247,5,207.0,65.4,2
CUST002248,2,120.0,72.0,1
CUST002249,15,723.0,74.73333333333333,6
CUST002250,10,301.0,69.6,5
CUST002251,3,84.0,77.66666666666667,1
CUST002252,3,207.0,70.33333333333333,2
CUST002253,8,409.0,59.875,3
CUST002254,2,80.0,50.0,2
CUST002255,12,634.0,71.58333333333333,6
CUST002256,11,429.0,66.36363636363636,5
CUST002257,9,512.0,68.77777777777777,3
CUST002258,11,483.0,72.0909090909091,5
CUST002259,6,310.0,80.33333333333333,3
CUST002260,9,450.0,70.66666666666667,4
CUST002261,6,236.0,69.33333333333333,4
CUST002262,6,290.0,49.833333333333336,3
CUST002263,10,371.0,74.2,4
CUST002264,3,147.0,69.0,2
CUST002265,10,415.0,82.4,4
CUST002266,8,337.0,73.875,4
CUST002267,2,112.0,41.5,2
CUST002268,7,297.0,77.71428571428571,3
CUST002269,11,448.0,71.63636363636364,4
CUST002270,7,161.0,68.57142857142857,4
CUST002271,8,476.0,65.375,4
CUST002272,9,490.0,61.77777777777778,5
CUST002273,8,433.0,67.375,2
CUST002274,7,364.0,59.0,4
CUST002275,10,375.0,70.0,3
CUST002276,13,614.5,68.23076923076923,6
CUST002277,7,355.0,73.0,3
CUST002278,9,422.0,74.22222222222223,4
CUST002279,16,852.0,67.9375,4
CUST002280,13,657.0,69.53846153846153,5
CUST002281,11,351.0,71.18181818181819,3
CUST002282,4,124.0,73.5,3
CUST002283,6,294.0,68.66666666666667,5
CUST002284,3,246.0,78.0,2
CUST002285,7,319.0,70.42857142857143,5
CUST002286,9,462.0,65.44444444444444,3
CUST002287,11,463.0,67.18181818181819,2
CUST002288,14,695.5,78.92857142857143,4
CUST002289,9,365.0,68.66666666666667,5
CUST002290,16,814.0,74.1875,6
CUST002291,6,292.0,81.83333333333333,3
CUST002292,12,629.0,53.333333333333336,5
CUST002293,13,662.0,72.0,6
CUST002294,12,466.0,75.83333333333333,5
CUST002295,2,78.0,66.5,2
CUST002296,1,44.0,90.0,1
CUST002297,15,701.0,76.86666666666666,5
CUST002298,12,619.0,81.66666666666667,6
CUST002299,11,524.0,65.27272727272727,5
CUST002300,7,402.0,59.142857142857146,3
CUST002301,7,360.0,72.0,5
CUST002302,7,335.0,80.0,4
CUST002303,8,379.0,64.0,5
CUST002304,12,645.0,75.75,4
CUST002305,8,305.0,88.25,4
CUST002306,5,257.0,88.6,3
CUST002307,7,211.0,82.28571428571429,4
CUST002308,9,452.0,55.333333333333336,5
CUST002309,13,604.0,70.38461538461539,4
CUST002310,9,525.0,69.66666666666667,4
CUST002311,12,666.0,66.75,4
CUST002312,8,279.0,83.625,3
CUST002313,13,535.0,61.53846153846154,4
CUST002314,7,315.0,64.28571428571429,4
CUST002315,15,669.0,71.6,6
CUST002316,8,339.0,53.625,3
CUST002317,7,277.0,65.57142857142857,4
CUST002318,6,188.0,75.0,4
CUST002319,11,383.0,62.0,3
CUST002320,10,417.0,69.4,4
CUST002321,1,60.0,61.0,1
CUST002322,13,811.0,64.84615384615384,4
CUST002323,9,528.0,52.55555555555556,3
CUST002324,8,280.0,74.125,3
CUST002325,11,532.0,71.54545454545455,5
CUST002326,9,446.0,53.55555555555556,2
CUST002327,15,692.0,68.53333333333333,5
CUST002328,9,432.0,62.22222222222222,3
CUST002329,8,337.0,64.5,5
CUST002330,8,354.0,76.625,4
CUST002331,7,416.0,57.142857142857146,4
CUST002332,6,307.0,68.83333333333333,3
CUST002333,10,450.0,67.6,5
CUST002334,6,378.0,64.66666666666667,4
CUST002335,9,398.0,78.44444444444444,4
CUST002336,9,371.0,82.22222222222223,5
CUST002337,2,85.0,82.5,2
CUST002338,6,306.0,62.666666666666664,3
CUST002339,10,431.0,65.1,5
CUST002340,3,218.0,77.33333333333333,3
CUST002341,11,631.0,62.72727272727273,5
CUST002342,12,378.0,71.41666666666667,4
CUST002343,5,211.0,83.6,3
CUST002344,7,351.0,77.14285714285714,3
CUST002345,2,108.0,68.0,2
CUST002346,7,365.0,74.0,4
CUST002347,5,236.0,64.8,3
CUST002348,6,253.0,78.66666666666667,3
CUST002349,10,500.0,65.8,3
CUST002350,10,577.0,77.2,4
CUST002351,3,112.0,78.0,2
CUST002352,10,482.0,70.5,4
CUST002353,9,562.5,68.33333333333333,3
CUST002354,7,223.0,67.42857142857143,3
CUST002355,2,54.0,68.5,2
CUST002356,9,354.0,60.22222222222222,3
CUST002357,8,364.0,60.25,4
CUST002358,4,116.0,62.0,2
CUST002359,2,61.0,44.0,1
CUST002360,9,552.0,65.77777777777777,4
CUST002361,1,57.0,91.0,1
CUST002362,6,313.0,59.5,3
CUST002363,4,255.0,80.25,3
CUST002364,3,133.0,65.66666666666667,2
CUST002365,13,657.0,75.46153846153847,4
CUST002366,10,571.0,76.0,4
CUST002367,2,124.0,68.5,2
CUST002368,2,111.0,38.0,2
CUST002369,1,18.0,68.0,1
CUST002370,2,43.0,79.5,2
CUST002371,13,626.0,70.46153846153847,4
CUST002372,8,419.0,72.625,4
CUST002373,8,491.0,80.625,4
CUST002374,12,517.0,70.75,4
CUST002375,10,546.0,72.8,4
CUST002376,9,427.0,73.11111111111111,3
CUST002377,8,477.5,81.25,2
CUST002378,6,187.0,63.0,2
CUST002379,11,543.0,67.27272727272727,5
CUST002380,9,345.0,77.66666666666667,3
CUST002381,5,244.0,73.2,3
CUST002382,8,389.0,83.125,3
CUST002383,9,388.0,75.11111111111111,4
CUST002384,6,302.0,78.0,3
CUST002385,8,378.0,68.0,3
CUST002386,15,732.0,79.2,3
CUST002387,9,464.0,71.77777777777777,5
CUST002388,9,434.0,67.88888888888889,4
CUST002389,9,594.5,71.88888888888889,5
CUST002390,1,72.0,81.0,1
CUST002391,9,263.0,69.44444444444444,5
CUST002392,11,450.0,85.45454545454545,5
CUST002393,12,494.0,63.833333333333336,3
CUST002394,10,517.0,77.6,4
CUST002395,8,491.0,69.125,3
CUST002396,8,371.0,71.625,4
CUST002397,8,434.0,64.25,3
CUST002398,6,267.0,84.66666666666667,3
CUST002399,11,409.0,62.63636363636363,4
CUST002400,6,367.5,77.16666666666667,2
CUST002401,7,430.0,75.0,2
CUST002402,7,315.0,62.714285714285715,4
CUST002403,7,308.0,69.42857142857143,4
CUST002404,7,444.0,69.85714285714286,3
CUST002405,5,223.0,76.2,3
CUST002406,8,458.0,75.625,4
CUST002407,2,179.0,71.0,2
CUST002408,10,526.0,64.2,4
CUST002409,7,392.0,76.14285714285714,3
CUST002410,10,422.0,57.1,4
CUST002411,8,410.0,81.0,4
CUST002412,3,134.0,72.33333333333333,3
CUST002413,11,610.0,74.9090909090909,5
CUST002414,11,577.0,75.54545454545455,4
CUST002415,7,399.0,77.0,2
CUST002416,8,370.0,78.375,5
CUST002417,11,358.0,73.9090909090909,4
CUST002418,16,579.0,71.3125,5
CUST002419,7,337.0,61.0,3
CUST002420,8,346.0,77.625,5
CUST002421,12,567.0,82.66666666666667,5
CUST002422,10,514.0,55.2,3
CUST002423,3,140.0,80.66666666666667,3
CUST002424,8,349.0,74.75,4
CUST002425,9,361.0,75.33333333333333,3
CUST002426,6,288.0,76.0,4
CUST002427,8,316.0,80.5,5
CUST002428,6,238.0,65.83333333333333,3
CUST002429,12,491.0,75.16666666666667,5
CUST002430,5,266.0,67.2,2
CUST002431,8,318.0,65.875,5
CUST002432,5,213.0,83.0,3
CUST002433,8,361.0,67.125,5
CUST002434,9,389.0,64.0,3
CUST002435,9,439.0,77.88888888888889,5
CUST002436,10,550.0,65.4,3
CUST002437,14,550.0,72.07142857142857,4
CUST002438,7,460.0,62.57142857142857,4
CUST002439,9,449.0,67.22222222222223,4
CUST002440,3,171.0,71.33333333333333,3
CUST002441,9,369.0,57.111111111111114,5
CUST002442,8,444.0,79.375,5
CUST002443,12,598.0,63.166666666666664,5
CUST002444,7,385.0,72.71428571428571,3
CUST002445,7,332.0,72.28571428571429,4
CUST002446,9,385.0,86.88888888888889,5
CUST002447,7,306.0,65.14285714285714,3
CUST002448,12,625.0,64.5,4
CUST002449,7,235.0,66.85714285714286,3
CUST002450,9,365.0,70.77777777777777,4
CUST002451,15,582.0,72.2,5
CUST002452,11,579.0,71.0,4
CUST002453,8,480.5,74.125,2
CUST002454,13,642.0,67.76923076923077,5
CUST002455,10,614.0,66.7,5
CUST002456,13,563.0,75.38461538461539,4
CUST002457,11,600.0,63.27272727272727,5
CUST002458,13,531.0,78.23076923076923,5
CUST002459,7,356.0,69.85714285714286,3
CUST002460,1,37.0,90.0,1
CUST002461,8,376.0,65.5,3
CUST002463,11,579.0,64.27272727272727,4
CUST002464,7,340.0,76.28571428571429,3
CUST002465,10,573.0,62.5,4
CUST002466,6,309.0,66.66666666666667,3
CUST002467,10,563.0,70.5,4
CUST002468,9,382.0,80.0,5
CUST002469,9,599.0,59.44444444444444,4
CUST002470,8,389.0,67.75,3
CUST002471,6,304.0,76.5,3
CUST002472,9,289.0,69.22222222222223,3
CUST002473,9,370.0,72.44444444444444,4
CUST002474,4,150.0,79.25,3
CUST002475,6,249.0,69.0,3
CUST002476,6,250.0,75.5,3
CUST002477,6,436.5,79.66666666666667,3
CUST002478,9,428.0,66.22222222222223,4
CUST002479,10,447.0,77.6,3
CUST002480,12,512.0,71.83333333333333,4
CUST002481,9,410.0,66.88888888888889,3
CUST002482,12,713.0,74.91666666666667,4
CUST002483,13,376.0,77.84615384615384,6
CUST002484,7,317.0,71.42857142857143,4
CUST002485,9,600.0,75.77777777777777,3
CUST002486,11,637.5,72.0909090909091,5
CUST002487,3,180.0,78.66666666666667,2
CUST002488,7,414.0,75.28571428571429,3
CUST002489,13,666.5,72.61538461538461,5
CUST002490,9,460.0,72.44444444444444,2
CUST002491,7,487.0,88.14285714285714,4
CUST002492,5,250.0,83.4,3
CUST002493,12,537.0,76.25,4
CUST002494,7,355.0,65.57142857142857,5
CUST002495,1,26.0,70.0,1
CUST002496,11,366.0,69.0909090909091,6
CUST002497,14,750.0,63.07142857142857,4
CUST002498,11,604.0,72.27272727272727,4
CUST002499,7,172.0,76.71428571428571,5
CUST002500,10,414.0,67.8,4
CUST002501,9,393.0,72.88888888888889,4
CUST002502,7,391.5,67.71428571428571,3
CUST002503,11,543.0,69.63636363636364,5
CUST002504,9,462.0,66.22222222222223,4
CUST002505,16,785.0,75.3125,5
CUST002506,3,102.0,77.66666666666667,2
CUST002507,9,425.0,65.0,4
CUST002508,3,106.0,85.33333333333333,3
CUST002509,14,729.0,68.64285714285714,3
CUST002510,15,721.0,69.06666666666666,4
CUST002511,2,84.0,36.5,2
CUST002512,6,252.0,73.0,3
CUST002513,6,339.0,67.66666666666667,3
CUST002514,8,450.0,64.125,4
CUST002515,12,472.0,74.58333333333333,5
CUST002516,13,623.0,70.0,6
CUST002517,8,402.0,56.75,3
CUST002518,2,58.0,49.5,1
CUST002519,8,380.0,74.125,2
CUST002520,10,394.0,73.5,3
CUST002521,10,498.0,73.1,5
CUST002522,11,508.0,68.0,3
CUST002523,6,309.0,82.0,3
CUST002524,6,171.0,78.16666666666667,4
CUST002525,5,194.0,84.4,2
CUST002526,8,291.0,75.125,2
CUST002527,7,215.0,70.57142857142857,5
CUST002528,9,413.0,79.11111111111111,5
CUST002529,12,605.0,69.33333333333333,3
CUST002530,9,276.0,58.55555555555556,3
CUST002531,1,40.0,96.0,1
CUST002532,11,456.0,69.18181818181819,3
CUST002533,2,110.0,75.0,2
CUST002534,11,563.0,69.0909090909091,5
CUST002535,6,297.0,73.0,2
CUST002536,8,387.0,66.75,4
CUST002537,6,312.0,72.66666666666667,3
CUST002538,10,540.0,71.4,3
CUST002539,8,397.0,74.625,5
CUST002540,8,299.0,67.5,4
CUST002541,7,204.0,82.0,5
CUST002542,17,1005.0,79.11764705882354,4
CUST002543,9,311.0,66.44444444444444,5
CUST002544,7,269.0,64.28571428571429,3
CUST002545,9,397.0,76.11111111111111,4
CUST002546,7,445.5,62.0,3
CUST002547,10,569.5,73.0,4
CUST002548,9,452.0,69.0,3
CUST002549,8,302.0,71.875,4
CUST002550,1,60.0,84.0,1
CUST002551,8,380.0,62.25,4
CUST002552,7,480.0,76.71428571428571,3
CUST002553,3,164.0,73.66666666666667,1
CUST002554,11,523.0,57.81818181818182,4
CUST002555,1,59.0,67.0,1
CUST002556,10,455.0,59.3,4
CUST002557,13,751.0,81.46153846153847,4
CUST002558,6,344.0,64.33333333333333,4
CUST002559,9,415.0,76.77777777777777,4
CUST002560,9,394.0,73.55555555555556,5
CUST002561,1,37.0,73.0,1
CUST002562,6,286.0,61.0,5
CUST002563,5,321.5,65.8,3
CUST002564,15,883.0,71.33333333333333,5
CUST002565,15,783.0,70.33333333333333,5
CUST002566,15,759.0,69.0,4
CUST002567,10,478.0,61.0,5
CUST002568,10,438.0,67.0,5
CUST002569,10,491.5,69.9,2
CUST002570,12,493.0,68.16666666666667,3
CUST002571,19,807.0,66.52631578947368,4
CUST002572,8,489.0,67.75,3
CUST002573,8,347.0,61.0,3
CUST002574,6,199.0,78.16666666666667,5
CUST002575,10,647.0,71.5,4
CUST002576,10,517.0,67.9,3
CUST002577,11,521.0,66.0,5
CUST002578,10,555.0,62.2,4
CUST002579,11,419.0,76.18181818181819,6
CUST002580,11,454.0,65.81818181818181,5
CUST002581,13,610.0,74.46153846153847,5
CUST002582,8,448.0,75.375,4
CUST002583,15,741.0,67.13333333333334,5
CUST002584,4,282.0,79.75,4
CUST002585,2,136.0,75.0,2
CUST002586,11,506.0,71.0,4
CUST002587,8,465.5,67.125,6
CUST002588,9,354.0,77.0,4
CUST002589,7,375.0,80.0,3
CUST002590,4,221.0,72.5,2
CUST002591,7,397.0,67.0,2
CUST002592,10,653.0,80.9,4
CUST002593,6,391.0,56.833333333333336,3
CUST002594,8,461.0,54.75,4
CUST002595,10,514.0,70.9,4
CUST002596,8,367.0,67.0,3
CUST002597,4,138.0,67.0,3
CUST002598,13,651.0,70.84615384615384,3
CUST002599,14,726.0,68.35714285714286,5
CUST002600,3,198.0,67.0,2
CUST002601,8,394.0,76.75,4
CUST002602,10,516.0,75.1,4
CUST002603,8,384.0,80.125,4
CUST002604,6,283.0,73.0,4
CUST002605,13,765.5,76.6923076923077,5
CUST002606,8,380.0,61.625,5
CUST002607,10,528.0,69.9,3
CUST002608,8,343.0,73.125,3
CUST002609,1,31.0,35.0,1
CUST002610,10,362.0,70.5,4
CUST002611,8,444.0,75.125,3
CUST002612,13,737.0,71.3076923076923,5
CUST002613,7,279.0,60.285714285714285,3
CUST002614,12,374.0,86.83333333333333,6
CUST002615,13,690.0,71.53846153846153,5
CUST002616,12,550.0,83.91666666666667,5
CUST002617,11,593.0,60.63636363636363,5
CUST002618,10,502.0,77.2,5
CUST002619,6,228.0,77.66666666666667,4
CUST002620,9,465.0,74.88888888888889,4
CUST002621,12,583.0,56.166666666666664,5
CUST002622,13,599.0,72.38461538461539,4
CUST002623,9,410.0,69.22222222222223,5
CUST002624,3,108.0,76.66666666666667,2
CUST002625,9,427.0,66.55555555555556,4
CUST002626,1,49.0,69.0,1
CUST002627,10,668.0,67.7,4
CUST002628,9,452.5,76.0,3
CUST002629,13,496.0,75.6923076923077,4
CUST002630,11,426.0,79.0909090909091,5
CUST002631,14,658.0,67.78571428571429,4
CUST002632,12,738.5,67.5,4
CUST002633,6,376.5,63.5,3
CUST002634,11,538.0,73.9090909090909,5
CUST002635,14,536.0,65.21428571428571,4
CUST002636,4,218.0,93.5,3
CUST002637,7,225.0,78.0,4
CUST002638,10,646.0,72.2,3
CUST002639,11,593.0,65.18181818181819,3
CUST002640,8,456.0,71.25,3
CUST002641,3,111.0,59.333333333333336,2
CUST002642,10,401.0,67.2,5
CUST002643,8,431.0,73.75,4
CUST002644,9,557.0,75.66666666666667,5
CUST002645,10,392.0,71.4,4
CUST002646,6,261.0,71.5,2
CUST002647,9,353.0,67.55555555555556,5
CUST002648,11,441.0,67.0,4
CUST002649,14,708.0,75.07142857142857,6
CUST002650,6,262.0,66.66666666666667,3
CUST002651,6,301.0,66.33333333333333,3
CUST002652,11,579.0,80.9090909090909,4
CUST002653,8,431.0,71.5,4
CUST002654,8,407.0,62.625,4
CUST002655,13,600.5,75.38461538461539,5
CUST002656,12,460.0,75.41666666666667,4
CUST002657,12,615.0,69.83333333333333,5
CUST002658,10,548.5,77.9,5
CUST002659,5,257.0,63.4,4
CUST002660,9,384.0,63.44444444444444,3
CUST002661,7,338.0,75.57142857142857,4
CUST002662,9,389.0,70.11111111111111,5
CUST002663,8,439.0,77.0,3
CUST002664,5,299.0,73.8,3
CUST002665,8,361.0,67.5,3
CUST002666,10,488.0,66.2,2
CUST002667,9,488.0,80.55555555555556,4
CUST002669,8,410.0,79.125,4
CUST002670,8,504.0,83.375,6
CUST002671,11,446.0,63.18181818181818,4
CUST002672,9,276.0,66.0,4
CUST002673,10,502.0,63.3,3
CUST002674,12,587.0,78.0,5
CUST002675,14,747.0,63.42857142857143,5
CUST002676,7,428.0,58.57142857142857,4
CUST002677,13,686.5,67.3076923076923,5
CUST002678,11,459.0,73.81818181818181,4
CUST002679,9,375.0,69.77777777777777,4
CUST002680,11,532.0,77.18181818181819,3
CUST002681,3,177.0,47.666666666666664,1
CUST002682,13,737.0,63.61538461538461,5
CUST002683,7,287.0,65.85714285714286,4
CUST002684,5,274.0,62.0,5
CUST002685,6,270.0,73.16666666666667,4
CUST002686,9,422.0,74.44444444444444,5
CUST002687,12,467.0,71.83333333333333,3
CUST002688,9,469.0,70.11111111111111,5
CUST002689,9,251.0,70.77777777777777,4
CUST002690,9,447.0,69.22222222222223,4
CUST002691,5,257.0,63.8,2
CUST002692,9,432.0,79.88888888888889,4
CUST002693,9,257.0,67.22222222222223,4
CUST002694,1,33.0,94.0,1
CUST002695,9,408.0,63.111111111111114,4
CUST002696,11,567.0,78.45454545454545,5
CUST002697,8,372.0,67.0,5
CUST002698,11,641.0,52.27272727272727,4
CUST002699,12,525.0,69.66666666666667,5
CUST002700,9,457.0,82.77777777777777,3
CUST002701,13,716.0,81.61538461538461,6
CUST002702,13,701.0,75.53846153846153,6
CUST002703,7,202.0,62.714285714285715,3
CUST002704,8,290.0,70.125,3
CUST002705,3,211.0,46.0,2
CUST002706,8,481.0,76.25,3
CUST002707,6,184.0,53.5,4
CUST002708,6,383.0,75.66666666666667,3
CUST002709,9,464.0,64.77777777777777,3
CUST002710,7,403.0,67.57142857142857,3
CUST002711,10,386.0,73.2,5
CUST002712,10,630.0,71.5,4
CUST002713,12,661.0,71.5,4
CUST002714,10,554.0,74.9,4
CUST002715,8,455.5,69.875,3
CUST002716,9,494.0,78.22222222222223,5
CUST002717,1,70.0,49.0,1
CUST002718,12,621.0,73.83333333333333,4
CUST002719,9,352.0,74.66666666666667,4
CUST002720,12,465.0,67.83333333333333,5
CUST002721,5,232.0,41.6,3
CUST002722,2,21.0,78.5,1
CUST002723,10,635.0,72.7,4
CUST002724,6,218.0,77.66666666666667,4
CUST002725,14,571.0,68.07142857142857,4
CUST002726,10,523.0,65.4,4
CUST002727,5,172.0,58.6,3
CUST002728,10,378.0,66.7,4
CUST002729,9,501.0,76.44444444444444,5
CUST002730,8,304.0,70.125,4
CUST002731,10,476.0,79.9,4
CUST002732,7,270.0,77.85714285714286,3
CUST002733,10,615.5,62.5,4
CUST002734,11,547.0,61.18181818181818,3
CUST002735,8,329.0,59.125,4
CUST002736,8,453.0,70.875,5
CUST002737,9,431.0,65.55555555555556,4
CUST002738,8,254.0,64.5,3
CUST002739,8,368.0,67.125,5
CUST002740,7,358.0,72.28571428571429,4
CUST002741,7,267.0,80.85714285714286,3
CUST002742,8,362.0,78.5,2
CUST002743,8,427.0,68.625,4
CUST002744,10,526.0,73.0,4
CUST002745,12,576.0,70.5,5
CUST002746,13,753.0,74.61538461538461,5
CUST002747,6,263.0,66.33333333333333,3
CUST002748,12,635.0,73.41666666666667,3
CUST002749,14,616.5,79.21428571428571,4
CUST002750,5,240.0,81.6,3
CUST002751,9,612.5,79.0,5
CUST002752,8,447.0,62.25,3
CUST002753,11,470.0,62.09090909090909,5
CUST002754,7,380.0,72.71428571428571,3
CUST002755,7,329.0,66.28571428571429,3
CUST002756,2,74.0,53.0,1
CUST002757,2,87.0,71.5,2
CUST002758,8,417.0,68.75,3
CUST002759,2,104.0,61.0,1
CUST002760,6,278.0,61.166666666666664,3
CUST002761,13,760.0,61.15384615384615,5
CUST002762,7,232.0,71.71428571428571,4
CUST002763,7,298.0,84.14285714285714,3
CUST002764,4,230.5,69.0,3
CUST002765,8,230.0,70.625,5
CUST002766,12,455.0,63.416666666666664,3
CUST002767,10,403.0,80.4,3
CUST002768,8,434.0,59.0,5
CUST002769,9,572.0,63.888888888888886,4
CUST002770,7,369.0,78.57142857142857,4
CUST002771,9,471.0,66.0,5
CUST002772,11,588.0,70.0,5
CUST002773,7,301.0,61.857142857142854,3
CUST002774,6,403.5,80.0,4
CUST002775,8,400.0,68.5,4
CUST002776,9,406.0,66.66666666666667,5
CUST002777,5,273.0,82.0,4
CUST002778,12,471.0,70.66666666666667,4
CUST002779,11,736.0,70.36363636363636,5
CUST002780,3,142.0,77.66666666666667,3
CUST002781,8,421.0,68.375,4
CUST002782,12,588.0,69.66666666666667,4
CUST002783,14,613.0,76.42857142857143,5
CUST002784,5,253.0,63.8,3
CUST002785,14,701.0,69.85714285714286,5
CUST002786,6,162.0,63.0,5
CUST002787,8,403.0,72.875,4
CUST002788,12,595.0,63.5,5
CUST002789,10,527.0,67.2,3
CUST002790,2,76.0,73.0,2
CUST002791,6,341.0,69.83333333333333,4
CUST002792,10,526.0,69.1,6
CUST002793,9,395.0,73.44444444444444,4
CUST002794,6,323.0,76.33333333333333,2
CUST002795,7,294.0,81.42857142857143,4
CUST002796,1,3.0,45.0,1
CUST002797,11,440.0,66.81818181818181,5
CUST002798,8,366.0,70.5,3
CUST002799,12,528.5,70.33333333333333,5
CUST002800,8,418.0,59.0,4
CUST002801,4,266.0,79.25,3
CUST002802,16,812.0,70.5,5
CUST002803,7,260.0,66.71428571428571,3
CUST002804,9,391.0,73.88888888888889,3
CUST002805,9,435.0,75.0,4
CUST002806,8,474.0,66.125,6
CUST002807,9,413.0,77.77777777777777,2
CUST002808,13,645.0,71.07692307692308,6
CUST002809,11,545.0,61.81818181818182,3
CUST002810,10,439.0,78.5,4
CUST002811,6,340.0,64.66666666666667,4
CUST002812,5,233.0,59.4,4
CUST002813,3,112.0,77.0,3
CUST002814,9,374.0,75.44444444444444,3
CUST002815,6,253.0,55.666666666666664,2
CUST002816,14,509.0,69.85714285714286,3
CUST002817,6,278.0,76.83333333333333,3
CUST002818,3,88.0,77.33333333333333,2
CUST002819,9,501.0,74.33333333333333,3
CUST002820,12,705.0,70.41666666666667,5
CUST002821,8,366.0,72.125,2
CUST002822,8,426.0,60.375,3
CUST002823,13,763.0,69.15384615384616,4
CUST002824,9,434.0,76.55555555555556,5
CUST002825,2,75.0,75.0,2
CUST002826,8,316.0,79.0,4
CUST002827,4,212.0,86.0,3
CUST002828,12,608.0,63.583333333333336,5
CUST002829,3,181.5,55.0,2
CUST002830,1,41.0,59.0,1
CUST002831,16,791.0,79.6875,4
CUST002832,2,51.0,53.0,2
CUST002833,9,576.0,75.88888888888889,2
CUST002834,9,377.0,76.44444444444444,5
CUST002835,5,201.0,75.6,1
CUST002836,8,339.0,70.875,4
CUST002837,9,345.0,69.88888888888889,4
CUST002838,11,515.0,79.0,4
CUST002839,10,502.0,65.3,4
CUST002840,6,206.0,78.33333333333333,3
CUST002841,7,362.0,77.85714285714286,3
CUST002842,2,58.0,88.5,2
CUST002843,8,370.0,59.875,3
CUST002844,10,469.0,65.1,4
CUST002845,8,343.0,76.25,3
CUST002846,9,494.0,67.88888888888889,4
CUST002847,3,103.0,81.66666666666667,3
CUST002848,8,512.0,74.25,3
CUST002849,15,701.5,67.2,4
CUST002850,8,395.0,65.125,4
CUST002851,3,186.5,51.0,2
CUST002852,12,621.0,65.41666666666667,5
CUST002853,12,428.0,75.75,4
CUST002854,6,343.0,62.166666666666664,3
CUST002855,4,205.0,77.5,2
CUST002856,9,465.0,62.888888888888886,5
CUST002857,10,586.5,69.1,5
CUST002858,10,625.0,72.9,3
CUST002859,2,132.0,54.5,2
CUST002860,7,387.0,54.285714285714285,5
CUST002861,9,402.0,69.11111111111111,4
CUST002862,11,442.0,65.63636363636364,4
CUST002863,7,237.0,83.14285714285714,3
CUST002864,7,364.0,58.42857142857143,3
CUST002865,1,21.0,77.0,1
CUST002866,9,304.0,72.22222222222223,4
CUST002867,4,87.0,58.5,4
CUST002868,9,336.0,70.0,6
CUST002869,7,219.0,63.142857142857146,3
CUST002870,2,123.0,67.0,1
CUST002871,3,172.0,74.0,2
CUST002872,9,516.0,87.22222222222223,3
CUST002873,6,243.0,73.5,4
CUST002874,12,546.0,68.0,5
CUST002875,11,360.0,67.54545454545455,5
CUST002876,16,786.0,75.75,4
CUST002877,12,552.0,66.33333333333333,4
CUST002878,10,470.0,67.3,6
CUST002879,9,512.5,75.33333333333333,4
CUST002880,1,34.0,22.0,1
CUST002881,9,418.0,75.88888888888889,5
CUST002882,1,54.0,100.0,1
CUST002883,15,697.0,70.6,5
CUST002884,5,222.0,74.4,4
CUST002885,15,736.0,67.66666666666667,4
CUST002886,13,612.0,65.0,4
CUST002887,11,657.0,65.36363636363636,5
CUST002888,11,674.0,72.18181818181819,5
CUST002889,9,567.0,56.44444444444444,4
CUST002890,13,663.0,73.3076923076923,4
CUST002891,6,266.0,83.5,3
CUST002892,6,288.0,68.33333333333333,4
CUST002893,11,508.0,72.0909090909091,4
CUST002894,3,64.0,65.66666666666667,3
CUST002895,12,522.0,71.75,5
CUST002896,6,258.0,73.66666666666667,5
CUST002897,5,209.0,60.4,3
CUST002898,6,235.0,72.5,4
CUST002899,8,397.0,78.125,4
CUST002900,6,236.0,66.0,4
CUST002901,12,659.0,60.25,5
CUST002902,10,388.0,67.6,2
CUST002903,10,419.0,79.8,4
CUST002904,7,284.0,67.85714285714286,3
CUST002905,13,478.0,86.07692307692308,4
CUST002906,6,392.0,62.0,3
CUST002907,4,232.0,73.5,4
CUST002908,9,480.0,61.44444444444444,5
CUST002909,6,205.0,71.5,4
CUST002910,7,308.0,79.42857142857143,2
CUST002911,7,367.0,72.14285714285714,3
CUST002912,13,521.0,72.6923076923077,5
CUST002913,5,258.5,60.0,2
CUST002914,8,367.0,78.125,3
CUST002915,8,401.0,66.5,4
CUST002916,7,327.0,67.57142857142857,5
CUST002917,6,266.0,56.333333333333336,4
CUST002918,11,656.0,74.72727272727273,4
CUST002919,12,572.0,62.666666666666664,4
CUST002920,11,536.0,80.54545454545455,5
CUST002921,13,603.0,69.84615384615384,4
CUST002922,9,429.0,70.11111111111111,3
CUST002923,5,333.0,81.0,2
CUST002924,6,267.0,73.66666666666667,2
CUST002925,5,132.0,78.4,2
CUST002926,8,344.0,66.5,3
CUST002927,5,254.0,61.4,3
CUST002928,1,66.0,92.0,1
CUST002929,9,514.0,67.77777777777777,4
CUST002930,5,236.0,74.6,4
CUST002931,11,455.0,71.72727272727273,3
CUST002932,9,443.0,79.11111111111111,4
CUST002933,6,230.0,66.16666666666667,4
CUST002934,9,411.0,75.33333333333333,4
CUST002935,11,422.0,65.18181818181819,4
CUST002936,8,327.0,72.25,4
CUST002937,8,310.0,70.25,3
CUST002938,10,511.0,69.0,3
CUST002939,5,301.5,76.2,2
CUST002940,7,332.0,50.57142857142857,3
CUST002941,5,248.0,78.6,3
CUST002942,8,395.0,74.0,3
CUST002943,12,680.0,78.66666666666667,4
CUST002944,9,458.0,75.33333333333333,5
CUST002945,3,97.0,91.33333333333333,3
CUST002946,7,191.0,79.28571428571429,4
CUST002947,7,330.0,75.28571428571429,3
CUST002948,8,585.0,65.75,4
CUST002949,13,766.0,73.3076923076923,4
CUST002950,9,400.0,63.55555555555556,2
CUST002951,11,478.0,71.72727272727273,5
CUST002952,8,389.0,80.625,4
CUST002953,9,605.0,78.77777777777777,4
CUST002954,9,487.0,76.66666666666667,5
CUST002955,13,664.0,73.6923076923077,6
CUST002956,4,263.0,66.75,3
CUST002957,9,392.0,72.0,3
CUST002958,10,543.0,72.3,5
CUST002959,4,226.0,72.5,2
CUST002960,2,115.0,85.5,2
CUST002961,2,109.0,67.0,2
CUST002962,2,95.0,62.0,1
CUST002963,12,428.0,71.66666666666667,3
CUST002964,8,358.0,71.75,3
CUST002965,2,73.0,69.0,2
CUST002966,10,360.5,75.1,5
CUST002967,10,418.0,78.1,3
CUST002968,11,597.0,66.9090909090909,4
CUST002969,7,336.0,64.0,3
CUST002970,6,282.0,76.83333333333333,4
CUST002971,8,320.0,62.0,3
CUST002972,5,301.0,73.4,3
CUST002973,9,446.0,70.44444444444444,4
CUST002974,15,641.0,65.8,5
CUST002975,4,150.0,78.25,3
CUST002976,7,284.0,59.42857142857143,3
CUST002977,12,637.0,77.16666666666667,5
CUST002978,4,166.0,86.5,2
CUST002979,12,503.0,70.16666666666667,4
CUST002980,8,345.0,67.0,2
CUST002981,1,70.0,73.0,1
CUST002982,9,384.0,64.44444444444444,4
CUST002983,8,386.0,55.625,2
CUST002984,8,424.0,88.25,4
CUST002985,9,411.0,65.11111111111111,6
CUST002986,13,523.0,66.84615384615384,4
CUST002987,10,606.0,74.2,5
CUST002988,11,660.0,69.27272727272727,3
CUST002989,9,308.0,70.33333333333333,5
CUST002990,6,295.0,54.166666666666664,3
CUST002991,4,226.0,47.25,2
CUST002992,8,353.0,67.0,4
CUST002993,11,428.0,69.63636363636364,5
CUST002994,14,695.0,64.14285714285714,4
CUST002995,10,448.0,62.8,2
CUST002996,6,240.0,68.5,4
CUST002997,4,100.0,78.0,3
CUST002998,8,348.0,63.75,6
CUST002999,6,359.0,78.16666666666667,3
CUST003000,2,143.0,66.5,1
CUST003001,2,180.0,69.5,1
CUST003002,12,605.0,78.66666666666667,5
CUST003003,7,414.0,76.71428571428571,2
CUST003004,6,150.0,75.5,4
CUST003005,8,386.0,70.125,3
CUST003006,7,397.0,81.14285714285714,3
CUST003007,7,340.0,64.71428571428571,3
CUST003008,9,550.5,89.33333333333333,3
CUST003009,10,432.0,78.2,3
CUST003010,7,284.0,70.71428571428571,2
CUST003011,12,558.0,72.33333333333333,4
CUST003012,8,518.0,67.875,5
CUST003013,2,82.0,83.5,1
CUST003014,9,424.0,69.44444444444444,2
CUST003015,6,226.0,72.5,4
CUST003016,10,396.0,75.3,5
CUST003017,8,376.0,56.75,4
CUST003018,8,434.0,67.0,3
CUST003019,3,157.0,51.333333333333336,2
CUST003020,2,73.0,59.5,1
CUST003021,6,355.0,67.5,3
CUST003022,12,601.0,73.66666666666667,3
CUST003023,5,265.0,73.0,3
CUST003024,7,395.0,72.14285714285714,4
CUST003025,1,51.0,91.0,1
CUST003026,10,498.0,77.3,4
CUST003027,7,329.0,49.142857142857146,4
CUST003028,9,413.0,70.0,5
CUST003029,14,661.0,69.78571428571429,6
CUST003030,7,380.0,75.71428571428571,5
CUST003031,9,426.0,69.66666666666667,5
CUST003032,9,546.0,74.0,2
CUST003033,3,140.0,66.0,3
CUST003034,6,382.0,81.16666666666667,3
CUST003035,10,543.0,61.8,5
CUST003036,8,369.0,74.25,3
CUST003037,9,518.5,63.0,4
CUST003038,9,442.0,76.88888888888889,5
CUST003039,6,381.0,72.5,3
CUST003040,5,198.0,53.8,3
CUST003041,12,607.0,79.66666666666667,4
CUST003042,8,340.0,64.125,3
CUST003043,11,424.0,65.27272727272727,5
CUST003044,13,429.0,73.07692307692308,3
CUST003045,8,472.0,72.375,4
CUST003046,13,625.0,65.15384615384616,4
CUST003047,10,456.0,66.3,4
CUST003048,9,445.0,70.88888888888889,3
CUST003049,8,302.0,71.0,4
CUST003050,5,219.0,75.8,3
CUST003051,8,452.0,70.5,3
CUST003052,9,399.0,74.66666666666667,4
CUST003053,10,535.5,71.2,4
CUST003054,11,654.0,78.54545454545455,3
CUST003055,10,589.0,73.6,4
CUST003056,9,551.0,70.44444444444444,4
CUST003057,5,291.0,75.2,3
CUST003058,6,252.0,66.0,2
CUST003059,9,489.5,74.88888888888889,3
CUST003060,10,565.0,70.3,3
CUST003061,10,506.0,81.7,5
CUST003062,7,240.0,56.142857142857146,3
CUST003063,10,322.0,69.2,3
CUST003064,10,330.0,73.2,4
CUST003065,8,287.0,75.75,2
CUST003066,11,626.0,75.9090909090909,4
CUST003067,3,232.0,90.0,3
CUST003068,9,432.0,75.11111111111111,5
CUST003069,5,237.0,70.4,4
CUST003070,8,372.0,73.375,5
CUST003071,7,297.0,68.57142857142857,3
CUST003072,10,437.0,79.1,3
CUST003073,6,196.0,83.66666666666667,4
CUST003074,6,256.0,70.16666666666667,4
CUST003075,8,272.0,76.5,3
CUST003076,6,339.0,69.5,4
CUST003077,9,401.0,60.888888888888886,4
CUST003078,5,245.0,59.8,4
CUST003079,9,541.0,77.55555555555556,5
CUST003080,2,41.0,74.5,2
CUST003081,7,202.0,62.285714285714285,3
CUST003082,4,236.0,73.5,2
CUST003083,8,347.0,80.875,2
CUST003084,11,590.0,69.81818181818181,3
CUST003085,12,633.0,66.25,5
CUST003086,12,636.0,81.25,4
CUST003087,13,735.0,71.61538461538461,5
CUST003088,8,379.0,75.75,3
CUST003089,3,101.0,70.66666666666667,2
CUST003090,12,510.0,68.25,4
CUST003091,2,190.5,54.0,2
CUST003092,7,289.0,74.0,2
CUST003093,7,311.0,70.71428571428571,3
CUST003094,7,277.0,82.57142857142857,4
CUST003095,9,480.0,76.55555555555556,4
CUST003096,10,534.0,69.5,4
CUST003097,8,411.0,56.375,4
CUST003098,11,586.0,70.18181818181819,4
CUST003099,7,272.0,76.42857142857143,3
CUST003100,13,930.0,74.15384615384616,4
CUST003101,2,138.0,76.0,2
CUST003102,1,62.0,82.0,1
CUST003103,10,579.0,67.7,5
CUST003104,13,686.0,68.61538461538461,4
CUST003105,11,578.0,75.18181818181819,5
CUST003106,13,589.0,71.38461538461539,4
CUST003107,8,396.0,76.375,5
CUST003108,11,494.0,69.72727272727273,3
CUST003109,8,401.0,64.625,3
CUST003110,16,658.0,70.75,4
CUST003111,7,287.0,57.42857142857143,3
CUST003112,9,463.0,71.77777777777777,2
CUST003113,7,303.0,62.285714285714285,4
CUST003114,2,41.0,93.0,1
CUST003115,7,343.0,72.28571428571429,3
CUST003116,12,472.0,78.08333333333333,4
CUST003117,7,289.0,57.285714285714285,4
CUST003118,14,587.0,65.07142857142857,5
CUST003119,8,333.0,59.125,2
CUST003120,3,95.0,44.666666666666664,3
CUST003121,1,15.0,57.0,1
CUST003122,9,465.0,84.0,5
CUST003123,10,453.0,77.7,3
CUST003124,4,258.0,73.75,2
CUST003125,6,222.0,69.16666666666667,3
CUST003126,6,153.0,72.33333333333333,4
CUST003127,6,323.0,60.0,3
CUST003128,11,633.0,64.27272727272727,4
CUST003129,11,441.0,68.36363636363636,6
CUST003130,2,115.0,72.0,2
CUST003131,11,678.5,74.0909090909091,5
CUST003132,10,577.0,72.7,5
CUST003133,10,471.5,64.8,3
CUST003134,12,575.0,75.25,4
CUST003135,12,596.0,54.333333333333336,3
CUST003136,1,66.0,52.0,1
CUST003137,11,514.0,80.0909090909091,3
CUST003138,7,458.0,66.85714285714286,4
CUST003139,1,48.0,78.0,1
CUST003141,15,752.0,71.26666666666667,5
CUST003142,12,607.0,60.833333333333336,4
CUST003143,7,358.0,78.57142857142857,5
CUST003144,7,409.5,67.0,5
CUST003145,9,493.0,72.11111111111111,4
CUST003146,8,323.0,70.25,3
CUST003147,7,356.0,75.28571428571429,4
CUST003148,14,721.0,73.21428571428571,4
CUST003149,15,864.5,64.26666666666667,6
CUST003150,8,464.0,63.5,3
CUST003151,8,429.0,66.25,3
CUST003152,14,672.0,71.21428571428571,4
CUST003153,8,376.0,70.625,3
CUST003154,11,638.0,76.0909090909091,4
CUST003155,7,301.0,89.14285714285714,4
CUST003156,3,206.0,61.666666666666664,2
CUST003157,8,355.0,63.375,5
CUST003158,13,504.0,74.61538461538461,4
CUST003159,8,456.0,55.25,4
CUST003160,8,358.0,59.0,3
CUST003161,8,358.0,61.25,4
CUST003162,9,372.0,85.44444444444444,3
CUST003163,17,873.0,75.58823529411765,5
CUST003164,6,292.0,60.0,3
CUST003165,16,833.0,70.9375,5
CUST003166,8,326.0,69.125,3
CUST003167,1,35.0,62.0,1
CUST003168,12,598.0,62.083333333333336,3
CUST003169,6,299.0,57.666666666666664,3
CUST003170,2,88.0,65.0,1
CUST003171,7,320.0,80.57142857142857,4
CUST003172,9,463.0,69.33333333333333,4
CUST003173,8,362.0,74.5,3
CUST003174,3,119.0,74.66666666666667,3
CUST003175,8,299.0,64.75,5
CUST003176,9,458.0,78.66666666666667,5
CUST003177,10,584.5,65.4,5
CUST003178,9,507.0,70.77777777777777,4
CUST003179,12,614.0,70.25,4
CUST003180,15,869.0,72.46666666666667,4
CUST003181,1,32.0,92.0,1
CUST003182,6,323.0,57.5,3
CUST003183,6,311.0,65.16666666666667,3
CUST003184,3,166.0,54.666666666666664,1
CUST003185,14,661.0,76.42857142857143,4
CUST003186,13,600.0,70.23076923076923,5
CUST003187,10,704.0,72.7,3
CUST003188,7,313.0,78.85714285714286,3
CUST003189,6,173.0,71.66666666666667,3
CUST003190,12,618.0,69.91666666666667,4
CUST003191,9,433.0,68.22222222222223,5
CUST003192,2,113.0,59.0,1
CUST003193,10,337.0,82.5,4
CUST003194,10,403.0,72.2,3
CUST003195,10,397.0,62.6,4
CUST003196,7,282.0,84.28571428571429,3
CUST003197,12,744.5,66.16666666666667,4
CUST003198,5,225.0,59.6,2
CUST003199,9,434.0,77.0,3
CUST003200,7,373.0,76.0,3
CUST003201,11,495.0,81.36363636363636,5
CUST003202,6,306.0,73.83333333333333,4
CUST003203,13,783.5,76.07692307692308,4
CUST003204,15,627.0,68.06666666666666,5
CUST003205,12,609.0,57.833333333333336,5
CUST003206,12,427.0,76.16666666666667,4
CUST003207,9,317.0,59.666666666666664,2
CUST003208,11,519.0,74.63636363636364,3
CUST003209,5,253.0,66.8,4
CUST003210,10,508.0,66.6,5
CUST003211,10,501.0,75.1,3
CUST003212,7,468.5,77.57142857142857,3
CUST003213,11,608.0,69.45454545454545,3
CUST003214,1,34.0,51.0,1
CUST003215,8,516.0,72.25,4
CUST003216,5,245.0,65.4,3
CUST003217,13,526.0,61.76923076923077,5
CUST003218,10,474.0,84.2,4
CUST003219,9,481.5,73.44444444444444,4
CUST003220,9,451.0,70.66666666666667,3
CUST003221,5,269.0,58.0,3
CUST003222,8,334.0,57.375,3
CUST003223,12,489.0,66.33333333333333,5
CUST003224,8,393.0,64.5,3
CUST003225,10,442.0,75.3,4
CUST003226,10,437.0,76.5,6
CUST003227,9,460.0,58.888888888888886,6
CUST003228,3,172.0,71.0,3
CUST003229,8,456.0,56.125,4
CUST003230,6,202.0,69.66666666666667,4
CUST003231,4,235.0,68.5,4
CUST003232,12,600.0,67.25,5
CUST003233,7,243.0,68.85714285714286,3
CUST003234,11,613.0,61.81818181818182,5
CUST003235,5,333.5,61.4,3
CUST003236,13,523.0,80.76923076923077,3
CUST003237,6,305.0,79.33333333333333,4
CUST003238,6,256.0,67.0,3
CUST003239,2,164.0,85.5,2
CUST003240,7,393.0,82.28571428571429,3
CUST003241,1,40.0,95.0,1
CUST003242,13,613.0,60.61538461538461,4
CUST003243,10,347.0,70.8,5
CUST003244,6,250.0,71.16666666666667,3
CUST003245,8,529.0,67.5,4
CUST003246,9,498.0,74.11111111111111,4
CUST003247,14,770.0,66.0,4
CUST003248,2,55.0,63.0,2
CUST003249,12,663.0,65.5,3
CUST003250,14,634.0,61.642857142857146,5
CUST003251,6,402.0,63.5,3
CUST003252,14,654.0,65.21428571428571,5
CUST003253,14,735.0,60.285714285714285,6
CUST003254,6,267.0,71.0,2
CUST003255,8,369.0,74.75,4
CUST003256,7,419.0,75.0,5
CUST003257,3,167.0,71.0,3
CUST003258,5,256.0,77.0,3
CUST003259,8,310.0,67.0,4
CUST003260,8,320.0,81.875,4
CUST003261,7,355.0,59.0,4
CUST003262,2,127.0,76.0,1
CUST003263,12,577.0,68.41666666666667,4
CUST003264,15,680.0,70.33333333333333,6
CUST003265,8,491.0,68.375,4
CUST003266,10,448.0,64.8,5
CUST003267,2,57.0,61.0,2
CUST003268,11,535.0,78.18181818181819,5
CUST003269,10,561.0,69.0,4
CUST003270,10,445.0,67.3,4
CUST003271,12,616.0,67.5,4
CUST003272,5,244.0,52.8,3
CUST003273,14,709.0,59.57142857142857,4
CUST003274,10,593.0,83.1,2
CUST003275,8,434.0,78.875,5
CUST003276,9,370.0,64.55555555555556,4
CUST003277,11,516.0,67.27272727272727,4
CUST003278,12,582.0,71.58333333333333,5
CUST003279,8,417.0,65.125,3
CUST003280,5,190.0,71.2,4
CUST003281,11,396.0,72.36363636363636,4
CUST003282,13,619.5,68.0,4
CUST003283,9,407.0,73.55555555555556,5
CUST003284,9,434.0,78.0,5
CUST003285,2,122.0,100.0,2
CUST003286,10,419.0,75.2,4
CUST003287,4,147.0,91.75,3
CUST003288,10,527.0,71.4,4
CUST003289,10,561.0,54.9,4
CUST003290,2,116.0,72.5,2
CUST003291,5,297.0,85.6,3
CUST003292,11,513.0,64.9090909090909,5
CUST003293,2,118.0,85.0,2
CUST003294,10,600.5,65.8,3
CUST003295,5,161.0,85.8,2
CUST003296,11,517.0,70.72727272727273,4
CUST003297,4,133.0,92.5,2
CUST003298,10,307.0,74.7,4
CUST003299,6,332.0,73.5,4
CUST003300,11,552.0,69.18181818181819,6
CUST003301,5,217.0,79.6,2
CUST003302,6,287.0,63.333333333333336,3
CUST003303,6,321.0,56.833333333333336,3
CUST003304,16,877.0,72.9375,5
CUST003305,11,582.5,73.27272727272727,4
CUST003306,9,387.0,57.22222222222222,5
CUST003307,5,245.0,72.8,3
CUST003308,8,453.0,74.0,4
CUST003309,12,462.0,76.16666666666667,3
CUST003310,8,359.0,81.5,3
CUST003311,9,495.0,62.44444444444444,4
CUST003312,7,451.5,76.14285714285714,4
CUST003313,8,405.0,81.25,4
CUST003314,15,791.0,64.33333333333333,4
CUST003315,8,374.0,81.75,4
CUST003316,11,534.0,68.81818181818181,4
CUST003317,12,587.0,69.08333333333333,6
CUST003318,14,535.0,74.57142857142857,5
CUST003319,6,328.0,75.5,4
CUST003320,9,380.0,60.666666666666664,5
CUST003321,6,265.0,62.333333333333336,2
CUST003322,5,254.0,50.4,3
CUST003323,1,38.0,80.0,1
CUST003324,7,329.0,60.714285714285715,3
CUST003325,13,464.0,72.6923076923077,4
CUST003326,6,322.0,78.66666666666667,3
CUST003327,11,338.0,70.9090909090909,5
CUST003328,13,433.0,60.84615384615385,5
CUST003329,14,757.0,74.42857142857143,6
CUST003330,9,403.0,73.22222222222223,4
CUST003331,7,273.0,72.71428571428571,4
CUST003332,7,275.0,66.85714285714286,4
CUST003333,6,444.5,71.16666666666667,4
CUST003334,13,653.0,70.84615384615384,4
CUST003335,7,352.0,68.14285714285714,4
CUST003336,14,709.0,72.71428571428571,3
CUST003337,10,405.0,74.4,4
CUST003338,10,635.0,76.4,3
CUST003339,13,690.0,75.92307692307692,5
CUST003340,7,287.0,66.0,3
CUST003341,12,582.0,67.33333333333333,3
CUST003342,7,449.0,80.57142857142857,3
CUST003343,9,394.0,77.55555555555556,5
CUST003344,16,797.0,71.8125,4
CUST003345,8,400.0,78.75,4
CUST003346,5,244.0,75.6,4
CUST003347,8,516.0,57.25,3
CUST003348,12,551.0,84.83333333333333,6
CUST003349,12,604.5,64.58333333333333,4
CUST003350,10,467.0,69.8,3
CUST003351,9,470.0,78.22222222222223,3
CUST003352,2,65.0,66.5,1
CUST003353,8,451.0,69.0,4
CUST003354,13,671.0,70.23076923076923,5
CUST003355,9,377.0,66.55555555555556,4
CUST003357,12,692.0,73.58333333333333,4
CUST003358,6,295.5,82.16666666666667,4
CUST003359,8,418.0,62.375,5
CUST003360,11,511.0,68.9090909090909,4
CUST003361,17,772.0,72.29411764705883,6
CUST003362,7,387.0,74.85714285714286,3
CUST003363,7,292.0,74.57142857142857,4
CUST003364,8,389.0,57.75,3
CUST003365,9,468.0,70.22222222222223,4
CUST003366,14,616.0,74.21428571428571,5
CUST003367,6,280.0,62.166666666666664,4
CUST003368,4,173.0,86.0,3
CUST003369,9,483.0,70.77777777777777,5
CUST003370,6,273.0,77.66666666666667,3
CUST003371,5,182.0,73.6,3
CUST003372,6,399.0,65.33333333333333,4
CUST003373,9,406.0,68.0,4
CUST003374,6,369.0,85.83333333333333,4
CUST003375,6,306.0,59.0,4
CUST003376,7,320.0,77.28571428571429,4
CUST003377,7,327.0,76.0,4
CUST003378,10,419.5,66.2,4
CUST003379,8,411.0,56.5,4
CUST003380,6,271.0,74.16666666666667,3
CUST003381,12,585.0,69.58333333333333,4
CUST003382,7,355.0,74.14285714285714,2
CUST003383,7,368.0,73.57142857142857,2
CUST003384,10,477.0,63.3,4
CUST003385,10,496.0,72.9,4
CUST003386,8,295.0,53.75,3
CUST003387,5,137.0,77.4,3
CUST003388,9,528.0,82.66666666666667,4
CUST003389,8,308.0,79.0,4
CUST003390,6,264.0,61.5,5
CUST003391,11,483.0,67.0,4
CUST003392,13,728.0,82.15384615384616,5
CUST003393,11,518.0,57.72727272727273,5
CUST003394,20,946.0,74.9,3
CUST003395,10,617.0,69.6,5
CUST003396,10,415.0,71.5,4
CUST003397,10,603.0,59.3,4
CUST003398,12,568.0,66.91666666666667,5
CUST003399,2,63.0,46.0,2
CUST003400,11,552.0,73.54545454545455,5
CUST003401,8,329.0,71.625,3
CUST003402,5,268.0,58.4,4
CUST003403,8,323.0,70.0,4
CUST003404,11,519.5,58.0,4
CUST003405,6,295.0,69.5,3
CUST003406,8,445.0,64.0,3
CUST003407,10,435.0,67.5,4
CUST003408,8,419.0,67.375,4
CUST003409,2,67.0,52.0,2
CUST003410,10,502.0,69.3,4
CUST003411,9,451.0,73.33333333333333,2
CUST003412,11,583.0,72.45454545454545,4
CUST003413,7,301.0,55.42857142857143,5
CUST003414,6,333.0,78.33333333333333,4
CUST003415,8,289.0,77.25,5
CUST003416,14,541.0,76.28571428571429,4
CUST003417,12,492.0,74.25,6
CUST003418,11,560.0,61.63636363636363,5
CUST003419,9,321.0,74.22222222222223,3
CUST003420,9,372.0,73.44444444444444,3
CUST003421,12,454.0,61.666666666666664,5
CUST003422,5,229.0,53.8,4
CUST003423,13,522.0,70.76923076923077,5
CUST003424,11,399.0,61.27272727272727,4
CUST003425,13,632.0,79.76923076923077,5
CUST003426,9,446.0,76.88888888888889,4
CUST003427,4,231.0,72.0,2
CUST003428,6,282.0,65.5,3
CUST003429,14,572.0,61.92857142857143,5
CUST003430,9,513.0,80.44444444444444,5
CUST003431,7,300.0,70.28571428571429,3
CUST003432,10,491.0,58.5,4
CUST003433,9,395.0,77.88888888888889,3
CUST003434,12,508.0,70.83333333333333,5
CUST003435,7,448.0,76.42857142857143,5
CUST003436,7,280.0,61.142857142857146,3
CUST003437,11,538.0,67.36363636363636,4
CUST003438,7,282.0,62.142857142857146,4
CUST003439,12,518.0,75.25,4
CUST003440,10,531.0,61.3,5
CUST003441,8,339.0,60.0,5
CUST003442,12,484.0,74.66666666666667,4
CUST003443,12,598.0,68.5,5
CUST003444,1,55.0,94.0,1
CUST003445,8,367.0,62.25,3
CUST003446,10,453.0,69.9,4
CUST003447,14,569.0,65.07142857142857,4
CUST003448,13,516.0,73.38461538461539,4
CUST003449,7,220.0,61.42857142857143,3
CUST003450,6,341.0,69.33333333333333,3
CUST003451,11,393.0,74.27272727272727,3
CUST003452,15,679.0,67.66666666666667,5
CUST003453,7,418.5,67.42857142857143,2
CUST003454,8,464.0,82.125,3
CUST003455,1,58.0,74.0,1
CUST003456,13,627.0,72.15384615384616,5
CUST003457,9,428.0,74.55555555555556,4
CUST003458,8,430.0,79.25,4
CUST003459,8,442.0,70.125,2
CUST003460,4,217.0,77.5,4
CUST003461,7,448.5,54.714285714285715,4
CUST003462,12,659.0,62.666666666666664,3
CUST003463,12,505.0,70.33333333333333,3
CUST003464,12,869.0,73.58333333333333,5
CUST003465,12,421.0,73.66666666666667,4
CUST003466,9,402.0,77.66666666666667,4
CUST003467,11,550.0,59.63636363636363,6
CUST003468,13,869.5,78.61538461538461,5
CUST003469,13,686.5,70.76923076923077,4
CUST003470,3,133.0,50.666666666666664,2
CUST003471,11,658.5,61.63636363636363,2
CUST003472,13,651.0,73.92307692307692,4
CUST003473,13,572.5,73.38461538461539,4
CUST003474,6,277.0,72.33333333333333,4
CUST003475,13,706.0,78.46153846153847,4
CUST003476,13,646.0,74.76923076923077,4
CUST003477,14,795.5,71.78571428571429,4
CUST003478,11,451.0,63.81818181818182,3
CUST003479,6,259.0,71.16666666666667,4
CUST003480,3,145.0,91.0,1
CUST003481,1,13.0,73.0,1
CUST003482,4,217.0,56.5,2
CUST003483,8,483.5,68.375,3
CUST003484,8,324.0,76.875,2
CUST003485,7,332.0,71.42857142857143,3
CUST003486,9,378.0,72.88888888888889,5
CUST003487,10,512.0,70.2,4
CUST003488,14,676.0,66.42857142857143,5
CUST003489,12,531.0,71.91666666666667,7
CUST003490,12,608.0,72.08333333333333,4
CUST003491,10,396.0,71.4,4
CUST003492,9,520.5,72.88888888888889,3
CUST003493,8,414.0,79.5,2
CUST003494,14,629.0,65.78571428571429,5
CUST003495,6,320.0,71.5,3
CUST003496,7,427.0,68.14285714285714,3
CUST003497,7,460.0,74.71428571428571,5
CUST003498,8,434.0,62.125,4
CUST003499,12,571.0,76.41666666666667,5
CUST003500,11,491.0,73.81818181818181,4
CUST003501,16,819.0,64.1875,5
CUST003502,10,537.0,64.7,4
CUST003503,8,339.0,81.75,5
CUST003504,14,776.0,63.214285714285715,5
CUST003505,5,162.0,57.8,3
CUST003506,13,708.0,70.84615384615384,5
CUST003507,10,460.0,77.0,4
CUST003508,6,335.0,77.5,3
CUST003509,12,495.0,73.83333333333333,4
CUST003510,9,557.0,65.22222222222223,4
CUST003511,8,394.0,75.875,4
CUST003512,9,482.0,85.22222222222223,4
CUST003513,10,439.0,79.0,4
CUST003514,11,556.0,73.27272727272727,5
CUST003515,14,645.5,72.14285714285714,5
CUST003516,7,271.0,60.857142857142854,4
CUST003517,13,725.0,72.3076923076923,4
CUST003518,10,511.0,73.7,3
CUST003519,7,368.0,64.0,5
CUST003520,2,84.0,79.5,1
CUST003521,10,611.0,81.6,3
CUST003522,6,208.0,68.0,2
CUST003523,7,331.0,71.0,5
CUST003524,6,224.0,68.0,4
CUST003525,7,444.0,77.42857142857143,3
CUST003526,7,467.0,67.85714285714286,3
CUST003527,6,268.0,64.5,3
CUST003528,7,390.0,73.0,3
CUST003529,5,231.0,71.4,4
CUST003530,5,188.0,59.8,3
CUST003531,6,493.0,80.16666666666667,4
CUST003532,1,48.0,56.0,1
CUST003533,14,740.0,68.71428571428571,4
CUST003534,12,558.0,71.58333333333333,4
CUST003535,12,636.0,71.41666666666667,5
CUST003536,7,319.0,56.857142857142854,5
CUST003537,11,603.0,71.9090909090909,5
CUST003538,9,368.0,71.55555555555556,4
CUST003539,13,667.0,63.84615384615385,5
CUST003540,9,533.0,79.88888888888889,4
CUST003541,10,447.0,67.9,3
CUST003542,13,669.0,61.92307692307692,4
CUST003543,6,300.0,71.66666666666667,4
CUST003544,2,81.0,58.5,1
CUST003545,3,150.0,69.66666666666667,2
CUST003546,12,520.0,71.58333333333333,4
CUST003547,7,319.0,65.0,4
CUST003548,8,340.0,76.875,5
CUST003549,2,153.0,68.0,2
CUST003550,6,445.0,69.5,3
CUST003551,5,238.0,78.0,2
CUST003552,13,607.0,76.46153846153847,6
CUST003553,2,66.0,56.0,2
CUST003554,5,157.0,65.6,4
CUST003555,12,753.0,56.0,4
CUST003556,6,241.0,89.0,3
CUST003557,10,613.0,67.8,4
CUST003558,4,182.0,79.75,3
CUST003559,5,246.0,68.8,3
CUST003560,5,243.0,71.2,3
CUST003561,6,296.0,83.66666666666667,3
CUST003562,4,227.0,83.0,3
CUST003563,5,258.0,63.4,2
CUST003564,3,140.0,67.0,2
CUST003565,3,194.0,83.33333333333333,3
CUST003566,8,225.0,66.5,3
CUST003567,9,423.0,78.88888888888889,4
CUST003568,11,426.0,80.9090909090909,4
CUST003569,10,327.0,74.0,4
CUST003570,7,357.0,74.85714285714286,3
CUST003571,7,303.0,65.14285714285714,2
CUST003572,9,415.0,56.55555555555556,2
CUST003573,14,607.0,71.14285714285714,4
CUST003574,3,107.0,85.33333333333333,3
CUST003575,10,598.0,76.4,5
CUST003576,11,636.0,64.27272727272727,3
CUST003577,8,261.0,73.75,3
CUST003578,11,673.0,84.27272727272727,5
CUST003579,1,28.0,55.0,1
CUST003580,8,405.0,71.875,3
CUST003581,15,659.0,67.8,4
CUST003582,7,362.0,79.71428571428571,4
CUST003583,9,345.0,70.0,3
CUST003584,14,545.0,65.42857142857143,5
CUST003585,6,207.0,59.833333333333336,4
CUST003586,10,459.0,64.3,4
CUST003587,2,83.0,59.0,2
CUST003588,9,461.0,77.11111111111111,4
CUST003589,4,250.0,76.5,4
CUST003590,13,403.0,72.46153846153847,5
CUST003591,11,408.0,69.45454545454545,4
CUST003592,8,422.0,76.25,3
CUST003593,5,227.0,81.2,3
CUST003594,12,540.0,66.75,5
CUST003595,11,628.0,78.45454545454545,3
CUST003596,7,318.0,74.57142857142857,4
CUST003597,13,703.0,79.38461538461539,4
CUST003598,5,312.0,71.4,3
CUST003599,8,506.0,58.75,3
CUST003600,12,466.0,78.41666666666667,5
CUST003601,9,371.0,75.0,3
CUST003602,2,73.0,86.5,2
CUST003603,2,134.0,76.5,2
CUST003604,8,454.0,74.625,4
CUST003605,1,45.0,77.0,1
CUST003606,8,451.0,62.25,2
CUST003607,4,194.0,78.75,3
CUST003608,12,492.0,78.75,3
CUST003609,4,224.0,63.0,2
CUST003610,8,348.0,68.125,5
CUST003611,9,346.0,68.77777777777777,4
CUST003612,8,241.0,73.625,4
CUST003613,9,390.0,63.22222222222222,4
CUST003614,5,192.0,66.2,4
CUST003615,15,800.0,70.06666666666666,4
CUST003616,7,448.0,70.57142857142857,4
CUST003617,1,26.0,57.0,1
CUST003618,9,489.0,70.33333333333333,3
CUST003619,7,387.0,74.57142857142857,5
CUST003620,3,182.0,52.333333333333336,3
CUST003621,2,79.0,67.5,2
CUST003622,6,379.0,66.16666666666667,4
CUST003623,2,107.0,96.0,2
CUST003624,5,249.0,81.2,3
CUST003625,8,419.5,74.375,4
CUST003626,6,239.0,75.83333333333333,4
CUST003627,9,468.0,61.666666666666664,3
CUST003628,8,492.0,81.75,4
CUST003629,1,53.0,99.0,1
CUST003630,2,73.0,65.5,2
CUST003631,10,510.5,71.9,3
CUST003632,8,298.0,74.25,4
CUST003633,5,277.0,78.0,4
CUST003634,11,598.0,73.54545454545455,4
CUST003635,8,419.0,78.75,4
CUST003636,7,296.0,59.285714285714285,3
CUST003637,11,534.0,71.63636363636364,5
CUST003638,10,597.0,65.3,4
CUST003639,9,317.0,60.333333333333336,5
CUST003640,7,358.0,82.0,2
CUST003641,6,331.0,62.0,3
CUST003642,7,361.0,80.0,3
CUST003643,7,343.0,63.142857142857146,3
CUST003644,2,80.0,60.5,2
CUST003645,10,457.0,64.8,4
CUST003646,3,147.0,93.66666666666667,2
CUST003647,13,574.0,62.46153846153846,5
CUST003648,8,470.0,70.625,5
CUST003649,6,219.0,61.833333333333336,3
CUST003650,7,352.0,64.71428571428571,4
CUST003651,8,412.0,69.875,3
CUST003652,12,438.0,71.83333333333333,4
CUST003653,15,578.0,67.33333333333333,5
CUST003654,7,361.0,63.142857142857146,4
CUST003655,12,590.0,75.5,3
CUST003656,8,503.0,62.75,3
CUST003657,5,258.0,75.4,3
CUST003658,10,376.0,73.0,3
CUST003659,12,702.0,64.58333333333333,4
CUST003660,8,404.0,66.625,3
CUST003661,11,522.0,65.0,3
CUST003662,5,287.0,61.8,3
CUST003663,8,353.0,77.75,4
CUST003664,6,361.0,64.83333333333333,3
CUST003665,9,438.0,78.66666666666667,3
CUST003666,12,706.0,69.0,4
CUST003667,13,650.0,67.23076923076923,5
CUST003668,12,445.0,73.16666666666667,5
CUST003669,9,388.0,90.66666666666667,4
CUST003670,10,505.0,66.4,4
CUST003671,10,541.0,82.1,4
CUST003672,1,61.0,83.0,1
CUST003673,5,298.0,80.8,3
CUST003674,7,331.0,73.14285714285714,2
CUST003675,7,312.0,66.42857142857143,4
CUST003676,2,65.0,79.5,2
CUST003677,11,659.0,71.18181818181819,3
CUST003678,7,266.0,62.142857142857146,6
CUST003679,7,348.0,73.85714285714286,4
CUST003680,10,432.0,64.5,5
CUST003681,14,806.0,66.92857142857143,4
CUST003682,8,369.0,77.875,4
CUST003683,11,567.0,76.54545454545455,3
CUST003684,11,611.0,74.27272727272727,4
CUST003685,13,868.0,66.0,4
CUST003686,9,374.0,69.77777777777777,5
CUST003687,13,581.0,67.53846153846153,4
CUST003688,16,851.0,70.4375,4
CUST003689,1,48.0,100.0,1
CUST003690,9,410.0,72.22222222222223,5
CUST003691,10,600.0,73.1,4
CUST003692,9,316.0,75.66666666666667,4
CUST003693,12,576.0,73.5,4
CUST003694,7,393.0,68.57142857142857,3
CUST003695,3,117.0,78.66666666666667,2
CUST003696,7,304.0,88.0,4
CUST003697,6,245.0,84.5,3
CUST003698,9,403.0,68.55555555555556,3
CUST003699,10,629.0,77.7,2
CUST003700,14,709.0,68.21428571428571,4
CUST003701,5,250.0,58.4,3
CUST003702,8,277.0,70.875,2
CUST003703,13,807.0,64.07692307692308,5
CUST003704,10,457.0,72.2,4
CUST003705,7,375.5,59.714285714285715,4
CUST003706,10,376.0,61.9,4
CUST003707,1,32.0,81.0,1
CUST003708,2,83.0,54.5,2
CUST003709,2,62.0,80.0,2
CUST003710,11,534.0,60.90909090909091,3
CUST003711,7,394.0,61.0,4
CUST003712,1,35.0,61.0,1
CUST003713,11,528.0,74.72727272727273,5
CUST003714,7,467.5,76.71428571428571,5
CUST003715,1,6.0,61.0,1
CUST003716,7,287.0,59.57142857142857,3
CUST003717,6,275.0,72.66666666666667,4
CUST003718,12,519.0,66.0,4
CUST003719,9,380.0,75.44444444444444,6
CUST003720,10,565.0,76.1,5
CUST003721,10,388.0,68.6,4
CUST003722,11,646.0,73.45454545454545,5
CUST003723,2,102.0,84.0,2
CUST003724,11,493.0,76.72727272727273,4
CUST003725,8,368.0,58.625,3
CUST003726,7,251.0,67.28571428571429,3
CUST003727,10,484.0,70.4,3
CUST003728,6,410.0,64.5,4
CUST003729,9,414.0,64.11111111111111,5
CUST003730,10,552.0,77.3,3
CUST003731,6,317.0,74.66666666666667,3
CUST003732,12,527.0,63.5,4
CUST003733,11,564.0,64.0,4
CUST003734,11,606.0,85.27272727272727,4
CUST003735,10,461.0,79.4,6
CUST003736,6,261.0,57.666666666666664,3
CUST003737,5,275.0,66.2,3
CUST003738,11,496.0,78.9090909090909,4
CUST003739,6,298.0,85.16666666666667,4
CUST003740,10,378.0,80.0,5
CUST003741,5,320.0,86.2,3
CUST003742,10,412.0,69.4,3
CUST003743,8,243.0,58.625,4
CUST003744,12,622.0,72.0,4
CUST003745,10,498.0,72.9,3
CUST003746,14,740.0,65.71428571428571,6
CUST003747,10,531.0,72.3,4
CUST003748,14,664.0,69.57142857142857,4
CUST003749,16,796.0,81.9375,3
CUST003750,1,113.5,81.0,1
CUST003751,9,505.0,76.0,4
CUST003752,8,293.0,67.75,4
CUST003753,8,373.0,56.25,4
CUST003754,8,427.0,73.625,4
CUST003755,2,159.0,95.0,1
CUST003756,13,625.5,79.61538461538461,4
CUST003757,14,670.5,64.57142857142857,5
CUST003758,6,257.0,74.5,3
CUST003759,2,101.0,65.0,2
CUST003760,2,148.0,87.0,2
CUST003761,8,360.0,66.0,4
CUST003762,11,539.0,74.54545454545455,4
CUST003763,11,488.0,68.54545454545455,6
CUST003764,10,437.0,65.1,4
CUST003765,6,291.0,72.66666666666667,2
CUST003766,2,77.0,38.5,2
CUST003767,3,137.0,49.0,2
CUST003768,11,642.0,69.45454545454545,4
CUST003769,5,258.0,48.0,3
CUST003770,10,534.0,76.1,3
CUST003771,6,326.5,71.0,3
CUST003772,2,111.0,64.5,1
CUST003773,6,254.0,78.5,4
CUST003774,7,360.5,79.57142857142857,4
CUST003775,10,531.0,68.3,4
CUST003776,10,508.0,65.7,4
CUST003777,13,675.0,61.0,5
CUST003778,1,79.0,39.0,1
CUST003779,11,476.0,81.81818181818181,4
CUST003780,7,362.0,61.714285714285715,3
CUST003781,17,740.0,68.29411764705883,5
CUST003782,10,638.0,62.8,4
CUST003783,4,140.0,85.0,3
CUST003784,9,318.0,70.44444444444444,3
CUST003785,4,189.0,75.5,3
CUST003786,1,88.0,57.0,1
CUST003787,1,43.0,89.0,1
CUST003788,8,512.0,76.25,4
CUST003789,4,139.0,83.25,3
CUST003790,10,400.0,81.0,5
CUST003791,7,259.0,84.0,3
CUST003792,7,450.0,81.28571428571429,4
CUST003793,11,544.0,74.9090909090909,3
CUST003794,7,233.0,75.57142857142857,4
CUST003795,2,62.0,78.5,2
CUST003796,5,175.0,69.8,2
CUST003797,9,390.0,72.44444444444444,5
CUST003798,6,308.0,55.166666666666664,3
CUST003799,1,61.0,57.0,1
CUST003800,6,360.0,83.5,4
CUST003801,10,327.0,76.3,4
CUST003802,8,439.0,66.875,5
CUST003803,5,196.0,72.4,4
CUST003804,8,314.0,84.0,5
CUST003805,10,498.0,69.7,4
CUST003806,10,554.0,65.0,3
CUST003807,4,236.5,69.25,3
CUST003808,12,496.0,72.0,4
CUST003809,8,396.0,75.375,5
CUST003810,10,432.0,63.8,5
CUST003811,6,393.0,59.5,3
CUST003812,9,513.0,81.66666666666667,4
CUST003813,3,199.0,86.66666666666667,2
CUST003814,6,255.0,77.83333333333333,3
CUST003815,10,402.0,75.2,4
CUST003816,5,187.0,63.6,4
CUST003817,9,493.5,75.33333333333333,3
CUST003818,5,159.0,58.8,3
CUST003819,9,400.0,73.66666666666667,4
CUST003820,14,668.0,73.5,5
CUST003821,7,392.0,62.857142857142854,3
CUST003822,8,383.0,83.625,4
CUST003823,2,135.0,44.0,2
CUST003824,6,415.0,80.83333333333333,4
CUST003825,8,397.0,63.625,3
CUST003826,11,579.5,61.63636363636363,5
CUST003827,13,622.0,73.0,4
CUST003828,9,312.0,64.66666666666667,5
CUST003829,2,118.0,64.0,2
CUST003830,6,308.0,69.16666666666667,3
CUST003831,8,466.0,71.125,4
CUST003832,2,76.0,67.5,2
CUST003833,11,455.0,69.45454545454545,4
CUST003834,5,360.0,73.6,4
CUST003835,4,234.0,50.75,2
CUST003836,15,800.0,71.93333333333334,3
CUST003837,13,698.0,64.53846153846153,5
CUST003838,9,369.0,58.0,3
CUST003839,8,366.0,66.0,4
CUST003840,9,363.0,71.77777777777777,2
CUST003841,7,329.0,88.57142857142857,4
CUST003842,8,325.0,72.375,4
CUST003843,10,446.0,65.2,3
CUST003844,8,314.0,73.75,5
CUST003845,10,465.0,72.5,3
CUST003846,13,432.0,70.61538461538461,4
CUST003847,9,504.0,69.88888888888889,4
CUST003848,9,552.5,76.88888888888889,5
CUST003849,10,502.0,68.2,4
CUST003850,11,406.0,69.9090909090909,3
CUST003851,12,587.0,61.833333333333336,5
CUST003852,9,438.0,76.44444444444444,4
CUST003853,13,561.0,66.23076923076923,4
CUST003854,3,95.0,82.33333333333333,2
CUST003855,9,491.0,84.22222222222223,3
CUST003856,1,37.0,29.0,1
CUST003857,1,75.0,85.0,1
CUST003858,5,213.0,59.8,5
CUST003859,10,457.0,72.0,3
CUST003860,2,83.0,50.0,2
CUST003861,6,367.0,63.166666666666664,3
CUST003862,9,228.0,84.0,4
CUST003863,13,534.0,58.53846153846154,3
CUST003864,11,439.0,59.18181818181818,4
CUST003865,10,505.0,69.6,2
CUST003866,2,66.0,32.5,2
CUST003867,8,385.0,76.875,3
CUST003868,7,290.0,76.85714285714286,4
CUST003869,8,391.0,57.125,3
CUST003870,10,367.0,65.0,3
CUST003871,11,449.0,60.63636363636363,5
CUST003872,2,77.0,28.0,2
CUST003873,2,21.0,43.5,1
CUST003874,2,129.0,66.5,2
CUST003875,1,32.0,87.0,1
CUST003876,6,219.0,78.66666666666667,4
CUST003877,9,381.0,62.888888888888886,3
CUST003878,14,645.0,71.5,6
CUST003879,9,223.0,73.66666666666667,4
CUST003880,8,395.0,70.5,4
CUST003881,8,406.0,59.25,3
CUST003882,8,376.0,69.75,4
CUST003883,2,115.0,62.0,2
CUST003884,9,329.0,75.44444444444444,4
CUST003885,5,240.0,63.2,3
CUST003886,6,224.0,59.833333333333336,3
CUST003887,13,721.0,65.6923076923077,5
CUST003888,9,317.0,74.0,4
CUST003889,13,620.0,79.84615384615384,3
CUST003890,3,37.0,65.66666666666667,2
CUST003891,5,177.0,72.2,2
CUST003892,7,400.0,70.85714285714286,3
CUST003893,2,122.0,68.0,2
CUST003894,6,369.0,70.33333333333333,2
CUST003895,6,305.0,83.83333333333333,2
CUST003896,6,309.0,75.33333333333333,3
CUST003897,13,504.0,74.15384615384616,5
CUST003898,9,410.0,69.44444444444444,3
CUST003899,9,464.0,59.111111111111114,4
CUST003900,8,288.0,60.0,4
CUST003901,5,329.0,72.6,4
CUST003902,11,413.0,62.63636363636363,4
CUST003903,3,114.0,76.0,2
CUST003904,11,647.0,64.0,4
CUST003905,11,536.0,65.81818181818181,4
CUST003906,9,373.0,87.66666666666667,5
CUST003907,6,319.0,69.33333333333333,3
CUST003908,9,324.0,86.44444444444444,4
CUST003909,13,517.0,79.15384615384616,5
CUST003910,8,301.0,73.75,4
CUST003911,10,553.0,73.8,3
CUST003912,9,439.0,67.11111111111111,4
CUST003913,7,261.0,82.85714285714286,5
CUST003914,9,470.0,73.0,3
CUST003915,14,813.0,67.42857142857143,4
CUST003916,7,283.0,73.42857142857143,2
CUST003917,11,511.0,78.0,5
CUST003918,3,152.0,55.666666666666664,3
CUST003919,5,157.0,75.4,2
CUST003920,8,311.0,63.25,4
CUST003921,9,451.0,69.11111111111111,5
CUST003922,6,387.0,75.33333333333333,2
CUST003923,8,472.0,70.125,3
CUST003924,6,321.0,69.16666666666667,4
CUST003925,10,466.0,78.4,5
CUST003926,7,355.0,80.42857142857143,3
CUST003927,11,510.0,74.63636363636364,4
CUST003928,10,442.0,80.7,3
CUST003929,6,210.0,72.5,4
CUST003930,15,653.0,76.8,5
CUST003931,4,190.0,51.5,3
CUST003932,14,790.5,60.214285714285715,5
CUST003933,10,588.0,63.4,4
CUST003934,10,397.0,76.3,4
CUST003935,7,398.0,66.42857142857143,4
CUST003936,8,499.0,82.5,4
CUST003937,11,542.0,70.27272727272727,4
CUST003938,1,41.0,92.0,1
CUST003939,7,300.0,74.85714285714286,5
CUST003940,11,517.0,63.18181818181818,4
CUST003941,10,541.0,73.7,4
CUST003942,11,508.0,59.54545454545455,5
CUST003943,9,433.0,73.0,4
CUST003944,10,378.0,75.4,5
CUST003945,10,422.0,75.0,4
CUST003946,14,599.0,65.57142857142857,6
CUST003947,13,797.0,53.15384615384615,4
CUST003948,11,433.0,72.18181818181819,6
CUST003949,2,126.0,49.5,1
CUST003950,1,41.0,98.0,1
CUST003951,10,522.0,61.8,2
CUST003952,7,388.0,65.0,4
CUST003953,8,433.0,63.125,4
CUST003954,9,388.0,73.88888888888889,3
CUST003955,14,692.0,59.92857142857143,5
CUST003956,14,721.0,68.42857142857143,6
CUST003957,4,132.0,79.25,3
CUST003958,6,182.0,71.16666666666667,4
CUST003959,8,367.0,77.375,4
CUST003960,9,460.0,69.66666666666667,6
CUST003961,2,95.0,67.5,2
CUST003962,2,29.0,80.0,1
CUST003963,8,339.5,75.5,3
CUST003965,1,67.0,46.0,1
CUST003966,5,366.0,57.2,2
CUST003967,11,538.0,66.0909090909091,5
CUST003968,2,65.0,65.5,2
CUST003969,11,608.0,66.63636363636364,4
CUST003970,9,452.0,64.11111111111111,4
CUST003971,6,266.0,70.83333333333333,4
CUST003972,11,430.0,65.27272727272727,5
CUST003973,8,401.0,57.0,4
CUST003974,5,289.0,68.4,3
CUST003975,6,322.0,73.66666666666667,1
CUST003976,11,529.0,66.72727272727273,5
CUST003977,15,689.0,69.13333333333334,5
CUST003978,9,396.0,74.22222222222223,4
CUST003979,8,446.0,58.75,4
CUST003980,11,546.0,76.72727272727273,2
CUST003981,5,298.0,73.6,3
CUST003982,5,236.0,82.2,4
CUST003983,13,436.0,70.23076923076923,4
CUST003984,7,316.0,83.0,4
CUST003985,9,421.0,66.0,2
CUST003986,8,416.0,82.375,5
CUST003987,10,336.0,73.7,4
CUST003988,7,393.0,83.14285714285714,3
CUST003989,12,675.0,71.33333333333333,3
CUST003990,11,540.0,75.72727272727273,4
CUST003991,10,489.5,76.3,5
CUST003992,7,385.5,69.0,2
CUST003993,9,437.0,78.55555555555556,5
CUST003994,6,283.0,63.333333333333336,3
CUST003995,11,578.0,66.36363636363636,6
CUST003996,17,810.0,66.70588235294117,4
CUST003997,7,377.0,66.42857142857143,3
CUST003998,12,483.0,78.08333333333333,5
CUST003999,11,465.5,59.63636363636363,3
CUST004000,8,342.0,72.25,5
CUST004001,6,339.0,66.33333333333333,3
CUST004002,2,119.0,89.0,2
CUST004003,9,422.0,63.888888888888886,5
CUST004004,5,191.0,67.0,2
CUST004005,6,338.5,80.16666666666667,2
CUST004006,9,447.0,78.55555555555556,5
CUST004007,6,282.0,79.66666666666667,3
CUST004008,6,289.0,78.0,4
CUST004009,6,304.0,79.83333333333333,4
CUST004010,8,391.0,64.625,5
CUST004011,9,393.0,62.22222222222222,5
CUST004012,6,385.0,56.5,3
CUST004013,6,258.0,71.5,3
CUST004014,1,69.0,63.0,1
CUST004015,8,320.0,64.5,5
CUST004016,14,809.0,69.64285714285714,5
CUST004017,6,312.0,79.0,3
CUST004018,6,315.0,79.16666666666667,3
CUST004019,9,411.0,77.66666666666667,2
CUST004020,2,107.0,85.0,1
CUST004021,13,537.5,67.15384615384616,5
CUST004022,6,294.0,71.83333333333333,4
CUST004023,11,579.0,76.63636363636364,7
CUST004024,9,397.0,67.88888888888889,3
CUST004025,8,325.0,77.5,3
CUST004026,5,237.0,62.2,3
CUST004027,9,490.0,65.33333333333333,4
CUST004028,4,219.0,48.5,2
CUST004029,9,466.0,60.77777777777778,3
CUST004030,9,510.0,66.77777777777777,3
CUST004031,9,407.0,56.77777777777778,4
CUST004032,8,280.0,75.625,3
CUST004033,1,39.0,90.0,1
CUST004034,2,141.0,66.5,2
CUST004035,3,149.0,61.666666666666664,1
CUST004036,1,31.0,51.0,1
CUST004037,7,294.0,71.85714285714286,3
CUST004038,7,357.0,68.85714285714286,4
CUST004039,8,492.0,66.5,5
CUST004040,2,48.0,90.5,2
CUST004041,6,296.0,65.0,5
CUST004042,11,418.0,70.63636363636364,4
CUST004043,10,434.5,72.0,5
CUST004044,12,520.0,63.833333333333336,5
CUST004045,12,520.0,69.25,5
CUST004046,13,755.0,64.92307692307692,5
CUST004047,2,93.0,70.5,2
CUST004048,13,612.0,72.53846153846153,4
CUST004049,11,630.5,67.81818181818181,4
CUST004050,14,629.0,68.5,4
CUST004051,12,452.0,67.75,4
CUST004052,14,679.0,63.214285714285715,4
CUST004053,8,392.0,74.75,4
CUST004054,2,119.0,98.5,1
CUST004055,8,379.0,63.625,5
CUST004056,5,220.0,69.6,4
CUST004057,12,637.5,76.83333333333333,5
CUST004058,5,202.0,85.0,4
CUST004059,15,698.0,79.93333333333334,5
CUST004060,10,492.5,74.4,4
CUST004061,6,269.0,82.83333333333333,4
CUST004062,7,267.0,80.0,4
CUST004063,11,416.0,61.18181818181818,3
CUST004064,9,717.5,66.44444444444444,5
CUST004065,12,587.0,75.25,5
CUST004066,12,717.0,70.0,4
CUST004067,6,392.5,69.0,5
CUST004068,7,450.0,75.57142857142857,2
CUST004069,9,412.0,52.77777777777778,5
CUST004070,9,468.0,60.55555555555556,5
CUST004071,9,452.0,72.11111111111111,3
CUST004072,5,256.0,79.4,4
CUST004073,8,441.0,68.25,5
CUST004074,2,90.0,68.0,2
CUST004075,10,323.0,63.0,4
CUST004076,11,466.0,73.63636363636364,4
CUST004077,7,374.0,64.14285714285714,3
CUST004078,10,403.0,63.9,4
CUST004079,12,432.0,70.58333333333333,4
CUST004080,10,466.0,69.3,3
CUST004081,11,588.0,71.45454545454545,4
CUST004082,6,388.0,66.66666666666667,4
CUST004083,12,662.0,66.66666666666667,4
CUST004084,3,211.0,78.0,2
CUST004085,10,505.0,70.0,3
CUST004086,7,273.0,71.71428571428571,3
CUST004087,10,457.0,71.5,4
CUST004088,8,414.0,70.875,3
CUST004089,13,787.5,82.15384615384616,4
CUST004090,9,305.0,71.88888888888889,5
CUST004091,2,56.0,92.5,2
CUST004092,2,53.0,60.5,1
CUST004093,7,424.5,64.14285714285714,3
CUST004094,10,408.0,76.1,4
CUST004095,6,275.0,63.333333333333336,4
CUST004096,8,402.5,62.625,4
CUST004097,6,236.0,77.33333333333333,4
CUST004098,11,485.0,70.27272727272727,3
CUST004099,9,490.0,74.11111111111111,4
CUST004100,10,548.0,64.3,5
CUST004101,8,412.0,74.0,4
CUST004102,7,333.0,64.14285714285714,4
CUST004103,10,489.0,71.5,4
CUST004104,13,537.0,65.23076923076923,4
CUST004105,5,217.0,84.8,3
CUST004106,13,657.0,68.61538461538461,4
CUST004107,1,48.0,99.0,1
CUST004108,10,415.0,61.9,4
CUST004109,9,268.0,82.55555555555556,3
CUST004110,5,195.0,55.8,2
CUST004111,4,175.0,72.0,2
CUST004112,6,339.0,65.16666666666667,3
CUST004113,9,387.0,73.0,3
CUST004114,9,396.0,72.88888888888889,3
CUST004115,9,464.0,78.77777777777777,3
CUST004116,6,289.0,74.66666666666667,2
CUST004117,8,562.0,71.25,4
CUST004118,8,342.0,72.125,5
CUST004119,9,419.0,76.22222222222223,5
CUST004120,12,576.0,58.25,5
CUST004121,13,643.0,67.15384615384616,5
CUST004122,11,489.0,73.81818181818181,5
CUST004123,7,363.0,68.14285714285714,4
CUST004124,15,660.0,73.2,4
CUST004125,2,7.0,70.5,1
CUST004126,9,358.0,66.77777777777777,4
CUST004127,10,595.0,75.8,3
CUST004128,13,578.0,68.46153846153847,6
CUST004129,3,200.0,71.33333333333333,2
CUST004130,10,435.0,73.0,4
CUST004131,8,260.0,76.75,3
CUST004132,12,618.0,74.0,4
CUST004133,10,487.0,66.2,5
CUST004134,2,97.0,63.0,2
CUST004135,9,466.0,81.88888888888889,3
CUST004136,6,253.0,73.5,4
CUST004137,3,222.0,68.33333333333333,2
CUST004139,12,710.5,71.33333333333333,5
CUST004140,1,64.0,63.0,1
CUST004141,11,579.0,75.81818181818181,5
CUST004142,5,264.0,58.0,3
CUST004143,10,595.0,75.1,4
CUST004144,3,132.0,66.66666666666667,3
CUST004145,7,270.0,71.0,4
CUST004146,3,159.0,73.0,2
CUST004147,7,343.0,76.57142857142857,5
CUST004148,11,480.0,64.9090909090909,3
CUST004149,8,262.0,68.375,3
CUST004150,17,906.0,68.76470588235294,5
CUST004151,9,431.0,67.0,4
CUST004152,9,401.0,71.33333333333333,4
CUST004153,8,279.0,60.75,2
CUST004154,12,524.0,70.33333333333333,4
CUST004155,11,739.5,65.27272727272727,4
CUST004156,13,603.0,59.76923076923077,5
CUST004157,12,532.0,68.25,5
CUST004158,1,24.0,69.0,1
CUST004159,7,302.0,68.71428571428571,4
CUST004160,7,276.0,79.85714285714286,3
CUST004161,7,427.0,83.42857142857143,4
CUST004162,8,337.0,73.25,4
CUST004163,2,83.0,55.5,2
CUST004164,9,488.0,68.44444444444444,5
CUST004165,5,227.0,61.6,3
CUST004166,11,434.0,68.36363636363636,4
CUST004167,8,287.0,60.375,3
CUST004168,17,797.0,71.94117647058823,5
CUST004169,10,311.0,81.4,4
CUST004170,8,336.0,72.625,5
CUST004171,9,412.0,73.0,2
CUST004172,13,533.0,69.0,5
CUST004173,12,581.0,72.91666666666667,4
CUST004174,11,657.0,66.81818181818181,4
CUST004175,14,693.0,70.0,5
CUST004176,8,451.5,64.625,4
CUST004177,10,399.0,74.2,3
CUST004178,1,34.0,74.0,1
CUST004179,8,245.0,69.375,5
CUST004180,6,372.5,81.83333333333333,3
CUST004181,9,453.0,65.88888888888889,2
CUST004182,11,524.0,71.36363636363636,4
CUST004183,5,236.0,64.6,3
CUST004184,5,127.0,71.2,2
CUST004185,10,488.0,77.4,4
CUST004186,11,674.0,63.54545454545455,4
CUST004187,6,427.0,66.66666666666667,3
CUST004188,9,247.0,69.44444444444444,6
CUST004189,2,104.0,63.0,2
CUST004190,12,540.0,70.58333333333333,3
CUST004191,12,500.0,77.25,4
CUST004192,8,324.0,70.875,4
CUST004193,10,564.0,67.8,5
CUST004194,2,47.0,57.5,2
CUST004195,6,268.0,83.0,4
CUST004196,3,103.0,73.33333333333333,1
CUST004197,8,327.0,72.625,4
CUST004198,6,320.0,64.83333333333333,3
CUST004199,2,128.0,76.5,2
CUST004200,7,357.0,76.28571428571429,4
CUST004201,8,503.5,72.0,4
CUST004202,12,561.0,77.66666666666667,5
CUST004203,14,913.0,62.07142857142857,5
CUST004204,10,561.0,71.3,4
CUST004205,13,632.0,69.38461538461539,5
CUST004206,2,76.0,62.0,2
CUST004207,7,360.0,68.85714285714286,4
CUST004208,9,420.0,72.77777777777777,4
CUST004209,1,55.0,79.0,1
CUST004210,8,254.0,71.625,4
CUST004211,3,132.0,65.66666666666667,3
CUST004212,10,492.0,63.4,4
CUST004213,3,111.0,78.0,3
CUST004214,5,324.0,69.2,4
CUST004215,8,351.0,66.5,3
CUST004216,7,315.0,62.857142857142854,4
CUST004217,7,353.5,67.57142857142857,3
CUST004218,6,177.0,66.83333333333333,4
CUST004219,1,22.0,89.0,1
CUST004220,8,370.0,68.125,4
CUST004221,10,517.0,82.1,3
CUST004222,5,204.0,76.0,3
CUST004223,10,346.0,70.5,3
CUST004224,15,680.0,81.66666666666667,4
CUST004225,8,372.0,75.0,3
CUST004226,17,601.0,68.58823529411765,5
CUST004227,15,901.0,77.06666666666666,5
CUST004228,5,204.0,76.2,2
CUST004229,6,216.0,69.66666666666667,5
CUST004230,9,309.0,66.11111111111111,4
CUST004231,13,613.0,75.38461538461539,4
CUST004232,12,555.0,68.75,3
CUST004233,9,468.0,74.77777777777777,4
CUST004234,8,215.0,67.375,2
CUST004235,13,654.0,71.53846153846153,5
CUST004236,7,320.0,74.28571428571429,3
CUST004237,9,401.0,76.22222222222223,5
CUST004238,10,358.0,62.8,5
CUST004239,11,516.0,66.54545454545455,4
CUST004240,14,694.0,63.5,4
CUST004241,6,118.0,64.33333333333333,3
CUST004242,4,237.0,52.0,2
CUST004243,5,229.0,65.4,3
CUST004244,7,290.0,71.0,5
CUST004245,6,264.0,86.83333333333333,4
CUST004246,10,463.0,73.8,4
CUST004247,4,305.5,55.25,4
CUST004248,12,716.0,67.83333333333333,4
CUST004249,5,229.0,80.6,2
CUST004250,7,311.0,59.57142857142857,4
CUST004251,5,249.0,84.4,3
CUST004252,8,421.0,66.5,4
CUST004253,9,385.0,75.33333333333333,5
CUST004254,13,718.0,63.0,3
CUST004255,7,278.0,67.71428571428571,3
CUST004256,7,491.0,72.71428571428571,3
CUST004257,3,206.0,49.0,3
CUST004258,8,478.0,74.875,4
CUST004259,10,561.0,68.0,4
CUST004260,9,494.0,69.0,4
CUST004261,10,416.0,65.6,4
CUST004262,8,337.0,67.5,4
CUST004263,2,123.0,67.5,1
CUST004264,7,289.0,70.14285714285714,4
CUST004265,12,417.0,72.08333333333333,4
CUST004266,8,346.0,65.25,3
CUST004267,13,528.0,70.53846153846153,5
CUST004268,10,407.0,74.3,4
CUST004269,14,592.0,69.64285714285714,5
CUST004270,8,360.0,75.75,4
CUST004271,7,403.0,72.0,5
CUST004272,2,116.0,95.5,1
CUST004273,10,493.0,68.4,3
CUST004274,7,197.0,65.0,3
CUST004275,9,417.0,64.11111111111111,4
CUST004276,8,537.5,73.625,4
CUST004277,8,321.0,65.75,4
CUST004278,6,334.0,62.333333333333336,4
CUST004279,3,122.0,61.666666666666664,2
CUST004280,9,339.0,68.33333333333333,2
CUST004281,7,252.0,57.57142857142857,4
CUST004282,5,256.0,69.8,3
CUST004283,2,143.0,84.0,1
CUST004284,13,708.0,62.23076923076923,4
CUST004285,14,590.0,72.07142857142857,4
CUST004286,7,348.0,71.85714285714286,3
CUST004287,7,342.0,54.285714285714285,4
CUST004288,9,427.0,77.22222222222223,5
CUST004289,8,297.0,73.375,4
CUST004290,1,58.0,100.0,1
CUST004291,10,380.0,70.8,5
CUST004292,11,525.0,72.27272727272727,4
CUST004293,12,559.0,64.91666666666667,3
CUST004294,5,236.0,56.2,3
CUST004295,1,95.0,90.0,1
CUST004296,10,493.0,72.2,3
CUST004297,11,485.0,80.36363636363636,6
CUST004298,14,638.0,69.5,4
CUST004299,7,351.0,71.85714285714286,2
CUST004300,7,349.0,67.14285714285714,3
CUST004301,10,568.0,68.3,4
CUST004302,6,231.0,47.0,1
CUST004303,10,485.0,88.3,5
CUST004304,8,384.0,78.75,3
CUST004305,12,553.0,66.25,4
CUST004306,12,639.0,77.33333333333333,3
CUST004307,9,474.0,70.77777777777777,3
CUST004308,5,215.0,85.0,2
CUST004309,6,212.0,69.33333333333333,4
CUST004310,15,679.0,82.86666666666666,5
CUST004311,11,591.0,59.27272727272727,5
CUST004312,10,615.0,82.9,5
CUST004313,14,506.0,60.42857142857143,5
CUST004315,8,423.0,80.875,3
CUST004316,9,352.0,75.77777777777777,3
CUST004317,8,460.0,77.875,4
CUST004318,10,639.5,75.1,3
CUST004319,4,147.0,54.25,3
CUST004320,10,444.0,65.1,4
CUST004321,15,765.0,67.26666666666667,6
CUST004322,12,739.0,66.5,4
CUST004323,7,342.0,70.0,4
CUST004324,2,70.0,75.5,2
CUST004325,7,300.0,71.57142857142857,4
CUST004326,7,285.0,81.28571428571429,3
CUST004327,8,318.0,70.25,3
CUST004328,4,227.0,67.25,4
CUST004329,8,388.5,68.875,5
CUST004330,8,356.0,76.0,3
CUST004331,8,361.0,79.25,3
CUST004332,9,415.0,74.55555555555556,4
CUST004333,10,657.0,62.7,5
CUST004334,9,443.0,61.44444444444444,4
CUST004335,7,351.0,65.71428571428571,3
CUST004336,9,555.5,66.66666666666667,4
CUST004337,9,382.0,64.22222222222223,4
CUST004338,15,861.0,77.8,3
CUST004339,11,507.0,71.54545454545455,4
CUST004340,9,414.0,74.55555555555556,4
CUST004341,8,283.0,72.875,3
CUST004342,10,503.0,56.1,4
CUST004343,1,63.0,51.0,1
CUST004344,5,369.0,65.8,3
CUST004345,6,320.0,79.5,3
CUST004346,2,6.0,77.0,2
CUST004347,9,377.0,76.11111111111111,3
CUST004348,13,641.0,69.23076923076923,4
CUST004349,10,560.0,71.3,4
CUST004350,8,292.0,77.125,3
CUST004351,9,487.0,74.22222222222223,4
CUST004352,2,138.0,77.0,1
CUST004353,9,547.0,69.33333333333333,3
CUST004354,9,419.0,69.33333333333333,4
CUST004355,6,411.0,80.66666666666667,4
CUST004356,9,453.0,72.55555555555556,4
CUST004357,11,475.0,69.0909090909091,4
CUST004358,15,799.0,76.93333333333334,5
CUST004359,8,359.0,71.5,3
CUST004360,6,344.0,75.33333333333333,3
CUST004361,6,221.0,73.66666666666667,3
CUST004362,6,234.0,72.66666666666667,2
CUST004363,12,677.0,62.833333333333336,5
CUST004364,9,484.5,74.66666666666667,4
CUST004365,15,624.0,63.733333333333334,4
CUST004366,8,333.0,81.25,5
CUST004367,4,123.0,75.5,3
CUST004368,6,279.0,72.83333333333333,4
CUST004369,8,408.5,81.75,4
CUST004370,13,612.0,77.0,2
CUST004371,8,312.0,75.125,4
CUST004372,2,101.0,70.0,2
CUST004373,1,59.0,97.0,1
CUST004374,2,64.0,58.5,2
CUST004375,8,351.0,59.0,3
CUST004376,7,296.0,61.42857142857143,4
CUST004377,7,426.0,66.14285714285714,4
CUST004378,12,479.0,78.08333333333333,4
CUST004379,7,435.0,58.57142857142857,3
CUST004380,6,210.0,80.5,3
CUST004381,4,236.0,72.5,3
CUST004382,9,456.0,81.33333333333333,4
CUST004383,13,537.0,72.0,4
CUST004384,12,540.0,77.83333333333333,3
CUST004385,6,360.0,73.5,2
CUST004386,8,374.0,67.5,4
CUST004387,6,230.0,61.833333333333336,5
CUST004388,11,582.0,73.0,5
CUST004389,10,451.0,69.3,3
CUST004390,16,796.0,79.6875,6
CUST004391,8,346.0,59.75,3
CUST004392,13,539.0,70.0,4
CUST004393,10,553.0,71.3,3
CUST004394,8,320.0,78.0,5
CUST004395,9,378.0,78.77777777777777,3
CUST004396,12,531.0,69.91666666666667,4
CUST004397,9,432.0,70.0,4
CUST004398,8,382.0,67.125,4
CUST004399,6,244.0,72.16666666666667,4
CUST004400,10,456.0,72.6,5
CUST004401,12,592.0,69.0,4
CUST004402,7,262.0,66.57142857142857,2
CUST004403,3,132.0,71.33333333333333,3
CUST004404,16,854.0,69.5,4
CUST004405,11,487.0,67.45454545454545,4
CUST004406,11,687.0,72.0,4
CUST004407,5,269.0,81.4,2
CUST004408,2,84.0,64.0,2
CUST004409,5,205.0,65.6,2
CUST004410,6,306.0,57.666666666666664,4
CUST004411,11,543.0,64.0,3
CUST004412,8,401.0,71.25,3
CUST004413,9,524.5,65.11111111111111,2
CUST004414,11,569.5,77.0909090909091,6
CUST004415,6,280.0,68.83333333333333,2
CUST004416,10,447.0,72.2,4
CUST004417,9,383.0,59.22222222222222,3
CUST004418,4,192.0,68.25,3
CUST004419,13,674.0,70.76923076923077,3
CUST004420,9,426.0,55.44444444444444,4
CUST004421,11,357.0,67.81818181818181,3
CUST004422,12,536.0,57.333333333333336,4
CUST004423,10,569.0,67.3,4
CUST004424,8,416.0,62.875,3
CUST004425,11,557.0,63.54545454545455,4
CUST004426,16,858.0,69.8125,5
CUST004427,18,733.0,65.77777777777777,4
CUST004428,12,688.0,62.5,4
CUST004429,7,229.0,62.285714285714285,4
CUST004430,15,674.0,67.0,5
CUST004431,7,355.0,69.0,5
CUST004432,2,110.0,80.5,1
CUST004433,5,227.0,53.8,2
CUST004434,8,272.0,64.375,4
CUST004435,8,433.0,67.75,3
CUST004436,10,577.0,67.8,5
CUST004437,11,470.0,69.63636363636364,4
CUST004438,8,260.0,75.625,4
CUST004439,10,530.0,77.8,5
CUST004440,14,651.0,72.07142857142857,5
CUST004441,10,616.0,71.6,4
CUST004442,1,71.0,92.0,1
CUST004443,1,61.0,32.0,1
CUST004444,5,290.0,72.2,2
CUST004445,2,88.0,77.5,2
CUST004446,11,403.0,69.45454545454545,5
CUST004447,10,551.0,68.1,4
CUST004448,10,421.0,73.7,3
CUST004449,9,552.0,65.44444444444444,2
CUST004450,8,293.0,73.375,4
CUST004451,3,151.0,76.0,2
CUST004452,10,634.5,61.0,4
CUST004453,10,514.0,65.3,5
CUST004454,14,592.0,73.35714285714286,5
CUST004455,7,323.0,68.57142857142857,5
CUST004456,7,401.0,70.85714285714286,4
CUST004457,9,427.0,83.22222222222223,4
CUST004458,6,223.0,63.666666666666664,4
CUST004459,6,387.0,80.66666666666667,4
CUST004460,12,674.0,78.58333333333333,5
CUST004461,12,495.0,76.5,4
CUST004462,6,269.0,63.833333333333336,4
CUST004463,8,373.0,72.0,3
CUST004464,5,202.0,82.8,3
CUST004465,7,354.0,74.0,4
CUST004466,17,923.0,66.23529411764706,3
CUST004467,1,26.0,59.0,1
CUST004468,5,304.0,74.6,2
CUST004469,12,607.0,71.41666666666667,4
CUST004470,13,647.0,63.38461538461539,5
CUST004471,8,564.0,68.25,4
CUST004472,11,494.0,68.63636363636364,5
CUST004473,3,183.0,77.66666666666667,2
CUST004474,10,423.0,67.3,4
CUST004475,2,132.0,62.5,1
CUST004476,6,407.5,55.0,2
CUST004477,6,309.5,63.0,4
CUST004478,13,588.0,63.23076923076923,5
CUST004479,13,548.0,74.53846153846153,6
CUST004480,7,376.0,59.285714285714285,4
CUST004481,9,292.0,77.66666666666667,4
CUST004482,14,584.0,73.71428571428571,5
CUST004483,8,309.0,66.75,4
CUST004484,6,153.0,66.5,3
CUST004485,1,53.0,59.0,1
CUST004486,10,436.0,71.5,4
CUST004487,6,243.0,77.0,4
CUST004488,9,468.0,62.111111111111114,4
CUST004489,8,347.0,82.375,3
CUST004490,7,322.0,65.85714285714286,4
CUST004491,6,398.0,76.5,3
CUST004492,14,616.0,68.85714285714286,4
CUST004493,9,497.5,72.88888888888889,4
CUST004494,9,499.0,68.55555555555556,4
CUST004495,10,538.0,63.5,5
CUST004496,7,326.0,84.0,4
CUST004497,11,515.0,68.81818181818181,5
CUST004498,2,50.0,66.5,1
CUST004499,14,651.0,62.357142857142854,4
CUST004500,7,357.0,68.28571428571429,2
CUST004501,12,531.0,71.33333333333333,3
CUST004502,1,43.0,90.0,1
CUST004503,5,216.0,71.8,2
CUST004504,7,310.0,74.42857142857143,3
CUST004505,6,279.0,76.5,2
CUST004506,11,595.0,72.0,3
CUST004507,12,456.0,71.16666666666667,5
CUST004508,8,495.0,68.625,2
CUST004509,12,682.0,78.16666666666667,4
CUST004510,4,156.0,75.75,3
CUST004511,1,93.0,100.0,1
CUST004512,7,407.0,71.14285714285714,3
CUST004513,11,529.0,68.72727272727273,5
CUST004514,6,246.0,63.833333333333336,3
CUST004515,4,162.0,69.25,4
CUST004516,12,587.0,72.91666666666667,4
CUST004517,15,596.0,75.53333333333333,4
CUST004518,7,377.0,66.42857142857143,5
CUST004519,13,561.0,77.92307692307692,3
CUST004520,6,311.0,76.0,3
CUST004521,14,670.0,74.85714285714286,5
CUST004522,10,448.0,63.5,3
CUST004523,7,233.0,67.85714285714286,3
CUST004524,10,691.0,67.3,5
CUST004525,12,618.0,57.583333333333336,5
CUST004526,9,464.5,69.55555555555556,5
CUST004527,5,237.0,75.6,3
CUST004528,9,330.0,46.333333333333336,5
CUST004529,7,322.0,63.57142857142857,4
CUST004530,5,260.0,82.2,2
CUST004531,9,479.0,74.0,4
CUST004532,4,249.0,75.0,4
CUST004533,8,268.0,68.0,2
CUST004534,10,341.0,76.4,3
CUST004535,5,302.0,65.0,3
CUST004536,4,172.0,68.25,3
CUST004537,8,258.0,65.25,3
CUST004538,4,186.0,61.25,3
CUST004539,9,447.0,60.333333333333336,4
CUST004540,2,80.0,50.5,2
CUST004541,14,723.0,74.92857142857143,4
CUST004542,10,372.0,61.0,3
CUST004543,6,210.0,66.33333333333333,4
CUST004544,5,320.0,89.2,3
CUST004545,9,474.0,69.22222222222223,3
CUST004546,8,338.5,61.25,4
CUST004547,11,541.0,69.18181818181819,5
CUST004548,13,660.0,73.38461538461539,4
CUST004549,6,160.0,73.33333333333333,4
CUST004550,8,437.0,69.125,4
CUST004551,6,323.0,61.833333333333336,3
CUST004552,7,363.0,75.71428571428571,2
CUST004553,8,256.0,79.625,4
CUST004554,9,439.0,66.44444444444444,4
CUST004555,11,544.0,74.45454545454545,4
CUST004556,9,481.0,62.22222222222222,4
CUST004557,10,490.0,77.9,5
CUST004558,7,428.0,74.85714285714286,3
CUST004559,14,740.0,66.0,4
CUST004560,9,432.0,64.55555555555556,3
CUST004561,11,523.0,71.72727272727273,3
CUST004562,12,518.0,71.08333333333333,6
CUST004563,8,386.0,77.5,4
CUST004564,9,457.0,62.22222222222222,5
CUST004565,8,351.0,67.375,4
CUST004566,5,213.0,70.0,3
CUST004567,15,864.0,67.86666666666666,4
CUST004568,10,528.0,68.8,3
CUST004569,4,163.0,52.25,3
CUST004570,5,154.0,78.6,3
CUST004571,4,238.0,59.0,2
CUST004572,8,332.0,62.75,4
CUST004573,12,568.0,65.83333333333333,5
CUST004574,7,236.0,69.85714285714286,4
CUST004575,10,506.0,61.6,3
CUST004576,8,329.0,77.25,3
CUST004577,13,626.0,63.61538461538461,4
CUST004578,11,494.0,71.0,3
CUST004579,7,302.0,63.857142857142854,3
CUST004580,9,525.0,61.22222222222222,5
CUST004581,8,358.0,75.0,3
CUST004582,12,640.0,75.5,4
CUST004583,10,385.0,74.7,4
CUST004584,10,529.0,77.8,3
CUST004585,2,133.0,76.5,1
CUST004586,5,171.0,67.4,3
CUST004587,6,336.0,74.16666666666667,4
CUST004588,10,514.0,63.2,5
CUST004589,1,52.0,49.0,1
CUST004590,13,588.0,67.61538461538461,5
CUST004591,6,226.0,72.0,3
CUST004592,10,464.0,69.1,4
CUST004593,12,614.5,68.0,4
CUST004594,5,191.0,77.6,3
CUST004595,11,530.0,72.63636363636364,4
CUST004596,10,378.0,62.9,4
CUST004597,12,523.0,75.08333333333333,5
CUST004598,9,519.5,75.77777777777777,4
CUST004599,1,44.0,57.0,1
CUST004600,1,75.0,43.0,1
CUST004601,7,283.0,70.71428571428571,4
CUST004602,11,407.0,64.9090909090909,5
CUST004603,14,548.0,69.14285714285714,6
CUST004604,14,860.0,73.57142857142857,3
CUST004605,10,423.0,72.9,4
CUST004606,4,213.0,74.5,2
CUST004607,10,447.0,65.4,4
CUST004608,7,507.0,86.57142857142857,3
CUST004609,11,486.0,54.54545454545455,5
CUST004610,11,415.0,66.54545454545455,3
CUST004611,8,416.0,81.5,4
CUST004612,2,66.0,54.0,1
CUST004613,8,446.0,65.125,3
CUST004614,5,249.0,64.8,4
CUST004615,7,361.0,58.42857142857143,3
CUST004616,13,524.0,68.76923076923077,5
CUST004617,5,291.0,68.8,4
CUST004618,14,604.0,69.0,4
CUST004619,9,498.0,62.666666666666664,3
CUST004620,11,732.0,72.0909090909091,5
CUST004621,7,384.0,63.142857142857146,3
CUST004622,13,710.0,68.23076923076923,5
CUST004623,7,358.0,71.28571428571429,4
CUST004624,7,304.5,73.28571428571429,4
CUST004625,4,227.0,64.25,2
CUST004626,9,443.0,81.88888888888889,4
CUST004627,15,701.0,75.0,5
CUST004628,8,285.0,69.0,3
CUST004629,9,409.5,53.666666666666664,4
CUST004630,9,484.0,74.44444444444444,5
CUST004631,8,345.0,69.0,4
CUST004632,9,469.0,71.88888888888889,5
CUST004633,8,410.0,67.125,4
CUST004634,12,609.0,84.08333333333333,4
CUST004635,6,268.0,87.16666666666667,3
CUST004636,3,126.0,49.0,2
CUST004637,8,378.0,71.0,4
CUST004638,14,703.0,73.57142857142857,4
CUST004639,10,470.0,68.8,5
CUST004640,10,547.0,74.6,5
CUST004641,6,287.0,74.5,4
CUST004642,11,474.0,62.81818181818182,3
CUST004643,6,312.0,71.5,3
CUST004644,9,414.0,83.22222222222223,5
CUST004645,15,769.0,62.266666666666666,6
CUST004646,6,282.0,72.83333333333333,2
CUST004647,8,253.0,65.375,5
CUST004648,11,547.0,69.45454545454545,5
CUST004649,7,328.0,61.285714285714285,4
CUST004650,2,52.0,52.0,2
CUST004651,7,264.0,87.57142857142857,4
CUST004652,9,461.0,79.77777777777777,2
CUST004653,10,399.0,68.8,4
CUST004654,9,453.0,77.0,3
CUST004655,7,247.0,77.14285714285714,2
CUST004656,13,640.0,69.46153846153847,4
CUST004657,8,479.0,79.125,3
CUST004658,12,568.0,54.5,5
CUST004659,7,384.0,61.285714285714285,3
CUST004660,4,250.0,72.75,4
CUST004661,2,111.0,82.0,1
CUST004662,7,357.0,80.0,3
CUST004663,11,642.0,72.72727272727273,3
CUST004664,11,369.0,61.27272727272727,3
CUST004665,11,542.0,65.9090909090909,3
CUST004666,3,147.0,85.0,3
CUST004667,12,531.0,77.66666666666667,4
CUST004668,8,424.0,50.5,4
CUST004669,12,510.0,75.33333333333333,5
CUST004670,4,202.0,66.75,4
CUST004671,5,247.0,82.2,3
CUST004672,6,343.0,65.33333333333333,4
CUST004673,2,78.0,62.5,2
CUST004674,4,191.0,64.0,2
CUST004675,13,593.0,70.46153846153847,4
CUST004676,10,396.0,76.8,5
CUST004677,2,107.0,69.0,2
CUST004678,6,239.0,68.0,4
CUST004679,13,694.5,70.15384615384616,4
CUST004680,8,382.0,67.625,4
CUST004681,9,409.0,61.111111111111114,4
CUST004682,8,286.0,86.75,5
CUST004683,7,378.0,69.57142857142857,3
CUST004684,16,771.0,64.0625,6
CUST004685,13,473.0,72.6923076923077,5
CUST004686,10,550.5,64.3,3
CUST004687,9,373.0,72.0,3
CUST004688,6,162.0,77.16666666666667,5
CUST004689,13,598.0,71.46153846153847,4
CUST004690,14,611.0,77.85714285714286,4
CUST004691,17,724.0,78.88235294117646,4
CUST004692,1,77.0,50.0,1
CUST004693,4,232.0,67.0,2
CUST004694,7,308.0,56.714285714285715,3
CUST004695,8,347.0,61.25,2
CUST004696,5,232.0,63.4,4
CUST004697,7,312.0,76.14285714285714,3
CUST004698,8,381.0,57.25,4
CUST004699,5,304.0,71.6,3
CUST004700,5,227.0,80.2,4
CUST004701,14,784.0,69.64285714285714,4
CUST004702,10,520.0,62.6,5
CUST004703,9,324.0,75.11111111111111,3
CUST004704,5,303.0,65.8,4
CUST004705,1,62.0,49.0,1
CUST004706,6,306.0,77.66666666666667,3
CUST004707,12,505.0,71.33333333333333,5
CUST004708,11,426.0,64.0,3
CUST004709,8,396.5,61.75,4
CUST004710,18,860.0,65.33333333333333,4
CUST004711,7,322.0,73.71428571428571,5
CUST004712,17,876.0,78.88235294117646,4
CUST004713,1,35.0,45.0,1
CUST004714,6,332.0,67.5,4
CUST004715,7,239.0,77.28571428571429,4
CUST004716,11,508.0,79.45454545454545,4
CUST004717,10,459.0,70.1,4
CUST004718,9,402.0,76.66666666666667,5
CUST004719,9,378.0,65.0,5
CUST004720,8,367.0,62.875,3
CUST004721,11,421.0,73.36363636363636,4
CUST004722,15,592.0,76.13333333333334,4
CUST004723,4,170.0,76.75,3
CUST004724,15,648.0,77.66666666666667,5
CUST004725,10,543.0,70.4,4
CUST004726,6,294.0,73.5,4
CUST004727,16,690.0,65.8125,5
CUST004728,8,429.0,70.5,4
CUST004729,14,618.0,69.07142857142857,6
CUST004730,10,446.0,67.3,4
CUST004731,2,56.0,57.5,2
CUST004732,7,330.0,87.0,4
CUST004733,5,242.0,55.6,4
CUST004734,9,455.0,74.0,4
CUST004735,11,509.0,72.36363636363636,4
CUST004736,2,149.0,68.5,2
CUST004737,10,388.0,65.6,5
CUST004738,2,98.0,69.0,2
CUST004739,12,572.0,67.08333333333333,4
CUST004740,2,85.0,59.5,2
CUST004741,8,312.0,68.5,5
CUST004742,8,387.0,63.875,3
CUST004743,9,384.0,68.55555555555556,4
CUST004744,8,313.0,79.25,2
CUST004745,9,597.0,85.0,5
CUST004746,6,212.0,80.5,3
CUST004747,14,676.0,76.35714285714286,5
CUST004748,9,446.0,67.77777777777777,4
CUST004749,7,510.0,73.85714285714286,3
CUST004750,1,27.0,84.0,1
CUST004751,13,745.0,65.53846153846153,4
CUST004752,12,482.0,69.25,4
CUST004753,2,36.0,67.5,2
CUST004754,6,264.0,84.33333333333333,4
CUST004755,11,470.0,76.18181818181819,4
CUST004756,8,249.0,64.375,5
CUST004757,6,176.0,76.66666666666667,4
CUST004758,13,687.0,74.23076923076923,5
CUST004759,12,578.0,65.08333333333333,4
CUST004760,8,562.5,71.375,4
CUST004761,2,113.0,85.5,2
CUST004762,13,729.0,71.61538461538461,5
CUST004763,8,300.0,62.5,5
CUST004764,4,175.0,73.75,4
CUST004765,13,719.0,76.3076923076923,6
CUST004766,10,579.5,64.1,6
CUST004767,10,443.0,69.1,4
CUST004768,4,186.0,57.75,3
CUST004769,16,704.0,65.25,4
CUST004770,7,346.0,60.0,3
CUST004771,9,473.0,59.55555555555556,4
CUST004772,11,625.0,62.81818181818182,4
CUST004773,7,373.0,78.28571428571429,3
CUST004774,8,381.0,75.125,4
CUST004775,6,147.0,73.16666666666667,5
CUST004776,9,514.0,67.22222222222223,4
CUST004777,4,268.5,72.25,3
CUST004778,9,494.0,68.0,3
CUST004779,11,540.0,64.9090909090909,3
CUST004780,12,659.0,77.33333333333333,4
CUST004781,16,844.0,67.4375,5
CUST004782,15,752.0,61.53333333333333,5
CUST004783,8,580.0,63.375,3
CUST004784,9,462.0,72.22222222222223,4
CUST004785,11,348.0,72.18181818181819,3
CUST004786,10,445.0,69.3,3
CUST004787,9,600.0,74.33333333333333,5
CUST004788,11,625.0,65.18181818181819,3
CUST004789,8,201.0,64.375,5
CUST004790,1,68.0,35.0,1
CUST004791,5,262.0,88.0,4
CUST004792,1,28.0,65.0,1
CUST004793,2,102.0,81.5,2
CUST004794,6,347.0,73.66666666666667,3
CUST004795,10,562.0,65.7,2
CUST004796,3,135.0,88.66666666666667,2
CUST004797,3,153.0,71.66666666666667,2
CUST004798,6,295.0,71.66666666666667,3
CUST004799,11,553.5,73.81818181818181,5
CUST004800,2,38.0,51.5,2
CUST004801,8,437.0,74.625,2
CUST004802,7,295.0,72.14285714285714,3
CUST004803,2,128.0,79.0,2
CUST004804,2,51.0,87.0,2
CUST004805,7,316.0,78.42857142857143,3
CUST004806,5,237.0,62.6,3
CUST004807,10,459.0,74.4,6
CUST004808,8,374.0,73.75,3
CUST004809,3,149.0,63.333333333333336,2
CUST004810,5,302.0,76.6,3
CUST004811,9,361.0,69.0,5
CUST004812,3,91.0,81.66666666666667,2
CUST004813,5,159.0,59.8,3
CUST004814,4,197.0,82.75,3
CUST004815,12,648.0,75.91666666666667,5
CUST004816,11,530.0,72.27272727272727,2
CUST004817,2,122.0,77.5,2
CUST004818,8,451.0,69.375,5
CUST004819,12,657.0,69.58333333333333,4
CUST004820,9,451.0,66.88888888888889,3
CUST004821,8,441.0,78.0,4
CUST004822,9,375.0,74.55555555555556,5
CUST004823,7,289.0,56.42857142857143,4
CUST004824,6,180.0,78.16666666666667,3
CUST004825,5,238.0,54.8,4
CUST004826,14,750.0,66.42857142857143,2
CUST004827,3,105.0,43.333333333333336,2
CUST004828,8,373.0,66.25,3
CUST004829,12,709.0,71.0,3
CUST004830,8,503.0,75.5,3
CUST004831,8,389.0,72.625,3
CUST004832,5,209.0,65.2,4
CUST004833,10,440.0,83.9,4
CUST004834,5,210.0,73.6,3
CUST004835,5,309.0,64.6,3
CUST004836,6,369.0,59.666666666666664,3
CUST004837,18,836.0,63.111111111111114,3
CUST004838,9,393.0,58.666666666666664,5
CUST004839,3,116.0,76.33333333333333,3
CUST004840,7,245.0,73.71428571428571,2
CUST004841,9,488.0,66.44444444444444,6
CUST004842,9,374.0,63.77777777777778,4
CUST004843,8,405.0,59.625,5
CUST004844,7,261.0,68.42857142857143,4
CUST004845,2,74.0,74.0,2
CUST004846,7,322.0,66.0,3
CUST004847,10,602.0,77.1,4
CUST004848,8,356.0,90.375,4
CUST004849,15,847.0,64.66666666666667,4
CUST004850,9,368.0,57.55555555555556,3
CUST004851,14,625.0,66.57142857142857,5
CUST004852,16,673.0,59.3125,5
CUST004853,9,490.0,62.888888888888886,4
CUST004854,10,599.0,58.8,4
CUST004855,12,570.0,72.41666666666667,5
CUST004856,12,597.0,63.333333333333336,4
CUST004857,11,422.0,71.0,4
CUST004858,1,54.0,46.0,1
CUST004859,6,337.0,75.83333333333333,5
CUST004860,6,211.0,83.66666666666667,4
CUST004861,2,92.0,59.5,1
CUST004862,13,651.0,55.23076923076923,5
CUST004863,6,314.0,79.0,4
CUST004864,6,271.0,75.66666666666667,4
CUST004865,9,404.0,76.44444444444444,2
CUST004866,2,91.0,86.0,2
CUST004867,7,374.0,47.714285714285715,4
CUST004868,9,473.0,79.0,3
CUST004869,5,217.0,79.6,2
CUST004870,5,179.0,68.0,5
CUST004871,10,283.0,66.6,4
CUST004872,8,440.0,69.25,3
CUST004873,12,559.0,71.58333333333333,3
CUST004874,10,504.0,77.5,3
CUST004875,14,817.0,72.42857142857143,4
CUST004876,3,140.0,77.0,2
CUST004877,6,316.0,62.666666666666664,5
CUST004878,9,458.5,64.33333333333333,3
CUST004879,11,581.0,61.36363636363637,3
CUST004880,9,336.0,70.0,4
CUST004881,9,529.0,77.22222222222223,5
CUST004882,8,424.5,67.75,3
CUST004883,2,98.0,64.5,2
CUST004884,15,880.5,69.06666666666666,5
CUST004885,9,340.0,75.88888888888889,5
CUST004886,10,442.0,63.4,3
CUST004887,13,641.0,71.92307692307692,4
CUST004888,4,198.0,71.75,3
CUST004889,6,421.5,62.0,2
CUST004890,7,224.0,81.57142857142857,5
CUST004891,11,427.0,64.54545454545455,5
CUST004892,2,84.0,88.0,2
CUST004893,9,401.0,68.11111111111111,4
CUST004894,9,423.0,76.0,2
CUST004895,13,790.0,71.53846153846153,3
CUST004896,1,18.0,76.0,1
CUST004897,10,428.0,71.3,4
CUST004898,8,403.0,67.0,3
CUST004899,10,566.0,68.9,4
CUST004900,10,592.0,69.7,2
CUST004901,11,525.0,71.36363636363636,4
CUST004902,10,500.0,51.9,4
CUST004903,6,269.0,69.83333333333333,4
CUST004904,8,463.0,65.125,5
CUST004905,5,192.0,71.6,4
CUST004906,10,359.0,76.9,6
CUST004907,9,511.0,56.44444444444444,4
CUST004908,4,160.0,69.25,2
CUST004909,8,363.0,83.0,4
CUST004910,8,363.0,61.375,3
CUST004911,13,636.0,68.0,5
CUST004912,12,473.0,65.66666666666667,4
CUST004913,6,390.5,76.33333333333333,3
CUST004914,6,245.0,71.83333333333333,3
CUST004915,9,506.0,67.88888888888889,3
CUST004916,16,959.5,71.375,5
CUST004917,12,504.0,68.33333333333333,5
CUST004918,7,227.0,86.42857142857143,4
CUST004919,6,303.0,67.66666666666667,5
CUST004920,5,323.0,74.0,4
CUST004921,9,473.0,75.0,4
CUST004922,19,917.0,71.3157894736842,5
CUST004923,6,250.0,59.0,4
CUST004924,8,382.0,60.5,5
CUST004925,11,534.0,78.72727272727273,3
CUST004926,7,328.0,65.85714285714286,2
CUST004927,7,308.0,74.14285714285714,2
CUST004928,7,400.0,61.0,4
CUST004929,13,561.0,70.53846153846153,3
CUST004930,5,163.0,64.2,2
CUST004931,11,612.0,57.81818181818182,3
CUST004932,8,405.0,83.0,3
CUST004933,4,140.0,58.5,4
CUST004934,15,701.5,76.73333333333333,4
CUST004935,11,629.0,74.81818181818181,5
CUST004936,8,314.0,65.75,3
CUST004937,11,515.0,69.27272727272727,4
CUST004938,9,280.0,80.55555555555556,2
CUST004939,9,483.0,58.77777777777778,5
CUST004940,15,695.5,71.6,5
CUST004941,9,452.0,61.888888888888886,5
CUST004942,7,332.0,80.28571428571429,4
CUST004943,2,117.0,51.0,2
CUST004944,12,465.0,71.75,3
CUST004945,7,375.0,65.14285714285714,2
CUST004946,9,457.0,83.0,4
CUST004947,8,527.0,64.875,5
CUST004948,13,524.0,66.84615384615384,4
CUST004949,16,736.0,75.5625,5
CUST004950,1,49.0,61.0,1
CUST004951,8,364.0,74.375,3
CUST004952,7,283.0,68.28571428571429,3
CUST004953,3,165.0,61.0,2
CUST004954,7,327.0,65.28571428571429,3
CUST004955,13,577.0,73.6923076923077,5
CUST004956,12,669.0,69.58333333333333,4
CUST004957,10,474.0,68.7,5
CUST004958,9,498.0,80.0,5
CUST004959,5,233.0,55.2,3
CUST004960,4,186.0,70.75,3
CUST004961,8,395.0,57.625,3
CUST004962,14,681.0,69.21428571428571,5
CUST004963,7,370.0,75.28571428571429,3
CUST004964,4,255.0,58.0,3
CUST004965,11,483.0,72.54545454545455,3
CUST004966,2,73.0,63.0,2
CUST004967,10,434.5,68.2,5
CUST004968,7,273.0,62.57142857142857,4
CUST004969,9,429.0,62.77777777777778,4
CUST004970,1,40.0,50.0,1
CUST004971,13,821.0,66.23076923076923,4
CUST004972,10,416.0,66.0,4
CUST004973,11,622.0,73.72727272727273,4
CUST004974,12,600.0,71.16666666666667,5
CUST004975,8,348.0,69.625,4
CUST004976,3,122.0,58.0,1
CUST004977,10,486.0,60.3,3
CUST004978,15,637.0,81.0,5
CUST004979,10,587.5,63.6,5
CUST004980,14,544.0,69.21428571428571,4
CUST004981,12,684.0,67.08333333333333,5
CUST004982,9,516.0,62.55555555555556,3
CUST004983,13,500.5,64.23076923076923,5
CUST004984,7,250.0,64.28571428571429,3
CUST004985,5,235.0,69.8,2
CUST004986,9,463.0,68.22222222222223,3
CUST004987,11,475.0,72.36363636363636,4
CUST004988,9,436.0,68.77777777777777,4
CUST004989,7,319.0,76.28571428571429,4
CUST004990,3,144.0,52.0,3
CUST004991,7,368.5,73.71428571428571,4
CUST004992,4,227.0,62.0,3
CUST004993,6,242.0,82.33333333333333,4
CUST004994,7,353.0,78.42857142857143,2
CUST004995,7,360.0,61.42857142857143,5
CUST004996,8,394.0,75.875,4
CUST004997,13,454.0,71.0,4
CUST004998,7,330.0,73.71428571428571,2
CUST004999,2,133.0,69.5,2
CUST005000,8,244.0,88.125,5
CUST005001,15,629.0,73.46666666666667,4
CUST005002,9,383.0,77.77777777777777,4
CUST005003,12,674.0,71.08333333333333,4
CUST005004,8,457.0,77.5,4
CUST005005,6,273.0,53.166666666666664,2
CUST005006,8,481.0,78.875,3
CUST005007,5,161.0,82.8,4
CUST005008,6,322.0,69.83333333333333,3
CUST005009,9,520.0,73.0,3
CUST005010,8,251.0,76.5,4
CUST005011,7,342.0,71.0,3
CUST005012,11,524.0,66.81818181818181,4
CUST005013,8,305.0,77.375,3
CUST005014,10,507.0,68.9,3
CUST005015,3,131.0,60.666666666666664,2
CUST005016,4,214.0,75.0,4
CUST005017,8,338.0,82.125,4
CUST005018,12,480.0,72.25,5
CUST005019,10,443.0,61.5,4
CUST005020,9,340.0,79.33333333333333,3
CUST005021,2,98.0,86.0,2
CUST005022,2,25.0,69.5,2
CUST005023,15,634.0,74.26666666666667,4
CUST005024,2,52.0,61.0,1
CUST005025,11,739.0,65.0,5
CUST005026,4,149.0,75.25,2
CUST005027,14,746.0,74.07142857142857,3
CUST005028,12,542.0,73.91666666666667,4
CUST005029,6,319.0,66.83333333333333,4
CUST005030,12,472.0,66.25,4
CUST005031,2,153.0,66.5,1
CUST005032,8,421.0,77.25,2
CUST005033,6,218.0,72.33333333333333,5
CUST005034,11,504.0,66.36363636363636,3
CUST005035,8,377.0,77.75,3
CUST005036,8,426.0,65.625,4
CUST005037,15,843.0,70.93333333333334,4
CUST005038,10,536.0,71.6,3
CUST005039,5,186.0,66.8,4
CUST005040,1,53.0,88.0,1
CUST005041,6,370.5,77.16666666666667,3
CUST005042,8,462.0,71.25,2
CUST005043,16,823.0,72.375,4
CUST005044,10,356.0,45.8,4
CUST005045,7,212.0,68.14285714285714,3
CUST005046,9,482.0,82.77777777777777,3
CUST005047,8,338.0,65.625,4
CUST005048,4,192.0,56.5,3
CUST005049,8,357.0,65.625,3
CUST005050,8,447.0,72.375,5
CUST005051,9,439.0,65.22222222222223,4
CUST005052,11,441.0,75.81818181818181,4
CUST005053,10,416.0,65.0,4
CUST005054,5,155.0,71.2,3
CUST005055,8,427.0,87.375,3
CUST005056,13,675.0,74.38461538461539,5
CUST005057,12,520.0,69.5,4
CUST005058,5,300.0,74.2,3
CUST005059,6,346.0,69.83333333333333,2
CUST005060,9,415.0,71.77777777777777,4
CUST005061,11,492.0,76.0909090909091,4
CUST005062,13,656.5,80.84615384615384,3
CUST005063,11,515.0,67.9090909090909,5
CUST005064,9,367.0,66.88888888888889,4
CUST005065,7,350.0,86.85714285714286,4
CUST005066,8,400.0,82.0,4
CUST005067,10,650.5,69.8,4
CUST005068,13,688.0,73.6923076923077,5
CUST005069,6,415.5,80.16666666666667,3
CUST005070,10,425.0,71.3,4
CUST005071,7,328.0,80.42857142857143,4
CUST005072,7,335.0,76.85714285714286,3
CUST005073,9,274.0,72.44444444444444,5
CUST005074,14,415.0,61.5,4
CUST005075,9,309.0,52.22222222222222,4
CUST005076,9,399.0,68.22222222222223,5
CUST005077,12,448.0,68.5,3
CUST005078,11,389.0,79.72727272727273,4
CUST005079,2,77.0,62.5,2
CUST005080,10,377.0,69.8,4
CUST005081,2,81.0,93.5,2
CUST005082,5,227.0,54.2,4
CUST005083,9,524.5,66.66666666666667,3
CUST005084,8,344.0,72.25,3
CUST005085,2,134.0,54.5,2
CUST005086,12,588.0,77.66666666666667,3
CUST005087,5,249.0,74.8,3
CUST005088,10,481.0,65.3,4
CUST005089,1,37.0,56.0,1
CUST005090,13,692.0,63.69230769230769,4
CUST005091,9,557.0,67.88888888888889,5
CUST005092,11,640.5,71.0,5
CUST005093,15,750.0,67.73333333333333,4
CUST005094,9,393.0,68.22222222222223,5
CUST005095,7,338.0,74.28571428571429,3
CUST005096,9,572.0,78.33333333333333,4
CUST005097,15,904.0,64.73333333333333,4
CUST005098,3,187.0,50.666666666666664,3
CUST005099,6,292.0,67.83333333333333,3
CUST005100,14,629.0,64.71428571428571,5
CUST005101,12,646.0,68.33333333333333,5
CUST005102,2,62.0,52.5,2
CUST005103,7,351.0,83.28571428571429,4
CUST005104,6,249.0,59.166666666666664,2
CUST005105,11,419.0,67.54545454545455,4
CUST005106,13,552.0,65.92307692307692,4
CUST005107,11,547.0,71.27272727272727,5
CUST005108,2,90.0,79.5,2
CUST005109,8,415.0,77.375,3
CUST005110,8,383.0,71.25,4
CUST005111,10,481.0,65.6,3
CUST005112,10,507.0,75.2,4
CUST005113,3,153.0,84.66666666666667,2
CUST005114,6,341.0,62.666666666666664,4
CUST005115,3,129.0,73.66666666666667,2
CUST005116,10,493.0,70.4,5
CUST005117,7,450.0,69.0,5
CUST005118,10,481.0,65.7,5
CUST005119,6,243.0,79.5,2
CUST005120,8,253.0,81.75,3
CUST005121,6,318.5,73.0,4
CUST005122,1,36.0,88.0,1
CUST005123,6,294.0,73.16666666666667,2
CUST005124,11,428.0,75.54545454545455,5
CUST005125,7,323.0,55.857142857142854,4
CUST005126,4,133.0,70.5,3
CUST005127,8,483.0,65.25,6
CUST005128,10,630.5,75.2,5
CUST005129,9,408.0,72.66666666666667,2
CUST005130,11,469.0,80.27272727272727,4
CUST005131,5,191.0,84.6,2
CUST005132,8,321.0,72.75,3
CUST005133,1,41.0,66.0,1
CUST005134,3,96.0,79.0,2
CUST005135,8,419.0,67.75,4
CUST005136,5,296.0,59.6,2
CUST005137,11,549.0,80.45454545454545,3
CUST005138,9,404.0,78.66666666666667,3
CUST005139,12,736.0,63.666666666666664,5
CUST005140,5,207.0,79.6,2
CUST005141,4,140.0,71.0,2
CUST005142,7,319.0,64.14285714285714,2
CUST005143,8,436.0,68.625,4
CUST005144,9,473.0,62.666666666666664,4
CUST005145,6,350.0,68.16666666666667,4
CUST005146,6,263.0,80.33333333333333,3
CUST005147,7,502.0,70.0,5
CUST005148,10,514.0,76.6,3
CUST005149,2,120.0,81.5,2
CUST005150,10,509.0,73.6,5
CUST005151,4,246.0,67.0,2
CUST005152,9,464.0,72.11111111111111,4
CUST005153,11,440.0,60.45454545454545,5
CUST005154,6,379.5,72.16666666666667,2
CUST005155,5,196.0,86.2,3
CUST005156,9,471.0,67.33333333333333,5
CUST005157,5,273.0,72.0,3
CUST005158,2,141.0,55.0,2
CUST005159,8,416.0,67.375,3
CUST005160,10,336.0,78.9,5
CUST005161,8,448.0,58.875,3
CUST005162,8,337.0,60.0,4
CUST005163,12,686.0,68.83333333333333,4
CUST005164,6,283.0,72.83333333333333,2
CUST005165,6,300.0,80.33333333333333,4
CUST005166,2,111.0,59.5,1
CUST005167,13,552.0,72.61538461538461,5
CUST005168,15,700.0,73.0,7
CUST005169,10,451.0,76.1,4
CUST005170,2,93.0,60.5,1
CUST005171,15,652.0,72.6,4
CUST005172,6,360.0,70.16666666666667,4
CUST005173,7,380.0,78.0,4
CUST005174,8,414.0,77.75,4
CUST005175,8,380.0,74.125,4
CUST005176,10,380.0,70.9,5
CUST005177,8,360.0,78.0,4
CUST005178,9,503.0,64.77777777777777,4
CUST005179,12,505.0,60.25,3
CUST005180,12,722.5,64.41666666666667,3
CUST005181,9,322.0,56.666666666666664,4
CUST005182,6,195.0,77.16666666666667,4
CUST005183,7,347.0,75.28571428571429,4
CUST005184,9,418.0,79.66666666666667,3
CUST005185,9,420.0,72.55555555555556,5
CUST005186,5,282.0,80.2,3
CUST005187,2,98.0,86.5,2
CUST005188,6,270.0,68.16666666666667,4
CUST005189,11,510.5,80.63636363636364,4
CUST005190,1,54.0,79.0,1
CUST005191,1,39.0,72.0,1
CUST005192,7,272.0,79.57142857142857,4
CUST005193,12,457.0,69.25,4
CUST005194,12,636.0,78.83333333333333,3
CUST005195,7,344.0,64.71428571428571,4
CUST005196,2,101.0,50.0,1
CUST005197,9,430.0,74.66666666666667,4
CUST005198,9,403.0,76.22222222222223,3
CUST005199,14,598.0,73.07142857142857,5
CUST005200,8,467.0,74.875,4
CUST005201,6,441.0,64.33333333333333,4
CUST005202,6,259.0,79.83333333333333,3
CUST005203,14,836.0,67.42857142857143,3
CUST005204,9,390.0,79.22222222222223,4
CUST005205,10,463.0,72.7,4
CUST005206,11,357.0,66.63636363636364,4
CUST005207,14,694.0,58.42857142857143,3
CUST005208,6,384.0,74.5,4
CUST005209,3,141.0,69.0,3
CUST005210,2,97.0,48.5,2
CUST005211,11,559.0,66.27272727272727,6
CUST005212,5,161.0,64.0,3
CUST005213,10,496.0,60.3,4
CUST005214,6,288.0,56.333333333333336,3
CUST005215,12,623.0,58.583333333333336,4
CUST005216,6,276.0,60.833333333333336,4
CUST005217,6,338.5,71.16666666666667,5
CUST005218,11,687.0,71.0,4
CUST005219,7,311.0,75.42857142857143,4
CUST005220,2,106.0,82.0,2
CUST005221,12,437.0,72.91666666666667,5
CUST005222,8,468.0,72.125,4
CUST005223,7,301.0,66.0,4
CUST005224,7,390.0,64.42857142857143,3
CUST005225,9,386.5,65.33333333333333,5
CUST005226,10,518.0,73.3,5
CUST005227,6,345.0,74.66666666666667,3
CUST005228,10,416.0,71.6,3
CUST005229,9,377.0,78.33333333333333,4
CUST005230,12,489.0,68.91666666666667,3
CUST005231,5,265.0,75.6,3
CUST005232,6,235.0,67.83333333333333,2
CUST005233,10,507.0,76.7,5
CUST005234,7,383.0,73.57142857142857,4
CUST005235,12,525.0,68.83333333333333,5
CUST005236,9,491.0,73.55555555555556,3
CUST005237,11,501.0,76.63636363636364,6
CUST005238,15,782.5,68.66666666666667,5
CUST005239,8,416.0,59.625,3
CUST005240,4,133.0,87.0,3
CUST005241,5,207.0,64.6,3
CUST005242,1,9.0,42.0,1
CUST005243,12,696.0,70.75,5
CUST005244,8,345.0,86.375,4
CUST005245,14,701.0,65.42857142857143,5
CUST005246,8,322.0,69.0,4
CUST005247,5,201.0,86.0,4
CUST005248,6,299.0,62.5,4
CUST005249,8,359.0,78.125,2
CUST005250,2,148.0,80.5,2
CUST005251,9,250.0,81.55555555555556,4
CUST005252,10,577.0,74.0,3
CUST005253,7,301.0,70.28571428571429,5
CUST005254,6,97.0,69.66666666666667,4
CUST005255,9,406.0,65.0,3
CUST005256,10,423.0,78.9,3
CUST005257,14,733.0,69.0,4
CUST005258,9,478.0,74.44444444444444,3
CUST005259,13,550.0,71.61538461538461,4
CUST005260,11,488.0,72.45454545454545,4
CUST005261,7,346.0,68.57142857142857,4
CUST005262,6,212.0,65.33333333333333,3
CUST005263,8,360.0,60.375,4
CUST005264,10,593.0,77.0,4
CUST005265,8,376.0,72.0,4
CUST005266,2,110.0,93.0,2
CUST005267,10,517.0,70.0,6
CUST005268,10,547.0,74.5,4
CUST005269,11,522.0,69.54545454545455,5
CUST005270,3,140.0,77.0,1
CUST005271,10,568.0,71.0,4
CUST005272,8,351.5,63.375,3
CUST005273,11,390.0,73.27272727272727,5
CUST005274,8,460.0,60.625,3
CUST005275,11,650.0,77.81818181818181,3
CUST005276,5,243.0,72.8,3
CUST005277,10,653.0,65.0,4
CUST005278,8,405.0,73.0,4
CUST005279,11,531.0,68.9090909090909,5
CUST005280,12,662.0,61.666666666666664,3
CUST005281,8,423.0,78.375,2
CUST005282,8,272.0,77.75,4
CUST005283,10,526.0,70.1,3
CUST005284,7,245.0,71.42857142857143,3
CUST005285,8,429.0,82.375,4
CUST005286,11,483.0,70.54545454545455,3
CUST005287,6,261.0,69.5,3
CUST005288,6,280.0,63.0,3
CUST005289,9,351.0,74.88888888888889,4
CUST005290,14,685.0,74.35714285714286,4
CUST005291,6,258.0,53.666666666666664,3
CUST005292,10,374.0,76.8,5
CUST005293,11,712.5,67.72727272727273,3
CUST005294,8,343.0,67.875,4
CUST005295,10,518.0,69.8,3
CUST005296,11,518.5,63.72727272727273,4
CUST005297,2,102.0,64.0,2
CUST005298,7,303.0,71.42857142857143,4
CUST005299,1,69.0,62.0,1
CUST005300,3,155.0,71.0,3
CUST005301,9,452.0,68.0,4
CUST005302,1,37.0,73.0,1
CUST005303,14,742.0,69.57142857142857,4
CUST005304,9,404.0,85.66666666666667,4
CUST005305,13,712.0,69.07692307692308,4
CUST005306,13,635.0,70.0,5
CUST005307,2,81.0,82.0,2
CUST005308,16,940.5,78.25,4
CUST005309,11,652.0,64.63636363636364,5
CUST005310,12,533.0,72.33333333333333,5
CUST005311,8,387.0,67.125,3
CUST005312,8,224.0,70.5,4
CUST005313,9,535.0,71.88888888888889,3
CUST005314,9,417.0,59.44444444444444,4
CUST005315,6,185.0,66.83333333333333,4
CUST005316,8,276.0,58.0,4
CUST005317,6,318.0,64.83333333333333,5
CUST005318,8,453.0,65.5,4
CUST005319,10,517.5,71.4,4
CUST005320,3,202.0,69.66666666666667,3
CUST005321,9,331.0,68.88888888888889,4
CUST005322,9,410.0,74.11111111111111,3
CUST005323,13,683.0,64.07692307692308,5
CUST005324,12,585.0,72.58333333333333,5
CUST005325,7,319.0,60.0,3
CUST005326,10,459.0,80.0,3
CUST005327,14,572.0,67.71428571428571,5
CUST005328,12,690.0,66.0,4
CUST005329,8,311.0,58.875,4
CUST005330,10,447.0,69.5,3
CUST005331,9,602.0,68.66666666666667,3
CUST005332,11,456.0,69.72727272727273,4
CUST005333,6,318.0,80.0,3
CUST005334,2,92.0,65.5,1
CUST005335,12,373.0,71.16666666666667,3
CUST005336,7,340.0,80.57142857142857,3
CUST005337,7,400.0,58.42857142857143,4
CUST005338,12,516.0,77.0,6
CUST005339,10,436.0,65.2,5
CUST005340,7,382.0,52.42857142857143,3
CUST005341,8,430.0,56.375,3
CUST005342,7,379.0,62.142857142857146,5
CUST005343,14,617.0,69.35714285714286,5
CUST005344,13,686.0,69.61538461538461,4
CUST005345,17,848.0,77.0,5
CUST005346,4,205.0,79.5,3
CUST005347,6,217.0,76.66666666666667,3
CUST005348,7,493.0,80.85714285714286,3
CUST005349,6,240.0,72.33333333333333,3
CUST005350,10,514.0,73.6,5
CUST005351,2,109.0,86.0,2
CUST005352,8,317.0,78.875,4
CUST005353,14,689.0,77.42857142857143,4
CUST005354,8,363.0,68.125,5
CUST005355,9,482.0,76.77777777777777,4
CUST005356,2,65.0,72.5,2
CUST005357,2,83.0,69.0,2
CUST005358,1,3.0,86.0,1
CUST005359,9,403.0,72.77777777777777,4
CUST005360,1,46.0,36.0,1
CUST005361,8,387.0,59.625,5
CUST005362,6,278.0,66.16666666666667,4
CUST005363,11,674.0,69.27272727272727,3
CUST005364,8,472.0,70.625,3
CUST005365,7,314.0,65.85714285714286,5
CUST005366,9,314.0,76.11111111111111,3
CUST005367,8,445.0,62.75,4
CUST005368,10,494.0,75.5,5
CUST005369,12,508.0,75.5,5
CUST005370,9,461.0,77.33333333333333,3
CUST005371,2,146.0,82.5,1
CUST005372,8,303.0,67.75,3
CUST005373,13,628.0,62.0,5
CUST005374,13,485.0,79.92307692307692,4
CUST005375,6,175.0,62.166666666666664,3
CUST005376,6,305.0,79.0,2
CUST005377,7,324.0,68.42857142857143,3
CUST005378,11,672.5,70.45454545454545,4
CUST005379,8,470.0,78.625,3
CUST005380,10,418.0,77.0,4
CUST005381,12,642.0,73.91666666666667,3
CUST005382,10,394.0,74.6,3
CUST005383,6,301.0,76.5,4
CUST005384,10,437.0,70.5,4
CUST005385,9,360.0,74.77777777777777,4
CUST005386,11,490.0,63.18181818181818,6
CUST005387,7,376.0,83.71428571428571,4
CUST005388,7,378.5,60.857142857142854,4
CUST005389,10,524.0,74.6,5
CUST005390,18,817.0,74.83333333333333,5
CUST005391,6,295.0,58.5,3
CUST005392,3,121.0,82.66666666666667,1
CUST005393,6,187.0,64.16666666666667,2
CUST005394,7,242.0,76.14285714285714,4
CUST005395,5,285.0,83.4,4
CUST005396,9,362.0,85.33333333333333,5
CUST005397,7,399.0,60.57142857142857,4
CUST005398,7,379.0,74.42857142857143,4
CUST005399,8,415.0,72.875,3
CUST005400,3,125.0,48.333333333333336,3
CUST005401,6,271.0,61.0,2
CUST005402,13,613.0,66.53846153846153,5
CUST005403,11,563.0,67.81818181818181,4
CUST005404,9,490.0,62.666666666666664,4
CUST005405,15,717.0,76.6,4
CUST005406,6,271.0,72.66666666666667,3
CUST005407,2,39.0,68.5,1
CUST005408,6,225.0,76.5,3
CUST005409,4,151.0,85.75,3
CUST005410,10,539.5,75.4,5
CUST005411,10,530.5,69.9,4
CUST005412,15,803.0,68.4,4
CUST005413,7,422.0,66.28571428571429,3
CUST005414,4,123.0,59.0,3
CUST005415,6,332.0,72.5,3
CUST005416,9,345.0,72.11111111111111,3
CUST005417,12,534.0,67.83333333333333,5
CUST005418,8,322.0,74.125,3
CUST005419,10,486.0,71.0,5
CUST005420,10,500.5,78.5,5
CUST005421,7,316.0,68.14285714285714,3
CUST005422,14,599.0,67.42857142857143,3
CUST005423,12,716.0,77.08333333333333,5
CUST005424,9,387.0,75.33333333333333,3
CUST005425,14,727.0,65.07142857142857,5
CUST005426,5,262.0,77.6,4
CUST005427,8,444.0,67.625,4
CUST005428,5,202.0,68.4,3
CUST005429,8,343.0,74.75,5
CUST005430,9,388.0,70.44444444444444,4
CUST005431,5,281.0,60.4,3
CUST005432,14,545.0,71.71428571428571,3
CUST005433,2,122.0,79.5,1
CUST005434,10,502.0,83.1,4
CUST005435,8,433.0,76.375,3
CUST005436,12,337.0,66.16666666666667,5
CUST005437,9,460.0,64.66666666666667,2
CUST005438,8,357.0,72.5,2
CUST005439,10,605.0,66.7,3
CUST005440,7,374.0,68.71428571428571,3
CUST005441,12,623.0,74.83333333333333,5
CUST005442,12,569.0,68.41666666666667,4
CUST005443,11,557.0,68.72727272727273,4
CUST005444,10,596.0,65.8,4
CUST005445,4,151.0,49.5,3
CUST005446,3,163.0,40.0,3
CUST005447,5,256.0,59.8,3
CUST005448,13,538.0,65.6923076923077,5
CUST005449,6,281.0,78.16666666666667,2
CUST005450,16,749.0,73.375,5
CUST005451,10,451.0,67.9,4
CUST005452,12,671.0,66.16666666666667,5
CUST005453,12,482.0,65.75,4
CUST005454,12,677.0,67.75,5
CUST005455,7,290.0,86.85714285714286,4
CUST005456,10,420.0,70.9,4
CUST005457,1,82.0,93.0,1
CUST005458,15,810.5,70.26666666666667,6
CUST005459,8,402.5,66.5,3
CUST005460,9,350.0,70.66666666666667,6
CUST005461,14,636.0,72.85714285714286,4
CUST005462,7,290.0,61.0,3
CUST005463,2,113.0,59.0,2
CUST005464,2,130.0,51.5,1
CUST005465,6,230.0,66.66666666666667,3
CUST005466,14,748.0,67.78571428571429,6
CUST005467,6,254.0,74.83333333333333,4
CUST005468,7,277.0,66.0,2
CUST005469,9,350.0,71.66666666666667,4
CUST005470,7,177.0,68.42857142857143,3
CUST005471,6,332.0,73.16666666666667,4
CUST005472,7,405.0,69.28571428571429,4
CUST005473,10,415.0,76.7,4
CUST005474,10,539.0,66.4,6
CUST005475,11,605.0,75.54545454545455,5
CUST005476,10,502.0,58.3,5
CUST005477,6,142.0,89.33333333333333,2
CUST005478,9,401.5,76.11111111111111,2
CUST005479,17,928.0,71.94117647058823,5
CUST005480,12,573.0,59.583333333333336,3
CUST005481,13,652.0,71.46153846153847,4
CUST005482,9,449.0,73.66666666666667,4
CUST005483,7,431.0,86.0,5
CUST005484,12,589.0,67.66666666666667,4
CUST005485,5,283.0,67.6,4
CUST005486,9,360.0,64.88888888888889,5
CUST005487,1,10.0,100.0,1
CUST005488,9,445.0,68.22222222222223,5
CUST005489,10,464.0,82.8,5
CUST005490,10,645.5,77.4,4
CUST005491,9,325.0,65.55555555555556,4
CUST005492,7,465.0,76.0,4
CUST005493,13,721.0,74.53846153846153,5
CUST005494,8,424.0,55.375,4
CUST005495,7,360.0,71.85714285714286,3
CUST005496,6,355.5,64.0,3
CUST005497,6,232.0,64.0,3
CUST005498,9,505.0,68.55555555555556,4
CUST005499,1,69.0,59.0,1
CUST005500,6,200.0,85.16666666666667,3
CUST005501,6,277.0,79.66666666666667,4
CUST005502,6,281.0,64.0,2
CUST005503,10,619.0,83.0,5
CUST005504,14,615.0,76.78571428571429,5
CUST005505,8,430.0,67.375,3
CUST005506,9,511.0,67.88888888888889,3
CUST005507,9,537.0,65.33333333333333,4
CUST005508,9,348.0,72.77777777777777,4
CUST005509,7,355.0,45.714285714285715,5
CUST005510,5,260.0,84.4,3
CUST005511,11,521.0,54.27272727272727,4
CUST005512,7,307.0,69.85714285714286,3
CUST005513,10,554.0,76.7,3
CUST005514,7,324.0,72.71428571428571,4
CUST005515,9,372.0,79.77777777777777,3
CUST005516,10,519.0,67.7,4
CUST005517,10,459.0,71.7,4
CUST005518,5,198.0,76.8,4
CUST005519,10,404.0,58.5,4
CUST005520,11,490.0,68.36363636363636,4
CUST005521,9,359.0,72.66666666666667,4
CUST005522,5,296.0,59.2,4
CUST005523,10,470.0,65.0,3
CUST005524,2,77.0,68.5,2
CUST005525,10,472.0,73.9,3
CUST005526,7,307.0,65.14285714285714,3
CUST005527,12,672.0,72.25,6
CUST005528,3,195.0,69.33333333333333,2
CUST005529,14,565.0,74.57142857142857,4
CUST005530,9,521.0,68.88888888888889,3
CUST005531,11,384.0,73.0,4
CUST005532,2,174.0,72.5,2
CUST005533,8,444.0,70.375,4
CUST005534,10,561.0,68.0,4
CUST005535,2,109.0,81.5,2
CUST005536,11,489.0,58.45454545454545,4
CUST005537,12,562.0,75.75,4
CUST005538,12,596.0,68.75,4
CUST005539,7,296.0,66.28571428571429,2
CUST005540,6,327.0,61.333333333333336,3
CUST005541,9,455.0,66.11111111111111,4
CUST005542,6,198.0,62.833333333333336,4
CUST005543,11,561.0,70.9090909090909,4
CUST005544,7,356.0,69.0,4
CUST005545,7,416.0,72.42857142857143,4
CUST005546,6,227.0,59.5,4
CUST005547,1,38.0,71.0,1
CUST005548,9,486.0,59.77777777777778,5
CUST005549,8,485.0,78.0,5
CUST005550,7,423.0,74.0,4
CUST005551,9,436.0,66.44444444444444,3
CUST005552,11,457.0,70.81818181818181,6
CUST005553,6,213.0,62.166666666666664,4
CUST005554,7,457.0,60.285714285714285,4
CUST005555,7,362.0,81.42857142857143,2
CUST005556,8,363.0,68.625,3
CUST005557,2,148.0,70.5,2
CUST005558,2,43.0,77.0,2
CUST005559,6,306.0,86.0,2
CUST005560,10,502.0,88.0,4
CUST005561,5,251.0,73.8,4
CUST005562,5,246.0,51.6,3
CUST005563,10,436.5,75.7,3
CUST005564,7,316.0,65.42857142857143,5
CUST005565,6,365.0,63.0,2
CUST005566,10,525.0,74.8,4
CUST005567,10,521.0,67.3,6
CUST005568,9,343.0,72.55555555555556,4
CUST005569,13,824.0,69.53846153846153,4
CUST005570,4,121.0,69.0,2
CUST005571,8,337.0,68.125,3
CUST005572,8,405.0,57.625,5
CUST005573,7,281.0,70.57142857142857,4
CUST005574,10,337.0,71.9,4
CUST005575,11,557.0,65.0,4
CUST005576,7,401.0,60.142857142857146,3
CUST005577,5,128.0,66.2,4
CUST005578,5,208.0,67.2,3
CUST005579,7,222.0,67.42857142857143,5
CUST005580,13,634.0,65.3076923076923,5
CUST005581,12,494.0,60.916666666666664,6
CUST005582,4,154.0,46.25,3
CUST005583,8,286.0,75.75,5
CUST005584,3,134.0,87.0,2
CUST005585,9,356.0,68.77777777777777,3
CUST005586,2,101.0,62.5,2
CUST005587,9,271.0,60.888888888888886,4
CUST005588,8,501.0,80.875,2
CUST005589,10,443.0,65.9,6
CUST005590,10,489.0,66.4,6
CUST005591,13,757.0,73.53846153846153,4
CUST005592,10,442.0,61.5,3
CUST005593,1,63.0,84.0,1
CUST005594,12,662.0,65.41666666666667,4
CUST005595,13,672.0,67.38461538461539,4
CUST005596,13,485.0,77.61538461538461,4
CUST005597,11,497.0,73.63636363636364,6
CUST005598,2,136.0,64.5,2
CUST005599,6,483.5,69.33333333333333,2
CUST005600,10,443.0,80.8,4
CUST005601,9,442.0,71.0,4
CUST005602,9,462.0,79.88888888888889,4
CUST005603,7,285.0,68.57142857142857,5
CUST005604,3,163.0,53.666666666666664,3
CUST005605,4,163.0,75.25,3
CUST005606,8,343.0,65.625,5
CUST005607,14,602.0,67.14285714285714,6
CUST005608,10,497.0,58.5,4
CUST005609,13,512.0,73.23076923076923,4
CUST005610,4,184.0,70.25,1
CUST005611,11,464.0,81.45454545454545,4
CUST005612,8,426.0,80.25,5
CUST005613,12,587.0,59.666666666666664,3
CUST005614,13,669.0,75.3076923076923,3
CUST005615,9,456.5,55.888888888888886,5
CUST005616,6,210.0,72.33333333333333,2
CUST005617,6,291.5,62.333333333333336,2
CUST005618,12,599.0,68.83333333333333,5
CUST005619,7,430.0,79.0,3
CUST005620,7,273.0,73.0,2
CUST005621,8,419.0,83.375,5
CUST005622,4,184.0,68.0,3
CUST005623,8,369.0,71.875,4
CUST005624,6,313.0,83.33333333333333,2
CUST005625,6,345.0,88.66666666666667,3
CUST005626,11,534.0,63.81818181818182,3
CUST005627,4,215.0,72.25,3
CUST005628,7,388.0,65.14285714285714,4
CUST005629,10,526.0,67.5,3
CUST005630,13,548.0,69.76923076923077,4
CUST005631,13,644.0,68.0,3
CUST005632,6,333.0,58.5,4
CUST005633,4,214.0,69.75,4
CUST005634,16,708.0,71.875,6
CUST005635,5,257.0,67.0,4
CUST005636,3,138.0,71.66666666666667,3
CUST005637,7,319.0,83.0,4
CUST005638,6,169.0,58.0,3
CUST005639,6,139.0,63.333333333333336,3
CUST005640,9,381.0,71.66666666666667,4
CUST005641,10,555.0,80.4,4
CUST005642,9,487.0,61.888888888888886,4
CUST005643,17,911.0,74.17647058823529,3
CUST005644,10,448.5,81.1,5
CUST005645,5,210.0,70.8,3
CUST005646,11,389.0,77.9090909090909,4
CUST005647,10,404.0,67.8,3
CUST005648,2,83.0,70.0,2
CUST005649,9,429.0,70.22222222222223,3
CUST005650,6,294.0,70.66666666666667,3
CUST005651,14,514.0,67.21428571428571,5
CUST005652,9,358.0,55.888888888888886,5
CUST005653,7,302.0,76.14285714285714,5
CUST005654,15,787.5,63.86666666666667,6
CUST005655,7,303.0,61.285714285714285,3
CUST005656,3,112.0,79.66666666666667,2
CUST005657,10,550.0,84.7,5
CUST005658,8,385.0,58.75,4
CUST005659,7,252.0,74.14285714285714,5
CUST005660,9,318.0,75.11111111111111,6
CUST005661,8,334.0,78.625,4
CUST005662,4,262.0,89.5,4
CUST005663,1,51.0,63.0,1
CUST005664,8,438.0,83.5,4
CUST005665,9,446.0,73.0,4
CUST005666,6,313.0,69.0,4
CUST005667,7,201.0,71.28571428571429,4
CUST005668,5,362.0,67.2,4
CUST005669,7,373.0,69.14285714285714,4
CUST005670,14,707.0,83.92857142857143,5
CUST005671,14,628.0,72.35714285714286,6
CUST005672,7,260.0,75.85714285714286,3
CUST005673,5,203.0,66.0,2
CUST005674,2,70.0,72.5,1
CUST005675,7,372.0,71.85714285714286,3
CUST005676,10,483.0,74.0,3
CUST005677,10,521.0,72.5,5
CUST005678,13,648.0,63.46153846153846,5
CUST005679,4,180.0,74.5,3
CUST005680,7,325.0,58.142857142857146,5
CUST005681,9,523.0,69.0,4
CUST005682,8,456.0,83.125,5
CUST005683,10,388.0,68.0,4
CUST005684,12,488.0,84.25,4
CUST005685,8,337.0,65.25,4
CUST005686,6,233.0,70.33333333333333,3
CUST005687,3,184.0,74.33333333333333,2
CUST005688,10,542.0,75.2,3
CUST005689,3,116.0,67.66666666666667,2
CUST005690,9,336.0,80.0,4
CUST005691,7,385.0,64.71428571428571,2
CUST005692,7,504.0,54.42857142857143,3
CUST005693,8,336.0,74.5,4
CUST005694,11,622.0,77.81818181818181,3
CUST005695,8,341.0,79.75,3
CUST005696,4,194.0,68.75,3
CUST005697,13,470.0,78.6923076923077,4
CUST005698,4,262.0,79.5,3
CUST005699,7,244.0,77.57142857142857,2
CUST005700,5,221.0,58.2,3
CUST005701,14,707.5,75.5,5
CUST005702,6,275.0,75.5,5
CUST005703,6,257.0,65.0,3
CUST005704,7,331.0,61.0,5
CUST005705,11,562.0,77.9090909090909,4
CUST005706,1,83.0,95.0,1
CUST005707,10,293.0,74.8,5
CUST005708,10,564.0,70.3,3
CUST005709,9,368.0,71.88888888888889,5
CUST005710,9,511.0,71.0,5
CUST005711,5,249.0,88.0,3
CUST005712,9,413.0,67.77777777777777,4
CUST005713,18,839.0,69.38888888888889,5
CUST005714,11,577.0,63.18181818181818,5
CUST005715,12,817.5,60.916666666666664,4
CUST005716,7,485.0,73.42857142857143,5
CUST005717,8,358.0,71.0,4
CUST005718,16,673.0,67.4375,5
CUST005719,9,427.0,72.88888888888889,4
CUST005720,7,279.0,63.857142857142854,3
CUST005721,12,651.0,58.833333333333336,4
CUST005722,2,93.0,78.0,2
CUST005723,11,587.0,79.0,5
CUST005724,8,442.0,70.125,3
CUST005725,9,480.0,73.11111111111111,3
CUST005726,8,507.5,77.0,4
CUST005727,12,724.0,66.83333333333333,2
CUST005728,5,277.0,61.8,4
CUST005729,10,535.0,74.6,4
CUST005730,6,353.0,73.66666666666667,2
CUST005731,7,412.0,75.71428571428571,4
CUST005732,13,651.0,70.38461538461539,4
CUST005733,3,202.0,81.33333333333333,3
CUST005734,9,434.0,75.22222222222223,3
CUST005735,7,314.0,64.57142857142857,4
CUST005736,9,432.0,76.77777777777777,4
CUST005737,10,514.0,63.1,6
CUST005738,10,358.0,73.5,3
CUST005739,7,326.0,69.42857142857143,4
CUST005740,9,389.0,81.55555555555556,3
CUST005741,11,788.5,74.9090909090909,5
CUST005742,12,615.0,75.25,4
CUST005743,8,445.0,64.125,4
CUST005744,8,325.0,77.375,4
CUST005745,5,190.0,68.4,4
CUST005746,11,496.0,67.54545454545455,4
CUST005747,7,359.0,69.85714285714286,5
CUST005748,18,861.0,75.44444444444444,5
CUST005749,1,57.0,95.0,1
CUST005750,9,296.0,76.55555555555556,3
CUST005751,12,726.5,75.75,3
CUST005752,10,478.0,61.4,5
CUST005753,8,311.0,70.125,4
CUST005754,14,615.0,69.0,5
CUST005755,9,413.0,64.66666666666667,4
CUST005756,11,657.0,59.63636363636363,2
CUST005757,9,426.0,60.666666666666664,4
CUST005758,9,435.0,74.22222222222223,4
CUST005759,2,78.0,52.0,2
CUST005760,8,454.0,77.625,3
CUST005761,9,509.0,64.22222222222223,5
CUST005762,9,434.0,64.33333333333333,3
CUST005763,7,483.0,69.0,4
CUST005764,10,502.0,70.5,5
CUST005765,6,210.0,70.16666666666667,4
CUST005766,6,255.0,72.33333333333333,4
CUST005767,9,385.0,81.0,4
CUST005768,13,581.0,70.15384615384616,5
CUST005769,6,352.0,82.16666666666667,3
CUST005770,6,238.0,81.66666666666667,3
CUST005771,6,347.0,67.5,3
CUST005772,9,304.0,81.33333333333333,4
CUST005773,6,314.0,68.16666666666667,3
CUST005774,10,496.0,67.5,3
CUST005775,8,399.0,67.375,5
CUST005776,12,609.0,70.0,5
CUST005777,8,430.0,84.625,3
CUST005778,10,495.0,65.9,3
CUST005779,7,296.0,67.42857142857143,3
CUST005780,8,384.0,59.875,3
CUST005781,2,99.0,82.5,2
CUST005782,14,649.0,75.85714285714286,5
CUST005783,8,434.0,64.875,4
CUST005784,2,93.0,72.5,2
CUST005785,2,70.0,38.0,2
CUST005786,10,523.0,63.0,5
CUST005787,10,570.0,76.6,4
CUST005788,8,357.0,62.25,4
CUST005789,12,486.0,71.91666666666667,5
CUST005790,6,301.0,68.16666666666667,3
CUST005791,8,491.0,64.375,5
CUST005792,8,417.5,69.0,4
CUST005793,1,84.0,59.0,1
CUST005794,6,321.0,66.83333333333333,2
CUST005795,6,273.0,59.666666666666664,3
CUST005796,7,287.0,75.42857142857143,4
CUST005797,5,182.0,74.0,4
CUST005798,7,318.0,73.42857142857143,2
CUST005799,3,127.0,61.0,2
CUST005800,9,556.0,67.44444444444444,4
CUST005801,7,405.0,69.85714285714286,4
CUST005802,9,369.0,66.88888888888889,5
CUST005803,10,548.0,74.9,3
CUST005804,8,467.0,69.625,3
CUST005805,1,41.0,59.0,1
CUST005806,16,710.0,68.8125,5
CUST005807,9,348.0,71.22222222222223,5
CUST005808,2,83.0,68.5,1
CUST005809,13,537.0,77.3076923076923,5
CUST005810,11,646.0,67.54545454545455,4
CUST005811,7,188.0,72.57142857142857,3
CUST005812,8,369.0,73.125,4
CUST005813,13,615.0,72.53846153846153,4
CUST005814,9,452.0,81.55555555555556,4
CUST005815,2,89.0,70.0,1
CUST005816,10,706.5,68.0,4
CUST005817,5,309.0,68.6,2
CUST005818,6,261.0,76.5,3
CUST005819,7,359.0,66.42857142857143,4
CUST005820,1,12.0,98.0,1
CUST005821,7,316.0,67.0,3
CUST005822,8,496.0,64.25,4
CUST005823,8,399.0,76.625,5
CUST005824,2,74.0,58.0,2
CUST005825,10,659.0,72.0,3
CUST005826,8,424.0,65.875,4
CUST005827,11,481.0,79.63636363636364,4
CUST005828,13,597.0,69.46153846153847,4
CUST005829,4,305.0,84.75,3
CUST005830,6,487.5,62.833333333333336,4
CUST005831,3,62.0,71.0,2
CUST005832,13,666.0,63.61538461538461,5
CUST005833,2,139.0,95.0,1
CUST005834,12,554.5,68.41666666666667,3
CUST005835,10,577.0,66.1,5
CUST005836,10,414.0,66.8,4
CUST005837,7,466.0,71.14285714285714,4
CUST005838,14,656.0,73.42857142857143,5
CUST005839,10,515.0,74.7,5
CUST005840,1,77.0,56.0,1
CUST005841,12,641.0,78.58333333333333,5
CUST005842,8,180.0,81.375,4
CUST005843,7,286.0,67.57142857142857,3
CUST005844,4,260.5,86.75,3
CUST005846,14,598.0,78.57142857142857,5
CUST005847,3,44.0,77.66666666666667,2
CUST005848,8,288.0,67.875,3
CUST005849,8,237.0,70.875,3
CUST005850,8,347.0,69.75,3
CUST005851,12,575.0,82.83333333333333,3
CUST005852,7,241.0,60.42857142857143,4
CUST005853,7,303.0,65.0,4
CUST005854,8,347.0,70.75,3
CUST005855,8,369.0,64.25,4
CUST005856,8,325.0,78.0,4
CUST005857,2,70.0,66.0,1
CUST005858,10,519.0,71.0,4
CUST005859,11,434.0,65.9090909090909,3
CUST005860,7,394.5,71.42857142857143,4
CUST005861,15,773.0,74.26666666666667,5
CUST005862,5,185.0,72.8,2
CUST005863,5,194.0,74.8,3
CUST005864,10,492.0,67.2,5
CUST005865,5,310.0,86.6,3
CUST005867,6,211.0,62.666666666666664,2
CUST005868,2,91.0,56.5,2
CUST005869,10,430.0,74.5,3
CUST005870,7,333.0,68.71428571428571,4
CUST005871,3,154.0,79.33333333333333,1
CUST005872,11,386.0,84.45454545454545,3
CUST005873,9,395.0,71.77777777777777,3
CUST005874,8,452.0,73.75,4
CUST005875,8,462.0,67.375,3
CUST005876,12,586.0,68.91666666666667,4
CUST005877,5,286.0,60.8,2
CUST005878,4,169.0,58.5,3
CUST005879,11,530.0,69.63636363636364,4
CUST005880,8,278.0,74.625,4
CUST005881,4,130.0,71.75,2
CUST005882,6,330.0,69.66666666666667,4
CUST005883,10,541.0,74.3,5
CUST005884,8,324.0,68.625,2
CUST005885,12,639.5,72.5,5
CUST005886,10,710.0,72.3,4
CUST005887,7,504.0,54.714285714285715,4
CUST005888,7,300.0,68.85714285714286,3
CUST005889,7,303.0,73.71428571428571,3
CUST005890,10,440.0,70.7,5
CUST005891,8,468.0,70.5,3
CUST005892,3,109.0,68.0,3
CUST005893,9,376.0,70.66666666666667,3
CUST005894,6,388.5,61.333333333333336,3
CUST005895,7,349.0,78.14285714285714,5
CUST005896,9,360.0,73.22222222222223,3
CUST005897,9,514.0,71.77777777777777,5
CUST005898,6,277.0,85.16666666666667,4
CUST005899,12,573.0,72.41666666666667,5
CUST005900,10,497.0,73.4,5
CUST005901,11,653.0,71.54545454545455,4
CUST005902,5,256.0,61.8,4
CUST005903,7,403.0,84.0,3
CUST005904,4,183.0,42.75,3
CUST005905,11,584.0,55.18181818181818,4
CUST005906,9,347.0,65.55555555555556,2
CUST005907,14,693.0,67.64285714285714,5
CUST005908,7,390.0,69.85714285714286,2
CUST005909,6,205.0,61.0,3
CUST005910,9,435.0,69.66666666666667,3
CUST005911,5,331.0,65.8,3
CUST005912,10,471.0,75.1,4
CUST005913,6,286.0,61.666666666666664,2
CUST005914,7,370.0,68.28571428571429,3
CUST005915,4,103.0,81.75,2
CUST005916,7,307.0,61.42857142857143,4
CUST005917,10,445.0,72.1,3
CUST005918,5,189.0,73.2,2
CUST005919,10,518.0,80.5,3
CUST005920,12,482.0,73.66666666666667,4
CUST005921,13,522.0,78.46153846153847,4
CUST005922,9,460.0,74.33333333333333,4
CUST005923,3,112.0,78.66666666666667,3
CUST005924,8,338.0,68.625,3
CUST005925,11,437.0,69.9090909090909,5
CUST005926,10,367.0,69.0,5
CUST005927,8,328.0,53.875,4
CUST005928,7,339.0,77.28571428571429,4
CUST005929,9,560.0,66.44444444444444,4
CUST005930,11,662.0,69.36363636363636,5
CUST005931,9,469.0,57.333333333333336,6
CUST005932,10,447.0,70.3,4
CUST005933,15,581.0,58.733333333333334,5
CUST005934,13,692.0,61.53846153846154,4
CUST005935,2,38.0,75.0,2
CUST005936,3,107.0,68.0,3
CUST005937,9,447.0,77.88888888888889,4
CUST005938,7,318.0,61.42857142857143,3
CUST005939,7,250.0,70.0,3
CUST005940,11,478.0,58.09090909090909,4
CUST005941,9,301.0,67.44444444444444,3
CUST005942,9,613.0,71.33333333333333,4
CUST005943,8,403.0,66.375,4
CUST005944,5,270.0,70.6,1
CUST005945,8,399.0,72.625,4
CUST005946,13,768.0,58.84615384615385,4
CUST005947,15,599.0,71.8,5
CUST005948,1,39.0,93.0,1
CUST005949,13,568.0,66.61538461538461,4
CUST005950,1,47.0,100.0,1
CUST005951,10,382.0,74.0,3
CUST005952,11,616.0,74.0909090909091,4
CUST005953,8,333.0,63.0,4
CUST005954,10,477.0,74.0,3
CUST005955,9,340.0,78.11111111111111,3
CUST005956,7,411.0,61.57142857142857,4
CUST005957,6,295.0,69.5,4
CUST005958,7,282.0,67.85714285714286,2
CUST005959,9,499.0,65.11111111111111,4
CUST005960,14,515.0,66.28571428571429,4
CUST005961,10,652.0,76.2,4
CUST005962,8,357.0,70.875,4
CUST005963,11,688.0,66.81818181818181,4
CUST005964,6,314.0,82.5,4
CUST005965,10,320.0,68.5,5
CUST005966,14,627.0,62.92857142857143,6
CUST005967,10,525.0,71.0,4
CUST005968,5,207.0,78.2,3
CUST005969,12,701.0,62.25,3
CUST005970,13,386.0,70.53846153846153,5
CUST005971,6,182.0,75.16666666666667,3
CUST005972,13,506.0,74.53846153846153,4
CUST005973,1,90.0,66.0,1
CUST005974,6,217.0,57.5,2
CUST005975,7,397.0,70.42857142857143,5
CUST005976,8,359.0,81.125,2
CUST005977,10,503.0,56.9,5
CUST005978,10,402.0,80.2,5
CUST005979,9,382.0,82.44444444444444,4
CUST005980,12,624.0,68.41666666666667,4
CUST005981,10,430.0,79.7,4
CUST005982,10,524.5,74.1,5
CUST005983,7,250.0,59.0,3
CUST005984,14,735.0,75.92857142857143,4
CUST005985,8,466.0,63.375,5
CUST005986,10,448.0,73.1,5
CUST005987,5,215.0,81.0,3
CUST005988,13,577.0,60.07692307692308,5
CUST005989,7,288.0,75.28571428571429,3
CUST005990,2,132.0,65.5,2
CUST005991,15,794.5,77.73333333333333,4
CUST005993,11,442.0,69.27272727272727,5
CUST005994,7,397.0,80.28571428571429,5
CUST005995,10,555.0,67.6,4
CUST005996,5,266.0,84.6,2
CUST005997,8,392.0,90.0,5
CUST005998,5,301.0,61.8,2
CUST005999,6,368.0,69.5,4
CUST006000,13,727.0,84.92307692307692,4
CUST006001,7,369.0,80.14285714285714,5
CUST006002,6,334.0,71.66666666666667,2
CUST006003,7,371.0,71.14285714285714,4
CUST006004,10,555.0,61.8,4
CUST006005,16,781.0,69.25,5
CUST006006,13,639.0,75.6923076923077,5
CUST006007,1,44.0,56.0,1
CUST006008,10,481.0,66.4,4
CUST006009,7,400.0,61.142857142857146,3
CUST006010,4,173.0,64.0,4
CUST006011,4,229.0,65.0,2
CUST006012,15,646.0,67.93333333333334,5
CUST006013,3,205.0,46.666666666666664,3
CUST006014,10,394.0,87.4,4
CUST006015,7,301.0,70.42857142857143,3
CUST006016,11,440.0,73.0,5
CUST006017,3,128.0,46.666666666666664,2
CUST006018,7,323.0,77.14285714285714,3
CUST006019,9,476.0,75.55555555555556,4
CUST006020,11,506.0,73.36363636363636,5
CUST006021,8,449.0,72.875,4
CUST006022,14,764.5,67.92857142857143,4
CUST006023,12,695.0,65.75,5
CUST006024,2,93.0,77.5,1
CUST006025,6,253.0,74.83333333333333,4
CUST006026,9,468.5,72.66666666666667,3
CUST006027,8,347.0,67.0,5
CUST006028,7,325.0,83.14285714285714,5
CUST006029,7,341.0,69.14285714285714,4
CUST006030,13,549.0,75.38461538461539,5
CUST006031,8,438.0,69.125,5
CUST006032,7,369.0,80.28571428571429,3
CUST006033,12,601.0,79.16666666666667,6
CUST006034,1,61.0,86.0,1
CUST006035,2,121.0,97.5,2
CUST006036,2,152.0,71.5,2
CUST006037,7,365.0,71.71428571428571,4
CUST006038,11,565.0,58.90909090909091,5
CUST006039,10,596.0,71.9,5
CUST006040,11,599.0,63.63636363636363,4
CUST006041,11,399.0,74.27272727272727,6
CUST006042,10,431.0,73.3,4
CUST006043,9,430.0,74.0,4
CUST006044,14,684.0,72.28571428571429,5
CUST006045,3,98.0,67.33333333333333,3
CUST006046,3,117.0,65.33333333333333,2
CUST006047,1,77.0,100.0,1
CUST006048,9,350.0,70.44444444444444,3
CUST006049,6,267.0,74.0,4
CUST006050,13,707.0,56.84615384615385,5
CUST006051,11,575.0,62.90909090909091,5
CUST006052,6,407.0,65.83333333333333,3
CUST006053,2,149.0,70.0,2
CUST006054,9,331.0,68.77777777777777,4
CUST006055,9,476.0,64.0,4
CUST006056,7,304.0,73.85714285714286,3
CUST006057,9,381.0,51.111111111111114,5
CUST006058,8,404.0,71.875,4
CUST006059,8,388.0,59.0,3
CUST006060,9,525.0,83.44444444444444,5
CUST006061,20,767.0,73.95,6
CUST006062,7,361.0,68.85714285714286,2
CUST006063,6,199.0,57.333333333333336,3
CUST006064,1,14.0,47.0,1
CUST006065,10,394.0,61.6,4
CUST006066,6,348.5,58.833333333333336,3
CUST006067,7,303.0,80.0,3
CUST006068,7,325.0,77.71428571428571,3
CUST006069,7,412.0,74.0,4
CUST006070,12,465.0,76.33333333333333,5
CUST006071,6,432.5,65.33333333333333,3
CUST006072,8,304.0,72.0,4
CUST006073,5,157.0,64.8,2
CUST006074,14,614.0,71.92857142857143,3
CUST006075,9,546.0,76.22222222222223,5
CUST006076,16,610.0,74.0625,4
CUST006077,4,217.0,61.75,2
CUST006078,11,565.0,73.9090909090909,4
CUST006079,1,43.0,57.0,1
CUST006080,10,545.0,74.8,4
CUST006081,12,652.0,69.83333333333333,5
CUST006082,14,681.0,70.78571428571429,4
CUST006083,15,656.0,68.4,5
CUST006084,18,657.0,64.94444444444444,5
CUST006085,8,349.0,79.625,3
CUST006086,9,404.0,70.77777777777777,4
CUST006087,13,607.0,78.07692307692308,4
CUST006088,7,441.0,64.57142857142857,4
CUST006089,11,478.0,78.9090909090909,5
CUST006090,6,316.0,73.33333333333333,4
CUST006091,8,386.0,80.5,4
CUST006092,8,293.0,67.25,3
CUST006093,7,292.0,71.14285714285714,3
CUST006094,5,187.0,77.8,3
CUST006095,9,491.0,68.22222222222223,4
CUST006096,9,524.5,75.0,5
CUST006097,3,103.0,84.33333333333333,3
CUST006098,9,543.0,67.0,3
CUST006099,9,480.5,81.11111111111111,5
CUST006100,7,400.0,69.85714285714286,5
CUST006101,6,276.0,70.66666666666667,3
CUST006102,2,193.5,76.0,2
CUST006103,5,346.0,70.2,3
CUST006104,15,694.0,71.6,5
CUST006105,9,371.0,71.0,4
CUST006106,6,261.0,68.66666666666667,3
CUST006107,6,362.0,68.33333333333333,3
CUST006108,4,222.0,60.0,2
CUST006109,8,285.0,56.0,4
CUST006110,8,264.0,83.375,4
CUST006111,1,53.0,57.0,1
CUST006112,16,790.0,66.625,5
CUST006113,2,46.0,73.0,2
CUST006114,12,677.5,61.666666666666664,5
CUST006115,10,548.0,64.7,4
CUST006116,11,607.0,72.54545454545455,5
CUST006117,6,250.0,67.5,3
CUST006118,8,313.0,66.0,3
CUST006119,3,160.0,80.0,2
CUST006120,15,681.0,73.8,4
CUST006121,7,351.0,75.85714285714286,5
CUST006122,12,575.0,69.83333333333333,5
CUST006123,2,91.0,52.5,2
CUST006124,8,381.0,75.625,3
CUST006125,13,758.0,67.53846153846153,3
CUST006126,5,185.0,70.2,2
CUST006127,8,372.0,77.125,4
CUST006128,13,442.0,58.0,4
CUST006129,6,249.0,76.33333333333333,2
CUST006130,8,351.0,75.125,5
CUST006131,9,410.0,72.55555555555556,4
CUST006132,9,442.0,67.55555555555556,3
CUST006133,6,310.0,75.33333333333333,4
CUST006134,15,779.0,59.6,4
CUST006135,4,126.0,74.25,3
CUST006136,7,382.0,82.28571428571429,3
CUST006137,9,420.0,64.77777777777777,5
CUST006138,12,591.0,67.41666666666667,4
CUST006139,9,398.0,66.44444444444444,4
CUST006140,7,330.0,81.57142857142857,2
CUST006141,2,115.0,58.5,1
CUST006142,8,433.0,74.25,3
CUST006143,8,322.0,54.0,4
CUST006144,6,221.0,62.5,3
CUST006145,3,177.0,86.66666666666667,3
CUST006146,14,765.5,62.57142857142857,5
CUST006147,5,232.0,62.2,3
CUST006148,7,170.0,58.42857142857143,4
CUST006149,6,378.0,66.0,4
CUST006150,10,523.0,75.7,3
CUST006151,2,134.0,68.5,1
CUST006152,8,501.0,61.75,4
CUST006153,10,454.0,61.9,3
CUST006154,8,413.0,78.625,4
CUST006155,5,295.0,68.0,3
CUST006156,8,449.0,71.5,6
CUST006157,9,520.0,74.11111111111111,4
CUST006158,7,282.0,83.28571428571429,4
CUST006159,13,572.0,67.3076923076923,4
CUST006160,8,419.0,62.125,4
CUST006161,6,167.0,76.16666666666667,4
CUST006162,2,107.0,58.0,2
CUST006163,8,503.0,57.125,3
CUST006164,5,194.0,71.2,3
CUST006165,16,800.0,62.75,6
CUST006166,8,444.0,77.0,4
CUST006167,9,573.0,62.888888888888886,5
CUST006168,10,550.5,67.5,4
CUST006169,2,170.0,77.5,1
CUST006170,5,242.0,67.2,3
CUST006171,13,595.0,64.61538461538461,3
CUST006172,9,386.0,78.44444444444444,3
CUST006173,11,583.0,74.0909090909091,5
CUST006174,10,592.0,65.9,5
CUST006175,8,282.0,72.25,3
CUST006176,12,472.0,76.5,5
CUST006177,6,282.0,68.33333333333333,4
CUST006178,10,577.0,62.2,3
CUST006179,9,370.5,78.11111111111111,3
CUST006180,8,447.0,74.5,3
CUST006181,10,455.0,79.7,5
CUST006182,2,77.0,49.5,1
CUST006183,9,463.0,68.66666666666667,4
CUST006184,9,250.0,66.33333333333333,4
CUST006185,6,367.0,64.83333333333333,4
CUST006186,7,237.0,60.0,4
CUST006187,2,60.0,50.0,2
CUST006188,2,93.0,63.5,2
CUST006189,12,651.0,75.41666666666667,4
CUST006190,7,259.0,74.71428571428571,3
CUST006191,9,441.0,75.11111111111111,4
CUST006192,4,183.0,81.0,2
CUST006193,6,294.0,71.5,4
CUST006194,7,335.0,56.0,5
CUST006195,10,491.0,69.5,2
CUST006196,10,707.0,63.4,3
CUST006197,8,448.0,58.25,3
CUST006198,8,364.0,80.125,3
CUST006199,12,443.0,70.08333333333333,5
CUST006200,9,380.0,76.44444444444444,4
CUST006201,2,102.0,79.5,2
CUST006202,8,270.0,73.25,4
CUST006203,5,330.0,83.8,3
CUST006204,7,357.0,68.71428571428571,3
CUST006205,5,219.0,60.4,2
CUST006206,5,248.0,62.6,3
CUST006207,12,516.0,64.5,3
CUST006208,12,571.0,68.83333333333333,4
CUST006209,5,183.0,78.6,3
CUST006210,15,689.0,80.73333333333333,5
CUST006211,14,802.0,64.64285714285714,5
CUST006212,11,615.0,70.63636363636364,2
CUST006213,9,417.0,71.33333333333333,3
CUST006214,11,603.0,79.18181818181819,4
CUST006215,2,119.0,59.0,2
CUST006216,11,588.0,64.0,5
CUST006217,12,631.5,70.5,4
CUST006218,4,213.0,73.5,3
CUST006219,7,306.0,69.71428571428571,4
CUST006220,7,445.0,56.42857142857143,5
CUST006221,5,287.0,72.8,4
CUST006222,11,561.0,64.45454545454545,4
CUST006223,12,515.0,75.83333333333333,4
CUST006224,9,420.0,60.44444444444444,5
CUST006225,6,288.0,75.0,5
CUST006226,9,331.0,67.33333333333333,4
CUST006227,7,315.0,51.857142857142854,3
CUST006228,4,223.5,69.0,2
CUST006229,12,391.0,71.16666666666667,3
CUST006230,5,413.5,76.6,3
CUST006231,7,385.0,83.71428571428571,4
CUST006232,10,398.0,68.7,3
CUST006233,6,257.0,63.333333333333336,3
CUST006234,12,590.0,67.58333333333333,4
CUST006235,10,535.0,72.3,4
CUST006236,14,615.0,77.35714285714286,5
CUST006237,1,3.0,51.0,1
CUST006238,6,309.0,68.5,2
CUST006239,10,493.0,82.0,4
CUST006240,10,442.0,69.4,3
CUST006241,5,183.0,70.0,4
CUST006242,10,484.0,82.2,4
CUST006243,6,219.0,73.0,2
CUST006244,5,329.0,74.2,4
CUST006245,14,673.0,69.57142857142857,4
CUST006246,9,442.0,78.66666666666667,3
CUST006247,6,352.0,73.83333333333333,2
CUST006248,11,595.0,74.54545454545455,4
CUST006249,11,437.0,74.0909090909091,5
CUST006250,1,18.0,42.0,1
CUST006251,5,279.0,64.4,3
CUST006252,9,474.0,64.11111111111111,3
CUST006253,15,626.0,82.06666666666666,5
CUST006254,11,481.0,66.27272727272727,3
CUST006255,7,288.0,71.0,5
CUST006256,8,463.5,65.25,5
CUST006257,6,301.0,76.83333333333333,3
CUST006258,3,234.0,67.33333333333333,3
CUST006259,13,568.0,68.15384615384616,4
CUST006260,6,268.0,74.5,3
CUST006261,9,417.0,67.77777777777777,4
CUST006262,10,354.0,68.8,5
CUST006263,2,127.0,74.0,2
CUST006264,7,345.0,66.0,2
CUST006265,12,632.0,74.91666666666667,5
CUST006266,7,194.0,72.0,4
CUST006267,9,443.5,79.11111111111111,4
CUST006268,10,449.0,62.3,4
CUST006269,10,424.0,58.7,3
CUST006270,10,443.0,61.5,3
CUST006271,12,546.0,67.25,4
CUST006272,5,255.0,57.8,3
CUST006273,8,415.5,65.25,3
CUST006274,9,467.0,70.33333333333333,3
CUST006275,6,172.0,79.16666666666667,3
CUST006276,11,649.5,55.63636363636363,4
CUST006277,7,499.5,73.85714285714286,3
CUST006278,13,503.0,57.61538461538461,5
CUST006279,9,500.0,68.22222222222223,5
CUST006280,13,675.5,75.0,3
CUST006281,8,463.0,68.125,4
CUST006282,1,35.0,100.0,1
CUST006283,7,393.0,73.85714285714286,4
CUST006284,2,85.0,59.0,2
CUST006285,10,522.0,68.6,6
CUST006286,5,163.0,71.0,4
CUST006287,11,483.0,66.9090909090909,4
CUST006288,9,464.5,61.0,3
CUST006289,6,191.0,69.16666666666667,5
CUST006290,10,548.5,75.3,5
CUST006291,6,219.0,63.5,3
CUST006292,6,411.0,67.0,3
CUST006293,7,361.0,77.14285714285714,4
CUST006294,6,254.0,77.0,3
CUST006295,11,583.5,68.45454545454545,4
CUST006296,3,206.0,74.0,3
CUST006297,14,595.0,66.92857142857143,4
CUST006298,7,287.0,77.57142857142857,5
CUST006299,13,529.0,71.38461538461539,5
CUST006300,2,50.0,46.5,2
CUST006301,15,757.0,72.13333333333334,5
CUST006302,9,371.0,76.11111111111111,5
CUST006303,15,717.0,67.13333333333334,5
CUST006304,6,253.0,88.16666666666667,2
CUST006305,7,444.0,76.42857142857143,2
CUST006306,5,346.0,83.6,3
CUST006307,10,581.0,67.0,3
CUST006308,8,346.0,74.5,3
CUST006309,14,719.0,72.78571428571429,4
CUST006310,17,962.0,69.6470588235294,4
CUST006311,8,415.0,71.375,4
CUST006312,7,245.0,76.28571428571429,3
CUST006313,5,182.0,56.2,2
CUST006314,5,275.0,86.0,5
CUST006315,5,293.0,76.2,3
CUST006316,8,379.0,79.375,3
CUST006317,10,561.0,66.1,4
CUST006318,3,113.0,79.66666666666667,3
CUST006319,1,37.0,100.0,1
CUST006320,12,566.0,80.75,5
CUST006321,8,386.0,72.25,5
CUST006322,7,367.0,67.71428571428571,3
CUST006323,8,274.0,58.375,3
CUST006324,9,543.0,62.55555555555556,4
CUST006325,2,54.0,67.5,2
CUST006326,15,810.0,71.13333333333334,4
CUST006327,9,427.0,70.11111111111111,4
CUST006328,7,268.0,80.14285714285714,5
CUST006329,10,423.0,70.5,6
CUST006330,4,256.0,69.75,2
CUST006331,1,27.0,70.0,1
CUST006332,9,400.0,74.44444444444444,4
CUST006333,2,74.0,66.5,1
CUST006334,5,218.0,56.2,3
CUST006335,1,88.0,66.0,1
CUST006336,3,232.0,73.33333333333333,2
CUST006337,8,382.0,66.875,4
CUST006338,10,467.0,75.8,4
CUST006339,8,349.0,69.375,5
CUST006340,17,751.0,55.76470588235294,4
CUST006341,8,429.0,72.625,4
CUST006342,9,220.0,78.44444444444444,4
CUST006343,17,748.0,67.88235294117646,5
CUST006344,16,821.0,72.9375,5
CUST006345,2,84.0,58.5,2
CUST006346,6,403.0,56.666666666666664,4
CUST006347,1,51.0,74.0,1
CUST006348,10,445.0,70.1,4
CUST006349,10,475.0,70.6,4
CUST006350,10,458.0,68.6,3
CUST006351,7,369.0,83.14285714285714,3
CUST006352,2,44.0,43.0,2
CUST006353,10,499.0,63.1,4
CUST006354,4,176.0,53.25,3
CUST006355,1,64.0,59.0,1
CUST006356,11,615.0,77.63636363636364,4
CUST006357,10,532.0,75.3,5
CUST006358,5,307.0,71.6,3
CUST006359,4,229.0,59.25,1
CUST006360,1,96.0,98.0,1
CUST006361,16,774.0,62.625,5
CUST006362,7,325.0,73.42857142857143,3
CUST006363,6,256.0,69.33333333333333,2
CUST006364,10,445.0,56.5,5
CUST006365,3,151.0,71.66666666666667,2
CUST006366,2,62.0,64.5,2
CUST006367,3,184.0,76.0,2
CUST006368,4,205.0,64.75,3
CUST006369,6,264.0,68.0,3
CUST006370,7,216.0,73.42857142857143,4
CUST006371,9,415.0,74.22222222222223,3
CUST006372,8,446.0,63.625,3
CUST006373,7,300.0,66.42857142857143,3
CUST006374,9,503.0,75.22222222222223,4
CUST006375,12,516.0,65.41666666666667,5
CUST006376,6,280.0,69.0,5
CUST006377,13,714.0,59.07692307692308,4
CUST006378,3,100.0,73.66666666666667,2
CUST006379,7,303.0,72.28571428571429,4
CUST006380,13,670.0,70.76923076923077,5
CUST006381,1,53.0,100.0,1
CUST006382,1,66.0,91.0,1
CUST006383,7,350.0,65.14285714285714,4
CUST006384,7,166.0,71.0,3
CUST006385,13,464.0,69.15384615384616,3
CUST006386,8,363.0,69.125,4
CUST006387,13,640.0,66.07692307692308,4
CUST006388,6,306.0,74.5,4
CUST006389,8,447.0,59.625,3
CUST006390,5,259.0,68.6,3
CUST006391,9,388.0,73.77777777777777,4
CUST006392,11,612.0,72.36363636363636,6
CUST006393,14,707.0,74.5,4
CUST006394,7,358.0,75.0,4
CUST006395,12,460.0,75.91666666666667,4
CUST006396,7,360.0,69.85714285714286,5
CUST006397,11,333.5,71.45454545454545,4
CUST006398,11,485.0,66.72727272727273,5
CUST006399,11,589.0,75.0909090909091,2
CUST006400,10,396.0,63.6,4
CUST006401,6,294.0,69.5,2
CUST006402,7,264.0,58.0,4
CUST006403,6,241.0,60.333333333333336,4
CUST006404,3,88.0,58.0,3
CUST006405,13,664.0,71.61538461538461,5
CUST006406,2,132.0,78.0,1
CUST006407,6,274.0,72.0,3
CUST006408,14,781.0,65.07142857142857,6
CUST006409,8,305.0,70.875,4
CUST006410,5,200.0,67.4,4
CUST006411,7,441.0,62.42857142857143,3
CUST006412,3,120.0,73.0,2
CUST006413,9,413.0,79.44444444444444,5
CUST006414,11,439.0,70.0909090909091,4
CUST006415,7,151.0,79.42857142857143,3
CUST006416,9,507.0,72.77777777777777,4
CUST006417,15,763.0,65.46666666666667,5
CUST006418,13,561.5,75.38461538461539,5
CUST006419,9,553.0,82.11111111111111,4
CUST006420,7,318.0,62.0,4
CUST006421,10,403.0,70.1,5
CUST006422,9,496.0,78.0,4
CUST006423,8,391.0,70.125,4
CUST006424,8,329.0,79.125,4
CUST006425,8,242.0,77.75,3
CUST006426,1,10.0,73.0,1
CUST006427,5,310.0,65.6,3
CUST006428,17,816.0,67.52941176470588,5
CUST006429,14,712.0,74.21428571428571,3
CUST006430,7,406.0,74.14285714285714,3
CUST006431,1,62.0,90.0,1
CUST006432,11,438.0,58.09090909090909,5
CUST006433,9,378.0,84.44444444444444,3
CUST006434,13,841.0,70.76923076923077,5
CUST006435,5,331.0,64.2,3
CUST006436,11,491.0,57.72727272727273,4
CUST006437,8,335.0,70.0,2
CUST006438,13,684.0,73.92307692307692,5
CUST006439,8,354.0,75.375,4
CUST006440,17,751.0,76.41176470588235,5
CUST006441,9,584.5,64.66666666666667,4
CUST006442,11,422.0,68.18181818181819,5
CUST006443,11,527.0,72.36363636363636,6
CUST006444,7,284.0,68.85714285714286,5
CUST006445,5,277.0,70.6,3
CUST006446,8,304.0,76.0,4
CUST006447,10,467.0,68.3,5
CUST006448,10,591.0,68.2,4
CUST006449,2,43.0,65.5,2
CUST006450,12,621.0,76.58333333333333,4
CUST006451,11,487.0,71.45454545454545,5
CUST006452,11,499.0,75.45454545454545,4
CUST006453,10,452.5,74.4,5
CUST006454,7,411.0,62.57142857142857,4
CUST006455,8,309.0,60.5,3
CUST006456,16,801.0,75.0625,5
CUST006457,8,365.0,66.625,3
CUST006458,6,375.0,65.66666666666667,5
CUST006459,10,433.0,69.9,5
CUST006460,11,619.0,71.54545454545455,4
CUST006461,6,359.5,65.33333333333333,3
CUST006462,4,178.0,73.75,3
CUST006463,10,430.0,58.6,3
CUST006464,6,221.0,73.66666666666667,3
CUST006465,5,303.0,79.0,3
CUST006466,5,380.0,81.6,3
CUST006467,7,315.0,65.85714285714286,4
CUST006468,10,465.0,76.2,3
CUST006469,9,383.0,65.88888888888889,4
CUST006470,9,528.0,76.88888888888889,3
CUST006471,7,242.0,79.71428571428571,4
CUST006472,6,203.0,70.33333333333333,3
CUST006473,12,665.0,74.5,5
CUST006474,11,565.0,68.0909090909091,4
CUST006475,11,508.0,64.63636363636364,5
CUST006476,10,327.0,64.1,4
CUST006477,10,657.5,75.5,6
CUST006478,10,499.0,69.0,3
CUST006479,10,459.0,75.7,4
CUST006480,1,77.0,100.0,1
CUST006481,10,436.0,72.2,4
CUST006482,10,453.0,62.5,4
CUST006483,6,156.0,74.16666666666667,3
CUST006484,7,306.0,70.85714285714286,2
CUST006485,1,37.0,48.0,1
CUST006486,7,319.0,58.285714285714285,3
CUST006487,7,339.0,75.71428571428571,3
CUST006488,9,407.0,64.88888888888889,6
CUST006489,10,546.0,66.4,5
CUST006490,13,642.0,76.07692307692308,4
CUST006491,13,787.0,75.53846153846153,5
CUST006492,2,115.0,94.5,2
CUST006493,2,109.0,58.0,1
CUST006494,13,615.0,65.61538461538461,6
CUST006495,12,631.0,76.75,4
CUST006496,7,341.0,66.71428571428571,2
CUST006497,10,467.0,66.7,3
CUST006498,6,398.0,73.5,4
CUST006499,5,291.0,92.2,4
CUST006500,13,566.0,74.61538461538461,5
CUST006501,13,588.0,73.6923076923077,5
CUST006502,10,411.0,67.3,5
CUST006503,10,443.0,74.0,5
CUST006504,10,398.0,75.6,4
CUST006505,7,303.0,70.85714285714286,4
CUST006506,9,419.0,79.33333333333333,4
CUST006507,3,185.0,53.666666666666664,3
CUST006508,4,99.0,39.5,3
CUST006509,10,477.0,69.8,4
CUST006510,12,625.0,68.41666666666667,5
CUST006511,4,292.0,91.0,2
CUST006512,7,393.0,74.71428571428571,3
CUST006513,6,233.0,59.666666666666664,4
CUST006514,13,641.0,66.61538461538461,5
CUST006515,10,531.0,67.0,4
CUST006516,9,360.0,84.55555555555556,4
CUST006517,6,212.0,70.0,4
CUST006518,12,483.0,75.58333333333333,4
CUST006519,9,327.0,70.11111111111111,3
CUST006520,16,785.0,71.6875,4
CUST006521,6,315.0,72.83333333333333,5
CUST006522,6,309.0,86.33333333333333,5
CUST006523,8,442.0,71.125,3
CUST006524,7,341.0,68.71428571428571,3
CUST006525,10,519.0,69.3,4
CUST006526,5,156.0,62.8,2
CUST006527,10,374.0,66.1,3
CUST006528,11,501.5,61.90909090909091,5
CUST006529,11,639.5,65.45454545454545,5
CUST006530,9,419.0,74.55555555555556,4
CUST006531,11,546.0,70.81818181818181,4
CUST006532,11,469.0,66.9090909090909,5
CUST006533,11,509.0,69.0,4
CUST006534,3,167.0,80.66666666666667,1
CUST006535,3,142.0,68.33333333333333,3
CUST006536,7,417.0,73.14285714285714,3
CUST006537,12,508.0,61.5,5
CUST006538,11,643.0,73.36363636363636,4
CUST006539,7,257.0,65.42857142857143,3
CUST006540,10,475.0,66.7,4
CUST006541,8,429.0,74.375,3
CUST006542,10,631.0,77.2,4
CUST006543,8,522.0,59.75,3
CUST006544,13,771.0,68.38461538461539,5
CUST006545,10,419.0,71.9,4
CUST006546,6,297.5,67.33333333333333,2
CUST006547,7,263.0,79.42857142857143,4
CUST006548,14,702.0,63.142857142857146,5
CUST006549,4,192.0,60.75,2
CUST006550,11,574.0,75.9090909090909,4
CUST006551,11,394.0,77.18181818181819,3
CUST006552,8,322.0,72.375,5
CUST006553,6,332.0,65.5,3
CUST006554,13,784.5,69.61538461538461,4
CUST006555,8,486.0,72.125,4
CUST006556,12,671.0,83.41666666666667,6
CUST006557,15,843.0,71.86666666666666,4
CUST006558,8,361.0,69.375,4
CUST006559,2,114.0,82.5,1
CUST006560,12,608.0,66.83333333333333,4
CUST006561,13,796.0,67.3076923076923,5
CUST006562,6,224.0,51.666666666666664,4
CUST006563,9,362.0,65.44444444444444,3
CUST006564,1,14.0,81.0,1
CUST006565,8,401.0,81.625,3
CUST006566,9,540.0,60.0,5
CUST006567,12,582.0,66.83333333333333,4
CUST006568,10,466.0,79.3,4
CUST006569,9,454.0,64.88888888888889,4
CUST006570,8,411.0,73.875,3
CUST006571,6,342.0,63.666666666666664,4
CUST006572,10,376.0,76.7,4
CUST006573,11,486.0,59.45454545454545,4
CUST006574,10,485.0,72.3,5
CUST006575,7,242.0,47.42857142857143,4
CUST006576,7,360.0,78.57142857142857,2
CUST006577,14,772.0,68.71428571428571,3
CUST006578,12,569.0,69.58333333333333,4
CUST006579,17,833.0,69.0,3
CUST006580,8,399.0,71.0,3
CUST006581,8,347.0,67.375,2
CUST006582,9,409.0,69.0,6
CUST006583,9,395.0,68.66666666666667,5
CUST006584,15,757.5,69.86666666666666,5
CUST006585,7,495.0,67.28571428571429,4
CUST006586,13,593.0,71.84615384615384,3
CUST006587,1,41.0,81.0,1
CUST006588,2,133.0,72.0,2
CUST006589,6,196.0,56.166666666666664,2
CUST006590,7,402.0,60.0,4
CUST006591,10,323.0,65.8,3
CUST006592,9,426.0,53.666666666666664,4
CUST006593,12,517.0,71.16666666666667,5
CUST006594,11,534.0,66.54545454545455,3
CUST006595,7,308.0,66.0,4
CUST006596,8,353.0,64.375,4
CUST006597,8,352.0,77.125,3
CUST006598,9,522.0,75.22222222222223,3
CUST006599,2,156.0,58.0,1
CUST006600,8,204.0,63.25,5
CUST006601,11,524.0,64.81818181818181,5
CUST006602,9,450.0,68.88888888888889,3
CUST006603,9,428.0,60.333333333333336,4
CUST006604,8,441.0,72.625,5
CUST006605,9,504.5,80.66666666666667,3
CUST006606,7,366.0,76.42857142857143,5
CUST006607,7,376.0,59.42857142857143,4
CUST006608,2,118.0,89.0,2
CUST006609,10,501.0,68.9,5
CUST006610,12,754.0,73.08333333333333,4
CUST006611,1,51.0,66.0,1
CUST006612,9,371.0,68.88888888888889,4
CUST006613,8,294.0,84.5,3
CUST006614,7,181.0,79.85714285714286,3
CUST006615,8,235.0,74.25,3
CUST006616,1,29.0,50.0,1
CUST006618,12,588.0,71.33333333333333,4
CUST006619,11,514.0,75.9090909090909,5
CUST006620,15,726.0,71.13333333333334,5
CUST006621,9,333.0,62.77777777777778,4
CUST006622,14,705.0,69.28571428571429,3
CUST006623,14,582.0,67.92857142857143,5
CUST006624,14,596.0,68.92857142857143,4
CUST006625,5,206.0,70.8,3
CUST006626,10,383.0,85.1,5
CUST006627,9,390.0,69.33333333333333,4
CUST006628,12,584.0,70.33333333333333,4
CUST006629,13,662.0,63.46153846153846,3
CUST006630,13,567.0,66.3076923076923,4
CUST006631,13,586.0,61.92307692307692,6
CUST006632,12,518.0,72.75,4
CUST006633,5,227.0,60.4,5
CUST006634,8,324.0,69.25,4
CUST006635,6,272.0,69.33333333333333,2
CUST006636,11,421.0,69.72727272727273,4
CUST006637,8,432.0,77.375,4
CUST006638,10,431.0,57.8,4
CUST006639,7,307.0,72.14285714285714,4
CUST006640,10,520.0,74.2,4
CUST006641,8,335.0,70.875,5
CUST006642,14,663.0,67.42857142857143,5
CUST006643,4,209.0,58.75,3
CUST006644,10,394.0,66.1,4
CUST006645,6,323.0,67.0,2
CUST006646,12,630.0,67.83333333333333,4
CUST006647,10,591.0,70.1,5
CUST006648,1,14.0,65.0,1
CUST006649,10,406.0,75.7,5
CUST006650,12,473.0,70.5,3
CUST006651,6,294.0,63.833333333333336,3
CUST006652,11,613.0,69.0909090909091,4
CUST006653,6,300.0,62.0,3
CUST006654,8,329.0,57.25,3
CUST006655,10,538.0,71.1,4
CUST006656,8,308.0,88.125,4
CUST006657,10,456.0,74.4,3
CUST006658,10,512.0,67.9,4
CUST006659,5,174.0,65.4,3
CUST006660,8,264.0,76.125,3
CUST006661,7,314.0,67.0,3
CUST006662,13,614.0,76.6923076923077,5
CUST006663,8,408.0,75.625,3
CUST006664,14,327.0,70.0,4
CUST006665,12,467.0,72.0,4
CUST006666,5,200.0,73.0,4
CUST006667,6,270.0,74.0,4
CUST006668,8,478.0,70.75,4
CUST006669,6,306.0,70.5,2
CUST006670,9,448.0,74.44444444444444,3
CUST006671,13,542.0,64.38461538461539,5
CUST006672,8,412.0,64.625,4
CUST006673,11,683.0,65.18181818181819,3
CUST006674,5,226.0,63.6,4
CUST006675,9,470.0,65.88888888888889,3
CUST006676,5,210.0,69.4,2
CUST006677,6,347.0,85.83333333333333,1
CUST006678,13,542.0,71.46153846153847,5
CUST006679,9,464.5,65.66666666666667,4
CUST006680,9,533.0,71.77777777777777,4
CUST006681,9,460.0,79.66666666666667,3
CUST006682,9,395.0,68.44444444444444,3
CUST006683,10,517.5,67.5,5
CUST006684,7,335.0,78.71428571428571,3
CUST006685,7,253.0,65.28571428571429,2
CUST006686,8,297.0,70.25,4
CUST006687,14,453.0,68.85714285714286,5
CUST006688,4,252.0,58.75,3
CUST006689,8,481.0,76.75,3
CUST006690,10,318.0,66.1,4
CUST006691,10,474.0,71.9,4
CUST006692,12,482.0,69.75,5
CUST006693,6,158.0,65.33333333333333,2
CUST006694,10,522.0,72.6,5
CUST006695,5,170.0,79.0,3
CUST006696,3,144.0,90.33333333333333,2
CUST006697,11,587.0,67.81818181818181,3
CUST006698,10,379.0,66.4,4
CUST006699,10,622.0,77.9,4
CUST006700,8,391.0,69.5,5
CUST006701,6,242.0,57.0,4
CUST006702,15,656.0,63.2,4
CUST006703,9,369.0,65.88888888888889,5
CUST006704,10,480.5,68.6,4
CUST006705,6,371.0,78.5,3
CUST006706,10,490.0,69.0,3
CUST006707,3,159.0,66.66666666666667,2
CUST006708,12,688.0,74.66666666666667,4
CUST006709,2,111.0,72.0,1
CUST006710,7,447.5,77.42857142857143,2
CUST006711,9,473.0,64.77777777777777,5
CUST006712,7,278.0,75.0,2
CUST006713,13,532.0,77.07692307692308,5
CUST006714,6,263.0,68.5,3
CUST006715,10,627.5,60.7,5
CUST006716,12,579.0,74.83333333333333,5
CUST006717,7,326.0,80.42857142857143,3
CUST006718,8,464.0,67.625,5
CUST006719,11,476.5,63.81818181818182,5
CUST006720,10,457.0,64.1,5
CUST006721,7,363.0,71.28571428571429,3
CUST006722,4,133.0,78.0,3
CUST006723,4,259.0,53.75,2
CUST006724,7,334.0,69.14285714285714,3
CUST006725,8,395.0,84.0,3
CUST006726,9,369.0,80.88888888888889,3
CUST006727,2,99.0,66.0,2
CUST006728,6,147.0,79.83333333333333,4
CUST006729,4,137.0,52.25,2
CUST006730,1,32.0,69.0,1
CUST006731,9,450.0,71.22222222222223,4
CUST006732,9,476.0,72.66666666666667,4
CUST006733,8,434.0,76.0,4
CUST006734,2,111.0,57.5,2
CUST006735,10,533.5,73.6,4
CUST006736,10,466.0,77.5,4
CUST006737,7,318.0,79.42857142857143,5
CUST006738,6,295.0,60.166666666666664,3
CUST006739,17,649.0,64.6470588235294,5
CUST006740,15,697.0,70.33333333333333,5
CUST006741,10,428.0,72.9,4
CUST006742,8,272.0,66.875,3
CUST006743,2,44.0,65.0,2
CUST006744,5,296.0,75.2,3
CUST006745,7,381.0,63.857142857142854,3
CUST006746,13,679.5,65.76923076923077,4
CUST006747,12,447.0,71.25,4
CUST006748,9,353.0,66.77777777777777,4
CUST006749,9,544.0,68.66666666666667,4
CUST006750,9,408.0,60.55555555555556,4
CUST006751,6,325.0,65.5,3
CUST006752,7,436.5,78.71428571428571,3
CUST006753,6,347.0,61.333333333333336,2
CUST006754,11,610.0,61.81818181818182,5
CUST006755,7,280.0,64.14285714285714,5
CUST006756,16,599.0,74.1875,5
CUST006757,2,104.0,90.0,1
CUST006758,7,266.0,75.71428571428571,4
CUST006759,11,531.0,71.27272727272727,4
CUST006760,7,311.0,76.28571428571429,3
CUST006761,2,38.0,64.5,2
CUST006762,7,411.0,78.28571428571429,4
CUST006763,12,508.0,79.0,4
CUST006764,19,1158.0,77.26315789473684,5
CUST006765,8,387.0,70.625,2
CUST006766,9,474.0,82.44444444444444,5
CUST006767,8,244.0,74.625,3
CUST006768,6,242.0,58.666666666666664,5
CUST006769,11,492.0,57.09090909090909,4
CUST006770,3,121.0,37.666666666666664,2
CUST006771,9,500.0,67.0,3
CUST006772,12,525.0,73.16666666666667,5
CUST006773,9,487.0,81.22222222222223,3
CUST006774,8,451.0,80.125,3
CUST006775,6,282.0,68.16666666666667,3
CUST006776,7,281.0,84.28571428571429,3
CUST006777,8,438.0,74.5,3
CUST006778,7,386.0,71.71428571428571,5
CUST006779,6,433.0,64.83333333333333,3
CUST006780,12,462.0,68.83333333333333,5
CUST006782,10,431.0,68.4,4
CUST006783,16,615.0,73.375,4
CUST006784,20,1187.0,67.4,5
CUST006785,9,397.0,65.22222222222223,3
CUST006786,8,373.0,74.125,4
CUST006787,13,563.0,68.0,5
CUST006788,8,297.0,78.25,3
CUST006789,5,320.0,74.6,2
CUST006790,9,341.0,80.66666666666667,4
CUST006791,6,311.5,76.5,4
CUST006792,11,556.0,75.45454545454545,4
CUST006793,11,571.5,60.27272727272727,5
CUST006794,13,557.0,72.84615384615384,3
CUST006795,8,323.0,71.0,5
CUST006796,2,80.0,84.5,2
CUST006797,10,540.0,78.8,4
CUST006798,8,407.0,74.375,3
CUST006799,9,504.0,76.88888888888889,4
CUST006800,7,336.0,70.85714285714286,3
CUST006801,12,554.0,69.25,5
CUST006802,2,95.0,69.5,2
CUST006803,11,675.0,73.0,4
CUST006804,7,425.0,73.85714285714286,3
CUST006805,10,477.0,79.3,5
CUST006806,12,522.0,73.25,4
CUST006807,5,313.0,70.0,5
CUST006808,11,536.0,61.09090909090909,5
CUST006809,5,202.0,57.8,3
CUST006810,11,489.0,66.72727272727273,3
CUST006811,9,523.0,66.77777777777777,4
CUST006812,7,422.0,75.0,5
CUST006813,11,551.0,66.0909090909091,4
CUST006814,8,405.0,55.75,3
CUST006815,12,583.0,64.83333333333333,5
CUST006816,6,280.0,65.33333333333333,3
CUST006817,3,199.0,78.66666666666667,3
CUST006818,10,464.0,62.8,5
CUST006819,1,21.0,69.0,1
CUST006820,10,577.0,79.6,4
CUST006821,3,181.0,75.66666666666667,3
CUST006822,8,482.0,81.5,3
CUST006823,12,543.0,69.75,4
CUST006824,2,164.0,74.0,2
CUST006825,8,409.0,71.875,3
CUST006826,12,621.0,56.833333333333336,5
CUST006827,15,754.0,75.46666666666667,4
CUST006828,9,440.0,69.33333333333333,4
CUST006829,9,468.0,63.888888888888886,4
CUST006830,6,272.0,42.833333333333336,2
CUST006831,6,330.0,90.33333333333333,4
CUST006832,9,455.0,67.11111111111111,4
CUST006833,9,448.0,72.33333333333333,3
CUST006834,7,341.0,71.0,4
CUST006835,8,388.0,59.875,3
CUST006836,9,388.0,65.22222222222223,5
CUST006837,6,248.0,66.0,3
CUST006838,6,278.0,76.5,4
CUST006839,9,377.0,69.33333333333333,5
CUST006840,12,604.0,68.58333333333333,4
CUST006841,6,372.0,58.666666666666664,3
CUST006842,8,379.0,70.875,6
CUST006843,8,266.0,64.375,4
CUST006844,9,452.0,63.666666666666664,5
CUST006845,4,221.0,72.0,3
CUST006846,10,407.0,77.7,5
CUST006847,11,628.0,69.0909090909091,4
CUST006848,8,412.0,74.25,4
CUST006849,15,595.0,60.333333333333336,5
CUST006850,12,663.0,78.16666666666667,5
CUST006851,11,440.0,66.63636363636364,3
CUST006852,8,424.0,66.75,4
CUST006853,12,556.0,75.58333333333333,4
CUST006854,10,540.0,77.8,3
CUST006855,4,152.0,69.0,2
CUST006856,11,545.0,60.54545454545455,4
CUST006857,8,306.0,70.125,5
CUST006858,2,85.0,67.0,2
CUST006859,7,334.0,70.57142857142857,5
CUST006860,6,302.0,63.166666666666664,4
CUST006861,2,67.0,63.0,1
CUST006862,2,93.0,66.0,1
CUST006863,10,475.0,80.0,3
CUST006864,5,249.0,64.4,2
CUST006865,6,236.0,79.66666666666667,3
CUST006866,9,362.0,71.77777777777777,3
CUST006867,13,504.0,79.84615384615384,3
CUST006868,8,385.0,73.0,3
CUST006869,9,472.0,67.44444444444444,5
CUST006870,8,391.0,75.375,3
CUST006871,8,335.0,67.5,4
CUST006872,12,627.5,60.75,6
CUST006873,4,202.0,78.25,4
CUST006874,3,164.0,67.66666666666667,2
CUST006875,8,181.0,71.25,4
CUST006876,5,230.0,83.0,3
CUST006877,10,433.0,64.8,5
CUST006878,14,750.0,63.785714285714285,5
CUST006879,6,196.0,62.833333333333336,4
CUST006880,1,38.0,65.0,1
CUST006881,10,399.0,80.8,4
CUST006882,6,218.0,64.0,2
CUST006883,10,362.0,73.7,3
CUST006884,10,392.0,67.6,5
CUST006885,10,279.0,78.4,3
CUST006886,15,828.0,73.8,6
CUST006887,1,35.0,100.0,1
CUST006888,6,367.0,56.5,3
CUST006889,9,517.0,75.33333333333333,3
CUST006890,6,255.0,84.33333333333333,4
CUST006891,8,367.0,71.375,4
CUST006892,9,339.0,78.0,6
CUST006893,2,86.0,44.0,1
CUST006894,5,233.0,69.6,4
CUST006895,12,463.0,70.66666666666667,4
CUST006896,1,30.0,88.0,1
CUST006897,8,371.0,72.875,3
CUST006898,9,453.0,73.11111111111111,5
CUST006899,5,167.0,77.8,2
CUST006900,7,312.0,73.28571428571429,3
CUST006901,10,442.0,68.2,3
CUST006902,9,408.0,59.55555555555556,3
CUST006903,9,308.0,69.33333333333333,4
CUST006904,7,252.0,75.0,4
CUST006905,2,94.0,85.0,2
CUST006906,7,329.0,71.71428571428571,2
CUST006907,14,776.0,71.07142857142857,4
CUST006908,8,382.0,71.375,4
CUST006909,7,305.0,73.14285714285714,3
CUST006910,7,370.0,63.714285714285715,3
CUST006911,13,476.0,81.15384615384616,4
CUST006912,6,329.0,63.0,3
CUST006913,1,72.0,67.0,1
CUST006914,1,75.0,66.0,1
CUST006915,8,369.0,80.125,4
CUST006916,16,781.0,75.4375,5
CUST006917,7,343.0,60.57142857142857,5
CUST006918,6,392.0,66.5,3
CUST006919,2,57.0,60.0,2
CUST006920,5,350.5,69.8,2
CUST006921,10,548.0,74.1,3
CUST006922,9,347.0,58.55555555555556,4
CUST006923,11,505.0,72.9090909090909,4
CUST006924,7,322.0,55.0,4
CUST006925,13,659.0,71.23076923076923,3
CUST006926,1,45.0,91.0,1
CUST006927,5,248.0,92.8,2
CUST006928,8,387.0,71.5,3
CUST006929,9,505.0,79.0,4
CUST006930,1,53.0,75.0,1
CUST006931,15,590.0,71.33333333333333,5
CUST006932,8,319.0,60.625,3
CUST006933,7,384.0,58.857142857142854,4
CUST006934,7,202.0,77.0,4
CUST006935,8,512.0,65.125,3
CUST006936,14,729.0,75.64285714285714,4
CUST006937,9,297.0,79.77777777777777,5
CUST006938,10,375.0,64.1,4
CUST006939,9,409.0,82.0,5
CUST006940,7,443.0,66.57142857142857,3
CUST006941,8,345.0,69.625,3
CUST006942,8,455.0,66.125,4
CUST006943,7,368.0,71.57142857142857,3
CUST006944,8,455.0,68.625,5
CUST006945,10,518.0,63.2,3
CUST006946,3,115.0,63.333333333333336,3
CUST006947,10,417.0,68.5,3
CUST006948,5,264.0,52.4,3
CUST006949,4,107.0,56.25,2
CUST006950,10,493.0,85.5,6
CUST006951,11,433.0,71.63636363636364,4
CUST006952,7,389.5,55.142857142857146,4
CUST006953,5,162.0,75.4,3
CUST006954,7,259.0,71.0,4
CUST006955,13,554.0,72.07692307692308,4
CUST006956,11,633.0,64.9090909090909,4
CUST006957,9,555.0,69.0,4
CUST006958,10,420.0,72.3,5
CUST006959,9,343.0,79.55555555555556,3
CUST006960,11,559.0,74.81818181818181,3
CUST006961,12,755.5,64.58333333333333,7
CUST006962,11,626.0,71.0909090909091,3
CUST006963,5,190.0,56.4,3
CUST006964,8,482.0,62.625,3
CUST006965,1,41.0,67.0,1
CUST006966,2,87.0,86.0,1
CUST006967,6,256.0,81.66666666666667,4
CUST006968,11,391.0,67.0,3
CUST006969,11,563.0,71.81818181818181,3
CUST006970,10,413.0,77.2,5
CUST006971,9,530.0,72.11111111111111,4
CUST006972,7,344.0,67.42857142857143,2
CUST006973,5,356.5,63.8,4
CUST006974,10,508.0,74.3,2
CUST006975,8,482.5,68.125,4
CUST006976,6,208.0,74.0,3
CUST006977,8,457.0,69.625,3
CUST006978,9,371.0,72.33333333333333,4
CUST006979,10,489.0,74.9,4
CUST006980,10,486.0,74.4,5
CUST006981,2,132.0,41.5,2
CUST006982,3,118.0,82.66666666666667,2
CUST006983,9,523.0,65.0,4
CUST006984,2,121.0,37.5,1
CUST006985,8,334.0,70.0,3
CUST006986,3,111.0,86.66666666666667,3
CUST006987,6,152.0,79.16666666666667,3
CUST006988,9,411.0,80.22222222222223,3
CUST006989,2,77.0,60.0,2
CUST006990,1,27.0,55.0,1
CUST006991,14,689.0,73.14285714285714,4
CUST006992,7,257.0,75.14285714285714,4
CUST006993,8,399.0,62.75,5
CUST006994,8,456.0,72.0,4
CUST006995,8,300.0,70.5,3
CUST006996,4,139.0,60.25,3
CUST006997,4,236.0,67.5,3
CUST006998,15,925.0,76.66666666666667,4
CUST006999,14,666.0,75.5,4
CUST007000,9,415.0,67.55555555555556,3
CUST007001,9,402.0,75.0,3
CUST007002,12,568.0,73.41666666666667,3
CUST007003,12,555.0,73.16666666666667,4
CUST007004,12,556.0,77.33333333333333,4
CUST007005,10,377.0,74.6,5
CUST007006,11,542.0,78.63636363636364,5
CUST007007,6,280.0,64.16666666666667,3
CUST007008,12,800.0,67.33333333333333,5
CUST007009,9,408.0,54.44444444444444,4
CUST007010,11,474.0,79.36363636363636,3
CUST007012,11,564.0,56.81818181818182,4
CUST007013,10,447.0,57.6,4
CUST007014,7,374.0,74.28571428571429,3
CUST007015,9,361.0,74.44444444444444,4
CUST007016,5,298.0,75.8,2
CUST007017,7,308.0,64.57142857142857,3
CUST007018,10,554.5,70.1,3
CUST007019,7,511.0,66.28571428571429,2
CUST007020,12,455.0,72.16666666666667,5
CUST007021,2,120.0,73.0,2
CUST007022,12,536.0,71.66666666666667,4
CUST007023,11,461.0,70.18181818181819,4
CUST007024,12,652.0,70.83333333333333,5
CUST007025,8,400.0,85.875,3
CUST007026,11,539.0,68.36363636363636,4
CUST007027,7,346.0,77.42857142857143,3
CUST007028,9,439.0,66.88888888888889,6
CUST007029,9,469.0,68.22222222222223,6
CUST007030,7,290.0,67.0,5
CUST007031,13,650.0,71.15384615384616,4
CUST007032,3,129.0,79.0,2
CUST007033,8,329.0,76.125,4
CUST007034,11,453.0,60.63636363636363,4
CUST007035,6,192.0,64.83333333333333,4
CUST007037,11,603.5,66.63636363636364,5
CUST007038,1,38.0,43.0,1
CUST007039,13,607.0,68.6923076923077,4
CUST007040,11,401.0,68.45454545454545,5
CUST007041,7,367.0,73.14285714285714,4
CUST007042,8,426.0,74.25,3
CUST007043,10,469.0,68.9,4
CUST007044,7,352.0,69.71428571428571,4
CUST007045,6,320.0,72.16666666666667,4
CUST007046,3,162.0,64.66666666666667,3
CUST007047,11,568.0,66.81818181818181,4
CUST007048,10,526.0,68.0,3
CUST007049,7,271.0,72.14285714285714,5
CUST007050,11,389.0,75.9090909090909,4
CUST007051,3,238.5,70.66666666666667,2
CUST007052,10,476.0,61.6,5
CUST007053,8,356.0,66.625,4
CUST007054,7,290.0,69.71428571428571,6
CUST007055,11,522.0,79.27272727272727,4
CUST007056,10,462.0,88.1,4
CUST007057,16,687.0,68.125,3
CUST007058,9,495.5,62.0,4
CUST007059,8,326.0,74.625,4
CUST007060,3,110.0,77.33333333333333,2
CUST007061,6,292.0,70.5,4
CUST007062,5,300.0,51.8,4
CUST007063,11,477.0,70.18181818181819,5
CUST007064,10,395.0,68.3,4
CUST007065,13,565.0,69.3076923076923,5
CUST007066,10,444.0,68.6,4
CUST007067,8,352.0,65.375,3
CUST007068,4,153.0,67.5,3
CUST007069,4,216.0,88.5,2
CUST007070,12,565.0,66.58333333333333,5
CUST007071,1,24.0,89.0,1
CUST007072,4,204.0,81.25,2
CUST007073,10,451.0,78.9,3
CUST007074,12,734.0,70.33333333333333,4
CUST007075,12,507.0,63.5,3
CUST007076,14,803.0,68.57142857142857,4
CUST007077,6,345.0,60.0,4
CUST007078,15,771.0,67.06666666666666,3
CUST007079,6,320.0,70.83333333333333,4
CUST007080,6,261.0,77.0,3
CUST007081,1,50.0,70.0,1
CUST007082,12,645.5,70.91666666666667,5
CUST007083,7,267.0,81.71428571428571,5
CUST007084,7,366.0,78.42857142857143,5
CUST007085,9,379.0,74.0,5
CUST007086,3,123.0,92.33333333333333,2
CUST007087,7,441.0,77.71428571428571,3
CUST007088,7,251.0,57.57142857142857,4
CUST007089,2,135.0,92.5,2
CUST007090,9,435.0,70.66666666666667,3
CUST007091,6,413.0,61.0,3
CUST007092,9,376.0,55.22222222222222,4
CUST007093,5,292.0,69.0,2
CUST007094,7,350.0,79.28571428571429,3
CUST007095,11,477.0,69.63636363636364,4
CUST007096,11,487.0,51.0,4
CUST007097,9,440.0,72.22222222222223,5
CUST007098,12,491.0,67.5,5
CUST007099,20,941.0,76.0,4
CUST007100,7,432.0,68.42857142857143,2
CUST007101,12,485.0,75.33333333333333,5
CUST007102,10,381.0,74.2,4
CUST007103,8,386.0,73.375,5
CUST007104,11,482.0,70.45454545454545,5
CUST007105,10,396.0,79.5,4
CUST007106,6,374.0,83.83333333333333,2
CUST007107,6,272.0,74.66666666666667,3
CUST007108,11,458.0,68.63636363636364,6
CUST007109,9,596.0,79.11111111111111,4
CUST007110,11,559.5,68.63636363636364,5
CUST007111,11,484.0,71.54545454545455,6
CUST007112,12,540.0,74.5,4
CUST007113,16,736.0,72.0,5
CUST007114,9,409.0,67.44444444444444,4
CUST007115,12,519.0,71.33333333333333,4
CUST007116,7,375.0,76.42857142857143,4
CUST007117,13,511.0,68.92307692307692,5
CUST007118,2,78.0,61.0,2
CUST007119,10,615.0,53.1,3
CUST007120,14,569.0,67.28571428571429,4
CUST007121,12,525.0,80.25,5
CUST007122,8,402.0,73.625,4
CUST007123,10,410.0,69.8,3
CUST007124,1,22.0,56.0,1
CUST007125,2,79.0,70.0,2
CUST007126,2,71.0,64.0,2
CUST007127,9,440.0,71.33333333333333,4
CUST007128,8,353.0,69.375,4
CUST007129,8,427.0,67.875,5
CUST007130,13,638.0,67.23076923076923,4
CUST007131,10,368.0,81.3,4
CUST007132,11,696.0,83.18181818181819,5
CUST007133,13,695.0,74.61538461538461,4
CUST007134,13,598.0,73.76923076923077,5
CUST007135,8,229.0,48.375,3
CUST007136,11,534.0,56.18181818181818,4
CUST007137,10,408.0,68.3,3
CUST007138,6,271.0,66.16666666666667,4
CUST007139,9,439.0,77.55555555555556,3
CUST007140,8,329.0,70.75,3
CUST007141,13,678.0,72.3076923076923,5
CUST007142,7,219.0,72.42857142857143,4
CUST007143,12,502.0,70.33333333333333,4
CUST007144,9,529.5,77.66666666666667,4
CUST007145,8,318.0,63.25,3
CUST007146,11,642.0,74.81818181818181,3
CUST007147,8,385.0,81.875,3
CUST007148,9,375.0,75.44444444444444,5
CUST007149,8,337.0,63.875,3
CUST007150,9,498.0,69.33333333333333,4
CUST007151,11,469.0,85.81818181818181,4
CUST007152,7,360.0,64.14285714285714,4
CUST007153,3,136.0,71.33333333333333,3
CUST007154,12,659.5,76.5,3
CUST007155,12,552.0,73.5,5
CUST007156,11,546.0,71.72727272727273,3
CUST007157,14,593.0,74.78571428571429,5
CUST007158,7,406.0,79.14285714285714,3
CUST007159,7,250.0,74.85714285714286,4
CUST007160,5,232.0,61.8,3
CUST007161,14,762.5,68.0,3
CUST007162,7,330.0,71.85714285714286,3
CUST007163,10,343.0,69.6,3
CUST007164,5,199.0,67.8,3
CUST007165,7,305.0,74.42857142857143,3
CUST007166,9,448.0,77.44444444444444,5
CUST007167,10,390.0,62.3,4
CUST007168,9,517.0,59.333333333333336,2
CUST007169,6,347.0,80.16666666666667,4
CUST007170,10,407.0,66.9,7
CUST007171,10,455.0,75.2,4
CUST007172,10,378.0,69.6,5
CUST007173,11,472.0,65.72727272727273,5
CUST007174,1,7.0,52.0,1
CUST007175,10,522.5,78.0,5
CUST007176,7,332.0,63.57142857142857,2
CUST007177,11,453.0,65.18181818181819,5
CUST007178,7,348.0,71.85714285714286,5
CUST007179,12,638.0,61.666666666666664,5
CUST007180,4,211.0,87.75,2
CUST007181,14,675.0,67.78571428571429,3
CUST007182,12,541.0,79.0,4
CUST007183,7,349.0,78.14285714285714,3
CUST007184,9,431.0,67.55555555555556,3
CUST007185,1,12.0,69.0,1
CUST007186,9,462.0,63.333333333333336,4
CUST007187,3,142.0,59.0,2
CUST007188,13,766.0,72.38461538461539,3
CUST007189,5,237.0,63.2,2
CUST007190,3,164.0,57.0,2
CUST007191,12,555.0,58.0,4
CUST007192,12,564.0,74.25,5
CUST007193,10,631.0,76.0,5
CUST007194,6,386.0,74.5,4
CUST007195,6,277.0,68.0,5
CUST007196,16,817.0,71.4375,6
CUST007197,9,358.0,71.0,4
CUST007198,6,231.0,62.166666666666664,2
CUST007199,5,227.0,77.0,4
CUST007200,12,688.0,77.66666666666667,5
CUST007201,2,93.0,62.5,2
CUST007202,11,617.0,66.63636363636364,4
CUST007203,7,406.0,66.71428571428571,4
CUST007204,11,664.5,84.0909090909091,5
CUST007205,5,277.0,78.6,4
CUST007206,7,330.0,78.14285714285714,4
CUST007207,2,106.0,34.5,2
CUST007208,5,240.0,66.4,4
CUST007209,13,578.0,70.76923076923077,4
CUST007210,6,171.0,72.66666666666667,4
CUST007211,8,394.0,67.375,4
CUST007212,8,421.0,85.625,2
CUST007213,6,380.0,73.66666666666667,4
CUST007214,7,381.5,80.28571428571429,3
CUST007215,9,404.0,75.11111111111111,5
CUST007216,11,479.0,79.0,3
CUST007217,4,151.0,55.75,2
CUST007218,9,556.5,70.77777777777777,4
CUST007219,8,392.0,71.625,4
CUST007220,3,97.0,55.0,2
CUST007221,8,369.0,75.0,4
CUST007222,8,493.0,59.75,3
CUST007223,12,564.0,63.333333333333336,5
CUST007224,7,282.0,75.28571428571429,4
CUST007225,16,716.0,73.625,4
CUST007226,6,349.0,64.16666666666667,3
CUST007227,2,56.0,70.0,1
CUST007228,2,56.0,59.5,1
CUST007229,6,309.0,74.33333333333333,4
CUST007230,6,268.0,58.166666666666664,2
CUST007231,7,487.0,63.42857142857143,4
CUST007232,13,585.0,72.84615384615384,4
CUST007233,4,271.0,77.25,2
CUST007234,14,574.0,70.85714285714286,4
CUST007235,9,395.0,68.22222222222223,3
CUST007236,16,743.0,76.0,4
CUST007237,7,322.0,89.42857142857143,4
CUST007238,12,682.5,73.33333333333333,3
CUST007239,15,906.0,68.93333333333334,6
CUST007240,12,656.0,66.5,5
CUST007241,10,545.0,63.8,5
CUST007242,13,605.0,65.0,5
CUST007243,7,232.0,69.0,4
CUST007244,8,444.0,81.875,4
CUST007245,17,1012.0,66.94117647058823,4
CUST007246,7,308.0,67.42857142857143,3
CUST007247,5,279.0,61.2,3
CUST007248,11,486.0,79.81818181818181,3
CUST007249,11,558.0,60.63636363636363,4
CUST007250,8,429.0,67.125,4
CUST007251,6,305.0,82.66666666666667,3
CUST007252,9,459.0,80.22222222222223,3
CUST007253,7,353.0,67.85714285714286,3
CUST007254,2,125.0,67.0,2
CUST007255,9,437.0,77.77777777777777,5
CUST007256,11,647.0,70.54545454545455,4
CUST007257,9,450.0,69.66666666666667,4
CUST007258,14,635.0,66.35714285714286,3
CUST007259,13,669.0,73.3076923076923,5
CUST007260,9,380.0,65.44444444444444,4
CUST007261,10,665.0,71.3,4
CUST007262,8,333.0,70.875,4
CUST007263,6,233.0,79.66666666666667,2
CUST007264,6,276.0,74.5,4
CUST007265,7,191.0,66.14285714285714,4
CUST007266,7,161.0,77.14285714285714,4
CUST007267,10,469.0,58.0,4
CUST007268,10,652.0,68.0,5
CUST007269,17,665.0,72.23529411764706,4
CUST007270,12,541.0,73.5,4
CUST007271,2,104.0,86.5,1
CUST007272,12,660.0,72.91666666666667,5
CUST007273,10,453.0,69.2,3
CUST007274,9,447.0,73.11111111111111,5
CUST007275,10,438.0,74.0,4
CUST007276,10,473.0,65.7,4
CUST007277,15,509.0,75.0,6
CUST007278,1,24.0,54.0,1
CUST007279,11,516.0,74.81818181818181,5
CUST007280,6,277.0,58.333333333333336,3
CUST007281,4,257.0,59.25,3
CUST007282,10,404.0,81.3,3
CUST007283,6,266.0,71.5,4
CUST007284,7,362.0,73.14285714285714,2
CUST007285,3,153.0,86.0,2
CUST007286,5,253.0,74.2,3
CUST007287,11,451.0,70.36363636363636,3
CUST007288,9,416.0,84.66666666666667,4
CUST007289,9,472.0,73.66666666666667,3
CUST007290,10,549.0,77.4,5
CUST007291,12,650.0,75.16666666666667,5
CUST007292,14,567.0,71.14285714285714,3
CUST007293,3,155.0,66.66666666666667,2
CUST007294,11,748.0,74.54545454545455,5
CUST007295,9,423.0,65.77777777777777,5
CUST007296,8,359.0,68.25,4
CUST007297,11,511.0,66.18181818181819,4
CUST007298,11,511.0,60.90909090909091,5
CUST007299,10,372.0,67.7,5
CUST007300,1,29.0,99.0,1
CUST007301,10,580.0,80.2,4
CUST007302,2,164.0,66.0,1
CUST007303,11,663.0,76.63636363636364,4
CUST007304,11,406.0,71.18181818181819,4
CUST007305,15,714.0,62.333333333333336,3
CUST007306,6,259.0,76.16666666666667,3
CUST007307,10,420.5,67.9,5
CUST007308,8,406.0,73.25,4
CUST007309,12,501.0,73.41666666666667,4
CUST007310,1,3.0,24.0,1
CUST007311,9,482.0,65.44444444444444,5
CUST007312,8,425.0,83.125,4
CUST007313,1,89.0,100.0,1
CUST007314,4,182.0,60.5,3
CUST007315,19,923.0,67.3157894736842,5
CUST007316,11,655.0,75.72727272727273,5
CUST007317,7,252.0,75.28571428571429,4
CUST007318,2,151.0,94.5,2
CUST007319,9,377.0,60.333333333333336,4
CUST007320,8,421.0,71.625,5
CUST007321,9,408.0,74.66666666666667,4
CUST007322,8,348.0,78.5,5
CUST007323,11,540.0,73.18181818181819,5
CUST007324,8,342.0,69.75,4
CUST007325,2,118.0,60.0,2
CUST007326,9,379.0,65.55555555555556,3
CUST007327,10,462.5,70.9,4
CUST007328,12,561.0,66.83333333333333,5
CUST007329,9,505.0,78.33333333333333,4
CUST007330,7,253.0,75.85714285714286,5
CUST007331,13,622.0,66.6923076923077,6
CUST007332,4,156.0,68.25,3
CUST007333,13,562.0,66.3076923076923,4
CUST007334,10,454.0,57.1,4
CUST007335,8,418.0,58.375,3
CUST007336,10,555.0,70.2,4
CUST007337,8,315.0,68.625,4
CUST007338,14,675.0,70.85714285714286,6
CUST007339,13,598.0,70.6923076923077,4
CUST007340,5,187.0,72.8,3
CUST007341,3,219.0,64.33333333333333,2
CUST007342,9,479.0,72.22222222222223,4
CUST007343,8,353.0,67.625,3
CUST007344,10,591.0,71.4,5
CUST007345,1,72.0,96.0,1
CUST007346,9,336.0,61.666666666666664,3
CUST007347,7,317.0,56.714285714285715,4
CUST007348,7,340.0,71.71428571428571,4
CUST007349,8,382.0,65.25,3
CUST007350,6,331.0,75.83333333333333,5
CUST007351,6,286.0,71.83333333333333,4
CUST007352,4,204.0,62.75,3
CUST007353,11,369.0,73.63636363636364,4
CUST007354,8,225.0,76.75,3
CUST007355,5,319.0,82.2,3
CUST007356,6,317.0,66.0,5
CUST007357,12,720.0,63.25,4
CUST007358,7,375.0,66.57142857142857,4
CUST007359,11,439.0,74.36363636363636,3
CUST007360,14,631.5,78.57142857142857,5
CUST007361,17,723.0,68.6470588235294,4
CUST007362,10,428.0,66.3,3
CUST007363,10,444.0,67.1,5
CUST007364,12,525.0,74.91666666666667,4
CUST007365,14,619.0,76.35714285714286,5
CUST007366,4,301.5,65.25,4
CUST007367,2,97.0,62.5,2
CUST007368,3,151.0,84.0,2
CUST007369,7,274.0,61.57142857142857,3
CUST007370,2,65.0,66.0,2
CUST007371,7,308.0,90.14285714285714,4
CUST007372,5,365.0,60.0,4
CUST007373,13,619.0,65.3076923076923,3
CUST007374,6,260.0,85.16666666666667,4
CUST007375,14,613.0,71.5,4
CUST007376,4,205.0,71.5,2
CUST007377,8,346.0,76.125,3
CUST007378,9,356.0,61.55555555555556,5
CUST007379,10,558.0,80.5,5
CUST007380,9,614.0,71.33333333333333,4
CUST007381,8,523.0,88.75,3
CUST007382,11,503.0,71.18181818181819,5
CUST007383,9,433.0,64.11111111111111,4
CUST007384,9,457.0,72.11111111111111,5
CUST007385,3,148.0,48.666666666666664,3
CUST007386,7,353.0,68.42857142857143,4
CUST007387,12,630.0,62.25,4
CUST007388,10,550.0,74.8,5
CUST007389,7,399.0,77.14285714285714,4
CUST007390,7,337.0,53.142857142857146,3
CUST007391,10,575.0,74.8,5
CUST007392,9,377.0,59.44444444444444,3
CUST007393,7,380.0,67.14285714285714,3
CUST007394,6,437.0,75.0,4
CUST007395,8,363.0,74.625,5
CUST007396,16,735.0,78.5,6
CUST007397,14,775.0,69.85714285714286,4
CUST007398,8,362.0,81.375,4
CUST007399,7,386.0,70.57142857142857,4
CUST007400,9,374.0,80.33333333333333,4
CUST007401,12,495.0,72.91666666666667,5
CUST007402,19,902.0,64.05263157894737,5
CUST007403,9,562.0,65.55555555555556,4
CUST007404,5,246.0,78.4,2
CUST007405,9,383.0,72.66666666666667,4
CUST007406,7,356.0,64.71428571428571,4
CUST007407,6,324.0,64.0,5
CUST007408,6,318.0,81.5,4
CUST007409,8,429.0,78.25,3
CUST007410,12,615.0,70.66666666666667,4
CUST007411,12,563.0,74.16666666666667,4
CUST007412,11,496.0,75.9090909090909,5
CUST007413,7,390.0,79.28571428571429,5
CUST007414,13,601.0,71.15384615384616,4
CUST007415,7,432.0,62.857142857142854,3
CUST007416,13,617.0,74.53846153846153,5
CUST007417,10,365.0,68.3,3
CUST007418,10,435.0,59.4,4
CUST007419,2,116.0,56.5,2
CUST007420,8,361.0,74.75,3
CUST007421,9,336.0,63.888888888888886,5
CUST007422,14,727.0,64.5,4
CUST007423,5,293.0,74.6,4
CUST007424,5,151.0,74.0,3
CUST007425,12,562.0,62.5,4
CUST007426,9,621.0,67.11111111111111,4
CUST007427,7,366.5,62.142857142857146,3
CUST007428,12,450.0,80.83333333333333,4
CUST007429,4,183.0,84.5,3
CUST007430,7,467.0,72.57142857142857,4
CUST007431,5,177.0,66.6,3
CUST007432,10,459.0,74.8,5
CUST007433,10,581.0,82.4,3
CUST007434,8,382.0,82.25,2
CUST007435,8,491.0,68.625,3
CUST007436,6,236.0,65.33333333333333,5
CUST007437,5,278.0,60.6,3
CUST007438,8,406.0,68.25,3
CUST007439,9,583.0,71.55555555555556,5
CUST007440,7,225.0,69.28571428571429,2
CUST007441,8,441.0,75.375,3
CUST007442,12,620.0,71.33333333333333,4
CUST007443,8,409.0,78.125,2
CUST007444,12,479.0,62.5,5
CUST007445,9,480.0,73.33333333333333,3
CUST007446,13,587.0,71.15384615384616,4
CUST007447,2,53.0,53.5,2
CUST007448,6,253.0,65.5,4
CUST007449,11,446.0,72.81818181818181,3
CUST007450,9,424.0,55.111111111111114,4
CUST007451,11,425.0,71.9090909090909,4
CUST007452,6,304.0,69.5,2
CUST007453,10,479.0,77.8,3
CUST007454,9,533.0,71.22222222222223,4
CUST007455,8,358.0,75.0,3
CUST007456,6,348.0,61.833333333333336,2
CUST007457,16,775.0,73.4375,4
CUST007458,13,490.0,70.92307692307692,6
CUST007459,7,401.0,67.0,5
CUST007460,9,376.0,62.888888888888886,4
CUST007461,9,367.0,65.11111111111111,4
CUST007462,5,330.0,70.4,3
CUST007463,5,245.0,69.6,4
CUST007464,3,112.0,61.666666666666664,3
CUST007465,13,595.0,68.3076923076923,5
CUST007466,8,411.5,56.125,4
CUST007467,5,260.0,64.6,3
CUST007468,11,535.0,70.0,4
CUST007469,9,511.0,71.0,4
CUST007470,12,528.0,64.75,3
CUST007471,2,55.0,90.5,2
CUST007472,8,294.0,71.125,3
CUST007473,11,416.0,69.9090909090909,6
CUST007474,10,478.0,79.9,4
CUST007475,5,274.0,66.2,3
CUST007476,6,305.0,70.66666666666667,3
CUST007477,6,207.0,77.0,3
CUST007478,5,179.0,64.4,3
CUST007479,6,301.0,69.66666666666667,4
CUST007480,10,421.0,64.7,4
CUST007481,13,533.0,75.92307692307692,4
CUST007482,4,88.0,74.0,4
CUST007483,7,344.0,72.85714285714286,3
CUST007484,10,453.0,82.8,4
CUST007485,11,533.0,61.27272727272727,4
CUST007486,5,266.0,66.6,3
CUST007487,17,720.0,71.29411764705883,6
CUST007488,11,592.0,71.45454545454545,4
CUST007489,6,386.0,79.66666666666667,2
CUST007490,7,420.0,58.57142857142857,3
CUST007491,12,534.0,74.75,5
CUST007492,9,411.0,56.22222222222222,4
CUST007493,10,367.0,56.9,4
CUST007494,16,743.0,58.1875,3
CUST007495,10,340.0,81.7,3
CUST007496,11,452.0,64.0909090909091,3
CUST007497,9,432.0,76.66666666666667,3
CUST007498,15,730.0,68.53333333333333,7
CUST007499,7,358.0,75.71428571428571,3
CUST007500,5,279.0,72.4,2
CUST007501,7,434.0,75.0,4
CUST007502,2,63.0,77.5,1
CUST007503,6,229.0,81.83333333333333,5
CUST007504,6,245.0,66.0,4
CUST007505,8,252.0,63.25,6
CUST007506,7,404.0,64.28571428571429,2
CUST007507,12,484.0,69.5,4
CUST007508,6,387.0,72.66666666666667,3
CUST007509,7,323.0,72.14285714285714,4
CUST007510,7,329.0,77.0,5
CUST007511,7,382.0,69.28571428571429,3
CUST007512,10,473.0,76.3,4
CUST007513,15,679.0,69.73333333333333,5
CUST007514,5,187.0,70.2,4
CUST007515,5,283.0,70.4,3
CUST007516,6,208.0,69.5,3
CUST007517,8,449.0,76.625,3
CUST007518,11,468.0,75.0,4
CUST007519,8,236.0,70.875,3
CUST007520,12,577.0,69.16666666666667,5
CUST007521,16,785.0,73.0,5
CUST007522,6,219.0,73.5,4
CUST007523,1,30.0,92.0,1
CUST007524,14,735.0,69.57142857142857,5
CUST007525,5,284.0,76.0,2
CUST007526,14,719.0,67.14285714285714,4
CUST007527,9,308.0,69.77777777777777,4
CUST007528,10,491.0,85.9,3
CUST007529,4,137.0,87.0,3
CUST007530,3,136.0,80.0,2
CUST007531,10,571.0,52.9,4
CUST007532,9,484.0,76.44444444444444,4
CUST007533,11,500.0,70.81818181818181,4
CUST007534,14,609.0,67.21428571428571,4
CUST007535,7,313.0,82.28571428571429,4
CUST007536,3,83.0,80.66666666666667,2
CUST007537,14,670.0,82.07142857142857,5
CUST007538,13,622.0,74.46153846153847,4
CUST007539,14,563.0,76.64285714285714,4
CUST007540,7,251.0,84.14285714285714,4
CUST007541,11,601.0,78.9090909090909,3
CUST007542,2,26.0,59.0,2
CUST007543,9,408.0,75.0,3
CUST007544,6,332.0,63.333333333333336,4
CUST007545,10,475.5,66.3,4
CUST007546,9,444.0,62.666666666666664,3
CUST007547,2,139.0,77.5,2
CUST007548,6,259.0,83.16666666666667,3
CUST007549,16,954.5,76.25,3
CUST007550,10,586.0,70.2,3
CUST007551,2,152.0,46.0,1
CUST007552,9,417.0,71.77777777777777,6
CUST007553,13,736.0,74.46153846153847,4
CUST007554,12,585.0,67.25,3
CUST007555,7,320.0,66.42857142857143,3
CUST007556,11,563.0,64.0,5
CUST007557,8,362.0,72.25,5
CUST007558,7,390.5,76.0,3
CUST007559,2,131.0,76.0,2
CUST007560,10,423.0,69.2,4
CUST007561,2,105.0,94.0,2
CUST007562,14,725.0,76.07142857142857,5
CUST007563,13,458.0,71.84615384615384,4
CUST007564,10,399.0,66.1,4
CUST007565,13,635.0,70.76923076923077,5
CUST007566,12,637.0,67.91666666666667,4
CUST007567,2,91.0,54.0,2
CUST007568,5,198.0,73.8,2
CUST007569,11,532.0,66.36363636363636,4
CUST007570,13,491.0,75.38461538461539,5
CUST007571,11,576.0,66.0,3
CUST007572,12,593.0,72.91666666666667,5
CUST007573,8,365.0,77.75,4
CUST007574,6,232.0,64.66666666666667,4
CUST007575,9,281.0,76.77777777777777,4
CUST007576,8,479.0,83.875,3
CUST007577,9,504.0,71.11111111111111,2
CUST007578,5,279.0,80.0,3
CUST007579,10,455.0,80.8,4
CUST007580,12,504.0,80.25,5
CUST007581,5,211.0,73.8,3
CUST007582,2,40.0,50.5,2
CUST007583,7,312.0,72.85714285714286,5
CUST007584,11,599.0,63.27272727272727,4
CUST007585,9,571.0,79.66666666666667,3
CUST007586,4,148.0,92.0,2
CUST007587,10,583.0,57.7,5
CUST007588,8,387.0,76.375,3
CUST007589,10,506.0,66.6,4
CUST007590,11,576.0,68.27272727272727,4
CUST007591,7,372.0,71.85714285714286,4
CUST007592,14,580.0,63.857142857142854,5
CUST007593,2,86.0,77.5,2
CUST007594,10,453.0,78.4,4
CUST007595,9,391.0,79.22222222222223,3
CUST007596,9,466.0,76.88888888888889,5
CUST007597,9,480.0,50.666666666666664,5
CUST007598,12,642.0,71.25,4
CUST007599,4,153.0,75.5,1
CUST007600,2,96.0,65.0,2
CUST007601,13,752.0,74.23076923076923,4
CUST007602,1,40.0,80.0,1
CUST007603,11,388.0,63.0,3
CUST007604,5,247.0,69.6,4
CUST007605,7,245.0,68.28571428571429,3
CUST007606,6,271.0,59.5,4
CUST007607,7,303.0,69.0,3
CUST007608,6,334.0,67.66666666666667,4
CUST007609,2,101.0,51.0,2
CUST007610,11,594.0,60.72727272727273,2
CUST007611,12,592.0,80.08333333333333,5
CUST007612,13,634.0,69.53846153846153,4
CUST007613,5,296.0,62.8,2
CUST007614,1,59.0,61.0,1
CUST007615,14,658.0,68.42857142857143,5
CUST007616,11,434.0,73.63636363636364,4
CUST007617,7,351.0,66.57142857142857,3
CUST007618,10,464.0,72.4,6
CUST007619,13,740.0,76.46153846153847,5
CUST007620,6,348.0,81.83333333333333,3
CUST007621,1,67.0,70.0,1
CUST007622,1,44.0,59.0,1
CUST007623,15,798.0,74.86666666666666,5
CUST007624,7,421.0,62.285714285714285,3
CUST007625,1,52.0,51.0,1
CUST007626,7,374.0,74.28571428571429,3
CUST007627,10,578.0,66.4,5
CUST007628,9,400.0,56.55555555555556,3
CUST007629,12,608.0,77.41666666666667,6
CUST007630,1,3.0,59.0,1
CUST007631,8,411.0,67.0,3
CUST007632,10,368.5,79.6,3
CUST007633,16,820.0,71.6875,5
CUST007634,16,863.0,60.5625,5
CUST007635,8,394.0,73.25,4
CUST007636,1,58.0,57.0,1
CUST007637,8,370.0,73.75,4
CUST007638,2,125.0,67.0,1
CUST007639,8,371.0,68.625,4
CUST007640,1,55.0,76.0,1
CUST007641,7,346.0,68.0,4
CUST007642,2,84.0,32.0,1
CUST007643,10,580.0,80.0,4
CUST007644,9,567.0,73.33333333333333,2
CUST007645,7,280.0,73.85714285714286,3
CUST007646,8,310.0,62.625,2
CUST007647,4,176.0,75.0,2
CUST007648,6,231.0,61.0,3
CUST007649,9,447.0,67.66666666666667,5
CUST007650,8,292.0,69.875,3
CUST007651,8,427.0,74.625,3
CUST007652,6,336.0,70.66666666666667,3
CUST007653,11,514.0,67.0,5
CUST007654,6,312.0,75.5,4
CUST007655,16,772.0,69.1875,4
CUST007656,10,344.0,65.0,3
CUST007657,8,418.0,66.75,3
CUST007658,2,98.0,82.0,2
CUST007659,13,689.0,71.07692307692308,5
CUST007660,6,158.0,68.16666666666667,4
CUST007661,7,282.0,66.57142857142857,3
CUST007662,5,213.0,56.2,3
CUST007663,16,696.0,71.0625,6
CUST007664,2,163.0,92.5,1
CUST007665,9,404.0,82.33333333333333,5
CUST007666,5,240.0,76.2,2
CUST007667,12,604.0,69.33333333333333,4
CUST007668,11,550.0,73.45454545454545,3
CUST007669,9,441.0,76.88888888888889,3
CUST007670,2,87.0,56.5,2
CUST007671,9,485.0,68.55555555555556,5
CUST007672,7,283.0,58.714285714285715,5
CUST007673,10,660.0,70.1,5
CUST007674,7,358.0,83.28571428571429,4
CUST007675,9,389.0,64.88888888888889,4
CUST007676,11,456.0,68.72727272727273,3
CUST007677,5,188.0,88.6,3
CUST007678,15,647.0,60.2,4
CUST007679,6,210.0,64.83333333333333,4
CUST007680,14,760.0,71.42857142857143,5
CUST007681,13,544.0,69.07692307692308,4
CUST007682,7,345.0,63.857142857142854,2
CUST007683,2,108.0,46.5,1
CUST007684,12,539.5,64.66666666666667,3
CUST007685,8,361.0,58.875,3
CUST007686,9,551.0,58.333333333333336,2
CUST007687,13,695.0,64.07692307692308,3
CUST007688,6,311.0,77.66666666666667,3
CUST007689,3,121.0,75.66666666666667,2
CUST007690,9,472.0,63.0,5
CUST007691,15,570.0,69.33333333333333,5
CUST007692,10,408.0,75.7,4
CUST007693,12,554.5,77.5,5
CUST007694,14,643.5,72.28571428571429,5
CUST007695,9,338.0,49.333333333333336,5
CUST007696,2,53.0,53.5,2
CUST007697,14,791.0,70.64285714285714,5
CUST007698,8,329.0,58.375,5
CUST007699,13,646.0,76.3076923076923,4
CUST007700,9,465.0,73.77777777777777,4
CUST007701,8,339.0,74.5,3
CUST007702,16,656.0,71.8125,5
CUST007703,9,353.0,76.77777777777777,5
CUST007704,6,327.0,72.0,5
CUST007705,1,26.0,65.0,1
CUST007706,1,51.0,46.0,1
CUST007707,8,382.0,67.625,4
CUST007708,13,544.0,81.0,4
CUST007709,13,712.0,72.23076923076923,4
CUST007710,12,500.0,61.916666666666664,4
CUST007711,12,763.0,69.33333333333333,5
CUST007712,9,410.0,73.55555555555556,4
CUST007713,5,344.0,58.8,2
CUST007714,7,357.0,71.14285714285714,4
CUST007715,10,509.0,64.6,5
CUST007716,2,114.0,81.5,1
CUST007717,5,220.5,60.8,2
CUST007718,17,808.0,65.70588235294117,4
CUST007719,10,458.0,67.3,5
CUST007720,8,351.0,69.875,2
CUST007721,11,480.0,76.54545454545455,3
CUST007722,8,230.0,70.25,3
CUST007723,2,99.0,70.0,2
CUST007724,8,364.0,71.75,4
CUST007725,6,167.0,69.16666666666667,2
CUST007726,6,210.0,70.83333333333333,2
CUST007727,2,110.0,79.5,2
CUST007728,8,311.0,53.0,4
CUST007729,12,541.0,65.08333333333333,3
CUST007730,12,511.0,78.41666666666667,5
CUST007731,9,506.0,75.22222222222223,4
CUST007732,9,401.0,69.66666666666667,3
CUST007733,9,408.0,78.77777777777777,4
CUST007734,11,495.0,67.36363636363636,4
CUST007735,10,528.5,70.2,4
CUST007736,3,165.0,63.333333333333336,2
CUST007737,8,354.0,81.625,5
CUST007738,9,490.0,60.44444444444444,3
CUST007739,10,385.0,65.5,4
CUST007740,2,115.0,84.5,1
CUST007741,11,582.0,68.0,5
CUST007742,6,344.0,86.83333333333333,4
CUST007743,13,518.0,67.6923076923077,4
CUST007744,11,430.0,75.18181818181819,3
CUST007745,5,264.0,67.2,4
CUST007746,1,34.0,55.0,1
CUST007747,14,796.0,65.71428571428571,5
CUST007748,8,378.0,66.625,3
CUST007749,5,251.0,73.2,3
CUST007750,8,356.0,67.5,5
CUST007751,17,704.0,68.05882352941177,5
CUST007752,7,249.0,80.85714285714286,4
CUST007753,11,657.5,73.81818181818181,4
CUST007754,11,562.0,69.63636363636364,4
CUST007755,2,103.0,70.0,1
CUST007756,14,658.0,77.42857142857143,4
CUST007757,19,753.0,71.42105263157895,6
CUST007758,11,606.0,65.0909090909091,5
CUST007759,12,556.5,69.66666666666667,3
CUST007760,7,367.5,61.142857142857146,3
CUST007761,8,343.0,68.75,4
CUST007762,6,155.0,78.83333333333333,3
CUST007763,12,585.0,73.16666666666667,4
CUST007764,8,403.0,72.25,3
CUST007765,7,293.0,74.0,3
CUST007766,11,364.0,61.54545454545455,4
CUST007767,7,381.5,72.0,4
CUST007768,12,538.0,61.0,4
CUST007769,17,808.0,69.94117647058823,4
CUST007770,15,722.0,75.73333333333333,6
CUST007771,10,481.0,73.0,5
CUST007772,12,527.0,68.83333333333333,3
CUST007773,12,595.5,74.08333333333333,4
CUST007774,7,356.0,53.42857142857143,3
CUST007775,2,137.0,75.0,2
CUST007776,5,321.0,65.0,3
CUST007777,7,365.0,76.57142857142857,3
CUST007778,9,360.0,71.44444444444444,4
CUST007779,12,554.0,69.16666666666667,5
CUST007780,9,442.0,79.88888888888889,3
CUST007781,11,508.5,80.9090909090909,4
CUST007782,10,300.0,76.8,3
CUST007783,8,483.5,61.875,3
CUST007784,5,216.0,54.0,2
CUST007785,2,162.0,65.0,1
CUST007786,6,301.0,64.16666666666667,4
CUST007787,11,570.0,73.9090909090909,4
CUST007788,8,367.0,73.75,4
CUST007789,9,374.0,76.0,3
CUST007790,6,281.0,58.666666666666664,3
CUST007791,6,338.0,70.5,3
CUST007792,11,415.0,73.9090909090909,3
CUST007793,11,458.0,78.18181818181819,3
CUST007794,8,339.0,71.0,4
CUST007795,9,415.0,74.33333333333333,5
CUST007796,5,273.0,80.4,3
CUST007797,9,555.0,64.77777777777777,5
CUST007798,10,471.5,75.1,5
CUST007799,10,456.0,70.4,5
CUST007800,11,614.0,65.0,6
CUST007801,9,436.5,74.55555555555556,4
CUST007802,7,291.0,68.0,2
CUST007803,8,349.0,72.375,2
CUST007804,13,522.0,59.76923076923077,4
CUST007805,2,102.0,65.0,2
CUST007806,12,596.0,60.416666666666664,5
CUST007807,6,320.0,64.66666666666667,4
CUST007808,12,635.0,74.58333333333333,5
CUST007809,11,752.0,70.63636363636364,4
CUST007810,7,294.0,88.28571428571429,4
CUST007811,10,453.0,68.6,6
CUST007812,13,616.0,79.84615384615384,5
CUST007813,3,169.0,65.0,2
CUST007814,9,503.0,67.0,4
CUST007815,8,402.0,65.5,3
CUST007816,7,361.0,82.85714285714286,3
CUST007817,5,243.0,75.4,2
CUST007818,3,146.0,84.0,3
CUST007819,8,320.0,67.125,3
CUST007820,10,450.0,79.1,3
CUST007821,13,584.0,70.38461538461539,3
CUST007822,5,202.0,88.6,3
CUST007823,11,508.0,69.18181818181819,4
CUST007824,5,257.0,79.0,2
CUST007825,7,228.0,75.0,3
CUST007826,14,561.0,69.85714285714286,6
CUST007827,14,762.0,66.07142857142857,5
CUST007828,4,205.0,67.5,2
CUST007829,4,225.0,42.5,3
CUST007830,10,480.0,70.0,3
CUST007831,7,287.0,74.14285714285714,5
CUST007832,5,191.0,71.6,4
CUST007833,14,702.5,66.07142857142857,6
CUST007834,8,435.0,53.875,4
CUST007835,12,433.0,73.66666666666667,4
CUST007836,7,324.0,62.142857142857146,4
CUST007837,10,330.0,64.0,4
CUST007838,8,249.0,59.625,3
CUST007839,6,293.0,79.83333333333333,2
CUST007840,4,242.0,51.75,2
CUST007841,5,266.0,49.6,3
CUST007842,7,425.0,82.57142857142857,4
CUST007843,8,252.0,80.875,5
CUST007844,8,403.0,79.875,3
CUST007845,7,322.0,63.42857142857143,3
CUST007846,14,668.0,71.78571428571429,4
CUST007847,6,160.0,71.83333333333333,5
CUST007848,7,356.0,73.28571428571429,3
CUST007849,2,100.0,64.5,2
CUST007850,4,258.0,74.25,2
CUST007851,3,190.0,60.666666666666664,2
CUST007852,7,455.0,79.57142857142857,5
CUST007853,12,610.5,59.75,6
CUST007854,10,351.0,71.6,4
CUST007855,14,470.0,84.42857142857143,3
CUST007856,11,463.0,73.36363636363636,4
CUST007857,6,346.0,75.0,3
CUST007858,2,117.0,63.0,2
CUST007859,5,296.0,67.8,3
CUST007860,6,355.0,42.833333333333336,5
CUST007861,12,464.0,80.08333333333333,5
CUST007862,13,621.0,72.84615384615384,3
CUST007863,6,204.0,83.0,4
CUST007864,1,42.0,60.0,1
CUST007865,9,463.0,49.55555555555556,5
CUST007866,8,420.0,75.25,4
CUST007867,4,172.0,69.5,3
CUST007868,7,418.5,69.28571428571429,3
CUST007869,7,356.0,55.142857142857146,3
CUST007870,8,394.0,72.375,6
CUST007871,8,444.0,63.875,5
CUST007872,8,528.0,77.875,4
CUST007873,9,386.0,64.44444444444444,4
CUST007874,9,418.0,65.66666666666667,3
CUST007875,5,236.5,84.4,4
CUST007876,4,312.0,84.25,3
CUST007877,10,439.0,70.3,5
CUST007878,7,417.0,72.28571428571429,3
CUST007879,13,500.0,69.3076923076923,4
CUST007880,10,458.0,70.4,5
CUST007881,10,470.0,75.7,4
CUST007882,4,223.0,45.75,2
CUST007883,9,470.0,72.44444444444444,4
CUST007884,3,112.0,79.33333333333333,2
CUST007885,9,371.0,66.22222222222223,3
CUST007886,8,439.0,77.125,4
CUST007887,3,188.0,43.666666666666664,2
CUST007888,11,586.0,68.72727272727273,5
CUST007889,8,459.0,76.0,3
CUST007890,8,339.0,63.5,3
CUST007891,7,195.0,66.85714285714286,3
CUST007892,8,400.0,72.375,3
CUST007893,8,384.0,71.25,3
CUST007894,14,756.0,68.21428571428571,6
CUST007895,7,368.0,68.57142857142857,4
CUST007896,1,3.0,76.0,1
CUST007897,8,396.0,62.875,5
CUST007898,4,234.0,77.5,2
CUST007899,11,484.0,72.0909090909091,5
CUST007900,6,244.0,71.16666666666667,3
CUST007901,5,358.5,74.4,3
CUST007902,7,393.0,60.857142857142854,2
CUST007903,10,410.0,71.7,4
CUST007904,8,353.0,61.25,5
CUST007905,5,225.5,78.4,4
CUST007906,8,387.0,73.625,4
CUST007907,2,129.0,72.0,2
CUST007908,5,231.0,65.2,4
CUST007909,9,390.0,63.888888888888886,4
CUST007910,1,82.0,65.0,1
CUST007911,1,33.0,98.0,1
CUST007912,12,592.0,68.91666666666667,5
CUST007913,5,202.0,67.2,4
CUST007914,1,80.0,100.0,1
CUST007915,12,542.0,73.08333333333333,4
CUST007916,9,534.5,74.0,5
CUST007917,7,320.0,75.85714285714286,3
CUST007918,4,208.0,77.75,3
CUST007919,14,521.0,76.35714285714286,4
CUST007920,10,457.0,67.9,4
CUST007921,13,485.0,78.6923076923077,3
CUST007922,6,296.0,81.83333333333333,3
CUST007923,9,422.5,75.0,3
CUST007924,14,525.0,65.85714285714286,4
CUST007925,12,562.0,78.83333333333333,4
CUST007926,6,273.0,57.833333333333336,5
CUST007927,3,92.0,91.33333333333333,3
CUST007928,2,91.0,82.0,2
CUST007929,6,291.0,71.33333333333333,4
CUST007930,2,148.0,72.5,2
CUST007931,2,130.5,73.5,2
CUST007932,5,265.0,66.4,2
CUST007933,7,405.0,66.57142857142857,4
CUST007934,9,564.0,72.44444444444444,4
CUST007935,12,531.0,71.83333333333333,5
CUST007936,9,439.0,71.22222222222223,4
CUST007937,11,465.0,66.0909090909091,3
CUST007938,2,160.0,78.5,2
CUST007939,20,997.0,67.05,3
CUST007940,13,655.0,73.3076923076923,5
CUST007941,9,461.0,75.88888888888889,4
CUST007942,9,299.0,83.44444444444444,4
CUST007943,9,456.0,66.44444444444444,5
CUST007944,1,60.0,49.0,1
CUST007945,11,514.0,62.90909090909091,4
CUST007946,7,482.0,51.714285714285715,3
CUST007947,13,643.0,67.6923076923077,5
CUST007948,8,393.0,69.25,2
CUST007949,8,499.0,64.375,3
CUST007950,2,103.0,51.0,2
CUST007951,8,393.0,71.75,4
CUST007952,6,244.0,85.33333333333333,3
CUST007953,6,416.0,64.0,5
CUST007954,15,882.0,69.0,5
CUST007955,12,589.0,74.41666666666667,3
CUST007956,6,392.0,69.0,2
CUST007957,9,465.0,74.22222222222223,3
CUST007958,1,49.0,76.0,1
CUST007959,6,182.0,84.0,2
CUST007960,13,637.0,60.38461538461539,4
CUST007961,8,419.0,81.125,4
CUST007962,9,395.0,64.44444444444444,5
CUST007963,9,583.0,68.77777777777777,4
CUST007964,9,412.0,77.33333333333333,4
CUST007965,16,695.0,67.5625,4
CUST007966,7,501.0,74.57142857142857,4
CUST007967,10,349.0,82.9,4
CUST007968,10,420.0,68.0,5
CUST007969,12,552.0,75.41666666666667,3
CUST007970,10,455.5,70.3,3
CUST007971,10,597.0,69.8,3
CUST007972,18,857.0,73.22222222222223,5
CUST007973,8,283.0,74.375,4
CUST007974,9,427.0,64.44444444444444,5
CUST007975,6,234.0,72.0,3
CUST007976,6,304.0,66.66666666666667,3
CUST007977,9,442.0,72.0,3
CUST007978,10,516.0,74.5,4
CUST007979,10,535.0,72.1,4
CUST007980,6,286.0,79.33333333333333,3
CUST007981,3,219.0,58.0,3
CUST007982,8,326.0,69.875,3
CUST007983,9,366.0,60.666666666666664,3
CUST007984,8,295.0,57.625,6
CUST007985,10,581.0,71.1,4
CUST007986,8,386.0,75.125,4
CUST007987,8,458.0,76.125,3
CUST007988,14,638.0,70.85714285714286,3
CUST007989,12,623.0,49.333333333333336,5
CUST007990,5,195.0,88.0,2
CUST007991,13,632.0,70.92307692307692,4
CUST007992,12,459.0,64.16666666666667,5
CUST007993,6,345.0,71.16666666666667,2
CUST007994,2,120.0,76.0,2
CUST007995,12,493.0,68.58333333333333,5
CUST007996,11,545.0,85.36363636363636,5
CUST007997,6,289.0,57.833333333333336,5
CUST007998,9,584.0,67.0,5
CUST007999,7,315.0,88.14285714285714,4
CUST008000,4,232.0,70.25,3
