customer_id,churned,churn_date,churn_reason
CUST000001,False,,
CUST000002,False,,
CUST000003,True,2026-04-20,Too expensive
CUST000004,False,,
CUST000005,False,,
CUST000006,False,,
CUST000007,True,2026-05-05,Password sharing crackdown
CUST000008,False,,
CUST000009,False,,
CUST000010,False,,
CUST000011,False,,
CUST000012,False,,
CUST000013,False,,
CUST000014,True,2026-01-31,Too expensive
CUST000015,False,,
CUST000016,False,,
CUST000017,False,,
CUST000018,False,,
CUST000019,False,,
CUST000020,False,,
CUST000021,False,,
CUST000022,False,,
CUST000023,True,2026-06-05,No longer needed
CUST000024,False,,
CUST000025,True,2026-05-09,Too expensive
CUST000026,False,,
CUST000027,False,,
CUST000028,True,2025-11-08,Content quality decline
CUST000029,True,2025-10-07,Payment issues
CUST000030,False,,
CUST000031,False,,
CUST000032,True,2026-01-22,Poor customer service experience
CUST000033,True,2025-11-19,Household budget cuts
CUST000034,False,,
CUST000035,False,,
CUST000036,False,,
CUST000037,False,,
CUST000038,False,,
CUST000039,True,2026-01-28,Poor customer service experience
CUST000040,False,,
CUST000041,False,,
CUST000042,False,,
CUST000043,False,,
CUST000044,True,2026-02-06,Household budget cuts
CUST000045,False,,
CUST000046,True,2026-04-21,Household budget cuts
CUST000047,False,,
CUST000048,False,,
CUST000049,False,,
CUST000050,False,,
CUST000051,False,,
CUST000052,False,,
CUST000053,True,2025-10-30,Content quality decline
CUST000054,False,,
CUST000055,True,2026-01-31,Technical issues
CUST000056,False,,
CUST000057,True,2025-10-16,Too expensive
CUST000058,False,,
CUST000059,True,2025-12-05,Found alternative platform
CUST000060,False,,
CUST000061,False,,
CUST000062,False,,
CUST000063,False,,
CUST000064,False,,
CUST000065,True,2026-02-25,Poor customer service experience
CUST000066,True,2026-06-09,Content quality decline
CUST000067,True,2025-11-07,Household budget cuts
CUST000068,True,2026-04-29,Technical issues
CUST000069,False,,
CUST000070,False,,
CUST000071,False,,
CUST000072,False,,
CUST000073,False,,
CUST000074,True,2025-12-20,Not enough content
CUST000075,False,,
CUST000076,False,,
CUST000077,False,,
CUST000078,False,,
CUST000079,False,,
CUST000080,False,,
CUST000081,True,2025-12-17,Found alternative platform
CUST000082,True,2025-10-16,Not enough content
CUST000083,False,,
CUST000084,False,,
CUST000085,False,,
CUST000086,False,,
CUST000087,False,,
CUST000088,False,,
CUST000089,False,,
CUST000090,False,,
CUST000091,False,,
CUST000092,True,2026-03-01,Too expensive
CUST000093,True,2026-01-20,No longer needed
CUST000094,False,,
CUST000095,False,,
CUST000096,True,2025-10-23,Password sharing crackdown
CUST000097,False,,
CUST000098,False,,
CUST000099,True,2026-03-02,Found alternative platform
CUST000100,False,,
CUST000101,False,,
CUST000102,False,,
CUST000103,False,,
CUST000104,True,2025-10-27,Technical issues
CUST000105,False,,
CUST000106,False,,
CUST000107,False,,
CUST000108,True,2026-03-20,Too expensive
CUST000109,False,,
CUST000110,True,2026-02-25,Found alternative platform
CUST000111,True,2026-06-13,Too expensive
CUST000112,False,,
CUST000113,True,2025-12-09,Poor customer service experience
CUST000114,True,2026-02-27,Poor customer service experience
CUST000115,False,,
CUST000116,False,,
CUST000117,False,,
CUST000118,False,,
CUST000119,True,2026-02-27,Found alternative platform
CUST000120,False,,
CUST000121,False,,
CUST000122,False,,
CUST000123,False,,
CUST000124,False,,
CUST000125,True,2025-11-17,Too expensive
CUST000126,True,2025-10-11,Too expensive
CUST000127,False,,
CUST000128,False,,
CUST000129,False,,
CUST000130,False,,
CUST000131,False,,
CUST000132,True,2026-01-19,Found alternative platform
CUST000133,True,2026-06-25,Poor customer service experience
CUST000134,False,,
CUST000135,False,,
CUST000136,False,,
CUST000137,True,2026-01-10,Found alternative platform
CUST000138,True,2025-11-09,Not enough content
CUST000139,False,,
CUST000140,False,,
CUST000141,True,2026-06-01,Found alternative platform
CUST000142,False,,
CUST000143,True,2025-12-27,Not enough content
CUST000144,False,,
CUST000145,False,,
CUST000146,True,2025-12-26,Household budget cuts
CUST000147,False,,
CUST000148,False,,
CUST000149,True,2026-05-20,Found alternative platform
CUST000150,False,,
CUST000151,False,,
CUST000152,True,2026-03-03,Too expensive
CUST000153,False,,
CUST000154,False,,
CUST000155,True,2025-12-17,Technical issues
CUST000156,False,,
CUST000157,False,,
CUST000158,False,,
CUST000159,False,,
CUST000160,True,2026-03-18,Too expensive
CUST000161,True,2025-12-04,Found alternative platform
CUST000162,False,,
CUST000163,False,,
CUST000164,False,,
CUST000165,False,,
CUST000166,True,2026-04-19,Found alternative platform
CUST000167,False,,
CUST000168,False,,
CUST000169,False,,
CUST000170,False,,
CUST000171,True,2026-05-19,Password sharing crackdown
CUST000172,True,2026-02-22,Payment issues
CUST000173,False,,
CUST000174,False,,
CUST000175,False,,
CUST000176,False,,
CUST000177,False,,
CUST000178,False,,
CUST000179,False,,
CUST000180,True,2026-06-04,Content quality decline
CUST000181,False,,
CUST000182,False,,
CUST000183,True,2026-06-14,Too expensive
CUST000184,True,2026-01-27,Not enough content
CUST000185,False,,
CUST000186,False,,
CUST000187,True,2026-06-19,Moving / relocation
CUST000188,False,,
CUST000189,False,,
CUST000190,False,,
CUST000191,True,2026-06-28,No longer needed
CUST000192,True,2026-05-28,Content quality decline
CUST000193,False,,
CUST000194,False,,
CUST000195,False,,
CUST000196,False,,
CUST000197,True,2026-02-18,Too expensive
CUST000198,False,,
CUST000199,False,,
CUST000200,False,,
CUST000201,False,,
CUST000202,False,,
CUST000203,False,,
CUST000204,False,,
CUST000205,True,2026-04-05,Found alternative platform
CUST000206,False,,
CUST000207,False,,
CUST000208,False,,
CUST000209,False,,
CUST000210,True,2025-12-05,Technical issues
CUST000211,False,,
CUST000212,False,,
CUST000213,False,,
CUST000214,False,,
CUST000215,False,,
CUST000216,False,,
CUST000217,False,,
CUST000218,False,,
CUST000219,False,,
CUST000220,False,,
CUST000221,True,2025-12-31,Not enough content
CUST000222,True,2026-04-23,Not enough content
CUST000223,False,,
CUST000224,False,,
CUST000225,True,2025-12-18,Password sharing crackdown
CUST000226,True,2026-03-21,No longer needed
CUST000227,False,,
CUST000228,False,,
CUST000229,False,,
CUST000230,False,,
CUST000231,False,,
CUST000232,True,2026-04-11,Moving / relocation
CUST000233,False,,
CUST000234,True,2026-04-13,Technical issues
CUST000235,False,,
CUST000236,False,,
CUST000237,True,2026-02-03,Too expensive
CUST000238,False,,
CUST000239,False,,
CUST000240,False,,
CUST000241,False,,
CUST000242,True,2026-02-24,Not enough content
CUST000243,True,2026-01-08,Too expensive
CUST000244,False,,
CUST000245,False,,
CUST000246,False,,
CUST000247,True,2026-04-10,Not enough content
CUST000248,False,,
CUST000249,False,,
CUST000250,False,,
CUST000251,False,,
CUST000252,False,,
CUST000253,False,,
CUST000254,False,,
CUST000255,True,2025-11-08,Password sharing crackdown
CUST000256,False,,
CUST000257,False,,
CUST000258,False,,
CUST000259,True,2026-02-10,Poor customer service experience
CUST000260,False,,
CUST000261,False,,
CUST000262,False,,
CUST000263,False,,
CUST000264,True,2025-10-05,Household budget cuts
CUST000265,False,,
CUST000266,False,,
CUST000267,False,,
CUST000268,True,2026-01-29,Found alternative platform
CUST000269,True,2026-05-29,Too expensive
CUST000270,False,,
CUST000271,True,2025-10-30,Poor customer service experience
CUST000272,False,,
CUST000273,False,,
CUST000274,False,,
CUST000275,False,,
CUST000276,False,,
CUST000277,False,,
CUST000278,False,,
CUST000279,False,,
CUST000280,False,,
CUST000281,False,,
CUST000282,False,,
CUST000283,True,2026-04-22,Poor customer service experience
CUST000284,False,,
CUST000285,True,2025-10-18,Not enough content
CUST000286,False,,
CUST000287,True,2025-11-29,No longer needed
CUST000288,False,,
CUST000289,False,,
CUST000290,True,2026-03-23,Not enough content
CUST000291,False,,
CUST000292,False,,
CUST000293,False,,
CUST000294,False,,
CUST000295,True,2025-12-10,Technical issues
CUST000296,True,2025-12-07,Found alternative platform
CUST000297,False,,
CUST000298,False,,
CUST000299,True,2026-01-02,No longer needed
CUST000300,True,2026-05-26,Technical issues
CUST000301,False,,
CUST000302,True,2026-05-17,Password sharing crackdown
CUST000303,True,2026-04-14,Content quality decline
CUST000304,False,,
CUST000305,True,2026-03-08,Not enough content
CUST000306,False,,
CUST000307,False,,
CUST000308,False,,
CUST000309,False,,
CUST000310,True,2025-10-15,Too expensive
CUST000311,False,,
CUST000312,True,2026-06-08,No longer needed
CUST000313,False,,
CUST000314,True,2026-03-11,Not enough content
CUST000315,False,,
CUST000316,False,,
CUST000317,True,2026-05-18,Content quality decline
CUST000318,True,2026-02-08,Not enough content
CUST000319,False,,
CUST000320,False,,
CUST000321,False,,
CUST000322,True,2026-05-12,No longer needed
CUST000323,False,,
CUST000324,False,,
CUST000325,False,,
CUST000326,False,,
CUST000327,False,,
CUST000328,True,2026-01-07,No longer needed
CUST000329,False,,
CUST000330,True,2026-02-24,Not enough content
CUST000331,True,2025-11-12,Payment issues
CUST000332,False,,
CUST000333,True,2025-11-16,Not enough content
CUST000334,False,,
CUST000335,True,2025-10-30,Content quality decline
CUST000336,False,,
CUST000337,True,2025-12-23,Too expensive
CUST000338,False,,
CUST000339,False,,
CUST000340,False,,
CUST000341,False,,
CUST000342,False,,
CUST000343,False,,
CUST000344,False,,
CUST000345,True,2026-05-23,Found alternative platform
CUST000346,False,,
CUST000347,False,,
CUST000348,False,,
CUST000349,False,,
CUST000350,False,,
CUST000351,False,,
CUST000352,True,2026-04-28,Payment issues
CUST000353,True,2026-05-30,Technical issues
CUST000354,False,,
CUST000355,False,,
CUST000356,False,,
CUST000357,False,,
CUST000358,False,,
CUST000359,False,,
CUST000360,False,,
CUST000361,True,2026-04-17,Found alternative platform
CUST000362,False,,
CUST000363,False,,
CUST000364,True,2026-05-31,Not enough content
CUST000365,False,,
CUST000366,False,,
CUST000367,False,,
CUST000368,False,,
CUST000369,False,,
CUST000370,True,2026-06-28,Too expensive
CUST000371,False,,
CUST000372,False,,
CUST000373,False,,
CUST000374,True,2026-03-12,Payment issues
CUST000375,False,,
CUST000376,False,,
CUST000377,False,,
CUST000378,False,,
CUST000379,False,,
CUST000380,False,,
CUST000381,False,,
CUST000382,True,2025-11-15,No longer needed
CUST000383,True,2026-01-10,Poor customer service experience
CUST000384,True,2026-01-04,Not enough content
CUST000385,False,,
CUST000386,False,,
CUST000387,True,2026-03-27,Not enough content
CUST000388,True,2026-06-19,Too expensive
CUST000389,False,,
CUST000390,False,,
CUST000391,False,,
CUST000392,False,,
CUST000393,False,,
CUST000394,True,2026-03-12,No longer needed
CUST000395,False,,
CUST000396,False,,
CUST000397,False,,
CUST000398,False,,
CUST000399,True,2026-06-08,Household budget cuts
CUST000400,False,,
CUST000401,False,,
CUST000402,True,2026-06-10,Too expensive
CUST000403,False,,
CUST000404,False,,
CUST000405,False,,
CUST000406,True,2026-03-13,Too expensive
CUST000407,False,,
CUST000408,True,2025-10-16,Household budget cuts
CUST000409,False,,
CUST000410,False,,
CUST000411,False,,
CUST000412,True,2026-03-01,Content quality decline
CUST000413,False,,
CUST000414,False,,
CUST000415,False,,
CUST000416,False,,
CUST000417,False,,
CUST000418,False,,
CUST000419,False,,
CUST000420,True,2026-02-23,Too expensive
CUST000421,False,,
CUST000422,False,,
CUST000423,False,,
CUST000424,False,,
CUST000425,False,,
CUST000426,False,,
CUST000427,False,,
CUST000428,True,2026-01-01,Payment issues
CUST000429,False,,
CUST000430,False,,
CUST000431,False,,
CUST000432,False,,
CUST000433,False,,
CUST000434,True,2025-12-29,Found alternative platform
CUST000435,False,,
CUST000436,False,,
CUST000437,False,,
CUST000438,False,,
CUST000439,False,,
CUST000440,False,,
CUST000441,False,,
CUST000442,False,,
CUST000443,False,,
CUST000444,False,,
CUST000445,True,2026-02-11,No longer needed
CUST000446,False,,
CUST000447,False,,
CUST000448,False,,
CUST000449,True,2026-01-18,Too expensive
CUST000450,False,,
CUST000451,False,,
CUST000452,False,,
CUST000453,False,,
CUST000454,False,,
CUST000455,False,,
CUST000456,False,,
CUST000457,False,,
CUST000458,False,,
CUST000459,False,,
CUST000460,False,,
CUST000461,True,2025-12-24,No longer needed
CUST000462,False,,
CUST000463,False,,
CUST000464,False,,
CUST000465,False,,
CUST000466,False,,
CUST000467,True,2026-06-29,Too expensive
CUST000468,False,,
CUST000469,False,,
CUST000470,False,,
CUST000471,False,,
CUST000472,True,2026-03-14,Found alternative platform
CUST000473,True,2026-04-09,Poor customer service experience
CUST000474,False,,
CUST000475,False,,
CUST000476,False,,
CUST000477,False,,
CUST000478,True,2025-10-09,Moving / relocation
CUST000479,True,2025-12-18,Poor customer service experience
CUST000480,True,2026-06-21,Moving / relocation
CUST000481,False,,
CUST000482,False,,
CUST000483,False,,
CUST000484,False,,
CUST000485,False,,
CUST000486,False,,
CUST000487,True,2026-03-12,Too expensive
CUST000488,False,,
CUST000489,False,,
CUST000490,False,,
CUST000491,True,2025-12-22,Poor customer service experience
CUST000492,False,,
CUST000493,True,2026-06-20,Content quality decline
CUST000494,False,,
CUST000495,False,,
CUST000496,False,,
CUST000497,True,2025-10-18,Not enough content
CUST000498,False,,
CUST000499,True,2025-10-03,Password sharing crackdown
CUST000500,False,,
CUST000501,True,2026-04-20,Technical issues
CUST000502,False,,
CUST000503,False,,
CUST000504,False,,
CUST000505,False,,
CUST000506,False,,
CUST000507,False,,
CUST000508,False,,
CUST000509,False,,
CUST000510,True,2026-03-01,Too expensive
CUST000511,False,,
CUST000512,False,,
CUST000513,False,,
CUST000514,False,,
CUST000515,False,,
CUST000516,False,,
CUST000517,False,,
CUST000518,False,,
CUST000519,False,,
CUST000520,True,2026-06-10,Technical issues
CUST000521,False,,
CUST000522,True,2025-10-31,Poor customer service experience
CUST000523,False,,
CUST000524,False,,
CUST000525,True,2025-12-01,Not enough content
CUST000526,True,2026-03-15,Found alternative platform
CUST000527,True,2026-04-17,No longer needed
CUST000528,True,2026-03-26,Technical issues
CUST000529,False,,
CUST000530,True,2026-02-14,Poor customer service experience
CUST000531,False,,
CUST000532,False,,
CUST000533,False,,
CUST000534,False,,
CUST000535,True,2026-04-16,Payment issues
CUST000536,False,,
CUST000537,True,2026-06-19,No longer needed
CUST000538,False,,
CUST000539,False,,
CUST000540,True,2026-05-14,Not enough content
CUST000541,False,,
CUST000542,False,,
CUST000543,True,2026-05-10,Too expensive
CUST000544,False,,
CUST000545,False,,
CUST000546,False,,
CUST000547,False,,
CUST000548,False,,
CUST000549,True,2025-11-04,Not enough content
CUST000550,False,,
CUST000551,False,,
CUST000552,False,,
CUST000553,True,2026-05-07,Content quality decline
CUST000554,True,2025-10-15,Found alternative platform
CUST000555,False,,
CUST000556,False,,
CUST000557,False,,
CUST000558,True,2026-06-10,Not enough content
CUST000559,True,2026-04-03,Found alternative platform
CUST000560,False,,
CUST000561,True,2026-04-23,Too expensive
CUST000562,False,,
CUST000563,False,,
CUST000564,True,2026-03-17,Moving / relocation
CUST000565,False,,
CUST000566,False,,
CUST000567,False,,
CUST000568,False,,
CUST000569,False,,
CUST000570,False,,
CUST000571,False,,
CUST000572,False,,
CUST000573,True,2026-06-07,Password sharing crackdown
CUST000574,False,,
CUST000575,True,2025-10-27,Content quality decline
CUST000576,False,,
CUST000577,False,,
CUST000578,False,,
CUST000579,False,,
CUST000580,True,2026-05-05,No longer needed
CUST000581,False,,
CUST000582,False,,
CUST000583,False,,
CUST000584,False,,
CUST000585,False,,
CUST000586,False,,
CUST000587,False,,
CUST000588,True,2026-04-23,Too expensive
CUST000589,False,,
CUST000590,False,,
CUST000591,False,,
CUST000592,False,,
CUST000593,True,2026-03-10,Not enough content
CUST000594,False,,
CUST000595,False,,
CUST000596,False,,
CUST000597,False,,
CUST000598,False,,
CUST000599,False,,
CUST000600,False,,
CUST000601,False,,
CUST000602,False,,
CUST000603,True,2025-11-26,Password sharing crackdown
CUST000604,False,,
CUST000605,False,,
CUST000606,False,,
CUST000607,True,2025-10-10,Technical issues
CUST000608,False,,
CUST000609,False,,
CUST000610,False,,
CUST000611,False,,
CUST000612,False,,
CUST000613,False,,
CUST000614,False,,
CUST000615,True,2026-02-21,No longer needed
CUST000616,False,,
CUST000617,False,,
CUST000618,False,,
CUST000619,True,2026-03-19,Too expensive
CUST000620,False,,
CUST000621,True,2026-03-14,Too expensive
CUST000622,True,2026-05-04,Not enough content
CUST000623,True,2026-05-18,No longer needed
CUST000624,False,,
CUST000625,False,,
CUST000626,False,,
CUST000627,False,,
CUST000628,True,2026-03-06,Moving / relocation
CUST000629,True,2026-06-04,Household budget cuts
CUST000630,False,,
CUST000631,True,2026-02-09,Moving / relocation
CUST000632,False,,
CUST000633,False,,
CUST000634,False,,
CUST000635,False,,
CUST000636,False,,
CUST000637,True,2026-02-16,Too expensive
CUST000638,False,,
CUST000639,False,,
CUST000640,False,,
CUST000641,False,,
CUST000642,False,,
CUST000643,False,,
CUST000644,False,,
CUST000645,False,,
CUST000646,False,,
CUST000647,False,,
CUST000648,False,,
CUST000649,False,,
CUST000650,False,,
CUST000651,True,2026-05-31,Moving / relocation
CUST000652,True,2026-04-11,Poor customer service experience
CUST000653,True,2025-12-20,No longer needed
CUST000654,True,2026-06-01,Content quality decline
CUST000655,True,2026-02-13,Content quality decline
CUST000656,True,2025-10-19,No longer needed
CUST000657,True,2025-10-17,Found alternative platform
CUST000658,False,,
CUST000659,False,,
CUST000660,True,2026-05-06,Poor customer service experience
CUST000661,False,,
CUST000662,False,,
CUST000663,True,2026-01-05,Payment issues
CUST000664,False,,
CUST000665,True,2026-05-15,Too expensive
CUST000666,False,,
CUST000667,False,,
CUST000668,False,,
CUST000669,True,2026-06-19,Too expensive
CUST000670,True,2025-12-02,Too expensive
CUST000671,True,2025-12-16,Too expensive
CUST000672,False,,
CUST000673,False,,
CUST000674,False,,
CUST000675,False,,
CUST000676,False,,
CUST000677,True,2025-10-20,Payment issues
CUST000678,False,,
CUST000679,False,,
CUST000680,True,2026-04-30,Not enough content
CUST000681,False,,
CUST000682,False,,
CUST000683,False,,
CUST000684,False,,
CUST000685,True,2026-06-20,Content quality decline
CUST000686,False,,
CUST000687,False,,
CUST000688,False,,
CUST000689,False,,
CUST000690,False,,
CUST000691,False,,
CUST000692,False,,
CUST000693,False,,
CUST000694,False,,
CUST000695,False,,
CUST000696,False,,
CUST000697,False,,
CUST000698,False,,
CUST000699,False,,
CUST000700,False,,
CUST000701,False,,
CUST000702,False,,
CUST000703,False,,
CUST000704,True,2026-01-24,Too expensive
CUST000705,False,,
CUST000706,False,,
CUST000707,True,2026-05-18,Household budget cuts
CUST000708,False,,
CUST000709,False,,
CUST000710,True,2026-04-25,Password sharing crackdown
CUST000711,False,,
CUST000712,False,,
CUST000713,True,2026-05-31,No longer needed
CUST000714,True,2026-03-10,Found alternative platform
CUST000715,False,,
CUST000716,True,2026-06-08,Found alternative platform
CUST000717,True,2026-01-18,Not enough content
CUST000718,False,,
CUST000719,False,,
CUST000720,False,,
CUST000721,False,,
CUST000722,False,,
CUST000723,False,,
CUST000724,True,2026-04-26,Household budget cuts
CUST000725,False,,
CUST000726,False,,
CUST000727,False,,
CUST000728,False,,
CUST000729,False,,
CUST000730,False,,
CUST000731,False,,
CUST000732,False,,
CUST000733,False,,
CUST000734,False,,
CUST000735,True,2025-12-14,Content quality decline
CUST000736,False,,
CUST000737,True,2026-06-04,Password sharing crackdown
CUST000738,False,,
CUST000739,False,,
CUST000740,True,2026-01-09,Poor customer service experience
CUST000741,False,,
CUST000742,False,,
CUST000743,False,,
CUST000744,False,,
CUST000745,True,2025-12-13,Password sharing crackdown
CUST000746,False,,
CUST000747,False,,
CUST000748,False,,
CUST000749,True,2026-05-21,Found alternative platform
CUST000750,False,,
CUST000751,True,2026-05-04,Too expensive
CUST000752,False,,
CUST000753,False,,
CUST000754,True,2025-12-15,Payment issues
CUST000755,False,,
CUST000756,False,,
CUST000757,False,,
CUST000758,True,2026-06-02,Technical issues
CUST000759,False,,
CUST000760,False,,
CUST000761,False,,
CUST000762,False,,
CUST000763,False,,
CUST000764,False,,
CUST000765,False,,
CUST000766,False,,
CUST000767,True,2026-04-14,Found alternative platform
CUST000768,False,,
CUST000769,False,,
CUST000770,False,,
CUST000771,False,,
CUST000772,False,,
CUST000773,False,,
CUST000774,False,,
CUST000775,False,,
CUST000776,False,,
CUST000777,False,,
CUST000778,False,,
CUST000779,True,2026-01-18,Technical issues
CUST000780,True,2025-11-25,Too expensive
CUST000781,False,,
CUST000782,False,,
CUST000783,True,2025-11-23,Found alternative platform
CUST000784,False,,
CUST000785,False,,
CUST000786,False,,
CUST000787,False,,
CUST000788,True,2025-10-22,Payment issues
CUST000789,True,2025-12-03,No longer needed
CUST000790,True,2026-04-30,No longer needed
CUST000791,False,,
CUST000792,False,,
CUST000793,False,,
CUST000794,False,,
CUST000795,True,2026-03-16,Found alternative platform
CUST000796,False,,
CUST000797,False,,
CUST000798,False,,
CUST000799,True,2026-06-07,No longer needed
CUST000800,False,,
CUST000801,False,,
CUST000802,False,,
CUST000803,False,,
CUST000804,False,,
CUST000805,False,,
CUST000806,False,,
CUST000807,False,,
CUST000808,False,,
CUST000809,True,2026-05-21,Too expensive
CUST000810,False,,
CUST000811,False,,
CUST000812,False,,
CUST000813,True,2026-06-26,Poor customer service experience
CUST000814,False,,
CUST000815,False,,
CUST000816,True,2025-12-08,Found alternative platform
CUST000817,False,,
CUST000818,False,,
CUST000819,False,,
CUST000820,True,2025-11-11,Household budget cuts
CUST000821,False,,
CUST000822,True,2026-05-04,Too expensive
CUST000823,False,,
CUST000824,False,,
CUST000825,True,2026-04-23,Found alternative platform
CUST000826,False,,
CUST000827,False,,
CUST000828,False,,
CUST000829,False,,
CUST000830,False,,
CUST000831,False,,
CUST000832,False,,
CUST000833,False,,
CUST000834,True,2025-10-03,Poor customer service experience
CUST000835,False,,
CUST000836,False,,
CUST000837,False,,
CUST000838,False,,
CUST000839,False,,
CUST000840,False,,
CUST000841,False,,
CUST000842,False,,
CUST000843,False,,
CUST000844,False,,
CUST000845,True,2026-06-25,Too expensive
CUST000846,False,,
CUST000847,True,2026-05-23,Password sharing crackdown
CUST000848,False,,
CUST000849,False,,
CUST000850,False,,
CUST000851,False,,
CUST000852,True,2026-06-06,Too expensive
CUST000853,False,,
CUST000854,True,2026-04-06,Too expensive
CUST000855,False,,
CUST000856,False,,
CUST000857,True,2026-01-03,Household budget cuts
CUST000858,False,,
CUST000859,True,2025-10-08,Content quality decline
CUST000860,False,,
CUST000861,True,2026-03-01,Household budget cuts
CUST000862,False,,
CUST000863,False,,
CUST000864,False,,
CUST000865,True,2025-11-21,Household budget cuts
CUST000866,True,2026-01-26,Too expensive
CUST000867,False,,
CUST000868,False,,
CUST000869,False,,
CUST000870,False,,
CUST000871,False,,
CUST000872,False,,
CUST000873,True,2026-05-24,Payment issues
CUST000874,True,2026-01-21,No longer needed
CUST000875,False,,
CUST000876,True,2026-02-13,No longer needed
CUST000877,False,,
CUST000878,False,,
CUST000879,False,,
CUST000880,False,,
CUST000881,False,,
CUST000882,False,,
CUST000883,False,,
CUST000884,False,,
CUST000885,False,,
CUST000886,False,,
CUST000887,False,,
CUST000888,False,,
CUST000889,True,2025-10-15,Too expensive
CUST000890,False,,
CUST000891,False,,
CUST000892,False,,
CUST000893,False,,
CUST000894,False,,
CUST000895,False,,
CUST000896,False,,
CUST000897,False,,
CUST000898,True,2025-11-29,Technical issues
CUST000899,True,2026-05-30,Household budget cuts
CUST000900,True,2026-04-23,Payment issues
CUST000901,True,2026-03-07,Payment issues
CUST000902,False,,
CUST000903,False,,
CUST000904,False,,
CUST000905,False,,
CUST000906,False,,
CUST000907,False,,
CUST000908,False,,
CUST000909,False,,
CUST000910,False,,
CUST000911,True,2025-10-17,Not enough content
CUST000912,False,,
CUST000913,False,,
CUST000914,True,2026-05-20,Payment issues
CUST000915,False,,
CUST000916,False,,
CUST000917,False,,
CUST000918,False,,
CUST000919,True,2026-03-27,Not enough content
CUST000920,False,,
CUST000921,True,2026-01-09,Poor customer service experience
CUST000922,True,2026-05-12,Payment issues
CUST000923,False,,
CUST000924,False,,
CUST000925,False,,
CUST000926,False,,
CUST000927,True,2026-03-25,No longer needed
CUST000928,False,,
CUST000929,False,,
CUST000930,False,,
CUST000931,False,,
CUST000932,False,,
CUST000933,False,,
CUST000934,False,,
CUST000935,True,2025-11-23,Content quality decline
CUST000936,True,2026-05-08,Moving / relocation
CUST000937,False,,
CUST000938,False,,
CUST000939,False,,
CUST000940,False,,
CUST000941,False,,
CUST000942,False,,
CUST000943,False,,
CUST000944,False,,
CUST000945,True,2026-01-12,Too expensive
CUST000946,False,,
CUST000947,False,,
CUST000948,False,,
CUST000949,False,,
CUST000950,False,,
CUST000951,True,2025-10-29,Too expensive
CUST000952,False,,
CUST000953,False,,
CUST000954,True,2026-04-08,Found alternative platform
CUST000955,False,,
CUST000956,False,,
CUST000957,False,,
CUST000958,False,,
CUST000959,False,,
CUST000960,True,2026-06-24,Too expensive
CUST000961,False,,
CUST000962,False,,
CUST000963,True,2026-03-11,Moving / relocation
CUST000964,False,,
CUST000965,False,,
CUST000966,True,2026-06-11,No longer needed
CUST000967,False,,
CUST000968,True,2026-05-27,Payment issues
CUST000969,False,,
CUST000970,False,,
CUST000971,False,,
CUST000972,False,,
CUST000973,True,2026-05-02,Too expensive
CUST000974,True,2026-03-05,Technical issues
CUST000975,False,,
CUST000976,True,2026-05-30,Payment issues
CUST000977,True,2025-10-30,Household budget cuts
CUST000978,True,2025-10-21,Technical issues
CUST000979,False,,
CUST000980,False,,
CUST000981,False,,
CUST000982,False,,
CUST000983,False,,
CUST000984,False,,
CUST000985,True,2026-03-18,Password sharing crackdown
CUST000986,False,,
CUST000987,False,,
CUST000988,False,,
CUST000989,False,,
CUST000990,False,,
CUST000991,True,2026-04-02,Found alternative platform
CUST000992,False,,
CUST000993,True,2026-01-01,Content quality decline
CUST000994,True,2025-11-10,No longer needed
CUST000995,False,,
CUST000996,True,2026-04-08,Household budget cuts
CUST000997,True,2025-10-21,Not enough content
CUST000998,False,,
CUST000999,False,,
CUST001000,True,2026-02-13,Poor customer service experience
CUST001001,True,2026-01-29,Technical issues
CUST001002,True,2026-04-14,Not enough content
CUST001003,True,2026-02-07,Technical issues
CUST001004,True,2025-12-18,Found alternative platform
CUST001005,False,,
CUST001006,True,2025-12-16,Household budget cuts
CUST001007,True,2026-04-15,Technical issues
CUST001008,False,,
CUST001009,False,,
CUST001010,False,,
CUST001011,True,2026-01-17,Content quality decline
CUST001012,False,,
CUST001013,False,,
CUST001014,True,2026-04-16,Not enough content
CUST001015,False,,
CUST001016,True,2025-12-31,No longer needed
CUST001017,False,,
CUST001018,False,,
CUST001019,True,2026-01-03,Not enough content
CUST001020,False,,
CUST001021,False,,
CUST001022,True,2026-05-03,Found alternative platform
CUST001023,False,,
CUST001024,False,,
CUST001025,False,,
CUST001026,False,,
CUST001027,True,2025-12-06,Not enough content
CUST001028,False,,
CUST001029,True,2025-11-08,Poor customer service experience
CUST001030,False,,
CUST001031,False,,
CUST001032,False,,
CUST001033,False,,
CUST001034,False,,
CUST001035,False,,
CUST001036,False,,
CUST001037,False,,
CUST001038,False,,
CUST001039,True,2026-01-08,Technical issues
CUST001040,True,2026-04-07,Too expensive
CUST001041,False,,
CUST001042,False,,
CUST001043,False,,
CUST001044,False,,
CUST001045,True,2025-10-27,Found alternative platform
CUST001046,False,,
CUST001047,False,,
CUST001048,False,,
CUST001049,True,2026-03-01,Moving / relocation
CUST001050,False,,
CUST001051,False,,
CUST001052,False,,
CUST001053,False,,
CUST001054,True,2026-01-11,No longer needed
CUST001055,False,,
CUST001056,False,,
CUST001057,False,,
CUST001058,True,2025-10-07,Technical issues
CUST001059,False,,
CUST001060,False,,
CUST001061,False,,
CUST001062,True,2025-10-22,Household budget cuts
CUST001063,False,,
CUST001064,False,,
CUST001065,True,2026-01-20,No longer needed
CUST001066,True,2026-05-01,Payment issues
CUST001067,False,,
CUST001068,False,,
CUST001069,True,2026-03-25,Found alternative platform
CUST001070,False,,
CUST001071,False,,
CUST001072,False,,
CUST001073,False,,
CUST001074,False,,
CUST001075,False,,
CUST001076,False,,
CUST001077,False,,
CUST001078,True,2025-11-30,Found alternative platform
CUST001079,False,,
CUST001080,False,,
CUST001081,False,,
CUST001082,True,2026-06-23,Content quality decline
CUST001083,True,2026-03-12,Payment issues
CUST001084,False,,
CUST001085,False,,
CUST001086,True,2026-01-19,Not enough content
CUST001087,False,,
CUST001088,True,2026-02-14,Payment issues
CUST001089,False,,
CUST001090,False,,
CUST001091,True,2026-06-27,Content quality decline
CUST001092,False,,
CUST001093,False,,
CUST001094,True,2026-06-11,Poor customer service experience
CUST001095,True,2026-04-21,Password sharing crackdown
CUST001096,True,2026-04-30,Found alternative platform
CUST001097,False,,
CUST001098,False,,
CUST001099,False,,
CUST001100,False,,
CUST001101,False,,
CUST001102,True,2026-01-04,Content quality decline
CUST001103,False,,
CUST001104,False,,
CUST001105,False,,
CUST001106,True,2026-01-09,Too expensive
CUST001107,False,,
CUST001108,True,2026-02-27,Household budget cuts
CUST001109,False,,
CUST001110,True,2026-04-15,Found alternative platform
CUST001111,True,2026-01-23,Payment issues
CUST001112,False,,
CUST001113,True,2026-03-20,Not enough content
CUST001114,True,2026-03-19,Too expensive
CUST001115,True,2026-04-21,Payment issues
CUST001116,True,2026-05-30,Household budget cuts
CUST001117,True,2026-01-04,No longer needed
CUST001118,False,,
CUST001119,False,,
CUST001120,False,,
CUST001121,True,2025-11-03,Too expensive
CUST001122,False,,
CUST001123,True,2026-04-01,Technical issues
CUST001124,False,,
CUST001125,False,,
CUST001126,False,,
CUST001127,False,,
CUST001128,False,,
CUST001129,False,,
CUST001130,False,,
CUST001131,False,,
CUST001132,False,,
CUST001133,False,,
CUST001134,False,,
CUST001135,False,,
CUST001136,True,2025-10-18,Not enough content
CUST001137,False,,
CUST001138,True,2025-10-19,Technical issues
CUST001139,False,,
CUST001140,False,,
CUST001141,False,,
CUST001142,False,,
CUST001143,False,,
CUST001144,True,2026-02-27,Found alternative platform
CUST001145,True,2025-12-16,Found alternative platform
CUST001146,False,,
CUST001147,False,,
CUST001148,True,2025-12-15,Found alternative platform
CUST001149,False,,
CUST001150,False,,
CUST001151,True,2026-04-12,Payment issues
CUST001152,False,,
CUST001153,False,,
CUST001154,False,,
CUST001155,False,,
CUST001156,False,,
CUST001157,True,2025-10-17,Not enough content
CUST001158,False,,
CUST001159,False,,
CUST001160,False,,
CUST001161,True,2026-06-20,Not enough content
CUST001162,False,,
CUST001163,True,2025-12-06,Technical issues
CUST001164,False,,
CUST001165,False,,
CUST001166,False,,
CUST001167,False,,
CUST001168,False,,
CUST001169,False,,
CUST001170,False,,
CUST001171,True,2026-03-31,Moving / relocation
CUST001172,False,,
CUST001173,True,2025-11-17,Poor customer service experience
CUST001174,False,,
CUST001175,False,,
CUST001176,False,,
CUST001177,False,,
CUST001178,False,,
CUST001179,True,2026-06-18,Too expensive
CUST001180,False,,
CUST001181,False,,
CUST001182,False,,
CUST001183,False,,
CUST001184,False,,
CUST001185,True,2026-05-23,Household budget cuts
CUST001186,False,,
CUST001187,False,,
CUST001188,False,,
CUST001189,False,,
CUST001190,False,,
CUST001191,False,,
CUST001192,False,,
CUST001193,False,,
CUST001194,False,,
CUST001195,False,,
CUST001196,True,2025-12-27,Found alternative platform
CUST001197,False,,
CUST001198,True,2026-04-22,Content quality decline
CUST001199,False,,
CUST001200,False,,
CUST001201,False,,
CUST001202,False,,
CUST001203,True,2025-12-07,Not enough content
CUST001204,False,,
CUST001205,False,,
CUST001206,False,,
CUST001207,True,2026-06-22,Household budget cuts
CUST001208,False,,
CUST001209,True,2026-02-27,Not enough content
CUST001210,False,,
CUST001211,False,,
CUST001212,True,2026-04-04,Poor customer service experience
CUST001213,False,,
CUST001214,False,,
CUST001215,False,,
CUST001216,False,,
CUST001217,False,,
CUST001218,False,,
CUST001219,False,,
CUST001220,False,,
CUST001221,False,,
CUST001222,True,2025-12-19,Moving / relocation
CUST001223,True,2026-06-30,Not enough content
CUST001224,False,,
CUST001225,False,,
CUST001226,False,,
CUST001227,False,,
CUST001228,False,,
CUST001229,False,,
CUST001230,True,2026-01-22,Technical issues
CUST001231,False,,
CUST001232,False,,
CUST001233,False,,
CUST001234,False,,
CUST001235,False,,
CUST001236,False,,
CUST001237,False,,
CUST001238,False,,
CUST001239,False,,
CUST001240,True,2026-05-27,Found alternative platform
CUST001241,True,2026-03-31,Password sharing crackdown
CUST001242,False,,
CUST001243,False,,
CUST001244,False,,
CUST001245,True,2026-02-08,Household budget cuts
CUST001246,True,2026-01-25,Payment issues
CUST001247,False,,
CUST001248,True,2026-01-15,No longer needed
CUST001249,False,,
CUST001250,False,,
CUST001251,False,,
CUST001252,False,,
CUST001253,False,,
CUST001254,False,,
CUST001255,False,,
CUST001256,False,,
CUST001257,False,,
CUST001258,False,,
CUST001259,False,,
CUST001260,False,,
CUST001261,False,,
CUST001262,False,,
CUST001263,False,,
CUST001264,True,2026-04-26,Household budget cuts
CUST001265,False,,
CUST001266,True,2025-12-21,Not enough content
CUST001267,False,,
CUST001268,False,,
CUST001269,True,2026-03-21,Household budget cuts
CUST001270,False,,
CUST001271,True,2026-06-06,Too expensive
CUST001272,False,,
CUST001273,False,,
CUST001274,False,,
CUST001275,False,,
CUST001276,True,2026-01-03,Found alternative platform
CUST001277,False,,
CUST001278,False,,
CUST001279,True,2025-11-16,Poor customer service experience
CUST001280,False,,
CUST001281,False,,
CUST001282,False,,
CUST001283,True,2026-05-07,Household budget cuts
CUST001284,False,,
CUST001285,False,,
CUST001286,False,,
CUST001287,False,,
CUST001288,False,,
CUST001289,False,,
CUST001290,False,,
CUST001291,False,,
CUST001292,False,,
CUST001293,False,,
CUST001294,False,,
CUST001295,True,2026-05-11,No longer needed
CUST001296,False,,
CUST001297,True,2026-01-12,Poor customer service experience
CUST001298,True,2025-11-20,Household budget cuts
CUST001299,False,,
CUST001300,False,,
CUST001301,True,2025-11-16,Found alternative platform
CUST001302,False,,
CUST001303,False,,
CUST001304,False,,
CUST001305,False,,
CUST001306,False,,
CUST001307,False,,
CUST001308,True,2026-05-02,Poor customer service experience
CUST001309,True,2026-03-30,Not enough content
CUST001310,False,,
CUST001311,False,,
CUST001312,False,,
CUST001313,False,,
CUST001314,False,,
CUST001315,True,2025-12-26,Technical issues
CUST001316,False,,
CUST001317,False,,
CUST001318,False,,
CUST001319,True,2025-12-04,Found alternative platform
CUST001320,False,,
CUST001321,True,2026-05-06,Not enough content
CUST001322,False,,
CUST001323,False,,
CUST001324,True,2026-05-29,Moving / relocation
CUST001325,True,2026-05-08,Household budget cuts
CUST001326,False,,
CUST001327,False,,
CUST001328,True,2026-03-24,Found alternative platform
CUST001329,False,,
CUST001330,True,2026-03-29,Moving / relocation
CUST001331,True,2025-12-29,Password sharing crackdown
CUST001332,False,,
CUST001333,False,,
CUST001334,False,,
CUST001335,False,,
CUST001336,False,,
CUST001337,True,2026-05-19,Not enough content
CUST001338,False,,
CUST001339,True,2025-10-20,Technical issues
CUST001340,False,,
CUST001341,True,2026-03-08,Too expensive
CUST001342,False,,
CUST001343,False,,
CUST001344,True,2026-06-04,Household budget cuts
CUST001345,True,2025-12-22,Household budget cuts
CUST001346,False,,
CUST001347,False,,
CUST001348,False,,
CUST001349,True,2026-01-22,Technical issues
CUST001350,True,2026-04-02,Not enough content
CUST001351,True,2025-12-05,Content quality decline
CUST001352,False,,
CUST001353,False,,
CUST001354,False,,
CUST001355,False,,
CUST001356,False,,
CUST001357,False,,
CUST001358,False,,
CUST001359,False,,
CUST001360,False,,
CUST001361,False,,
CUST001362,False,,
CUST001363,False,,
CUST001364,False,,
CUST001365,False,,
CUST001366,False,,
CUST001367,False,,
CUST001368,False,,
CUST001369,True,2025-12-27,Payment issues
CUST001370,False,,
CUST001371,False,,
CUST001372,False,,
CUST001373,True,2025-12-27,Technical issues
CUST001374,False,,
CUST001375,False,,
CUST001376,True,2026-03-21,Not enough content
CUST001377,False,,
CUST001378,False,,
CUST001379,False,,
CUST001380,False,,
CUST001381,True,2025-12-27,Household budget cuts
CUST001382,False,,
CUST001383,False,,
CUST001384,False,,
CUST001385,False,,
CUST001386,False,,
CUST001387,True,2026-04-14,Too expensive
CUST001388,False,,
CUST001389,False,,
CUST001390,False,,
CUST001391,True,2026-06-06,Found alternative platform
CUST001392,False,,
CUST001393,False,,
CUST001394,False,,
CUST001395,True,2026-01-04,Password sharing crackdown
CUST001396,False,,
CUST001397,True,2026-06-25,No longer needed
CUST001398,True,2026-04-21,Content quality decline
CUST001399,False,,
CUST001400,False,,
CUST001401,False,,
CUST001402,False,,
CUST001403,False,,
CUST001404,True,2026-06-09,Found alternative platform
CUST001405,False,,
CUST001406,False,,
CUST001407,False,,
CUST001408,False,,
CUST001409,False,,
CUST001410,False,,
CUST001411,False,,
CUST001412,False,,
CUST001413,False,,
CUST001414,False,,
CUST001415,False,,
CUST001416,False,,
CUST001417,False,,
CUST001418,False,,
CUST001419,False,,
CUST001420,False,,
CUST001421,True,2026-06-01,Household budget cuts
CUST001422,False,,
CUST001423,False,,
CUST001424,False,,
CUST001425,True,2025-11-21,Household budget cuts
CUST001426,False,,
CUST001427,True,2026-04-30,No longer needed
CUST001428,True,2026-03-07,Found alternative platform
CUST001429,False,,
CUST001430,False,,
CUST001431,True,2025-11-28,Payment issues
CUST001432,False,,
CUST001433,False,,
CUST001434,False,,
CUST001435,True,2026-01-04,Technical issues
CUST001436,False,,
CUST001437,False,,
CUST001438,False,,
CUST001439,True,2026-06-28,Household budget cuts
CUST001440,False,,
CUST001441,False,,
CUST001442,False,,
CUST001443,False,,
CUST001444,False,,
CUST001445,False,,
CUST001446,False,,
CUST001447,True,2026-05-24,Moving / relocation
CUST001448,False,,
CUST001449,False,,
CUST001450,False,,
CUST001451,False,,
CUST001452,False,,
CUST001453,False,,
CUST001454,True,2026-04-17,Too expensive
CUST001455,False,,
CUST001456,False,,
CUST001457,False,,
CUST001458,False,,
CUST001459,True,2026-06-03,Household budget cuts
CUST001460,False,,
CUST001461,False,,
CUST001462,False,,
CUST001463,False,,
CUST001464,False,,
CUST001465,True,2026-04-17,Content quality decline
CUST001466,False,,
CUST001467,True,2026-03-25,Too expensive
CUST001468,True,2026-01-27,Content quality decline
CUST001469,True,2026-01-13,Too expensive
CUST001470,False,,
CUST001471,False,,
CUST001472,True,2026-05-17,Too expensive
CUST001473,True,2025-11-28,Content quality decline
CUST001474,True,2026-05-09,Moving / relocation
CUST001475,False,,
CUST001476,False,,
CUST001477,True,2026-06-15,Too expensive
CUST001478,False,,
CUST001479,True,2025-10-18,Poor customer service experience
CUST001480,True,2026-02-09,No longer needed
CUST001481,False,,
CUST001482,False,,
CUST001483,False,,
CUST001484,False,,
CUST001485,False,,
CUST001486,True,2025-10-24,No longer needed
CUST001487,False,,
CUST001488,False,,
CUST001489,False,,
CUST001490,False,,
CUST001491,False,,
CUST001492,False,,
CUST001493,False,,
CUST001494,True,2025-10-30,Found alternative platform
CUST001495,True,2026-03-28,Password sharing crackdown
CUST001496,False,,
CUST001497,False,,
CUST001498,False,,
CUST001499,False,,
CUST001500,False,,
CUST001501,False,,
CUST001502,False,,
CUST001503,False,,
CUST001504,False,,
CUST001505,False,,
CUST001506,True,2025-12-22,No longer needed
CUST001507,True,2026-01-03,Not enough content
CUST001508,False,,
CUST001509,False,,
CUST001510,True,2025-12-28,Too expensive
CUST001511,False,,
CUST001512,False,,
CUST001513,False,,
CUST001514,False,,
CUST001515,True,2026-06-08,Content quality decline
CUST001516,False,,
CUST001517,False,,
CUST001518,False,,
CUST001519,False,,
CUST001520,False,,
CUST001521,False,,
CUST001522,True,2026-02-22,Found alternative platform
CUST001523,False,,
CUST001524,True,2025-10-27,Household budget cuts
CUST001525,False,,
CUST001526,False,,
CUST001527,True,2026-06-02,Technical issues
CUST001528,False,,
CUST001529,False,,
CUST001530,False,,
CUST001531,False,,
CUST001532,False,,
CUST001533,False,,
CUST001534,False,,
CUST001535,False,,
CUST001536,False,,
CUST001537,False,,
CUST001538,False,,
CUST001539,False,,
CUST001540,False,,
CUST001541,True,2025-12-17,Too expensive
CUST001542,False,,
CUST001543,False,,
CUST001544,False,,
CUST001545,False,,
CUST001546,False,,
CUST001547,False,,
CUST001548,False,,
CUST001549,True,2026-03-09,Technical issues
CUST001550,True,2026-02-12,No longer needed
CUST001551,False,,
CUST001552,False,,
CUST001553,False,,
CUST001554,False,,
CUST001555,False,,
CUST001556,False,,
CUST001557,False,,
CUST001558,False,,
CUST001559,True,2026-03-06,Too expensive
CUST001560,True,2026-01-08,Password sharing crackdown
CUST001561,True,2025-12-07,Technical issues
CUST001562,True,2026-06-25,Payment issues
CUST001563,False,,
CUST001564,False,,
CUST001565,False,,
CUST001566,True,2026-04-22,Too expensive
CUST001567,True,2025-11-21,Too expensive
CUST001568,False,,
CUST001569,False,,
CUST001570,False,,
CUST001571,True,2026-05-02,Household budget cuts
CUST001572,False,,
CUST001573,False,,
CUST001574,False,,
CUST001575,False,,
CUST001576,False,,
CUST001577,False,,
CUST001578,False,,
CUST001579,False,,
CUST001580,False,,
CUST001581,False,,
CUST001582,False,,
CUST001583,False,,
CUST001584,False,,
CUST001585,True,2026-03-17,Payment issues
CUST001586,False,,
CUST001587,False,,
CUST001588,False,,
CUST001589,False,,
CUST001590,False,,
CUST001591,False,,
CUST001592,True,2026-04-16,Too expensive
CUST001593,False,,
CUST001594,True,2026-06-13,No longer needed
CUST001595,False,,
CUST001596,False,,
CUST001597,False,,
CUST001598,True,2026-06-14,Poor customer service experience
CUST001599,False,,
CUST001600,False,,
CUST001601,False,,
CUST001602,False,,
CUST001603,False,,
CUST001604,False,,
CUST001605,False,,
CUST001606,True,2026-02-24,Found alternative platform
CUST001607,False,,
CUST001608,True,2025-10-19,Password sharing crackdown
CUST001609,False,,
CUST001610,False,,
CUST001611,True,2026-03-19,Password sharing crackdown
CUST001612,True,2026-05-22,Too expensive
CUST001613,False,,
CUST001614,False,,
CUST001615,True,2026-06-02,Found alternative platform
CUST001616,False,,
CUST001617,False,,
CUST001618,False,,
CUST001619,False,,
CUST001620,False,,
CUST001621,False,,
CUST001622,False,,
CUST001623,False,,
CUST001624,True,2026-04-19,Payment issues
CUST001625,False,,
CUST001626,False,,
CUST001627,False,,
CUST001628,False,,
CUST001629,False,,
CUST001630,False,,
CUST001631,True,2026-02-13,Too expensive
CUST001632,False,,
CUST001633,False,,
CUST001634,False,,
CUST001635,False,,
CUST001636,False,,
CUST001637,True,2026-06-16,Not enough content
CUST001638,True,2026-01-24,Household budget cuts
CUST001639,False,,
CUST001640,False,,
CUST001641,False,,
CUST001642,True,2026-06-15,Too expensive
CUST001643,False,,
CUST001644,False,,
CUST001645,False,,
CUST001646,True,2025-12-16,Technical issues
CUST001647,False,,
CUST001648,True,2026-04-11,Content quality decline
CUST001649,True,2025-12-31,Too expensive
CUST001650,False,,
CUST001651,False,,
CUST001652,False,,
CUST001653,False,,
CUST001654,False,,
CUST001655,False,,
CUST001656,False,,
CUST001657,True,2026-02-25,Payment issues
CUST001658,True,2026-05-28,Too expensive
CUST001659,False,,
CUST001660,False,,
CUST001661,False,,
CUST001662,True,2026-01-14,Technical issues
CUST001663,False,,
CUST001664,False,,
CUST001665,False,,
CUST001666,False,,
CUST001667,True,2026-05-18,Payment issues
CUST001668,False,,
CUST001669,True,2025-10-13,Moving / relocation
CUST001670,False,,
CUST001671,False,,
CUST001672,True,2025-11-03,No longer needed
CUST001673,False,,
CUST001674,True,2026-01-23,Not enough content
CUST001675,True,2026-04-27,Household budget cuts
CUST001676,False,,
CUST001677,False,,
CUST001678,False,,
CUST001679,False,,
CUST001680,False,,
CUST001681,False,,
CUST001682,True,2026-02-27,Household budget cuts
CUST001683,True,2026-05-23,Technical issues
CUST001684,False,,
CUST001685,False,,
CUST001686,False,,
CUST001687,True,2026-03-16,Found alternative platform
CUST001688,True,2026-01-19,Too expensive
CUST001689,False,,
CUST001690,False,,
CUST001691,True,2025-11-21,Household budget cuts
CUST001692,False,,
CUST001693,False,,
CUST001694,False,,
CUST001695,False,,
CUST001696,True,2026-02-21,No longer needed
CUST001697,False,,
CUST001698,False,,
CUST001699,False,,
CUST001700,False,,
CUST001701,False,,
CUST001702,False,,
CUST001703,False,,
CUST001704,True,2025-12-31,Moving / relocation
CUST001705,False,,
CUST001706,False,,
CUST001707,False,,
CUST001708,False,,
CUST001709,False,,
CUST001710,True,2026-02-02,Too expensive
CUST001711,True,2025-12-22,Found alternative platform
CUST001712,False,,
CUST001713,False,,
CUST001714,False,,
CUST001715,True,2026-05-27,Payment issues
CUST001716,False,,
CUST001717,False,,
CUST001718,False,,
CUST001719,True,2025-12-02,Household budget cuts
CUST001720,True,2026-03-14,No longer needed
CUST001721,False,,
CUST001722,False,,
CUST001723,False,,
CUST001724,True,2026-06-08,Content quality decline
CUST001725,False,,
CUST001726,False,,
CUST001727,False,,
CUST001728,True,2026-03-14,Too expensive
CUST001729,False,,
CUST001730,False,,
CUST001731,False,,
CUST001732,False,,
CUST001733,False,,
CUST001734,True,2026-05-24,Poor customer service experience
CUST001735,True,2026-05-15,Found alternative platform
CUST001736,False,,
CUST001737,False,,
CUST001738,True,2025-11-30,Not enough content
CUST001739,False,,
CUST001740,False,,
CUST001741,False,,
CUST001742,False,,
CUST001743,False,,
CUST001744,False,,
CUST001745,False,,
CUST001746,False,,
CUST001747,True,2026-05-08,Too expensive
CUST001748,False,,
CUST001749,False,,
CUST001750,False,,
CUST001751,False,,
CUST001752,False,,
CUST001753,True,2026-05-06,Too expensive
CUST001754,False,,
CUST001755,False,,
CUST001756,False,,
CUST001757,False,,
CUST001758,False,,
CUST001759,False,,
CUST001760,False,,
CUST001761,False,,
CUST001762,True,2026-03-21,Too expensive
CUST001763,False,,
CUST001764,False,,
CUST001765,False,,
CUST001766,False,,
CUST001767,False,,
CUST001768,False,,
CUST001769,False,,
CUST001770,False,,
CUST001771,False,,
CUST001772,False,,
CUST001773,False,,
CUST001774,True,2025-10-22,Content quality decline
CUST001775,True,2025-11-29,Content quality decline
CUST001776,False,,
CUST001777,False,,
CUST001778,False,,
CUST001779,False,,
CUST001780,False,,
CUST001781,True,2026-03-20,No longer needed
CUST001782,False,,
CUST001783,False,,
CUST001784,False,,
CUST001785,False,,
CUST001786,False,,
CUST001787,False,,
CUST001788,False,,
CUST001789,False,,
CUST001790,False,,
CUST001791,False,,
CUST001792,True,2025-11-16,Payment issues
CUST001793,False,,
CUST001794,False,,
CUST001795,False,,
CUST001796,True,2026-01-02,Moving / relocation
CUST001797,False,,
CUST001798,False,,
CUST001799,False,,
CUST001800,False,,
CUST001801,False,,
CUST001802,False,,
CUST001803,False,,
CUST001804,False,,
CUST001805,True,2026-01-22,No longer needed
CUST001806,True,2025-10-21,Too expensive
CUST001807,False,,
CUST001808,False,,
CUST001809,False,,
CUST001810,False,,
CUST001811,False,,
CUST001812,False,,
CUST001813,True,2026-04-27,Moving / relocation
CUST001814,False,,
CUST001815,False,,
CUST001816,True,2025-12-15,No longer needed
CUST001817,False,,
CUST001818,False,,
CUST001819,False,,
CUST001820,False,,
CUST001821,True,2026-02-09,No longer needed
CUST001822,False,,
CUST001823,False,,
CUST001824,False,,
CUST001825,False,,
CUST001826,False,,
CUST001827,False,,
CUST001828,True,2026-04-02,No longer needed
CUST001829,True,2025-10-07,Too expensive
CUST001830,False,,
CUST001831,False,,
CUST001832,False,,
CUST001833,False,,
CUST001834,False,,
CUST001835,True,2026-05-24,No longer needed
CUST001836,True,2025-12-28,Household budget cuts
CUST001837,False,,
CUST001838,False,,
CUST001839,False,,
CUST001840,False,,
CUST001841,False,,
CUST001842,False,,
CUST001843,True,2026-05-05,Technical issues
CUST001844,False,,
CUST001845,False,,
CUST001846,False,,
CUST001847,False,,
CUST001848,False,,
CUST001849,False,,
CUST001850,True,2026-03-15,Content quality decline
CUST001851,False,,
CUST001852,False,,
CUST001853,False,,
CUST001854,False,,
CUST001855,False,,
CUST001856,False,,
CUST001857,False,,
CUST001858,True,2026-06-01,Found alternative platform
CUST001859,False,,
CUST001860,False,,
CUST001861,False,,
CUST001862,True,2026-06-12,Too expensive
CUST001863,False,,
CUST001864,True,2025-10-17,Content quality decline
CUST001865,False,,
CUST001866,False,,
CUST001867,False,,
CUST001868,False,,
CUST001869,False,,
CUST001870,False,,
CUST001871,False,,
CUST001872,False,,
CUST001873,False,,
CUST001874,False,,
CUST001875,False,,
CUST001876,False,,
CUST001877,True,2026-04-07,Content quality decline
CUST001878,False,,
CUST001879,False,,
CUST001880,False,,
CUST001881,True,2025-11-15,Too expensive
CUST001882,True,2026-01-07,No longer needed
CUST001883,False,,
CUST001884,False,,
CUST001885,False,,
CUST001886,True,2026-04-19,Too expensive
CUST001887,True,2026-06-10,Poor customer service experience
CUST001888,False,,
CUST001889,False,,
CUST001890,True,2026-05-20,Not enough content
CUST001891,True,2026-02-01,Password sharing crackdown
CUST001892,False,,
CUST001893,False,,
CUST001894,True,2025-11-30,Payment issues
CUST001895,True,2026-03-22,Poor customer service experience
CUST001896,False,,
CUST001897,True,2026-05-27,Technical issues
CUST001898,False,,
CUST001899,False,,
CUST001900,False,,
CUST001901,False,,
CUST001902,False,,
CUST001903,False,,
CUST001904,False,,
CUST001905,False,,
CUST001906,True,2026-01-08,Technical issues
CUST001907,False,,
CUST001908,False,,
CUST001909,False,,
CUST001910,False,,
CUST001911,True,2026-02-26,Password sharing crackdown
CUST001912,False,,
CUST001913,False,,
CUST001914,True,2026-01-31,No longer needed
CUST001915,True,2026-01-04,Content quality decline
CUST001916,True,2026-03-03,Household budget cuts
CUST001917,True,2026-06-11,Content quality decline
CUST001918,False,,
CUST001919,False,,
CUST001920,True,2026-02-09,Too expensive
CUST001921,False,,
CUST001922,False,,
CUST001923,True,2025-10-08,Too expensive
CUST001924,False,,
CUST001925,True,2025-11-13,Too expensive
CUST001926,False,,
CUST001927,False,,
CUST001928,False,,
CUST001929,False,,
CUST001930,False,,
CUST001931,True,2026-04-20,Moving / relocation
CUST001932,False,,
CUST001933,False,,
CUST001934,True,2025-11-30,Poor customer service experience
CUST001935,True,2026-05-27,Not enough content
CUST001936,False,,
CUST001937,False,,
CUST001938,False,,
CUST001939,False,,
CUST001940,False,,
CUST001941,False,,
CUST001942,False,,
CUST001943,True,2025-12-23,Household budget cuts
CUST001944,False,,
CUST001945,False,,
CUST001946,False,,
CUST001947,False,,
CUST001948,True,2026-02-01,Too expensive
CUST001949,False,,
CUST001950,False,,
CUST001951,True,2026-04-23,Technical issues
CUST001952,False,,
CUST001953,False,,
CUST001954,False,,
CUST001955,False,,
CUST001956,True,2026-06-25,Technical issues
CUST001957,True,2025-10-15,Poor customer service experience
CUST001958,False,,
CUST001959,False,,
CUST001960,False,,
CUST001961,False,,
CUST001962,True,2026-04-28,Technical issues
CUST001963,False,,
CUST001964,False,,
CUST001965,True,2026-01-12,Technical issues
CUST001966,False,,
CUST001967,False,,
CUST001968,False,,
CUST001969,False,,
CUST001970,False,,
CUST001971,True,2026-04-12,Found alternative platform
CUST001972,False,,
CUST001973,False,,
CUST001974,False,,
CUST001975,False,,
CUST001976,True,2025-10-07,Moving / relocation
CUST001977,True,2026-02-20,Too expensive
CUST001978,False,,
CUST001979,False,,
CUST001980,False,,
CUST001981,False,,
CUST001982,False,,
CUST001983,True,2026-01-28,Too expensive
CUST001984,False,,
CUST001985,False,,
CUST001986,False,,
CUST001987,False,,
CUST001988,True,2025-11-05,No longer needed
CUST001989,False,,
CUST001990,False,,
CUST001991,False,,
CUST001992,False,,
CUST001993,True,2025-11-20,Technical issues
CUST001994,True,2026-03-21,Password sharing crackdown
CUST001995,False,,
CUST001996,False,,
CUST001997,True,2025-11-16,Not enough content
CUST001998,True,2025-11-13,Found alternative platform
CUST001999,False,,
CUST002000,True,2026-02-01,No longer needed
CUST002001,True,2025-12-20,Content quality decline
CUST002002,False,,
CUST002003,False,,
CUST002004,False,,
CUST002005,True,2025-11-10,Payment issues
CUST002006,False,,
CUST002007,False,,
CUST002008,False,,
CUST002009,False,,
CUST002010,False,,
CUST002011,False,,
CUST002012,False,,
CUST002013,True,2026-01-07,Household budget cuts
CUST002014,True,2026-06-04,Not enough content
CUST002015,False,,
CUST002016,True,2025-10-06,Found alternative platform
CUST002017,True,2026-03-17,No longer needed
CUST002018,True,2026-05-09,Not enough content
CUST002019,True,2025-11-16,Not enough content
CUST002020,False,,
CUST002021,False,,
CUST002022,False,,
CUST002023,False,,
CUST002024,False,,
CUST002025,False,,
CUST002026,True,2026-01-12,Content quality decline
CUST002027,False,,
CUST002028,False,,
CUST002029,False,,
CUST002030,False,,
CUST002031,False,,
CUST002032,True,2026-02-15,Too expensive
CUST002033,True,2026-06-11,Content quality decline
CUST002034,True,2025-12-27,No longer needed
CUST002035,False,,
CUST002036,False,,
CUST002037,True,2025-12-16,Too expensive
CUST002038,False,,
CUST002039,False,,
CUST002040,True,2026-04-08,Technical issues
CUST002041,True,2026-01-24,Too expensive
CUST002042,False,,
CUST002043,True,2026-06-18,Too expensive
CUST002044,False,,
CUST002045,True,2025-12-06,No longer needed
CUST002046,False,,
CUST002047,False,,
CUST002048,False,,
CUST002049,False,,
CUST002050,False,,
CUST002051,False,,
CUST002052,False,,
CUST002053,False,,
CUST002054,True,2026-02-05,Too expensive
CUST002055,False,,
CUST002056,False,,
CUST002057,True,2026-04-10,Moving / relocation
CUST002058,False,,
CUST002059,True,2025-12-18,Found alternative platform
CUST002060,False,,
CUST002061,False,,
CUST002062,False,,
CUST002063,False,,
CUST002064,False,,
CUST002065,True,2026-06-22,Moving / relocation
CUST002066,True,2025-12-28,Found alternative platform
CUST002067,False,,
CUST002068,True,2025-12-18,Household budget cuts
CUST002069,False,,
CUST002070,True,2026-03-20,Too expensive
CUST002071,True,2026-06-10,Household budget cuts
CUST002072,False,,
CUST002073,True,2025-11-21,Household budget cuts
CUST002074,False,,
CUST002075,False,,
CUST002076,True,2025-12-05,Password sharing crackdown
CUST002077,False,,
CUST002078,True,2026-01-30,Content quality decline
CUST002079,False,,
CUST002080,False,,
CUST002081,False,,
CUST002082,True,2026-01-31,Password sharing crackdown
CUST002083,False,,
CUST002084,True,2026-01-27,Too expensive
CUST002085,False,,
CUST002086,False,,
CUST002087,True,2026-04-13,Household budget cuts
CUST002088,True,2025-12-04,Content quality decline
CUST002089,True,2026-01-27,Technical issues
CUST002090,False,,
CUST002091,False,,
CUST002092,False,,
CUST002093,False,,
CUST002094,False,,
CUST002095,True,2025-11-18,Too expensive
CUST002096,False,,
CUST002097,False,,
CUST002098,False,,
CUST002099,False,,
CUST002100,False,,
CUST002101,True,2025-12-23,Not enough content
CUST002102,True,2026-01-07,Found alternative platform
CUST002103,True,2026-06-14,Moving / relocation
CUST002104,False,,
CUST002105,True,2026-05-05,Not enough content
CUST002106,True,2026-03-09,Poor customer service experience
CUST002107,False,,
CUST002108,False,,
CUST002109,False,,
CUST002110,False,,
CUST002111,False,,
CUST002112,True,2026-01-10,No longer needed
CUST002113,False,,
CUST002114,False,,
CUST002115,False,,
CUST002116,False,,
CUST002117,True,2026-04-30,Poor customer service experience
CUST002118,False,,
CUST002119,True,2026-02-02,Household budget cuts
CUST002120,True,2026-05-08,Technical issues
CUST002121,False,,
CUST002122,False,,
CUST002123,True,2025-11-28,Too expensive
CUST002124,False,,
CUST002125,False,,
CUST002126,False,,
CUST002127,False,,
CUST002128,True,2026-05-23,Not enough content
CUST002129,False,,
CUST002130,False,,
CUST002131,True,2026-03-25,Content quality decline
CUST002132,False,,
CUST002133,False,,
CUST002134,False,,
CUST002135,False,,
CUST002136,False,,
CUST002137,False,,
CUST002138,False,,
CUST002139,False,,
CUST002140,False,,
CUST002141,False,,
CUST002142,False,,
CUST002143,False,,
CUST002144,False,,
CUST002145,False,,
CUST002146,False,,
CUST002147,False,,
CUST002148,True,2026-03-24,Too expensive
CUST002149,False,,
CUST002150,True,2026-04-28,Payment issues
CUST002151,True,2026-06-25,Too expensive
CUST002152,False,,
CUST002153,False,,
CUST002154,True,2026-03-08,Payment issues
CUST002155,False,,
CUST002156,True,2026-01-28,Technical issues
CUST002157,False,,
CUST002158,False,,
CUST002159,False,,
CUST002160,False,,
CUST002161,False,,
CUST002162,False,,
CUST002163,False,,
CUST002164,False,,
CUST002165,False,,
CUST002166,False,,
CUST002167,False,,
CUST002168,False,,
CUST002169,False,,
CUST002170,False,,
CUST002171,False,,
CUST002172,False,,
CUST002173,False,,
CUST002174,False,,
CUST002175,True,2026-06-11,Content quality decline
CUST002176,False,,
CUST002177,False,,
CUST002178,False,,
CUST002179,False,,
CUST002180,True,2025-12-16,Technical issues
CUST002181,False,,
CUST002182,False,,
CUST002183,False,,
CUST002184,False,,
CUST002185,True,2026-04-04,Not enough content
CUST002186,False,,
CUST002187,False,,
CUST002188,False,,
CUST002189,False,,
CUST002190,False,,
CUST002191,False,,
CUST002192,False,,
CUST002193,False,,
CUST002194,False,,
CUST002195,False,,
CUST002196,False,,
CUST002197,False,,
CUST002198,False,,
CUST002199,False,,
CUST002200,False,,
CUST002201,False,,
CUST002202,False,,
CUST002203,False,,
CUST002204,True,2026-01-12,Not enough content
CUST002205,False,,
CUST002206,False,,
CUST002207,False,,
CUST002208,False,,
CUST002209,True,2025-10-20,No longer needed
CUST002210,False,,
CUST002211,False,,
CUST002212,False,,
CUST002213,True,2025-11-19,Household budget cuts
CUST002214,False,,
CUST002215,True,2026-06-18,Not enough content
CUST002216,True,2026-03-15,No longer needed
CUST002217,False,,
CUST002218,True,2026-02-14,Found alternative platform
CUST002219,True,2026-04-24,Poor customer service experience
CUST002220,False,,
CUST002221,False,,
CUST002222,False,,
CUST002223,True,2026-06-11,Poor customer service experience
CUST002224,False,,
CUST002225,False,,
CUST002226,True,2026-03-18,Too expensive
CUST002227,True,2025-10-06,Poor customer service experience
CUST002228,False,,
CUST002229,True,2025-11-28,Too expensive
CUST002230,False,,
CUST002231,False,,
CUST002232,False,,
CUST002233,False,,
CUST002234,False,,
CUST002235,False,,
CUST002236,False,,
CUST002237,False,,
CUST002238,True,2026-03-05,Payment issues
CUST002239,False,,
CUST002240,False,,
CUST002241,True,2025-10-17,Not enough content
CUST002242,False,,
CUST002243,True,2026-03-07,No longer needed
CUST002244,True,2026-01-08,Payment issues
CUST002245,True,2026-01-25,Content quality decline
CUST002246,False,,
CUST002247,False,,
CUST002248,True,2026-03-01,Technical issues
CUST002249,False,,
CUST002250,True,2026-01-31,Payment issues
CUST002251,True,2026-04-25,Not enough content
CUST002252,False,,
CUST002253,False,,
CUST002254,False,,
CUST002255,False,,
CUST002256,False,,
CUST002257,False,,
CUST002258,False,,
CUST002259,False,,
CUST002260,False,,
CUST002261,False,,
CUST002262,False,,
CUST002263,True,2025-12-13,Too expensive
CUST002264,True,2026-03-02,Too expensive
CUST002265,False,,
CUST002266,False,,
CUST002267,False,,
CUST002268,True,2025-11-10,No longer needed
CUST002269,True,2026-03-11,Household budget cuts
CUST002270,False,,
CUST002271,True,2026-05-10,Too expensive
CUST002272,False,,
CUST002273,False,,
CUST002274,False,,
CUST002275,False,,
CUST002276,False,,
CUST002277,True,2026-03-28,Found alternative platform
CUST002278,False,,
CUST002279,False,,
CUST002280,False,,
CUST002281,True,2026-03-02,Payment issues
CUST002282,False,,
CUST002283,False,,
CUST002284,False,,
CUST002285,True,2026-01-30,Too expensive
CUST002286,False,,
CUST002287,False,,
CUST002288,True,2025-11-27,Found alternative platform
CUST002289,False,,
CUST002290,False,,
CUST002291,False,,
CUST002292,False,,
CUST002293,False,,
CUST002294,False,,
CUST002295,False,,
CUST002296,True,2026-05-30,Found alternative platform
CUST002297,True,2026-02-06,Not enough content
CUST002298,False,,
CUST002299,False,,
CUST002300,False,,
CUST002301,False,,
CUST002302,True,2026-05-25,Too expensive
CUST002303,False,,
CUST002304,False,,
CUST002305,False,,
CUST002306,False,,
CUST002307,False,,
CUST002308,False,,
CUST002309,False,,
CUST002310,False,,
CUST002311,True,2026-03-26,Found alternative platform
CUST002312,False,,
CUST002313,False,,
CUST002314,False,,
CUST002315,True,2025-12-26,Household budget cuts
CUST002316,True,2026-06-09,Payment issues
CUST002317,False,,
CUST002318,False,,
CUST002319,False,,
CUST002320,False,,
CUST002321,False,,
CUST002322,False,,
CUST002323,False,,
CUST002324,False,,
CUST002325,False,,
CUST002326,False,,
CUST002327,False,,
CUST002328,False,,
CUST002329,False,,
CUST002330,False,,
CUST002331,False,,
CUST002332,False,,
CUST002333,False,,
CUST002334,False,,
CUST002335,False,,
CUST002336,False,,
CUST002337,False,,
CUST002338,False,,
CUST002339,False,,
CUST002340,True,2026-01-21,Not enough content
CUST002341,False,,
CUST002342,False,,
CUST002343,False,,
CUST002344,True,2026-03-30,Found alternative platform
CUST002345,False,,
CUST002346,False,,
CUST002347,False,,
CUST002348,False,,
CUST002349,False,,
CUST002350,False,,
CUST002351,False,,
CUST002352,False,,
CUST002353,False,,
CUST002354,False,,
CUST002355,False,,
CUST002356,False,,
CUST002357,False,,
CUST002358,False,,
CUST002359,True,2026-04-25,Not enough content
CUST002360,False,,
CUST002361,False,,
CUST002362,False,,
CUST002363,True,2026-01-01,Found alternative platform
CUST002364,True,2026-05-18,Too expensive
CUST002365,False,,
CUST002366,True,2026-06-25,No longer needed
CUST002367,False,,
CUST002368,True,2026-01-18,Moving / relocation
CUST002369,True,2025-12-09,Password sharing crackdown
CUST002370,False,,
CUST002371,False,,
CUST002372,True,2026-05-30,Too expensive
CUST002373,False,,
CUST002374,False,,
CUST002375,False,,
CUST002376,True,2025-11-07,Too expensive
CUST002377,False,,
CUST002378,False,,
CUST002379,False,,
CUST002380,False,,
CUST002381,False,,
CUST002382,False,,
CUST002383,False,,
CUST002384,False,,
CUST002385,False,,
CUST002386,False,,
CUST002387,True,2026-05-11,Found alternative platform
CUST002388,True,2026-01-16,Too expensive
CUST002389,False,,
CUST002390,True,2026-01-14,Found alternative platform
CUST002391,False,,
CUST002392,False,,
CUST002393,False,,
CUST002394,False,,
CUST002395,False,,
CUST002396,False,,
CUST002397,False,,
CUST002398,False,,
CUST002399,False,,
CUST002400,False,,
CUST002401,False,,
CUST002402,False,,
CUST002403,False,,
CUST002404,False,,
CUST002405,False,,
CUST002406,False,,
CUST002407,False,,
CUST002408,False,,
CUST002409,False,,
CUST002410,False,,
CUST002411,True,2025-10-12,Technical issues
CUST002412,False,,
CUST002413,False,,
CUST002414,False,,
CUST002415,False,,
CUST002416,False,,
CUST002417,False,,
CUST002418,False,,
CUST002419,True,2025-12-16,Too expensive
CUST002420,True,2026-04-29,Found alternative platform
CUST002421,False,,
CUST002422,True,2025-10-21,Household budget cuts
CUST002423,False,,
CUST002424,False,,
CUST002425,False,,
CUST002426,False,,
CUST002427,False,,
CUST002428,False,,
CUST002429,True,2026-02-08,No longer needed
CUST002430,True,2026-01-26,Found alternative platform
CUST002431,False,,
CUST002432,False,,
CUST002433,False,,
CUST002434,False,,
CUST002435,True,2026-06-14,Technical issues
CUST002436,False,,
CUST002437,False,,
CUST002438,False,,
CUST002439,False,,
CUST002440,False,,
CUST002441,False,,
CUST002442,False,,
CUST002443,False,,
CUST002444,False,,
CUST002445,False,,
CUST002446,False,,
CUST002447,False,,
CUST002448,False,,
CUST002449,True,2026-04-21,Too expensive
CUST002450,False,,
CUST002451,False,,
CUST002452,True,2025-10-20,Found alternative platform
CUST002453,False,,
CUST002454,True,2026-01-11,No longer needed
CUST002455,False,,
CUST002456,False,,
CUST002457,False,,
CUST002458,False,,
CUST002459,False,,
CUST002460,False,,
CUST002461,False,,
CUST002462,False,,
CUST002463,False,,
CUST002464,False,,
CUST002465,False,,
CUST002466,True,2026-02-03,Too expensive
CUST002467,False,,
CUST002468,True,2026-03-28,Too expensive
CUST002469,False,,
CUST002470,False,,
CUST002471,False,,
CUST002472,False,,
CUST002473,False,,
CUST002474,False,,
CUST002475,False,,
CUST002476,False,,
CUST002477,False,,
CUST002478,False,,
CUST002479,False,,
CUST002480,True,2025-12-25,Found alternative platform
CUST002481,False,,
CUST002482,True,2026-02-13,Poor customer service experience
CUST002483,False,,
CUST002484,True,2025-10-08,No longer needed
CUST002485,True,2026-06-25,Poor customer service experience
CUST002486,False,,
CUST002487,False,,
CUST002488,False,,
CUST002489,False,,
CUST002490,False,,
CUST002491,True,2025-10-30,Moving / relocation
CUST002492,False,,
CUST002493,True,2025-12-11,Password sharing crackdown
CUST002494,True,2026-02-07,Technical issues
CUST002495,False,,
CUST002496,True,2026-02-17,Technical issues
CUST002497,True,2026-02-19,Poor customer service experience
CUST002498,False,,
CUST002499,True,2026-05-17,Content quality decline
CUST002500,False,,
CUST002501,True,2026-05-11,Found alternative platform
CUST002502,True,2025-12-13,Found alternative platform
CUST002503,False,,
CUST002504,True,2026-02-12,Poor customer service experience
CUST002505,False,,
CUST002506,False,,
CUST002507,False,,
CUST002508,False,,
CUST002509,True,2025-12-22,Household budget cuts
CUST002510,False,,
CUST002511,False,,
CUST002512,True,2026-02-01,No longer needed
CUST002513,False,,
CUST002514,False,,
CUST002515,False,,
CUST002516,False,,
CUST002517,True,2025-11-26,Household budget cuts
CUST002518,False,,
CUST002519,False,,
CUST002520,True,2026-04-04,Technical issues
CUST002521,False,,
CUST002522,False,,
CUST002523,False,,
CUST002524,False,,
CUST002525,False,,
CUST002526,False,,
CUST002527,True,2026-02-09,Not enough content
CUST002528,False,,
CUST002529,True,2026-06-30,Payment issues
CUST002530,True,2025-12-24,Not enough content
CUST002531,False,,
CUST002532,False,,
CUST002533,False,,
CUST002534,False,,
CUST002535,False,,
CUST002536,False,,
CUST002537,True,2026-02-19,Not enough content
CUST002538,False,,
CUST002539,False,,
CUST002540,True,2025-12-29,Found alternative platform
CUST002541,False,,
CUST002542,False,,
CUST002543,True,2025-11-03,Moving / relocation
CUST002544,False,,
CUST002545,False,,
CUST002546,False,,
CUST002547,False,,
CUST002548,False,,
CUST002549,False,,
CUST002550,False,,
CUST002551,False,,
CUST002552,False,,
CUST002553,False,,
CUST002554,False,,
CUST002555,True,2026-05-30,Not enough content
CUST002556,False,,
CUST002557,True,2025-11-10,Found alternative platform
CUST002558,False,,
CUST002559,False,,
CUST002560,False,,
CUST002561,False,,
CUST002562,False,,
CUST002563,False,,
CUST002564,True,2026-05-20,Not enough content
CUST002565,False,,
CUST002566,False,,
CUST002567,False,,
CUST002568,True,2025-12-09,Technical issues
CUST002569,False,,
CUST002570,False,,
CUST002571,False,,
CUST002572,False,,
CUST002573,True,2026-02-23,Too expensive
CUST002574,True,2026-03-03,Technical issues
CUST002575,False,,
CUST002576,False,,
CUST002577,True,2026-05-13,Too expensive
CUST002578,False,,
CUST002579,False,,
CUST002580,False,,
CUST002581,False,,
CUST002582,True,2025-12-25,Not enough content
CUST002583,False,,
CUST002584,False,,
CUST002585,True,2025-12-02,Content quality decline
CUST002586,False,,
CUST002587,False,,
CUST002588,False,,
CUST002589,True,2026-04-30,Found alternative platform
CUST002590,False,,
CUST002591,False,,
CUST002592,False,,
CUST002593,False,,
CUST002594,True,2026-04-09,Content quality decline
CUST002595,False,,
CUST002596,False,,
CUST002597,False,,
CUST002598,False,,
CUST002599,True,2026-01-16,Moving / relocation
CUST002600,True,2026-02-03,Technical issues
CUST002601,False,,
CUST002602,True,2025-10-26,Not enough content
CUST002603,True,2025-10-06,Not enough content
CUST002604,False,,
CUST002605,False,,
CUST002606,False,,
CUST002607,True,2026-03-12,Not enough content
CUST002608,False,,
CUST002609,False,,
CUST002610,True,2026-01-26,Found alternative platform
CUST002611,True,2026-03-08,Poor customer service experience
CUST002612,False,,
CUST002613,False,,
CUST002614,False,,
CUST002615,True,2025-11-25,Too expensive
CUST002616,False,,
CUST002617,False,,
CUST002618,False,,
CUST002619,False,,
CUST002620,False,,
CUST002621,False,,
CUST002622,True,2026-04-11,Too expensive
CUST002623,False,,
CUST002624,True,2026-02-20,Content quality decline
CUST002625,False,,
CUST002626,True,2026-04-21,Found alternative platform
CUST002627,False,,
CUST002628,False,,
CUST002629,True,2026-05-14,No longer needed
CUST002630,False,,
CUST002631,False,,
CUST002632,False,,
CUST002633,False,,
CUST002634,True,2025-10-20,Too expensive
CUST002635,False,,
CUST002636,False,,
CUST002637,True,2025-12-03,Content quality decline
CUST002638,False,,
CUST002639,False,,
CUST002640,False,,
CUST002641,True,2025-11-10,Technical issues
CUST002642,True,2026-05-21,Found alternative platform
CUST002643,False,,
CUST002644,False,,
CUST002645,False,,
CUST002646,True,2025-12-18,Not enough content
CUST002647,True,2025-12-03,Content quality decline
CUST002648,True,2026-03-13,No longer needed
CUST002649,False,,
CUST002650,False,,
CUST002651,False,,
CUST002652,False,,
CUST002653,False,,
CUST002654,False,,
CUST002655,False,,
CUST002656,False,,
CUST002657,True,2026-01-06,Found alternative platform
CUST002658,False,,
CUST002659,False,,
CUST002660,False,,
CUST002661,False,,
CUST002662,False,,
CUST002663,False,,
CUST002664,False,,
CUST002665,True,2026-04-02,Too expensive
CUST002666,False,,
CUST002667,False,,
CUST002668,False,,
CUST002669,False,,
CUST002670,False,,
CUST002671,False,,
CUST002672,False,,
CUST002673,True,2026-04-04,Too expensive
CUST002674,True,2026-03-14,Moving / relocation
CUST002675,False,,
CUST002676,False,,
CUST002677,False,,
CUST002678,False,,
CUST002679,False,,
CUST002680,True,2025-10-17,Poor customer service experience
CUST002681,True,2026-03-03,No longer needed
CUST002682,False,,
CUST002683,False,,
CUST002684,False,,
CUST002685,False,,
CUST002686,False,,
CUST002687,False,,
CUST002688,False,,
CUST002689,False,,
CUST002690,False,,
CUST002691,False,,
CUST002692,False,,
CUST002693,False,,
CUST002694,False,,
CUST002695,True,2026-01-30,Not enough content
CUST002696,False,,
CUST002697,True,2026-01-20,Not enough content
CUST002698,False,,
CUST002699,False,,
CUST002700,False,,
CUST002701,False,,
CUST002702,True,2026-02-08,Found alternative platform
CUST002703,False,,
CUST002704,False,,
CUST002705,False,,
CUST002706,True,2026-04-02,Payment issues
CUST002707,False,,
CUST002708,False,,
CUST002709,False,,
CUST002710,False,,
CUST002711,False,,
CUST002712,False,,
CUST002713,True,2025-10-11,No longer needed
CUST002714,False,,
CUST002715,False,,
CUST002716,False,,
CUST002717,False,,
CUST002718,True,2026-01-28,Moving / relocation
CUST002719,False,,
CUST002720,True,2026-01-05,Found alternative platform
CUST002721,False,,
CUST002722,False,,
CUST002723,False,,
CUST002724,True,2026-05-13,Technical issues
CUST002725,False,,
CUST002726,False,,
CUST002727,False,,
CUST002728,False,,
CUST002729,False,,
CUST002730,True,2025-12-29,Poor customer service experience
CUST002731,False,,
CUST002732,False,,
CUST002733,True,2026-03-15,Technical issues
CUST002734,False,,
CUST002735,False,,
CUST002736,False,,
CUST002737,True,2026-03-04,Too expensive
CUST002738,False,,
CUST002739,False,,
CUST002740,False,,
CUST002741,True,2026-05-27,Not enough content
CUST002742,False,,
CUST002743,False,,
CUST002744,False,,
CUST002745,False,,
CUST002746,False,,
CUST002747,True,2026-05-27,Found alternative platform
CUST002748,True,2026-01-29,No longer needed
CUST002749,False,,
CUST002750,False,,
CUST002751,True,2025-11-27,Moving / relocation
CUST002752,False,,
CUST002753,False,,
CUST002754,False,,
CUST002755,False,,
CUST002756,True,2025-12-30,Not enough content
CUST002757,False,,
CUST002758,False,,
CUST002759,False,,
CUST002760,False,,
CUST002761,False,,
CUST002762,False,,
CUST002763,True,2026-01-12,Found alternative platform
CUST002764,False,,
CUST002765,False,,
CUST002766,True,2025-10-14,Too expensive
CUST002767,False,,
CUST002768,False,,
CUST002769,False,,
CUST002770,True,2026-03-25,Not enough content
CUST002771,False,,
CUST002772,False,,
CUST002773,True,2026-06-12,Payment issues
CUST002774,False,,
CUST002775,False,,
CUST002776,True,2025-11-06,Poor customer service experience
CUST002777,False,,
CUST002778,True,2025-10-16,Too expensive
CUST002779,False,,
CUST002780,False,,
CUST002781,False,,
CUST002782,False,,
CUST002783,True,2026-06-14,Not enough content
CUST002784,False,,
CUST002785,False,,
CUST002786,False,,
CUST002787,False,,
CUST002788,False,,
CUST002789,False,,
CUST002790,False,,
CUST002791,False,,
CUST002792,False,,
CUST002793,False,,
CUST002794,False,,
CUST002795,False,,
CUST002796,False,,
CUST002797,False,,
CUST002798,True,2026-01-27,Found alternative platform
CUST002799,True,2025-11-22,Content quality decline
CUST002800,False,,
CUST002801,False,,
CUST002802,False,,
CUST002803,False,,
CUST002804,False,,
CUST002805,False,,
CUST002806,True,2026-04-07,Technical issues
CUST002807,False,,
CUST002808,False,,
CUST002809,False,,
CUST002810,False,,
CUST002811,True,2026-06-08,No longer needed
CUST002812,False,,
CUST002813,True,2025-12-18,Found alternative platform
CUST002814,False,,
CUST002815,False,,
CUST002816,False,,
CUST002817,False,,
CUST002818,False,,
CUST002819,False,,
CUST002820,False,,
CUST002821,True,2026-05-08,Content quality decline
CUST002822,False,,
CUST002823,True,2025-12-16,Moving / relocation
CUST002824,False,,
CUST002825,True,2025-10-11,Technical issues
CUST002826,False,,
CUST002827,False,,
CUST002828,False,,
CUST002829,True,2025-12-19,Found alternative platform
CUST002830,True,2026-05-01,Poor customer service experience
CUST002831,False,,
CUST002832,False,,
CUST002833,False,,
CUST002834,False,,
CUST002835,True,2026-05-09,Content quality decline
CUST002836,True,2025-11-24,Payment issues
CUST002837,False,,
CUST002838,False,,
CUST002839,False,,
CUST002840,True,2026-01-14,Content quality decline
CUST002841,False,,
CUST002842,False,,
CUST002843,False,,
CUST002844,True,2025-11-06,Not enough content
CUST002845,False,,
CUST002846,False,,
CUST002847,False,,
CUST002848,False,,
CUST002849,False,,
CUST002850,False,,
CUST002851,False,,
CUST002852,False,,
CUST002853,False,,
CUST002854,False,,
CUST002855,True,2026-04-28,Payment issues
CUST002856,False,,
CUST002857,False,,
CUST002858,False,,
CUST002859,True,2026-05-26,No longer needed
CUST002860,False,,
CUST002861,False,,
CUST002862,False,,
CUST002863,True,2026-06-20,Content quality decline
CUST002864,True,2026-05-13,Content quality decline
CUST002865,False,,
CUST002866,False,,
CUST002867,False,,
CUST002868,False,,
CUST002869,False,,
CUST002870,False,,
CUST002871,False,,
CUST002872,True,2026-03-09,No longer needed
CUST002873,False,,
CUST002874,False,,
CUST002875,True,2025-10-20,Found alternative platform
CUST002876,False,,
CUST002877,False,,
CUST002878,True,2026-05-18,Found alternative platform
CUST002879,False,,
CUST002880,False,,
CUST002881,True,2025-10-22,Household budget cuts
CUST002882,True,2025-10-09,Not enough content
CUST002883,False,,
CUST002884,False,,
CUST002885,True,2025-11-20,Payment issues
CUST002886,False,,
CUST002887,False,,
CUST002888,True,2025-11-18,No longer needed
CUST002889,False,,
CUST002890,True,2025-11-08,Too expensive
CUST002891,False,,
CUST002892,False,,
CUST002893,False,,
CUST002894,False,,
CUST002895,False,,
CUST002896,False,,
CUST002897,False,,
CUST002898,False,,
CUST002899,True,2026-06-18,Payment issues
CUST002900,True,2025-11-27,Too expensive
CUST002901,False,,
CUST002902,False,,
CUST002903,True,2026-02-19,Found alternative platform
CUST002904,True,2026-02-06,No longer needed
CUST002905,False,,
CUST002906,False,,
CUST002907,False,,
CUST002908,False,,
CUST002909,True,2026-02-02,Poor customer service experience
CUST002910,True,2026-04-02,Found alternative platform
CUST002911,False,,
CUST002912,False,,
CUST002913,False,,
CUST002914,False,,
CUST002915,False,,
CUST002916,False,,
CUST002917,False,,
CUST002918,False,,
CUST002919,False,,
CUST002920,False,,
CUST002921,False,,
CUST002922,False,,
CUST002923,False,,
CUST002924,False,,
CUST002925,False,,
CUST002926,False,,
CUST002927,False,,
CUST002928,False,,
CUST002929,False,,
CUST002930,False,,
CUST002931,True,2026-03-27,Found alternative platform
CUST002932,False,,
CUST002933,False,,
CUST002934,True,2026-01-20,Too expensive
CUST002935,False,,
CUST002936,False,,
CUST002937,False,,
CUST002938,False,,
CUST002939,False,,
CUST002940,False,,
CUST002941,True,2025-10-29,Not enough content
CUST002942,True,2025-11-26,Moving / relocation
CUST002943,True,2026-01-05,Found alternative platform
CUST002944,False,,
CUST002945,False,,
CUST002946,False,,
CUST002947,True,2026-04-30,Too expensive
CUST002948,False,,
CUST002949,True,2026-04-25,Found alternative platform
CUST002950,False,,
CUST002951,False,,
CUST002952,False,,
CUST002953,False,,
CUST002954,False,,
CUST002955,False,,
CUST002956,True,2026-06-28,Poor customer service experience
CUST002957,False,,
CUST002958,False,,
CUST002959,False,,
CUST002960,False,,
CUST002961,False,,
CUST002962,True,2026-04-29,Household budget cuts
CUST002963,True,2026-03-22,Found alternative platform
CUST002964,True,2026-05-12,Poor customer service experience
CUST002965,True,2026-01-01,Poor customer service experience
CUST002966,False,,
CUST002967,False,,
CUST002968,False,,
CUST002969,False,,
CUST002970,False,,
CUST002971,True,2026-04-30,Found alternative platform
CUST002972,False,,
CUST002973,False,,
CUST002974,False,,
CUST002975,False,,
CUST002976,False,,
CUST002977,False,,
CUST002978,False,,
CUST002979,False,,
CUST002980,False,,
CUST002981,False,,
CUST002982,False,,
CUST002983,False,,
CUST002984,False,,
CUST002985,False,,
CUST002986,False,,
CUST002987,False,,
CUST002988,False,,
CUST002989,False,,
CUST002990,False,,
CUST002991,False,,
CUST002992,False,,
CUST002993,False,,
CUST002994,False,,
CUST002995,False,,
CUST002996,True,2026-01-10,Content quality decline
CUST002997,True,2026-03-21,Password sharing crackdown
CUST002998,False,,
CUST002999,False,,
CUST003000,True,2026-02-17,Password sharing crackdown
CUST003001,True,2025-12-27,Too expensive
CUST003002,False,,
CUST003003,False,,
CUST003004,True,2026-03-26,Moving / relocation
CUST003005,True,2025-10-11,Technical issues
CUST003006,True,2025-12-12,Poor customer service experience
CUST003007,False,,
CUST003008,False,,
CUST003009,False,,
CUST003010,False,,
CUST003011,False,,
CUST003012,False,,
CUST003013,False,,
CUST003014,False,,
CUST003015,False,,
CUST003016,True,2025-11-25,Payment issues
CUST003017,True,2026-04-18,Poor customer service experience
CUST003018,True,2026-03-29,Technical issues
CUST003019,False,,
CUST003020,True,2025-11-13,No longer needed
CUST003021,True,2026-06-30,Too expensive
CUST003022,True,2025-12-23,Technical issues
CUST003023,False,,
CUST003024,False,,
CUST003025,False,,
CUST003026,False,,
CUST003027,False,,
CUST003028,False,,
CUST003029,False,,
CUST003030,False,,
CUST003031,False,,
CUST003032,False,,
CUST003033,True,2026-06-03,Too expensive
CUST003034,False,,
CUST003035,False,,
CUST003036,True,2025-10-08,Too expensive
CUST003037,False,,
CUST003038,False,,
CUST003039,False,,
CUST003040,False,,
CUST003041,True,2026-01-24,Moving / relocation
CUST003042,False,,
CUST003043,False,,
CUST003044,False,,
CUST003045,False,,
CUST003046,False,,
CUST003047,True,2025-11-11,Moving / relocation
CUST003048,False,,
CUST003049,False,,
CUST003050,False,,
CUST003051,False,,
CUST003052,True,2026-04-29,Too expensive
CUST003053,False,,
CUST003054,True,2025-10-06,Password sharing crackdown
CUST003055,False,,
CUST003056,False,,
CUST003057,False,,
CUST003058,True,2026-04-28,Content quality decline
CUST003059,False,,
CUST003060,False,,
CUST003061,False,,
CUST003062,True,2025-11-30,Found alternative platform
CUST003063,True,2026-02-27,Found alternative platform
CUST003064,True,2026-06-23,Technical issues
CUST003065,False,,
CUST003066,False,,
CUST003067,False,,
CUST003068,False,,
CUST003069,True,2026-06-12,Too expensive
CUST003070,False,,
CUST003071,True,2025-11-22,Found alternative platform
CUST003072,True,2025-12-23,Too expensive
CUST003073,True,2026-05-11,Too expensive
CUST003074,False,,
CUST003075,False,,
CUST003076,True,2025-11-10,Password sharing crackdown
CUST003077,False,,
CUST003078,False,,
CUST003079,False,,
CUST003080,True,2026-02-20,No longer needed
CUST003081,False,,
CUST003082,False,,
CUST003083,True,2025-10-03,Household budget cuts
CUST003084,False,,
CUST003085,True,2026-04-23,Content quality decline
CUST003086,False,,
CUST003087,False,,
CUST003088,True,2026-02-09,Content quality decline
CUST003089,False,,
CUST003090,True,2025-12-16,Content quality decline
CUST003091,False,,
CUST003092,False,,
CUST003093,True,2026-01-28,Moving / relocation
CUST003094,False,,
CUST003095,True,2026-04-30,Found alternative platform
CUST003096,False,,
CUST003097,False,,
CUST003098,False,,
CUST003099,False,,
CUST003100,False,,
CUST003101,False,,
CUST003102,False,,
CUST003103,False,,
CUST003104,False,,
CUST003105,False,,
CUST003106,False,,
CUST003107,False,,
CUST003108,False,,
CUST003109,False,,
CUST003110,False,,
CUST003111,False,,
CUST003112,False,,
CUST003113,False,,
CUST003114,True,2026-03-07,Content quality decline
CUST003115,True,2025-10-25,Too expensive
CUST003116,True,2026-02-18,Content quality decline
CUST003117,True,2026-05-14,Poor customer service experience
CUST003118,False,,
CUST003119,True,2026-02-08,No longer needed
CUST003120,False,,
CUST003121,False,,
CUST003122,False,,
CUST003123,True,2025-11-02,Household budget cuts
CUST003124,False,,
CUST003125,False,,
CUST003126,False,,
CUST003127,False,,
CUST003128,True,2026-05-28,Too expensive
CUST003129,True,2026-05-20,Not enough content
CUST003130,False,,
CUST003131,True,2026-06-09,No longer needed
CUST003132,False,,
CUST003133,True,2026-01-29,No longer needed
CUST003134,True,2026-01-11,Payment issues
CUST003135,False,,
CUST003136,True,2026-04-27,Technical issues
CUST003137,False,,
CUST003138,False,,
CUST003139,False,,
CUST003140,True,2026-02-18,Household budget cuts
CUST003141,True,2025-12-18,Payment issues
CUST003142,False,,
CUST003143,False,,
CUST003144,False,,
CUST003145,False,,
CUST003146,False,,
CUST003147,False,,
CUST003148,False,,
CUST003149,False,,
CUST003150,False,,
CUST003151,False,,
CUST003152,False,,
CUST003153,False,,
CUST003154,False,,
CUST003155,True,2026-06-29,Too expensive
CUST003156,False,,
CUST003157,False,,
CUST003158,False,,
CUST003159,False,,
CUST003160,True,2026-03-24,Household budget cuts
CUST003161,True,2026-05-29,Technical issues
CUST003162,False,,
CUST003163,False,,
CUST003164,False,,
CUST003165,True,2025-12-21,Password sharing crackdown
CUST003166,False,,
CUST003167,True,2026-06-10,Content quality decline
CUST003168,False,,
CUST003169,False,,
CUST003170,False,,
CUST003171,True,2026-05-27,Not enough content
CUST003172,False,,
CUST003173,False,,
CUST003174,False,,
CUST003175,False,,
CUST003176,False,,
CUST003177,False,,
CUST003178,False,,
CUST003179,False,,
CUST003180,True,2025-10-04,Too expensive
CUST003181,False,,
CUST003182,False,,
CUST003183,True,2025-12-03,Payment issues
CUST003184,False,,
CUST003185,True,2026-05-02,No longer needed
CUST003186,True,2026-04-27,Household budget cuts
CUST003187,True,2025-12-02,Too expensive
CUST003188,False,,
CUST003189,False,,
CUST003190,True,2026-01-21,Too expensive
CUST003191,False,,
CUST003192,True,2026-04-29,Found alternative platform
CUST003193,False,,
CUST003194,False,,
CUST003195,False,,
CUST003196,False,,
CUST003197,False,,
CUST003198,False,,
CUST003199,False,,
CUST003200,False,,
CUST003201,True,2025-12-07,Not enough content
CUST003202,True,2026-05-17,Too expensive
CUST003203,False,,
CUST003204,False,,
CUST003205,False,,
CUST003206,False,,
CUST003207,False,,
CUST003208,False,,
CUST003209,False,,
CUST003210,False,,
CUST003211,False,,
CUST003212,False,,
CUST003213,False,,
CUST003214,True,2026-05-20,Technical issues
CUST003215,False,,
CUST003216,True,2026-06-06,Too expensive
CUST003217,False,,
CUST003218,False,,
CUST003219,False,,
CUST003220,False,,
CUST003221,False,,
CUST003222,False,,
CUST003223,True,2026-03-10,Found alternative platform
CUST003224,False,,
CUST003225,False,,
CUST003226,False,,
CUST003227,False,,
CUST003228,True,2026-06-05,Not enough content
CUST003229,False,,
CUST003230,False,,
CUST003231,True,2026-06-07,Too expensive
CUST003232,True,2025-12-13,Payment issues
CUST003233,False,,
CUST003234,False,,
CUST003235,False,,
CUST003236,False,,
CUST003237,False,,
CUST003238,False,,
CUST003239,True,2025-11-11,Technical issues
CUST003240,False,,
CUST003241,True,2026-01-04,Technical issues
CUST003242,False,,
CUST003243,False,,
CUST003244,False,,
CUST003245,False,,
CUST003246,True,2026-02-18,Found alternative platform
CUST003247,False,,
CUST003248,False,,
CUST003249,False,,
CUST003250,False,,
CUST003251,False,,
CUST003252,False,,
CUST003253,False,,
CUST003254,False,,
CUST003255,False,,
CUST003256,False,,
CUST003257,True,2026-01-22,Not enough content
CUST003258,False,,
CUST003259,False,,
CUST003260,False,,
CUST003261,False,,
CUST003262,False,,
CUST003263,False,,
CUST003264,True,2026-06-11,Moving / relocation
CUST003265,False,,
CUST003266,False,,
CUST003267,False,,
CUST003268,False,,
CUST003269,False,,
CUST003270,False,,
CUST003271,False,,
CUST003272,True,2026-04-16,Too expensive
CUST003273,False,,
CUST003274,False,,
CUST003275,True,2026-06-19,Found alternative platform
CUST003276,False,,
CUST003277,False,,
CUST003278,False,,
CUST003279,False,,
CUST003280,False,,
CUST003281,False,,
CUST003282,False,,
CUST003283,False,,
CUST003284,False,,
CUST003285,True,2026-04-25,Too expensive
CUST003286,False,,
CUST003287,False,,
CUST003288,False,,
CUST003289,False,,
CUST003290,True,2025-10-09,No longer needed
CUST003291,False,,
CUST003292,False,,
CUST003293,False,,
CUST003294,False,,
CUST003295,False,,
CUST003296,False,,
CUST003297,False,,
CUST003298,False,,
CUST003299,False,,
CUST003300,False,,
CUST003301,False,,
CUST003302,True,2025-10-27,Technical issues
CUST003303,True,2025-12-26,Technical issues
CUST003304,False,,
CUST003305,False,,
CUST003306,False,,
CUST003307,False,,
CUST003308,False,,
CUST003309,False,,
CUST003310,True,2026-05-15,Found alternative platform
CUST003311,False,,
CUST003312,False,,
CUST003313,False,,
CUST003314,False,,
CUST003315,False,,
CUST003316,False,,
CUST003317,True,2025-12-20,Too expensive
CUST003318,False,,
CUST003319,False,,
CUST003320,False,,
CUST003321,True,2026-01-19,Technical issues
CUST003322,False,,
CUST003323,False,,
CUST003324,False,,
CUST003325,False,,
CUST003326,True,2026-02-20,Too expensive
CUST003327,False,,
CUST003328,True,2026-05-02,Household budget cuts
CUST003329,False,,
CUST003330,True,2026-06-22,Too expensive
CUST003331,False,,
CUST003332,False,,
CUST003333,False,,
CUST003334,True,2025-11-29,Too expensive
CUST003335,False,,
CUST003336,False,,
CUST003337,False,,
CUST003338,True,2025-10-22,Found alternative platform
CUST003339,False,,
CUST003340,False,,
CUST003341,False,,
CUST003342,False,,
CUST003343,False,,
CUST003344,False,,
CUST003345,True,2026-01-01,No longer needed
CUST003346,True,2026-02-13,Poor customer service experience
CUST003347,False,,
CUST003348,False,,
CUST003349,False,,
CUST003350,False,,
CUST003351,False,,
CUST003352,False,,
CUST003353,True,2026-04-25,Technical issues
CUST003354,True,2025-11-29,Household budget cuts
CUST003355,True,2026-06-13,Payment issues
CUST003356,True,2026-05-28,No longer needed
CUST003357,False,,
CUST003358,False,,
CUST003359,True,2026-03-21,Password sharing crackdown
CUST003360,False,,
CUST003361,False,,
CUST003362,False,,
CUST003363,False,,
CUST003364,False,,
CUST003365,False,,
CUST003366,False,,
CUST003367,False,,
CUST003368,False,,
CUST003369,False,,
CUST003370,True,2025-10-09,Not enough content
CUST003371,False,,
CUST003372,False,,
CUST003373,False,,
CUST003374,False,,
CUST003375,False,,
CUST003376,False,,
CUST003377,True,2026-02-02,Too expensive
CUST003378,False,,
CUST003379,False,,
CUST003380,True,2025-10-17,Too expensive
CUST003381,True,2026-02-21,Moving / relocation
CUST003382,False,,
CUST003383,False,,
CUST003384,False,,
CUST003385,True,2026-06-03,Not enough content
CUST003386,False,,
CUST003387,False,,
CUST003388,True,2026-06-30,No longer needed
CUST003389,False,,
CUST003390,False,,
CUST003391,True,2026-04-10,Too expensive
CUST003392,False,,
CUST003393,False,,
CUST003394,False,,
CUST003395,True,2026-05-15,Not enough content
CUST003396,True,2026-04-13,Password sharing crackdown
CUST003397,False,,
CUST003398,False,,
CUST003399,False,,
CUST003400,False,,
CUST003401,True,2026-05-28,Too expensive
CUST003402,True,2026-01-08,Password sharing crackdown
CUST003403,False,,
CUST003404,True,2025-11-29,Found alternative platform
CUST003405,False,,
CUST003406,True,2026-03-13,Found alternative platform
CUST003407,False,,
CUST003408,True,2026-01-04,No longer needed
CUST003409,False,,
CUST003410,False,,
CUST003411,False,,
CUST003412,False,,
CUST003413,True,2026-03-27,No longer needed
CUST003414,False,,
CUST003415,False,,
CUST003416,False,,
CUST003417,False,,
CUST003418,False,,
CUST003419,False,,
CUST003420,True,2026-06-21,Moving / relocation
CUST003421,False,,
CUST003422,False,,
CUST003423,False,,
CUST003424,False,,
CUST003425,False,,
CUST003426,False,,
CUST003427,False,,
CUST003428,False,,
CUST003429,False,,
CUST003430,False,,
CUST003431,True,2026-01-11,No longer needed
CUST003432,False,,
CUST003433,False,,
CUST003434,False,,
CUST003435,False,,
CUST003436,False,,
CUST003437,False,,
CUST003438,False,,
CUST003439,False,,
CUST003440,False,,
CUST003441,True,2026-04-28,Too expensive
CUST003442,False,,
CUST003443,False,,
CUST003444,True,2026-01-17,No longer needed
CUST003445,False,,
CUST003446,True,2026-05-14,Poor customer service experience
CUST003447,False,,
CUST003448,True,2026-05-31,Moving / relocation
CUST003449,False,,
CUST003450,False,,
CUST003451,False,,
CUST003452,False,,
CUST003453,False,,
CUST003454,False,,
CUST003455,False,,
CUST003456,False,,
CUST003457,True,2025-12-16,Found alternative platform
CUST003458,False,,
CUST003459,True,2025-10-18,Payment issues
CUST003460,False,,
CUST003461,False,,
CUST003462,True,2026-01-23,Found alternative platform
CUST003463,False,,
CUST003464,False,,
CUST003465,True,2026-06-16,Not enough content
CUST003466,False,,
CUST003467,False,,
CUST003468,False,,
CUST003469,False,,
CUST003470,True,2025-12-29,Found alternative platform
CUST003471,True,2026-01-30,No longer needed
CUST003472,False,,
CUST003473,False,,
CUST003474,False,,
CUST003475,False,,
CUST003476,True,2026-06-08,Not enough content
CUST003477,False,,
CUST003478,True,2025-10-07,Technical issues
CUST003479,False,,
CUST003480,False,,
CUST003481,True,2026-02-15,Too expensive
CUST003482,False,,
CUST003483,False,,
CUST003484,False,,
CUST003485,False,,
CUST003486,False,,
CUST003487,False,,
CUST003488,False,,
CUST003489,False,,
CUST003490,False,,
CUST003491,False,,
CUST003492,False,,
CUST003493,False,,
CUST003494,False,,
CUST003495,True,2026-04-05,No longer needed
CUST003496,False,,
CUST003497,False,,
CUST003498,False,,
CUST003499,False,,
CUST003500,False,,
CUST003501,False,,
CUST003502,False,,
CUST003503,False,,
CUST003504,False,,
CUST003505,True,2026-04-18,Too expensive
CUST003506,False,,
CUST003507,False,,
CUST003508,False,,
CUST003509,False,,
CUST003510,False,,
CUST003511,False,,
CUST003512,False,,
CUST003513,False,,
CUST003514,False,,
CUST003515,False,,
CUST003516,True,2026-03-27,Poor customer service experience
CUST003517,False,,
CUST003518,False,,
CUST003519,False,,
CUST003520,False,,
CUST003521,False,,
CUST003522,False,,
CUST003523,True,2025-11-19,No longer needed
CUST003524,False,,
CUST003525,False,,
CUST003526,False,,
CUST003527,True,2026-01-12,Too expensive
CUST003528,True,2025-12-06,Content quality decline
CUST003529,False,,
CUST003530,False,,
CUST003531,False,,
CUST003532,False,,
CUST003533,True,2026-06-21,No longer needed
CUST003534,False,,
CUST003535,False,,
CUST003536,False,,
CUST003537,False,,
CUST003538,False,,
CUST003539,True,2026-06-13,Payment issues
CUST003540,False,,
CUST003541,False,,
CUST003542,False,,
CUST003543,False,,
CUST003544,False,,
CUST003545,False,,
CUST003546,False,,
CUST003547,False,,
CUST003548,True,2026-06-10,Too expensive
CUST003549,False,,
CUST003550,False,,
CUST003551,False,,
CUST003552,False,,
CUST003553,False,,
CUST003554,False,,
CUST003555,False,,
CUST003556,False,,
CUST003557,True,2026-06-30,Technical issues
CUST003558,False,,
CUST003559,True,2026-04-15,Found alternative platform
CUST003560,False,,
CUST003561,True,2026-01-25,Too expensive
CUST003562,False,,
CUST003563,False,,
CUST003564,True,2025-10-31,Payment issues
CUST003565,False,,
CUST003566,False,,
CUST003567,False,,
CUST003568,False,,
CUST003569,False,,
CUST003570,True,2026-02-23,Too expensive
CUST003571,False,,
CUST003572,False,,
CUST003573,False,,
CUST003574,False,,
CUST003575,False,,
CUST003576,True,2025-12-16,No longer needed
CUST003577,False,,
CUST003578,False,,
CUST003579,False,,
CUST003580,True,2026-05-25,Household budget cuts
CUST003581,True,2025-11-18,Payment issues
CUST003582,False,,
CUST003583,False,,
CUST003584,False,,
CUST003585,False,,
CUST003586,False,,
CUST003587,False,,
CUST003588,False,,
CUST003589,True,2025-11-03,Found alternative platform
CUST003590,False,,
CUST003591,False,,
CUST003592,False,,
CUST003593,False,,
CUST003594,True,2026-05-20,Not enough content
CUST003595,True,2026-03-28,No longer needed
CUST003596,False,,
CUST003597,False,,
CUST003598,True,2026-06-30,Found alternative platform
CUST003599,False,,
CUST003600,False,,
CUST003601,False,,
CUST003602,False,,
CUST003603,True,2026-02-11,Poor customer service experience
CUST003604,True,2026-04-09,Too expensive
CUST003605,True,2026-04-08,Found alternative platform
CUST003606,False,,
CUST003607,False,,
CUST003608,False,,
CUST003609,False,,
CUST003610,False,,
CUST003611,False,,
CUST003612,False,,
CUST003613,False,,
CUST003614,False,,
CUST003615,True,2025-10-10,Poor customer service experience
CUST003616,False,,
CUST003617,False,,
CUST003618,True,2026-03-04,No longer needed
CUST003619,False,,
CUST003620,False,,
CUST003621,True,2025-11-06,Household budget cuts
CUST003622,True,2026-02-13,Moving / relocation
CUST003623,True,2026-01-10,Payment issues
CUST003624,False,,
CUST003625,False,,
CUST003626,False,,
CUST003627,False,,
CUST003628,True,2025-12-05,Found alternative platform
CUST003629,False,,
CUST003630,False,,
CUST003631,False,,
CUST003632,True,2026-04-01,Too expensive
CUST003633,True,2026-04-11,Technical issues
CUST003634,False,,
CUST003635,False,,
CUST003636,False,,
CUST003637,True,2026-06-26,No longer needed
CUST003638,False,,
CUST003639,True,2025-11-17,Too expensive
CUST003640,True,2026-02-16,Technical issues
CUST003641,False,,
CUST003642,False,,
CUST003643,False,,
CUST003644,False,,
CUST003645,False,,
CUST003646,False,,
CUST003647,True,2026-06-19,Content quality decline
CUST003648,False,,
CUST003649,True,2026-05-20,Not enough content
CUST003650,True,2026-04-14,Found alternative platform
CUST003651,False,,
CUST003652,True,2026-02-26,Household budget cuts
CUST003653,False,,
CUST003654,False,,
CUST003655,False,,
CUST003656,True,2026-04-06,Found alternative platform
CUST003657,False,,
CUST003658,False,,
CUST003659,False,,
CUST003660,True,2026-03-10,Found alternative platform
CUST003661,False,,
CUST003662,True,2026-06-19,Technical issues
CUST003663,True,2026-02-13,Too expensive
CUST003664,False,,
CUST003665,False,,
CUST003666,True,2025-10-12,Poor customer service experience
CUST003667,False,,
CUST003668,False,,
CUST003669,False,,
CUST003670,True,2026-03-10,Poor customer service experience
CUST003671,False,,
CUST003672,False,,
CUST003673,False,,
CUST003674,False,,
CUST003675,True,2026-02-20,Moving / relocation
CUST003676,False,,
CUST003677,True,2026-02-21,Household budget cuts
CUST003678,False,,
CUST003679,True,2026-06-19,Payment issues
CUST003680,True,2025-12-26,Found alternative platform
CUST003681,True,2025-11-01,Household budget cuts
CUST003682,False,,
CUST003683,False,,
CUST003684,False,,
CUST003685,True,2025-11-05,Household budget cuts
CUST003686,False,,
CUST003687,False,,
CUST003688,True,2025-10-27,Too expensive
CUST003689,False,,
CUST003690,True,2026-06-26,Household budget cuts
CUST003691,False,,
CUST003692,False,,
CUST003693,True,2026-01-30,Not enough content
CUST003694,False,,
CUST003695,True,2025-10-04,Found alternative platform
CUST003696,False,,
CUST003697,True,2025-10-15,Too expensive
CUST003698,True,2025-11-23,Found alternative platform
CUST003699,False,,
CUST003700,False,,
CUST003701,False,,
CUST003702,False,,
CUST003703,False,,
CUST003704,False,,
CUST003705,True,2025-11-18,Payment issues
CUST003706,False,,
CUST003707,False,,
CUST003708,True,2025-12-03,Found alternative platform
CUST003709,True,2026-02-17,Household budget cuts
CUST003710,False,,
CUST003711,True,2025-10-10,Payment issues
CUST003712,False,,
CUST003713,False,,
CUST003714,False,,
CUST003715,False,,
CUST003716,False,,
CUST003717,False,,
CUST003718,False,,
CUST003719,False,,
CUST003720,False,,
CUST003721,False,,
CUST003722,False,,
CUST003723,True,2026-05-14,No longer needed
CUST003724,True,2025-12-30,Too expensive
CUST003725,False,,
CUST003726,False,,
CUST003727,False,,
CUST003728,False,,
CUST003729,True,2026-04-04,No longer needed
CUST003730,False,,
CUST003731,False,,
CUST003732,False,,
CUST003733,True,2026-01-09,Household budget cuts
CUST003734,False,,
CUST003735,False,,
CUST003736,False,,
CUST003737,False,,
CUST003738,False,,
CUST003739,False,,
CUST003740,True,2026-01-19,Found alternative platform
CUST003741,False,,
CUST003742,False,,
CUST003743,False,,
CUST003744,False,,
CUST003745,False,,
CUST003746,False,,
CUST003747,False,,
CUST003748,False,,
CUST003749,False,,
CUST003750,False,,
CUST003751,False,,
CUST003752,False,,
CUST003753,False,,
CUST003754,False,,
CUST003755,True,2026-01-03,Too expensive
CUST003756,False,,
CUST003757,False,,
CUST003758,False,,
CUST003759,False,,
CUST003760,True,2026-05-28,Too expensive
CUST003761,False,,
CUST003762,False,,
CUST003763,False,,
CUST003764,False,,
CUST003765,False,,
CUST003766,False,,
CUST003767,False,,
CUST003768,True,2026-03-24,Found alternative platform
CUST003769,False,,
CUST003770,False,,
CUST003771,False,,
CUST003772,False,,
CUST003773,True,2026-06-09,Not enough content
CUST003774,False,,
CUST003775,False,,
CUST003776,False,,
CUST003777,False,,
CUST003778,True,2026-06-01,Too expensive
CUST003779,False,,
CUST003780,False,,
CUST003781,False,,
CUST003782,False,,
CUST003783,False,,
CUST003784,False,,
CUST003785,False,,
CUST003786,False,,
CUST003787,False,,
CUST003788,False,,
CUST003789,False,,
CUST003790,True,2026-04-22,Moving / relocation
CUST003791,False,,
CUST003792,False,,
CUST003793,False,,
CUST003794,False,,
CUST003795,True,2026-01-29,Too expensive
CUST003796,True,2026-05-20,Household budget cuts
CUST003797,True,2026-04-12,No longer needed
CUST003798,True,2025-10-11,Password sharing crackdown
CUST003799,False,,
CUST003800,True,2026-03-20,Password sharing crackdown
CUST003801,True,2026-03-27,No longer needed
CUST003802,False,,
CUST003803,False,,
CUST003804,False,,
CUST003805,True,2026-06-17,Too expensive
CUST003806,False,,
CUST003807,False,,
CUST003808,False,,
CUST003809,False,,
CUST003810,False,,
CUST003811,True,2026-05-08,Found alternative platform
CUST003812,True,2025-10-07,Too expensive
CUST003813,False,,
CUST003814,False,,
CUST003815,False,,
CUST003816,False,,
CUST003817,False,,
CUST003818,True,2026-05-13,No longer needed
CUST003819,False,,
CUST003820,False,,
CUST003821,False,,
CUST003822,False,,
CUST003823,False,,
CUST003824,False,,
CUST003825,False,,
CUST003826,True,2026-05-09,Poor customer service experience
CUST003827,False,,
CUST003828,False,,
CUST003829,False,,
CUST003830,True,2025-12-26,Found alternative platform
CUST003831,False,,
CUST003832,True,2026-02-23,Household budget cuts
CUST003833,False,,
CUST003834,False,,
CUST003835,False,,
CUST003836,False,,
CUST003837,True,2026-04-18,Payment issues
CUST003838,False,,
CUST003839,False,,
CUST003840,True,2025-11-25,Moving / relocation
CUST003841,False,,
CUST003842,False,,
CUST003843,True,2026-03-26,Found alternative platform
CUST003844,False,,
CUST003845,False,,
CUST003846,True,2026-05-09,Found alternative platform
CUST003847,False,,
CUST003848,False,,
CUST003849,False,,
CUST003850,True,2026-01-24,No longer needed
CUST003851,False,,
CUST003852,False,,
CUST003853,False,,
CUST003854,True,2026-05-02,No longer needed
CUST003855,False,,
CUST003856,False,,
CUST003857,False,,
CUST003858,True,2026-06-29,Moving / relocation
CUST003859,False,,
CUST003860,False,,
CUST003861,True,2025-12-11,Moving / relocation
CUST003862,True,2026-06-29,Too expensive
CUST003863,False,,
CUST003864,False,,
CUST003865,False,,
CUST003866,False,,
CUST003867,False,,
CUST003868,False,,
CUST003869,False,,
CUST003870,True,2026-01-15,Technical issues
CUST003871,False,,
CUST003872,False,,
CUST003873,False,,
CUST003874,False,,
CUST003875,True,2026-05-05,Technical issues
CUST003876,False,,
CUST003877,False,,
CUST003878,False,,
CUST003879,False,,
CUST003880,False,,
CUST003881,False,,
CUST003882,False,,
CUST003883,True,2026-03-15,Too expensive
CUST003884,False,,
CUST003885,False,,
CUST003886,True,2026-04-20,No longer needed
CUST003887,False,,
CUST003888,False,,
CUST003889,False,,
CUST003890,False,,
CUST003891,False,,
CUST003892,False,,
CUST003893,False,,
CUST003894,False,,
CUST003895,True,2026-02-24,Technical issues
CUST003896,False,,
CUST003897,False,,
CUST003898,False,,
CUST003899,False,,
CUST003900,False,,
CUST003901,False,,
CUST003902,False,,
CUST003903,False,,
CUST003904,True,2026-05-10,Not enough content
CUST003905,False,,
CUST003906,True,2026-05-24,Household budget cuts
CUST003907,False,,
CUST003908,False,,
CUST003909,False,,
CUST003910,False,,
CUST003911,False,,
CUST003912,True,2025-10-18,Password sharing crackdown
CUST003913,False,,
CUST003914,True,2026-01-22,Household budget cuts
CUST003915,False,,
CUST003916,False,,
CUST003917,False,,
CUST003918,False,,
CUST003919,True,2026-01-08,Found alternative platform
CUST003920,False,,
CUST003921,False,,
CUST003922,True,2026-02-21,No longer needed
CUST003923,False,,
CUST003924,False,,
CUST003925,False,,
CUST003926,True,2026-03-01,Too expensive
CUST003927,True,2026-02-09,Found alternative platform
CUST003928,False,,
CUST003929,False,,
CUST003930,True,2025-10-23,Found alternative platform
CUST003931,False,,
CUST003932,False,,
CUST003933,True,2025-11-30,No longer needed
CUST003934,True,2026-06-25,Content quality decline
CUST003935,False,,
CUST003936,False,,
CUST003937,True,2025-10-11,No longer needed
CUST003938,False,,
CUST003939,False,,
CUST003940,False,,
CUST003941,False,,
CUST003942,False,,
CUST003943,False,,
CUST003944,False,,
CUST003945,False,,
CUST003946,False,,
CUST003947,False,,
CUST003948,False,,
CUST003949,False,,
CUST003950,False,,
CUST003951,False,,
CUST003952,True,2025-10-13,No longer needed
CUST003953,False,,
CUST003954,False,,
CUST003955,False,,
CUST003956,True,2025-10-27,Content quality decline
CUST003957,False,,
CUST003958,False,,
CUST003959,False,,
CUST003960,True,2026-01-29,Payment issues
CUST003961,True,2026-06-09,Household budget cuts
CUST003962,False,,
CUST003963,True,2026-02-20,No longer needed
CUST003964,True,2026-03-24,Moving / relocation
CUST003965,True,2026-06-22,Content quality decline
CUST003966,True,2026-01-30,Found alternative platform
CUST003967,False,,
CUST003968,False,,
CUST003969,True,2025-12-08,Too expensive
CUST003970,False,,
CUST003971,False,,
CUST003972,False,,
CUST003973,False,,
CUST003974,False,,
CUST003975,False,,
CUST003976,False,,
CUST003977,True,2026-02-07,Not enough content
CUST003978,False,,
CUST003979,True,2026-02-26,No longer needed
CUST003980,False,,
CUST003981,False,,
CUST003982,False,,
CUST003983,True,2025-10-11,Found alternative platform
CUST003984,False,,
CUST003985,False,,
CUST003986,False,,
CUST003987,True,2025-10-21,Not enough content
CUST003988,False,,
CUST003989,True,2026-04-17,Technical issues
CUST003990,False,,
CUST003991,False,,
CUST003992,False,,
CUST003993,False,,
CUST003994,False,,
CUST003995,False,,
CUST003996,True,2025-10-09,No longer needed
CUST003997,False,,
CUST003998,True,2025-11-27,Technical issues
CUST003999,True,2026-06-27,No longer needed
CUST004000,False,,
CUST004001,False,,
CUST004002,False,,
CUST004003,True,2026-05-29,Found alternative platform
CUST004004,False,,
CUST004005,True,2026-03-23,Not enough content
CUST004006,False,,
CUST004007,False,,
CUST004008,False,,
CUST004009,False,,
CUST004010,True,2026-05-16,Too expensive
CUST004011,True,2026-06-23,Payment issues
CUST004012,False,,
CUST004013,False,,
CUST004014,True,2026-02-12,Too expensive
CUST004015,False,,
CUST004016,False,,
CUST004017,False,,
CUST004018,False,,
CUST004019,False,,
CUST004020,True,2025-10-09,Household budget cuts
CUST004021,True,2026-05-22,Household budget cuts
CUST004022,False,,
CUST004023,True,2026-05-03,No longer needed
CUST004024,True,2026-02-16,Found alternative platform
CUST004025,True,2025-10-09,Found alternative platform
CUST004026,False,,
CUST004027,False,,
CUST004028,True,2025-12-02,Household budget cuts
CUST004029,False,,
CUST004030,True,2026-01-09,Found alternative platform
CUST004031,True,2025-11-24,Found alternative platform
CUST004032,False,,
CUST004033,True,2026-02-09,Too expensive
CUST004034,False,,
CUST004035,True,2025-10-31,Found alternative platform
CUST004036,False,,
CUST004037,False,,
CUST004038,True,2026-02-23,Poor customer service experience
CUST004039,False,,
CUST004040,True,2026-04-29,No longer needed
CUST004041,True,2025-10-16,Found alternative platform
CUST004042,True,2026-01-25,Not enough content
CUST004043,False,,
CUST004044,False,,
CUST004045,False,,
CUST004046,False,,
CUST004047,False,,
CUST004048,False,,
CUST004049,True,2026-04-02,Technical issues
CUST004050,False,,
CUST004051,False,,
CUST004052,False,,
CUST004053,False,,
CUST004054,True,2026-02-07,No longer needed
CUST004055,False,,
CUST004056,False,,
CUST004057,False,,
CUST004058,False,,
CUST004059,False,,
CUST004060,False,,
CUST004061,False,,
CUST004062,False,,
CUST004063,False,,
CUST004064,False,,
CUST004065,False,,
CUST004066,False,,
CUST004067,True,2026-02-01,Too expensive
CUST004068,False,,
CUST004069,False,,
CUST004070,False,,
CUST004071,False,,
CUST004072,False,,
CUST004073,False,,
CUST004074,False,,
CUST004075,True,2026-05-07,Content quality decline
CUST004076,False,,
CUST004077,False,,
CUST004078,False,,
CUST004079,False,,
CUST004080,False,,
CUST004081,False,,
CUST004082,False,,
CUST004083,False,,
CUST004084,True,2026-03-07,Not enough content
CUST004085,False,,
CUST004086,False,,
CUST004087,False,,
CUST004088,False,,
CUST004089,True,2025-11-06,Found alternative platform
CUST004090,False,,
CUST004091,False,,
CUST004092,False,,
CUST004093,False,,
CUST004094,True,2025-12-15,Too expensive
CUST004095,False,,
CUST004096,False,,
CUST004097,False,,
CUST004098,False,,
CUST004099,False,,
CUST004100,False,,
CUST004101,False,,
CUST004102,False,,
CUST004103,True,2026-06-03,Found alternative platform
CUST004104,False,,
CUST004105,False,,
CUST004106,False,,
CUST004107,False,,
CUST004108,False,,
CUST004109,False,,
CUST004110,True,2026-03-08,Not enough content
CUST004111,False,,
CUST004112,False,,
CUST004113,False,,
CUST004114,False,,
CUST004115,False,,
CUST004116,False,,
CUST004117,False,,
CUST004118,False,,
CUST004119,False,,
CUST004120,False,,
CUST004121,False,,
CUST004122,True,2026-02-12,Too expensive
CUST004123,True,2026-04-15,Household budget cuts
CUST004124,False,,
CUST004125,False,,
CUST004126,False,,
CUST004127,False,,
CUST004128,False,,
CUST004129,False,,
CUST004130,True,2026-06-05,Password sharing crackdown
CUST004131,False,,
CUST004132,False,,
CUST004133,False,,
CUST004134,True,2026-02-16,Too expensive
CUST004135,False,,
CUST004136,False,,
CUST004137,False,,
CUST004138,False,,
CUST004139,False,,
CUST004140,False,,
CUST004141,False,,
CUST004142,False,,
CUST004143,False,,
CUST004144,False,,
CUST004145,True,2025-12-05,Too expensive
CUST004146,False,,
CUST004147,False,,
CUST004148,True,2025-12-20,Poor customer service experience
CUST004149,True,2026-01-05,Found alternative platform
CUST004150,False,,
CUST004151,False,,
CUST004152,False,,
CUST004153,False,,
CUST004154,True,2026-04-17,Technical issues
CUST004155,True,2025-12-28,Found alternative platform
CUST004156,True,2026-06-02,Poor customer service experience
CUST004157,True,2025-11-07,Too expensive
CUST004158,False,,
CUST004159,False,,
CUST004160,False,,
CUST004161,False,,
CUST004162,True,2026-03-12,Not enough content
CUST004163,False,,
CUST004164,True,2025-10-07,Not enough content
CUST004165,False,,
CUST004166,False,,
CUST004167,False,,
CUST004168,True,2026-04-22,Found alternative platform
CUST004169,False,,
CUST004170,True,2026-05-21,Content quality decline
CUST004171,False,,
CUST004172,False,,
CUST004173,False,,
CUST004174,False,,
CUST004175,False,,
CUST004176,False,,
CUST004177,False,,
CUST004178,False,,
CUST004179,False,,
CUST004180,True,2025-10-04,Content quality decline
CUST004181,True,2026-06-14,Too expensive
CUST004182,True,2025-11-22,No longer needed
CUST004183,False,,
CUST004184,False,,
CUST004185,False,,
CUST004186,False,,
CUST004187,False,,
CUST004188,False,,
CUST004189,True,2025-11-11,Found alternative platform
CUST004190,True,2026-02-10,Found alternative platform
CUST004191,True,2026-05-06,Technical issues
CUST004192,True,2025-12-11,Not enough content
CUST004193,False,,
CUST004194,False,,
CUST004195,False,,
CUST004196,False,,
CUST004197,True,2025-11-04,No longer needed
CUST004198,False,,
CUST004199,False,,
CUST004200,False,,
CUST004201,True,2026-05-27,Household budget cuts
CUST004202,False,,
CUST004203,False,,
CUST004204,False,,
CUST004205,False,,
CUST004206,True,2026-03-27,Too expensive
CUST004207,True,2026-02-18,Household budget cuts
CUST004208,True,2025-12-28,Household budget cuts
CUST004209,False,,
CUST004210,True,2026-01-09,Moving / relocation
CUST004211,False,,
CUST004212,False,,
CUST004213,False,,
CUST004214,True,2026-04-05,No longer needed
CUST004215,False,,
CUST004216,False,,
CUST004217,False,,
CUST004218,False,,
CUST004219,True,2025-12-16,Poor customer service experience
CUST004220,True,2025-12-08,Too expensive
CUST004221,False,,
CUST004222,False,,
CUST004223,False,,
CUST004224,False,,
CUST004225,False,,
CUST004226,False,,
CUST004227,False,,
CUST004228,True,2026-04-06,No longer needed
CUST004229,True,2026-03-13,Household budget cuts
CUST004230,False,,
CUST004231,False,,
CUST004232,True,2026-05-10,Too expensive
CUST004233,False,,
CUST004234,False,,
CUST004235,False,,
CUST004236,False,,
CUST004237,False,,
CUST004238,False,,
CUST004239,False,,
CUST004240,False,,
CUST004241,False,,
CUST004242,True,2025-12-25,Too expensive
CUST004243,False,,
CUST004244,True,2026-04-04,Too expensive
CUST004245,False,,
CUST004246,True,2026-03-16,Found alternative platform
CUST004247,True,2026-05-13,Found alternative platform
CUST004248,False,,
CUST004249,False,,
CUST004250,False,,
CUST004251,False,,
CUST004252,False,,
CUST004253,False,,
CUST004254,True,2026-05-23,Technical issues
CUST004255,False,,
CUST004256,False,,
CUST004257,False,,
CUST004258,False,,
CUST004259,True,2025-10-30,Poor customer service experience
CUST004260,True,2026-01-04,Too expensive
CUST004261,False,,
CUST004262,False,,
CUST004263,False,,
CUST004264,True,2026-03-21,Too expensive
CUST004265,False,,
CUST004266,True,2026-01-07,Content quality decline
CUST004267,True,2026-05-05,Too expensive
CUST004268,False,,
CUST004269,False,,
CUST004270,False,,
CUST004271,False,,
CUST004272,True,2026-01-27,Payment issues
CUST004273,False,,
CUST004274,True,2025-10-28,No longer needed
CUST004275,False,,
CUST004276,False,,
CUST004277,False,,
CUST004278,False,,
CUST004279,True,2026-01-15,Found alternative platform
CUST004280,False,,
CUST004281,False,,
CUST004282,False,,
CUST004283,False,,
CUST004284,False,,
CUST004285,False,,
CUST004286,False,,
CUST004287,False,,
CUST004288,False,,
CUST004289,False,,
CUST004290,True,2025-11-16,Household budget cuts
CUST004291,True,2026-06-11,Found alternative platform
CUST004292,False,,
CUST004293,False,,
CUST004294,True,2026-02-15,Payment issues
CUST004295,False,,
CUST004296,True,2025-12-25,Not enough content
CUST004297,False,,
CUST004298,False,,
CUST004299,False,,
CUST004300,True,2025-10-12,Too expensive
CUST004301,False,,
CUST004302,True,2026-05-07,Technical issues
CUST004303,False,,
CUST004304,True,2025-10-29,Moving / relocation
CUST004305,False,,
CUST004306,False,,
CUST004307,True,2026-05-20,Technical issues
CUST004308,False,,
CUST004309,False,,
CUST004310,False,,
CUST004311,False,,
CUST004312,False,,
CUST004313,False,,
CUST004314,False,,
CUST004315,False,,
CUST004316,False,,
CUST004317,False,,
CUST004318,False,,
CUST004319,False,,
CUST004320,True,2025-10-09,Moving / relocation
CUST004321,False,,
CUST004322,False,,
CUST004323,False,,
CUST004324,True,2025-12-15,Poor customer service experience
CUST004325,False,,
CUST004326,False,,
CUST004327,False,,
CUST004328,False,,
CUST004329,False,,
CUST004330,False,,
CUST004331,True,2025-11-05,Moving / relocation
CUST004332,False,,
CUST004333,False,,
CUST004334,False,,
CUST004335,True,2026-06-15,Found alternative platform
CUST004336,True,2025-11-01,Too expensive
CUST004337,False,,
CUST004338,False,,
CUST004339,False,,
CUST004340,False,,
CUST004341,False,,
CUST004342,False,,
CUST004343,True,2025-11-07,Found alternative platform
CUST004344,True,2026-02-07,No longer needed
CUST004345,True,2026-01-10,Too expensive
CUST004346,False,,
CUST004347,False,,
CUST004348,False,,
CUST004349,False,,
CUST004350,False,,
CUST004351,True,2026-03-10,Found alternative platform
CUST004352,False,,
CUST004353,False,,
CUST004354,False,,
CUST004355,False,,
CUST004356,False,,
CUST004357,False,,
CUST004358,False,,
CUST004359,False,,
CUST004360,False,,
CUST004361,False,,
CUST004362,False,,
CUST004363,True,2026-01-13,Too expensive
CUST004364,False,,
CUST004365,False,,
CUST004366,False,,
CUST004367,False,,
CUST004368,False,,
CUST004369,False,,
CUST004370,True,2026-06-25,Found alternative platform
CUST004371,False,,
CUST004372,True,2026-02-19,Content quality decline
CUST004373,False,,
CUST004374,True,2026-05-10,Not enough content
CUST004375,False,,
CUST004376,False,,
CUST004377,True,2026-05-17,Payment issues
CUST004378,False,,
CUST004379,False,,
CUST004380,False,,
CUST004381,True,2025-10-14,Payment issues
CUST004382,False,,
CUST004383,False,,
CUST004384,True,2026-04-06,Found alternative platform
CUST004385,False,,
CUST004386,False,,
CUST004387,False,,
CUST004388,False,,
CUST004389,False,,
CUST004390,True,2026-03-27,Technical issues
CUST004391,True,2025-12-08,Not enough content
CUST004392,True,2026-02-25,Too expensive
CUST004393,False,,
CUST004394,False,,
CUST004395,False,,
CUST004396,False,,
CUST004397,True,2026-06-21,Too expensive
CUST004398,False,,
CUST004399,False,,
CUST004400,False,,
CUST004401,False,,
CUST004402,True,2026-02-27,Not enough content
CUST004403,True,2026-02-14,Found alternative platform
CUST004404,False,,
CUST004405,False,,
CUST004406,False,,
CUST004407,False,,
CUST004408,False,,
CUST004409,False,,
CUST004410,True,2025-11-07,Found alternative platform
CUST004411,False,,
CUST004412,False,,
CUST004413,False,,
CUST004414,True,2025-10-30,Found alternative platform
CUST004415,False,,
CUST004416,True,2026-02-01,Content quality decline
CUST004417,True,2026-02-27,Content quality decline
CUST004418,False,,
CUST004419,False,,
CUST004420,False,,
CUST004421,True,2026-04-20,Found alternative platform
CUST004422,False,,
CUST004423,False,,
CUST004424,False,,
CUST004425,True,2026-02-01,Payment issues
CUST004426,True,2026-01-07,Content quality decline
CUST004427,False,,
CUST004428,False,,
CUST004429,False,,
CUST004430,False,,
CUST004431,True,2026-06-03,Too expensive
CUST004432,False,,
CUST004433,False,,
CUST004434,False,,
CUST004435,False,,
CUST004436,False,,
CUST004437,True,2026-06-15,Poor customer service experience
CUST004438,False,,
CUST004439,False,,
CUST004440,False,,
CUST004441,False,,
CUST004442,False,,
CUST004443,False,,
CUST004444,False,,
CUST004445,False,,
CUST004446,False,,
CUST004447,False,,
CUST004448,False,,
CUST004449,False,,
CUST004450,False,,
CUST004451,False,,
CUST004452,False,,
CUST004453,False,,
CUST004454,True,2025-10-17,Found alternative platform
CUST004455,False,,
CUST004456,False,,
CUST004457,True,2026-04-28,Household budget cuts
CUST004458,False,,
CUST004459,False,,
CUST004460,True,2026-05-18,No longer needed
CUST004461,False,,
CUST004462,False,,
CUST004463,False,,
CUST004464,False,,
CUST004465,False,,
CUST004466,False,,
CUST004467,False,,
CUST004468,True,2025-10-12,Household budget cuts
CUST004469,False,,
CUST004470,False,,
CUST004471,False,,
CUST004472,False,,
CUST004473,False,,
CUST004474,True,2026-01-24,Too expensive
CUST004475,False,,
CUST004476,False,,
CUST004477,False,,
CUST004478,False,,
CUST004479,True,2026-01-23,No longer needed
CUST004480,True,2025-10-07,Content quality decline
CUST004481,False,,
CUST004482,False,,
CUST004483,True,2026-01-09,Too expensive
CUST004484,False,,
CUST004485,False,,
CUST004486,True,2026-06-19,Content quality decline
CUST004487,False,,
CUST004488,False,,
CUST004489,False,,
CUST004490,False,,
CUST004491,False,,
CUST004492,False,,
CUST004493,False,,
CUST004494,False,,
CUST004495,False,,
CUST004496,True,2026-01-11,Found alternative platform
CUST004497,False,,
CUST004498,False,,
CUST004499,False,,
CUST004500,True,2025-11-30,Payment issues
CUST004501,False,,
CUST004502,False,,
CUST004503,False,,
CUST004504,False,,
CUST004505,False,,
CUST004506,False,,
CUST004507,False,,
CUST004508,True,2025-11-09,Poor customer service experience
CUST004509,False,,
CUST004510,False,,
CUST004511,False,,
CUST004512,True,2026-04-14,Poor customer service experience
CUST004513,False,,
CUST004514,False,,
CUST004515,True,2026-04-15,Found alternative platform
CUST004516,True,2026-03-04,Not enough content
CUST004517,False,,
CUST004518,False,,
CUST004519,False,,
CUST004520,False,,
CUST004521,False,,
CUST004522,False,,
CUST004523,False,,
CUST004524,False,,
CUST004525,False,,
CUST004526,False,,
CUST004527,False,,
CUST004528,False,,
CUST004529,False,,
CUST004530,False,,
CUST004531,True,2026-04-16,Moving / relocation
CUST004532,False,,
CUST004533,False,,
CUST004534,False,,
CUST004535,False,,
CUST004536,True,2025-10-31,Password sharing crackdown
CUST004537,True,2026-04-05,Not enough content
CUST004538,True,2026-03-10,Not enough content
CUST004539,True,2026-06-20,Found alternative platform
CUST004540,False,,
CUST004541,False,,
CUST004542,False,,
CUST004543,False,,
CUST004544,False,,
CUST004545,False,,
CUST004546,False,,
CUST004547,True,2026-03-18,Not enough content
CUST004548,True,2026-03-10,Household budget cuts
CUST004549,True,2025-10-12,No longer needed
CUST004550,False,,
CUST004551,False,,
CUST004552,False,,
CUST004553,False,,
CUST004554,False,,
CUST004555,True,2026-06-19,Found alternative platform
CUST004556,False,,
CUST004557,True,2025-11-02,Found alternative platform
CUST004558,False,,
CUST004559,False,,
CUST004560,False,,
CUST004561,True,2026-01-27,Content quality decline
CUST004562,False,,
CUST004563,False,,
CUST004564,False,,
CUST004565,False,,
CUST004566,False,,
CUST004567,False,,
CUST004568,False,,
CUST004569,False,,
CUST004570,False,,
CUST004571,False,,
CUST004572,False,,
CUST004573,False,,
CUST004574,False,,
CUST004575,True,2026-01-05,Technical issues
CUST004576,False,,
CUST004577,True,2026-02-01,Technical issues
CUST004578,False,,
CUST004579,False,,
CUST004580,False,,
CUST004581,False,,
CUST004582,False,,
CUST004583,False,,
CUST004584,True,2026-05-09,Found alternative platform
CUST004585,False,,
CUST004586,False,,
CUST004587,False,,
CUST004588,False,,
CUST004589,False,,
CUST004590,True,2026-06-27,Moving / relocation
CUST004591,False,,
CUST004592,True,2026-06-09,Too expensive
CUST004593,False,,
CUST004594,False,,
CUST004595,False,,
CUST004596,False,,
CUST004597,False,,
CUST004598,False,,
CUST004599,False,,
CUST004600,True,2026-06-13,Found alternative platform
CUST004601,True,2026-01-02,Not enough content
CUST004602,False,,
CUST004603,True,2025-12-13,Poor customer service experience
CUST004604,False,,
CUST004605,False,,
CUST004606,False,,
CUST004607,False,,
CUST004608,False,,
CUST004609,False,,
CUST004610,False,,
CUST004611,True,2025-10-04,Not enough content
CUST004612,False,,
CUST004613,False,,
CUST004614,False,,
CUST004615,False,,
CUST004616,False,,
CUST004617,False,,
CUST004618,False,,
CUST004619,True,2026-06-05,Technical issues
CUST004620,False,,
CUST004621,True,2026-01-27,Too expensive
CUST004622,False,,
CUST004623,True,2026-01-28,Too expensive
CUST004624,False,,
CUST004625,True,2026-06-15,Household budget cuts
CUST004626,False,,
CUST004627,False,,
CUST004628,False,,
CUST004629,False,,
CUST004630,False,,
CUST004631,False,,
CUST004632,False,,
CUST004633,False,,
CUST004634,True,2026-05-21,Content quality decline
CUST004635,False,,
CUST004636,False,,
CUST004637,False,,
CUST004638,False,,
CUST004639,True,2025-10-30,Technical issues
CUST004640,True,2025-10-11,Found alternative platform
CUST004641,False,,
CUST004642,False,,
CUST004643,False,,
CUST004644,True,2026-02-02,Technical issues
CUST004645,True,2026-05-19,Too expensive
CUST004646,True,2026-06-25,Technical issues
CUST004647,True,2026-05-09,Moving / relocation
CUST004648,False,,
CUST004649,False,,
CUST004650,False,,
CUST004651,False,,
CUST004652,False,,
CUST004653,False,,
CUST004654,True,2025-12-06,Too expensive
CUST004655,True,2026-06-20,Too expensive
CUST004656,True,2025-10-09,Too expensive
CUST004657,False,,
CUST004658,False,,
CUST004659,False,,
CUST004660,False,,
CUST004661,True,2026-02-20,Moving / relocation
CUST004662,False,,
CUST004663,False,,
CUST004664,False,,
CUST004665,False,,
CUST004666,True,2025-11-13,No longer needed
CUST004667,False,,
CUST004668,False,,
CUST004669,False,,
CUST004670,False,,
CUST004671,False,,
CUST004672,False,,
CUST004673,False,,
CUST004674,True,2026-06-25,Payment issues
CUST004675,False,,
CUST004676,False,,
CUST004677,False,,
CUST004678,False,,
CUST004679,False,,
CUST004680,False,,
CUST004681,False,,
CUST004682,False,,
CUST004683,False,,
CUST004684,False,,
CUST004685,False,,
CUST004686,False,,
CUST004687,True,2025-11-19,Found alternative platform
CUST004688,False,,
CUST004689,False,,
CUST004690,True,2025-12-01,Too expensive
CUST004691,False,,
CUST004692,True,2026-05-20,Payment issues
CUST004693,False,,
CUST004694,True,2026-06-04,Too expensive
CUST004695,False,,
CUST004696,False,,
CUST004697,False,,
CUST004698,True,2025-11-13,Household budget cuts
CUST004699,True,2026-04-07,Content quality decline
CUST004700,False,,
CUST004701,True,2025-11-25,No longer needed
CUST004702,False,,
CUST004703,False,,
CUST004704,True,2026-04-17,No longer needed
CUST004705,False,,
CUST004706,False,,
CUST004707,False,,
CUST004708,True,2026-01-08,Household budget cuts
CUST004709,False,,
CUST004710,False,,
CUST004711,False,,
CUST004712,False,,
CUST004713,True,2025-12-10,No longer needed
CUST004714,True,2026-02-15,Found alternative platform
CUST004715,False,,
CUST004716,False,,
CUST004717,False,,
CUST004718,False,,
CUST004719,False,,
CUST004720,False,,
CUST004721,False,,
CUST004722,False,,
CUST004723,True,2025-10-10,Too expensive
CUST004724,False,,
CUST004725,False,,
CUST004726,False,,
CUST004727,False,,
CUST004728,False,,
CUST004729,False,,
CUST004730,True,2026-01-03,Too expensive
CUST004731,False,,
CUST004732,True,2025-11-27,Moving / relocation
CUST004733,True,2026-02-14,Poor customer service experience
CUST004734,False,,
CUST004735,False,,
CUST004736,False,,
CUST004737,False,,
CUST004738,True,2026-01-28,Too expensive
CUST004739,False,,
CUST004740,True,2026-03-29,Password sharing crackdown
CUST004741,False,,
CUST004742,True,2026-06-02,Found alternative platform
CUST004743,True,2026-04-09,Found alternative platform
CUST004744,True,2026-05-12,Not enough content
CUST004745,False,,
CUST004746,False,,
CUST004747,True,2026-03-14,Payment issues
CUST004748,True,2025-10-20,Payment issues
CUST004749,True,2025-10-15,Payment issues
CUST004750,False,,
CUST004751,False,,
CUST004752,False,,
CUST004753,False,,
CUST004754,True,2026-06-12,Technical issues
CUST004755,False,,
CUST004756,False,,
CUST004757,False,,
CUST004758,False,,
CUST004759,True,2026-04-16,Poor customer service experience
CUST004760,False,,
CUST004761,True,2025-10-30,Password sharing crackdown
CUST004762,False,,
CUST004763,False,,
CUST004764,False,,
CUST004765,False,,
CUST004766,False,,
CUST004767,False,,
CUST004768,False,,
CUST004769,False,,
CUST004770,False,,
CUST004771,False,,
CUST004772,False,,
CUST004773,True,2026-04-28,Not enough content
CUST004774,False,,
CUST004775,False,,
CUST004776,False,,
CUST004777,False,,
CUST004778,False,,
CUST004779,False,,
CUST004780,False,,
CUST004781,False,,
CUST004782,False,,
CUST004783,False,,
CUST004784,False,,
CUST004785,True,2026-06-16,Too expensive
CUST004786,False,,
CUST004787,False,,
CUST004788,False,,
CUST004789,False,,
CUST004790,False,,
CUST004791,False,,
CUST004792,False,,
CUST004793,False,,
CUST004794,False,,
CUST004795,True,2025-11-10,Found alternative platform
CUST004796,False,,
CUST004797,True,2026-05-26,Technical issues
CUST004798,False,,
CUST004799,True,2026-06-08,Technical issues
CUST004800,True,2026-03-16,Not enough content
CUST004801,False,,
CUST004802,False,,
CUST004803,False,,
CUST004804,False,,
CUST004805,True,2026-02-07,No longer needed
CUST004806,True,2026-05-23,Content quality decline
CUST004807,False,,
CUST004808,False,,
CUST004809,False,,
CUST004810,False,,
CUST004811,True,2026-04-08,Payment issues
CUST004812,True,2026-06-14,Payment issues
CUST004813,True,2025-11-20,Too expensive
CUST004814,False,,
CUST004815,False,,
CUST004816,False,,
CUST004817,False,,
CUST004818,False,,
CUST004819,False,,
CUST004820,True,2026-05-07,No longer needed
CUST004821,False,,
CUST004822,True,2026-02-16,No longer needed
CUST004823,False,,
CUST004824,False,,
CUST004825,False,,
CUST004826,False,,
CUST004827,False,,
CUST004828,True,2026-01-02,Poor customer service experience
CUST004829,False,,
CUST004830,False,,
CUST004831,False,,
CUST004832,False,,
CUST004833,False,,
CUST004834,True,2026-04-20,Technical issues
CUST004835,False,,
CUST004836,False,,
CUST004837,False,,
CUST004838,True,2025-10-24,Password sharing crackdown
CUST004839,False,,
CUST004840,False,,
CUST004841,False,,
CUST004842,False,,
CUST004843,True,2025-11-16,Payment issues
CUST004844,False,,
CUST004845,False,,
CUST004846,False,,
CUST004847,False,,
CUST004848,False,,
CUST004849,True,2026-05-20,Technical issues
CUST004850,False,,
CUST004851,True,2026-03-20,Not enough content
CUST004852,False,,
CUST004853,False,,
CUST004854,True,2025-12-30,Content quality decline
CUST004855,False,,
CUST004856,False,,
CUST004857,False,,
CUST004858,False,,
CUST004859,False,,
CUST004860,False,,
CUST004861,False,,
CUST004862,False,,
CUST004863,False,,
CUST004864,True,2026-03-28,Found alternative platform
CUST004865,True,2025-12-19,No longer needed
CUST004866,True,2026-06-16,Not enough content
CUST004867,False,,
CUST004868,True,2025-12-01,Not enough content
CUST004869,False,,
CUST004870,False,,
CUST004871,True,2026-04-11,Too expensive
CUST004872,True,2026-02-20,Moving / relocation
CUST004873,False,,
CUST004874,False,,
CUST004875,False,,
CUST004876,False,,
CUST004877,False,,
CUST004878,False,,
CUST004879,False,,
CUST004880,False,,
CUST004881,False,,
CUST004882,True,2025-10-22,Found alternative platform
CUST004883,False,,
CUST004884,False,,
CUST004885,False,,
CUST004886,False,,
CUST004887,False,,
CUST004888,False,,
CUST004889,False,,
CUST004890,False,,
CUST004891,False,,
CUST004892,True,2026-04-03,Too expensive
CUST004893,False,,
CUST004894,False,,
CUST004895,False,,
CUST004896,True,2025-11-17,Password sharing crackdown
CUST004897,False,,
CUST004898,False,,
CUST004899,False,,
CUST004900,False,,
CUST004901,False,,
CUST004902,False,,
CUST004903,False,,
CUST004904,False,,
CUST004905,False,,
CUST004906,False,,
CUST004907,False,,
CUST004908,False,,
CUST004909,False,,
CUST004910,False,,
CUST004911,False,,
CUST004912,False,,
CUST004913,False,,
CUST004914,False,,
CUST004915,False,,
CUST004916,False,,
CUST004917,False,,
CUST004918,False,,
CUST004919,False,,
CUST004920,False,,
CUST004921,False,,
CUST004922,False,,
CUST004923,False,,
CUST004924,False,,
CUST004925,False,,
CUST004926,False,,
CUST004927,False,,
CUST004928,True,2026-04-01,Payment issues
CUST004929,False,,
CUST004930,True,2026-05-28,Not enough content
CUST004931,False,,
CUST004932,False,,
CUST004933,False,,
CUST004934,False,,
CUST004935,False,,
CUST004936,False,,
CUST004937,False,,
CUST004938,False,,
CUST004939,False,,
CUST004940,False,,
CUST004941,False,,
CUST004942,True,2025-10-22,Poor customer service experience
CUST004943,True,2025-11-02,Content quality decline
CUST004944,False,,
CUST004945,False,,
CUST004946,False,,
CUST004947,False,,
CUST004948,False,,
CUST004949,False,,
CUST004950,False,,
CUST004951,False,,
CUST004952,False,,
CUST004953,False,,
CUST004954,False,,
CUST004955,True,2026-05-11,Too expensive
CUST004956,True,2026-03-09,Household budget cuts
CUST004957,False,,
CUST004958,True,2026-01-24,Poor customer service experience
CUST004959,True,2026-04-18,Too expensive
CUST004960,True,2026-01-25,Payment issues
CUST004961,False,,
CUST004962,False,,
CUST004963,False,,
CUST004964,False,,
CUST004965,False,,
CUST004966,False,,
CUST004967,False,,
CUST004968,False,,
CUST004969,False,,
CUST004970,False,,
CUST004971,False,,
CUST004972,False,,
CUST004973,False,,
CUST004974,True,2025-11-09,Moving / relocation
CUST004975,False,,
CUST004976,False,,
CUST004977,False,,
CUST004978,False,,
CUST004979,False,,
CUST004980,False,,
CUST004981,False,,
CUST004982,False,,
CUST004983,False,,
CUST004984,False,,
CUST004985,True,2026-04-14,Poor customer service experience
CUST004986,False,,
CUST004987,True,2026-04-19,No longer needed
CUST004988,True,2026-04-23,Technical issues
CUST004989,True,2026-06-13,Poor customer service experience
CUST004990,False,,
CUST004991,False,,
CUST004992,False,,
CUST004993,False,,
CUST004994,False,,
CUST004995,False,,
CUST004996,False,,
CUST004997,True,2025-10-30,Too expensive
CUST004998,False,,
CUST004999,False,,
CUST005000,True,2025-11-09,Technical issues
CUST005001,True,2025-10-21,Content quality decline
CUST005002,False,,
CUST005003,False,,
CUST005004,True,2026-03-05,Not enough content
CUST005005,False,,
CUST005006,True,2026-03-03,Found alternative platform
CUST005007,False,,
CUST005008,True,2025-11-24,Found alternative platform
CUST005009,False,,
CUST005010,False,,
CUST005011,False,,
CUST005012,False,,
CUST005013,False,,
CUST005014,False,,
CUST005015,True,2025-10-09,Technical issues
CUST005016,False,,
CUST005017,False,,
CUST005018,False,,
CUST005019,False,,
CUST005020,True,2026-06-10,Found alternative platform
CUST005021,False,,
CUST005022,True,2025-11-22,Household budget cuts
CUST005023,False,,
CUST005024,True,2026-05-07,Not enough content
CUST005025,False,,
CUST005026,True,2026-06-25,Poor customer service experience
CUST005027,False,,
CUST005028,True,2025-12-24,Poor customer service experience
CUST005029,False,,
CUST005030,True,2025-12-17,Not enough content
CUST005031,True,2025-10-25,No longer needed
CUST005032,True,2025-12-20,Too expensive
CUST005033,True,2025-11-03,Technical issues
CUST005034,False,,
CUST005035,False,,
CUST005036,False,,
CUST005037,False,,
CUST005038,True,2026-01-26,Found alternative platform
CUST005039,False,,
CUST005040,False,,
CUST005041,True,2025-11-14,Payment issues
CUST005042,False,,
CUST005043,False,,
CUST005044,True,2026-05-28,Found alternative platform
CUST005045,False,,
CUST005046,False,,
CUST005047,False,,
CUST005048,False,,
CUST005049,True,2026-02-07,Payment issues
CUST005050,False,,
CUST005051,False,,
CUST005052,False,,
CUST005053,False,,
CUST005054,False,,
CUST005055,False,,
CUST005056,False,,
CUST005057,False,,
CUST005058,False,,
CUST005059,False,,
CUST005060,False,,
CUST005061,False,,
CUST005062,False,,
CUST005063,False,,
CUST005064,False,,
CUST005065,True,2026-02-20,No longer needed
CUST005066,False,,
CUST005067,False,,
CUST005068,True,2026-06-03,Found alternative platform
CUST005069,False,,
CUST005070,False,,
CUST005071,True,2026-03-27,Found alternative platform
CUST005072,False,,
CUST005073,False,,
CUST005074,False,,
CUST005075,False,,
CUST005076,False,,
CUST005077,True,2025-10-17,Technical issues
CUST005078,False,,
CUST005079,False,,
CUST005080,False,,
CUST005081,False,,
CUST005082,True,2026-05-13,Too expensive
CUST005083,True,2026-04-19,No longer needed
CUST005084,False,,
CUST005085,False,,
CUST005086,False,,
CUST005087,False,,
CUST005088,False,,
CUST005089,True,2026-04-24,Technical issues
CUST005090,False,,
CUST005091,False,,
CUST005092,False,,
CUST005093,True,2026-01-25,Technical issues
CUST005094,False,,
CUST005095,True,2025-11-06,Too expensive
CUST005096,True,2026-02-02,Household budget cuts
CUST005097,False,,
CUST005098,False,,
CUST005099,True,2026-03-09,Too expensive
CUST005100,False,,
CUST005101,True,2025-12-10,Found alternative platform
CUST005102,False,,
CUST005103,False,,
CUST005104,False,,
CUST005105,False,,
CUST005106,False,,
CUST005107,False,,
CUST005108,False,,
CUST005109,True,2025-11-03,Technical issues
CUST005110,False,,
CUST005111,False,,
CUST005112,True,2026-03-06,Content quality decline
CUST005113,False,,
CUST005114,False,,
CUST005115,False,,
CUST005116,False,,
CUST005117,False,,
CUST005118,False,,
CUST005119,False,,
CUST005120,True,2025-12-20,Password sharing crackdown
CUST005121,False,,
CUST005122,False,,
CUST005123,False,,
CUST005124,False,,
CUST005125,False,,
CUST005126,False,,
CUST005127,True,2026-05-12,Household budget cuts
CUST005128,False,,
CUST005129,False,,
CUST005130,False,,
CUST005131,False,,
CUST005132,False,,
CUST005133,True,2026-02-17,Technical issues
CUST005134,False,,
CUST005135,False,,
CUST005136,False,,
CUST005137,False,,
CUST005138,False,,
CUST005139,False,,
CUST005140,False,,
CUST005141,False,,
CUST005142,False,,
CUST005143,False,,
CUST005144,False,,
CUST005145,False,,
CUST005146,False,,
CUST005147,False,,
CUST005148,False,,
CUST005149,True,2025-12-18,Too expensive
CUST005150,False,,
CUST005151,False,,
CUST005152,False,,
CUST005153,False,,
CUST005154,True,2026-05-06,No longer needed
CUST005155,True,2026-02-02,Household budget cuts
CUST005156,True,2026-04-21,Poor customer service experience
CUST005157,True,2026-05-18,Too expensive
CUST005158,False,,
CUST005159,True,2025-11-18,Payment issues
CUST005160,False,,
CUST005161,False,,
CUST005162,False,,
CUST005163,False,,
CUST005164,False,,
CUST005165,False,,
CUST005166,False,,
CUST005167,False,,
CUST005168,False,,
CUST005169,False,,
CUST005170,True,2026-03-11,Poor customer service experience
CUST005171,False,,
CUST005172,False,,
CUST005173,False,,
CUST005174,False,,
CUST005175,False,,
CUST005176,True,2026-03-07,Poor customer service experience
CUST005177,False,,
CUST005178,True,2026-03-18,No longer needed
CUST005179,False,,
CUST005180,True,2026-05-08,No longer needed
CUST005181,True,2025-10-18,Not enough content
CUST005182,False,,
CUST005183,False,,
CUST005184,True,2026-03-07,Technical issues
CUST005185,True,2025-10-17,Not enough content
CUST005186,False,,
CUST005187,True,2026-04-05,Too expensive
CUST005188,False,,
CUST005189,False,,
CUST005190,True,2025-11-20,No longer needed
CUST005191,False,,
CUST005192,False,,
CUST005193,True,2025-11-02,Technical issues
CUST005194,False,,
CUST005195,False,,
CUST005196,True,2026-02-12,Household budget cuts
CUST005197,False,,
CUST005198,True,2025-10-28,No longer needed
CUST005199,True,2026-04-23,Content quality decline
CUST005200,False,,
CUST005201,False,,
CUST005202,False,,
CUST005203,False,,
CUST005204,False,,
CUST005205,False,,
CUST005206,False,,
CUST005207,False,,
CUST005208,False,,
CUST005209,False,,
CUST005210,False,,
CUST005211,False,,
CUST005212,True,2026-05-25,Found alternative platform
CUST005213,False,,
CUST005214,False,,
CUST005215,True,2026-06-07,Too expensive
CUST005216,False,,
CUST005217,False,,
CUST005218,False,,
CUST005219,False,,
CUST005220,False,,
CUST005221,False,,
CUST005222,False,,
CUST005223,False,,
CUST005224,True,2026-05-09,Too expensive
CUST005225,False,,
CUST005226,False,,
CUST005227,False,,
CUST005228,False,,
CUST005229,False,,
CUST005230,False,,
CUST005231,False,,
CUST005232,False,,
CUST005233,False,,
CUST005234,False,,
CUST005235,False,,
CUST005236,True,2026-05-18,Found alternative platform
CUST005237,False,,
CUST005238,False,,
CUST005239,False,,
CUST005240,False,,
CUST005241,False,,
CUST005242,False,,
CUST005243,False,,
CUST005244,False,,
CUST005245,True,2026-01-31,Technical issues
CUST005246,False,,
CUST005247,False,,
CUST005248,False,,
CUST005249,True,2026-03-07,Too expensive
CUST005250,False,,
CUST005251,False,,
CUST005252,False,,
CUST005253,False,,
CUST005254,True,2026-02-25,Too expensive
CUST005255,True,2026-03-15,No longer needed
CUST005256,False,,
CUST005257,True,2026-03-24,Too expensive
CUST005258,False,,
CUST005259,True,2026-01-30,Payment issues
CUST005260,False,,
CUST005261,True,2026-02-17,Moving / relocation
CUST005262,True,2026-04-07,Not enough content
CUST005263,True,2026-03-25,Found alternative platform
CUST005264,False,,
CUST005265,True,2026-01-06,Technical issues
CUST005266,False,,
CUST005267,False,,
CUST005268,False,,
CUST005269,False,,
CUST005270,True,2025-11-02,No longer needed
CUST005271,False,,
CUST005272,False,,
CUST005273,False,,
CUST005274,False,,
CUST005275,True,2026-05-06,Moving / relocation
CUST005276,False,,
CUST005277,False,,
CUST005278,True,2026-06-07,Too expensive
CUST005279,False,,
CUST005280,True,2025-12-02,Too expensive
CUST005281,False,,
CUST005282,True,2026-02-13,Technical issues
CUST005283,True,2025-11-28,Too expensive
CUST005284,False,,
CUST005285,False,,
CUST005286,False,,
CUST005287,False,,
CUST005288,False,,
CUST005289,True,2026-05-19,Not enough content
CUST005290,True,2026-01-31,Too expensive
CUST005291,True,2026-03-28,Payment issues
CUST005292,False,,
CUST005293,True,2026-03-16,No longer needed
CUST005294,False,,
CUST005295,False,,
CUST005296,False,,
CUST005297,False,,
CUST005298,False,,
CUST005299,False,,
CUST005300,False,,
CUST005301,False,,
CUST005302,False,,
CUST005303,False,,
CUST005304,True,2025-11-20,No longer needed
CUST005305,False,,
CUST005306,True,2026-05-21,Too expensive
CUST005307,False,,
CUST005308,False,,
CUST005309,False,,
CUST005310,False,,
CUST005311,False,,
CUST005312,True,2025-12-30,Not enough content
CUST005313,False,,
CUST005314,False,,
CUST005315,True,2025-10-26,Moving / relocation
CUST005316,False,,
CUST005317,False,,
CUST005318,True,2026-05-11,Household budget cuts
CUST005319,False,,
CUST005320,False,,
CUST005321,True,2026-04-15,Poor customer service experience
CUST005322,False,,
CUST005323,False,,
CUST005324,False,,
CUST005325,True,2026-01-09,Too expensive
CUST005326,False,,
CUST005327,True,2026-06-18,Moving / relocation
CUST005328,True,2026-06-02,Password sharing crackdown
CUST005329,False,,
CUST005330,False,,
CUST005331,False,,
CUST005332,False,,
CUST005333,False,,
CUST005334,False,,
CUST005335,False,,
CUST005336,False,,
CUST005337,False,,
CUST005338,False,,
CUST005339,False,,
CUST005340,False,,
CUST005341,True,2026-04-30,Found alternative platform
CUST005342,False,,
CUST005343,False,,
CUST005344,False,,
CUST005345,False,,
CUST005346,False,,
CUST005347,False,,
CUST005348,False,,
CUST005349,False,,
CUST005350,False,,
CUST005351,True,2026-03-27,No longer needed
CUST005352,False,,
CUST005353,False,,
CUST005354,True,2025-12-21,Household budget cuts
CUST005355,False,,
CUST005356,False,,
CUST005357,False,,
CUST005358,False,,
CUST005359,False,,
CUST005360,False,,
CUST005361,False,,
CUST005362,False,,
CUST005363,True,2025-12-20,Found alternative platform
CUST005364,False,,
CUST005365,False,,
CUST005366,False,,
CUST005367,False,,
CUST005368,True,2026-04-13,Poor customer service experience
CUST005369,False,,
CUST005370,False,,
CUST005371,False,,
CUST005372,False,,
CUST005373,False,,
CUST005374,False,,
CUST005375,False,,
CUST005376,False,,
CUST005377,False,,
CUST005378,False,,
CUST005379,False,,
CUST005380,False,,
CUST005381,False,,
CUST005382,False,,
CUST005383,False,,
CUST005384,True,2026-06-22,Poor customer service experience
CUST005385,False,,
CUST005386,False,,
CUST005387,False,,
CUST005388,False,,
CUST005389,False,,
CUST005390,True,2025-10-19,Payment issues
CUST005391,True,2026-04-11,Moving / relocation
CUST005392,False,,
CUST005393,False,,
CUST005394,False,,
CUST005395,True,2026-05-15,Household budget cuts
CUST005396,False,,
CUST005397,False,,
CUST005398,True,2025-12-23,Household budget cuts
CUST005399,False,,
CUST005400,True,2025-11-29,Found alternative platform
CUST005401,False,,
CUST005402,False,,
CUST005403,False,,
CUST005404,False,,
CUST005405,False,,
CUST005406,False,,
CUST005407,True,2026-06-16,Payment issues
CUST005408,False,,
CUST005409,False,,
CUST005410,True,2025-12-05,Poor customer service experience
CUST005411,False,,
CUST005412,True,2025-11-22,Payment issues
CUST005413,True,2026-05-01,Too expensive
CUST005414,True,2026-03-21,Too expensive
CUST005415,False,,
CUST005416,False,,
CUST005417,False,,
CUST005418,False,,
CUST005419,False,,
CUST005420,True,2025-10-09,Content quality decline
CUST005421,False,,
CUST005422,False,,
CUST005423,False,,
CUST005424,False,,
CUST005425,False,,
CUST005426,False,,
CUST005427,False,,
CUST005428,False,,
CUST005429,False,,
CUST005430,False,,
CUST005431,False,,
CUST005432,False,,
CUST005433,True,2026-06-20,No longer needed
CUST005434,False,,
CUST005435,False,,
CUST005436,False,,
CUST005437,False,,
CUST005438,True,2026-06-26,Too expensive
CUST005439,False,,
CUST005440,False,,
CUST005441,True,2026-06-28,Too expensive
CUST005442,True,2025-10-21,Moving / relocation
CUST005443,False,,
CUST005444,False,,
CUST005445,False,,
CUST005446,False,,
CUST005447,False,,
CUST005448,False,,
CUST005449,False,,
CUST005450,False,,
CUST005451,False,,
CUST005452,False,,
CUST005453,True,2026-02-14,Poor customer service experience
CUST005454,True,2025-12-30,No longer needed
CUST005455,True,2026-04-08,No longer needed
CUST005456,False,,
CUST005457,True,2026-03-19,No longer needed
CUST005458,False,,
CUST005459,False,,
CUST005460,True,2026-01-20,Content quality decline
CUST005461,False,,
CUST005462,False,,
CUST005463,False,,
CUST005464,False,,
CUST005465,True,2025-12-14,Not enough content
CUST005466,True,2025-11-28,Found alternative platform
CUST005467,False,,
CUST005468,False,,
CUST005469,False,,
CUST005470,True,2025-11-29,Too expensive
CUST005471,False,,
CUST005472,False,,
CUST005473,False,,
CUST005474,False,,
CUST005475,False,,
CUST005476,False,,
CUST005477,False,,
CUST005478,True,2025-11-20,Content quality decline
CUST005479,True,2025-10-12,Not enough content
CUST005480,False,,
CUST005481,True,2025-12-16,Poor customer service experience
CUST005482,False,,
CUST005483,True,2025-12-19,Too expensive
CUST005484,False,,
CUST005485,False,,
CUST005486,False,,
CUST005487,True,2026-06-24,Found alternative platform
CUST005488,False,,
CUST005489,False,,
CUST005490,False,,
CUST005491,False,,
CUST005492,False,,
CUST005493,False,,
CUST005494,False,,
CUST005495,False,,
CUST005496,False,,
CUST005497,True,2025-11-14,Password sharing crackdown
CUST005498,False,,
CUST005499,True,2026-02-10,No longer needed
CUST005500,False,,
CUST005501,False,,
CUST005502,False,,
CUST005503,False,,
CUST005504,True,2026-05-24,Poor customer service experience
CUST005505,False,,
CUST005506,False,,
CUST005507,False,,
CUST005508,True,2026-04-30,No longer needed
CUST005509,False,,
CUST005510,False,,
CUST005511,False,,
CUST005512,False,,
CUST005513,False,,
CUST005514,False,,
CUST005515,True,2025-10-24,Password sharing crackdown
CUST005516,False,,
CUST005517,False,,
CUST005518,False,,
CUST005519,False,,
CUST005520,False,,
CUST005521,False,,
CUST005522,False,,
CUST005523,False,,
CUST005524,False,,
CUST005525,False,,
CUST005526,False,,
CUST005527,False,,
CUST005528,False,,
CUST005529,False,,
CUST005530,False,,
CUST005531,True,2025-10-16,Password sharing crackdown
CUST005532,False,,
CUST005533,False,,
CUST005534,True,2026-05-06,Moving / relocation
CUST005535,False,,
CUST005536,False,,
CUST005537,True,2025-12-04,Moving / relocation
CUST005538,False,,
CUST005539,False,,
CUST005540,False,,
CUST005541,True,2025-11-28,Payment issues
CUST005542,False,,
CUST005543,False,,
CUST005544,True,2025-11-01,Payment issues
CUST005545,False,,
CUST005546,True,2025-10-29,Not enough content
CUST005547,False,,
CUST005548,True,2026-06-02,Household budget cuts
CUST005549,False,,
CUST005550,False,,
CUST005551,False,,
CUST005552,False,,
CUST005553,False,,
CUST005554,True,2026-01-14,Payment issues
CUST005555,False,,
CUST005556,False,,
CUST005557,False,,
CUST005558,False,,
CUST005559,True,2026-04-22,Technical issues
CUST005560,True,2026-02-07,Technical issues
CUST005561,True,2026-04-04,Not enough content
CUST005562,False,,
CUST005563,False,,
CUST005564,False,,
CUST005565,False,,
CUST005566,False,,
CUST005567,False,,
CUST005568,False,,
CUST005569,False,,
CUST005570,False,,
CUST005571,False,,
CUST005572,False,,
CUST005573,False,,
CUST005574,True,2025-12-17,Too expensive
CUST005575,False,,
CUST005576,False,,
CUST005577,False,,
CUST005578,False,,
CUST005579,True,2026-01-29,Technical issues
CUST005580,False,,
CUST005581,False,,
CUST005582,False,,
CUST005583,True,2026-06-07,Not enough content
CUST005584,False,,
CUST005585,False,,
CUST005586,False,,
CUST005587,False,,
CUST005588,True,2026-05-29,Found alternative platform
CUST005589,False,,
CUST005590,True,2025-11-07,Found alternative platform
CUST005591,False,,
CUST005592,False,,
CUST005593,True,2026-06-08,Content quality decline
CUST005594,False,,
CUST005595,True,2025-11-05,Household budget cuts
CUST005596,False,,
CUST005597,False,,
CUST005598,False,,
CUST005599,False,,
CUST005600,False,,
CUST005601,False,,
CUST005602,True,2026-06-06,Technical issues
CUST005603,False,,
CUST005604,True,2026-04-28,Poor customer service experience
CUST005605,False,,
CUST005606,False,,
CUST005607,False,,
CUST005608,True,2026-01-02,Technical issues
CUST005609,False,,
CUST005610,False,,
CUST005611,False,,
CUST005612,False,,
CUST005613,False,,
CUST005614,False,,
CUST005615,False,,
CUST005616,False,,
CUST005617,False,,
CUST005618,False,,
CUST005619,True,2025-12-09,Found alternative platform
CUST005620,False,,
CUST005621,False,,
CUST005622,False,,
CUST005623,False,,
CUST005624,False,,
CUST005625,False,,
CUST005626,False,,
CUST005627,False,,
CUST005628,False,,
CUST005629,False,,
CUST005630,False,,
CUST005631,False,,
CUST005632,False,,
CUST005633,True,2025-10-14,Found alternative platform
CUST005634,False,,
CUST005635,False,,
CUST005636,False,,
CUST005637,True,2026-01-22,Too expensive
CUST005638,False,,
CUST005639,False,,
CUST005640,True,2026-06-20,Payment issues
CUST005641,False,,
CUST005642,False,,
CUST005643,False,,
CUST005644,False,,
CUST005645,False,,
CUST005646,True,2026-03-26,Found alternative platform
CUST005647,True,2025-12-24,Payment issues
CUST005648,False,,
CUST005649,True,2026-03-26,Payment issues
CUST005650,False,,
CUST005651,False,,
CUST005652,False,,
CUST005653,True,2026-06-08,Not enough content
CUST005654,False,,
CUST005655,True,2026-01-04,Too expensive
CUST005656,False,,
CUST005657,False,,
CUST005658,True,2026-06-04,Poor customer service experience
CUST005659,True,2026-02-27,Not enough content
CUST005660,True,2026-03-27,Not enough content
CUST005661,False,,
CUST005662,False,,
CUST005663,False,,
CUST005664,False,,
CUST005665,False,,
CUST005666,False,,
CUST005667,False,,
CUST005668,True,2026-06-04,Technical issues
CUST005669,False,,
CUST005670,False,,
CUST005671,True,2026-06-03,Password sharing crackdown
CUST005672,False,,
CUST005673,False,,
CUST005674,False,,
CUST005675,False,,
CUST005676,False,,
CUST005677,False,,
CUST005678,True,2026-05-22,Technical issues
CUST005679,False,,
CUST005680,False,,
CUST005681,False,,
CUST005682,False,,
CUST005683,False,,
CUST005684,False,,
CUST005685,False,,
CUST005686,False,,
CUST005687,False,,
CUST005688,True,2026-01-03,Password sharing crackdown
CUST005689,False,,
CUST005690,False,,
CUST005691,False,,
CUST005692,False,,
CUST005693,True,2026-05-10,Not enough content
CUST005694,True,2026-05-05,Found alternative platform
CUST005695,True,2026-06-15,Content quality decline
CUST005696,False,,
CUST005697,False,,
CUST005698,True,2026-03-09,Found alternative platform
CUST005699,False,,
CUST005700,False,,
CUST005701,False,,
CUST005702,False,,
CUST005703,False,,
CUST005704,False,,
CUST005705,False,,
CUST005706,True,2025-11-29,Payment issues
CUST005707,False,,
CUST005708,False,,
CUST005709,False,,
CUST005710,False,,
CUST005711,False,,
CUST005712,False,,
CUST005713,False,,
CUST005714,False,,
CUST005715,False,,
CUST005716,False,,
CUST005717,False,,
CUST005718,False,,
CUST005719,False,,
CUST005720,False,,
CUST005721,False,,
CUST005722,True,2026-02-07,Too expensive
CUST005723,False,,
CUST005724,False,,
CUST005725,False,,
CUST005726,False,,
CUST005727,False,,
CUST005728,False,,
CUST005729,False,,
CUST005730,False,,
CUST005731,True,2025-10-26,Too expensive
CUST005732,False,,
CUST005733,False,,
CUST005734,True,2026-05-17,Moving / relocation
CUST005735,False,,
CUST005736,True,2026-04-13,No longer needed
CUST005737,False,,
CUST005738,False,,
CUST005739,False,,
CUST005740,False,,
CUST005741,False,,
CUST005742,True,2025-10-16,Payment issues
CUST005743,False,,
CUST005744,True,2026-01-04,Found alternative platform
CUST005745,False,,
CUST005746,True,2025-10-30,Not enough content
CUST005747,False,,
CUST005748,False,,
CUST005749,True,2026-04-30,Too expensive
CUST005750,False,,
CUST005751,False,,
CUST005752,False,,
CUST005753,True,2026-05-26,Too expensive
CUST005754,False,,
CUST005755,False,,
CUST005756,False,,
CUST005757,False,,
CUST005758,False,,
CUST005759,True,2025-11-20,Technical issues
CUST005760,False,,
CUST005761,False,,
CUST005762,True,2026-02-18,Payment issues
CUST005763,False,,
CUST005764,True,2026-02-23,No longer needed
CUST005765,False,,
CUST005766,False,,
CUST005767,False,,
CUST005768,False,,
CUST005769,False,,
CUST005770,True,2025-11-27,Technical issues
CUST005771,False,,
CUST005772,False,,
CUST005773,True,2025-12-30,Found alternative platform
CUST005774,True,2026-04-09,Technical issues
CUST005775,True,2026-05-10,Too expensive
CUST005776,False,,
CUST005777,False,,
CUST005778,False,,
CUST005779,True,2026-04-09,Moving / relocation
CUST005780,False,,
CUST005781,False,,
CUST005782,True,2026-04-11,Found alternative platform
CUST005783,False,,
CUST005784,False,,
CUST005785,False,,
CUST005786,False,,
CUST005787,True,2025-10-17,Found alternative platform
CUST005788,False,,
CUST005789,False,,
CUST005790,False,,
CUST005791,False,,
CUST005792,False,,
CUST005793,False,,
CUST005794,False,,
CUST005795,False,,
CUST005796,False,,
CUST005797,True,2025-11-28,Not enough content
CUST005798,True,2026-03-15,Too expensive
CUST005799,False,,
CUST005800,True,2026-03-11,Poor customer service experience
CUST005801,False,,
CUST005802,False,,
CUST005803,True,2026-06-20,Moving / relocation
CUST005804,False,,
CUST005805,False,,
CUST005806,False,,
CUST005807,True,2026-01-01,Technical issues
CUST005808,False,,
CUST005809,False,,
CUST005810,False,,
CUST005811,False,,
CUST005812,False,,
CUST005813,True,2026-06-12,Payment issues
CUST005814,False,,
CUST005815,True,2025-12-16,Found alternative platform
CUST005816,False,,
CUST005817,True,2025-11-01,Technical issues
CUST005818,True,2026-03-28,Payment issues
CUST005819,False,,
CUST005820,True,2026-03-06,Technical issues
CUST005821,False,,
CUST005822,False,,
CUST005823,False,,
CUST005824,True,2026-06-13,Not enough content
CUST005825,False,,
CUST005826,False,,
CUST005827,True,2026-01-26,Technical issues
CUST005828,False,,
CUST005829,False,,
CUST005830,False,,
CUST005831,False,,
CUST005832,False,,
CUST005833,False,,
CUST005834,False,,
CUST005835,False,,
CUST005836,False,,
CUST005837,False,,
CUST005838,False,,
CUST005839,True,2026-06-19,Too expensive
CUST005840,False,,
CUST005841,False,,
CUST005842,False,,
CUST005843,False,,
CUST005844,True,2025-11-17,Technical issues
CUST005845,False,,
CUST005846,False,,
CUST005847,False,,
CUST005848,False,,
CUST005849,True,2026-05-05,Moving / relocation
CUST005850,False,,
CUST005851,True,2025-12-11,Content quality decline
CUST005852,False,,
CUST005853,False,,
CUST005854,False,,
CUST005855,False,,
CUST005856,False,,
CUST005857,True,2026-03-29,Technical issues
CUST005858,True,2025-12-19,Technical issues
CUST005859,True,2025-11-01,Found alternative platform
CUST005860,False,,
CUST005861,False,,
CUST005862,True,2026-04-06,No longer needed
CUST005863,False,,
CUST005864,False,,
CUST005865,False,,
CUST005866,True,2025-12-29,Too expensive
CUST005867,False,,
CUST005868,False,,
CUST005869,False,,
CUST005870,False,,
CUST005871,False,,
CUST005872,False,,
CUST005873,False,,
CUST005874,False,,
CUST005875,True,2026-01-03,Not enough content
CUST005876,False,,
CUST005877,False,,
CUST005878,True,2026-02-27,Poor customer service experience
CUST005879,False,,
CUST005880,False,,
CUST005881,False,,
CUST005882,False,,
CUST005883,False,,
CUST005884,False,,
CUST005885,False,,
CUST005886,False,,
CUST005887,False,,
CUST005888,True,2026-01-31,No longer needed
CUST005889,False,,
CUST005890,False,,
CUST005891,False,,
CUST005892,True,2026-06-12,Content quality decline
CUST005893,False,,
CUST005894,False,,
CUST005895,False,,
CUST005896,False,,
CUST005897,True,2026-05-11,Too expensive
CUST005898,False,,
CUST005899,False,,
CUST005900,False,,
CUST005901,False,,
CUST005902,True,2026-01-19,Found alternative platform
CUST005903,False,,
CUST005904,True,2026-06-12,Moving / relocation
CUST005905,True,2026-02-18,Poor customer service experience
CUST005906,False,,
CUST005907,True,2026-02-22,Found alternative platform
CUST005908,False,,
CUST005909,False,,
CUST005910,False,,
CUST005911,False,,
CUST005912,False,,
CUST005913,True,2026-01-20,Not enough content
CUST005914,False,,
CUST005915,False,,
CUST005916,True,2026-05-16,Not enough content
CUST005917,False,,
CUST005918,True,2026-05-02,Too expensive
CUST005919,True,2026-01-17,Not enough content
CUST005920,False,,
CUST005921,False,,
CUST005922,False,,
CUST005923,False,,
CUST005924,False,,
CUST005925,True,2026-04-29,Password sharing crackdown
CUST005926,False,,
CUST005927,True,2026-01-30,Not enough content
CUST005928,True,2026-06-18,Not enough content
CUST005929,True,2026-05-12,Payment issues
CUST005930,False,,
CUST005931,True,2026-06-07,Content quality decline
CUST005932,False,,
CUST005933,False,,
CUST005934,False,,
CUST005935,True,2026-03-22,Content quality decline
CUST005936,True,2025-11-05,Poor customer service experience
CUST005937,False,,
CUST005938,False,,
CUST005939,False,,
CUST005940,False,,
CUST005941,False,,
CUST005942,False,,
CUST005943,False,,
CUST005944,False,,
CUST005945,False,,
CUST005946,False,,
CUST005947,False,,
CUST005948,False,,
CUST005949,False,,
CUST005950,False,,
CUST005951,False,,
CUST005952,False,,
CUST005953,True,2026-05-11,Too expensive
CUST005954,True,2025-11-16,Found alternative platform
CUST005955,False,,
CUST005956,False,,
CUST005957,True,2026-06-10,Found alternative platform
CUST005958,False,,
CUST005959,False,,
CUST005960,False,,
CUST005961,True,2026-01-11,Moving / relocation
CUST005962,False,,
CUST005963,False,,
CUST005964,False,,
CUST005965,True,2026-01-18,Poor customer service experience
CUST005966,True,2025-12-04,Payment issues
CUST005967,False,,
CUST005968,False,,
CUST005969,False,,
CUST005970,False,,
CUST005971,False,,
CUST005972,False,,
CUST005973,False,,
CUST005974,False,,
CUST005975,False,,
CUST005976,False,,
CUST005977,False,,
CUST005978,False,,
CUST005979,False,,
CUST005980,False,,
CUST005981,False,,
CUST005982,False,,
CUST005983,False,,
CUST005984,False,,
CUST005985,False,,
CUST005986,False,,
CUST005987,False,,
CUST005988,False,,
CUST005989,True,2026-05-20,Household budget cuts
CUST005990,True,2026-06-30,Found alternative platform
CUST005991,True,2025-12-16,Technical issues
CUST005992,False,,
CUST005993,False,,
CUST005994,False,,
CUST005995,False,,
CUST005996,False,,
CUST005997,False,,
CUST005998,False,,
CUST005999,False,,
CUST006000,False,,
CUST006001,True,2025-10-03,Not enough content
CUST006002,False,,
CUST006003,False,,
CUST006004,False,,
CUST006005,False,,
CUST006006,False,,
CUST006007,False,,
CUST006008,True,2026-03-28,Not enough content
CUST006009,False,,
CUST006010,False,,
CUST006011,True,2026-06-27,Not enough content
CUST006012,False,,
CUST006013,True,2026-06-03,Household budget cuts
CUST006014,True,2026-02-12,Too expensive
CUST006015,True,2026-01-12,Too expensive
CUST006016,False,,
CUST006017,False,,
CUST006018,False,,
CUST006019,False,,
CUST006020,True,2025-11-13,Not enough content
CUST006021,False,,
CUST006022,False,,
CUST006023,False,,
CUST006024,False,,
CUST006025,True,2025-10-06,Too expensive
CUST006026,False,,
CUST006027,False,,
CUST006028,False,,
CUST006029,False,,
CUST006030,True,2026-04-12,Poor customer service experience
CUST006031,False,,
CUST006032,False,,
CUST006033,False,,
CUST006034,False,,
CUST006035,True,2026-02-24,Content quality decline
CUST006036,False,,
CUST006037,False,,
CUST006038,False,,
CUST006039,False,,
CUST006040,False,,
CUST006041,False,,
CUST006042,False,,
CUST006043,False,,
CUST006044,False,,
CUST006045,True,2026-01-01,Too expensive
CUST006046,False,,
CUST006047,False,,
CUST006048,False,,
CUST006049,False,,
CUST006050,False,,
CUST006051,True,2026-05-19,Household budget cuts
CUST006052,False,,
CUST006053,True,2025-12-29,Not enough content
CUST006054,False,,
CUST006055,False,,
CUST006056,False,,
CUST006057,False,,
CUST006058,False,,
CUST006059,False,,
CUST006060,False,,
CUST006061,False,,
CUST006062,False,,
CUST006063,False,,
CUST006064,False,,
CUST006065,False,,
CUST006066,True,2026-05-06,Technical issues
CUST006067,True,2026-04-27,No longer needed
CUST006068,False,,
CUST006069,False,,
CUST006070,False,,
CUST006071,False,,
CUST006072,True,2026-02-05,Technical issues
CUST006073,False,,
CUST006074,True,2026-01-20,Password sharing crackdown
CUST006075,False,,
CUST006076,True,2026-06-29,Too expensive
CUST006077,True,2025-10-17,Too expensive
CUST006078,False,,
CUST006079,False,,
CUST006080,False,,
CUST006081,False,,
CUST006082,False,,
CUST006083,False,,
CUST006084,True,2026-05-01,Too expensive
CUST006085,False,,
CUST006086,False,,
CUST006087,False,,
CUST006088,False,,
CUST006089,False,,
CUST006090,True,2026-02-14,Password sharing crackdown
CUST006091,False,,
CUST006092,False,,
CUST006093,False,,
CUST006094,True,2026-01-07,Technical issues
CUST006095,True,2026-05-15,No longer needed
CUST006096,False,,
CUST006097,True,2025-12-20,Not enough content
CUST006098,False,,
CUST006099,False,,
CUST006100,False,,
CUST006101,False,,
CUST006102,True,2026-03-05,Technical issues
CUST006103,False,,
CUST006104,False,,
CUST006105,False,,
CUST006106,False,,
CUST006107,False,,
CUST006108,False,,
CUST006109,True,2026-05-19,Found alternative platform
CUST006110,True,2026-01-31,Too expensive
CUST006111,True,2026-01-10,Found alternative platform
CUST006112,False,,
CUST006113,True,2026-05-30,Too expensive
CUST006114,False,,
CUST006115,False,,
CUST006116,False,,
CUST006117,False,,
CUST006118,False,,
CUST006119,True,2026-04-25,Found alternative platform
CUST006120,False,,
CUST006121,True,2026-04-24,Technical issues
CUST006122,True,2026-04-21,Technical issues
CUST006123,True,2025-10-11,Payment issues
CUST006124,False,,
CUST006125,False,,
CUST006126,True,2026-01-31,Content quality decline
CUST006127,False,,
CUST006128,False,,
CUST006129,True,2026-06-07,Password sharing crackdown
CUST006130,True,2026-06-23,Too expensive
CUST006131,False,,
CUST006132,False,,
CUST006133,False,,
CUST006134,True,2026-01-18,Poor customer service experience
CUST006135,False,,
CUST006136,True,2026-01-23,Payment issues
CUST006137,False,,
CUST006138,False,,
CUST006139,False,,
CUST006140,True,2026-01-25,No longer needed
CUST006141,True,2025-10-17,Technical issues
CUST006142,False,,
CUST006143,True,2026-02-21,Too expensive
CUST006144,True,2025-12-06,Payment issues
CUST006145,False,,
CUST006146,False,,
CUST006147,False,,
CUST006148,False,,
CUST006149,False,,
CUST006150,True,2025-12-11,Moving / relocation
CUST006151,True,2026-04-21,Found alternative platform
CUST006152,False,,
CUST006153,False,,
CUST006154,True,2026-03-26,Technical issues
CUST006155,False,,
CUST006156,True,2026-03-02,Content quality decline
CUST006157,True,2026-01-23,Not enough content
CUST006158,True,2026-04-06,Poor customer service experience
CUST006159,False,,
CUST006160,False,,
CUST006161,False,,
CUST006162,True,2026-02-07,Too expensive
CUST006163,False,,
CUST006164,False,,
CUST006165,False,,
CUST006166,False,,
CUST006167,False,,
CUST006168,True,2026-03-29,Payment issues
CUST006169,False,,
CUST006170,False,,
CUST006171,False,,
CUST006172,False,,
CUST006173,False,,
CUST006174,False,,
CUST006175,True,2026-02-14,No longer needed
CUST006176,False,,
CUST006177,False,,
CUST006178,False,,
CUST006179,False,,
CUST006180,False,,
CUST006181,False,,
CUST006182,False,,
CUST006183,False,,
CUST006184,False,,
CUST006185,False,,
CUST006186,False,,
CUST006187,False,,
CUST006188,False,,
CUST006189,False,,
CUST006190,False,,
CUST006191,False,,
CUST006192,True,2025-12-25,No longer needed
CUST006193,False,,
CUST006194,False,,
CUST006195,False,,
CUST006196,False,,
CUST006197,False,,
CUST006198,False,,
CUST006199,False,,
CUST006200,False,,
CUST006201,True,2025-11-03,Too expensive
CUST006202,False,,
CUST006203,False,,
CUST006204,False,,
CUST006205,False,,
CUST006206,True,2026-05-14,Poor customer service experience
CUST006207,False,,
CUST006208,False,,
CUST006209,False,,
CUST006210,True,2026-01-22,Household budget cuts
CUST006211,True,2026-03-20,Too expensive
CUST006212,False,,
CUST006213,False,,
CUST006214,False,,
CUST006215,False,,
CUST006216,False,,
CUST006217,False,,
CUST006218,False,,
CUST006219,False,,
CUST006220,True,2025-11-20,Not enough content
CUST006221,False,,
CUST006222,False,,
CUST006223,False,,
CUST006224,True,2026-01-09,Poor customer service experience
CUST006225,False,,
CUST006226,False,,
CUST006227,False,,
CUST006228,False,,
CUST006229,False,,
CUST006230,False,,
CUST006231,False,,
CUST006232,False,,
CUST006233,True,2026-03-12,Not enough content
CUST006234,True,2026-04-27,Too expensive
CUST006235,False,,
CUST006236,False,,
CUST006237,False,,
CUST006238,True,2026-03-19,Content quality decline
CUST006239,True,2025-12-17,Household budget cuts
CUST006240,False,,
CUST006241,False,,
CUST006242,False,,
CUST006243,True,2026-02-09,Content quality decline
CUST006244,True,2026-01-29,No longer needed
CUST006245,False,,
CUST006246,False,,
CUST006247,False,,
CUST006248,False,,
CUST006249,False,,
CUST006250,True,2025-11-15,Moving / relocation
CUST006251,False,,
CUST006252,False,,
CUST006253,False,,
CUST006254,False,,
CUST006255,False,,
CUST006256,False,,
CUST006257,False,,
CUST006258,False,,
CUST006259,False,,
CUST006260,True,2026-06-29,Technical issues
CUST006261,True,2026-03-21,No longer needed
CUST006262,False,,
CUST006263,True,2026-03-07,Technical issues
CUST006264,False,,
CUST006265,False,,
CUST006266,True,2026-03-13,Not enough content
CUST006267,False,,
CUST006268,False,,
CUST006269,False,,
CUST006270,False,,
CUST006271,False,,
CUST006272,False,,
CUST006273,False,,
CUST006274,False,,
CUST006275,False,,
CUST006276,False,,
CUST006277,False,,
CUST006278,False,,
CUST006279,False,,
CUST006280,False,,
CUST006281,False,,
CUST006282,False,,
CUST006283,False,,
CUST006284,False,,
CUST006285,False,,
CUST006286,False,,
CUST006287,True,2026-06-03,Not enough content
CUST006288,False,,
CUST006289,False,,
CUST006290,True,2026-03-03,Too expensive
CUST006291,False,,
CUST006292,True,2026-06-22,Payment issues
CUST006293,True,2025-10-05,No longer needed
CUST006294,False,,
CUST006295,False,,
CUST006296,False,,
CUST006297,False,,
CUST006298,False,,
CUST006299,False,,
CUST006300,False,,
CUST006301,False,,
CUST006302,False,,
CUST006303,True,2025-11-29,Technical issues
CUST006304,False,,
CUST006305,False,,
CUST006306,False,,
CUST006307,True,2026-03-14,Found alternative platform
CUST006308,False,,
CUST006309,True,2025-11-14,Not enough content
CUST006310,True,2026-01-17,Found alternative platform
CUST006311,False,,
CUST006312,True,2025-11-10,Too expensive
CUST006313,False,,
CUST006314,False,,
CUST006315,False,,
CUST006316,False,,
CUST006317,False,,
CUST006318,True,2026-03-04,Found alternative platform
CUST006319,True,2025-10-10,Household budget cuts
CUST006320,False,,
CUST006321,False,,
CUST006322,False,,
CUST006323,False,,
CUST006324,False,,
CUST006325,False,,
CUST006326,False,,
CUST006327,False,,
CUST006328,False,,
CUST006329,False,,
CUST006330,False,,
CUST006331,False,,
CUST006332,False,,
CUST006333,False,,
CUST006334,False,,
CUST006335,False,,
CUST006336,False,,
CUST006337,True,2026-06-15,Not enough content
CUST006338,False,,
CUST006339,False,,
CUST006340,False,,
CUST006341,False,,
CUST006342,False,,
CUST006343,False,,
CUST006344,False,,
CUST006345,False,,
CUST006346,False,,
CUST006347,True,2025-10-22,Not enough content
CUST006348,False,,
CUST006349,True,2025-11-14,Payment issues
CUST006350,False,,
CUST006351,False,,
CUST006352,True,2026-05-11,Technical issues
CUST006353,True,2025-12-31,Too expensive
CUST006354,False,,
CUST006355,False,,
CUST006356,True,2025-11-21,Content quality decline
CUST006357,False,,
CUST006358,False,,
CUST006359,False,,
CUST006360,True,2026-06-22,Moving / relocation
CUST006361,True,2025-10-23,Content quality decline
CUST006362,True,2025-11-30,Not enough content
CUST006363,False,,
CUST006364,False,,
CUST006365,True,2025-10-16,Poor customer service experience
CUST006366,False,,
CUST006367,False,,
CUST006368,True,2026-06-10,No longer needed
CUST006369,True,2026-06-25,Household budget cuts
CUST006370,False,,
CUST006371,False,,
CUST006372,False,,
CUST006373,True,2025-11-05,Moving / relocation
CUST006374,False,,
CUST006375,False,,
CUST006376,False,,
CUST006377,False,,
CUST006378,True,2025-10-14,Too expensive
CUST006379,False,,
CUST006380,False,,
CUST006381,True,2026-03-04,Found alternative platform
CUST006382,False,,
CUST006383,False,,
CUST006384,False,,
CUST006385,True,2026-01-08,Household budget cuts
CUST006386,False,,
CUST006387,False,,
CUST006388,False,,
CUST006389,False,,
CUST006390,True,2026-02-20,Found alternative platform
CUST006391,False,,
CUST006392,False,,
CUST006393,False,,
CUST006394,True,2025-10-25,Household budget cuts
CUST006395,False,,
CUST006396,False,,
CUST006397,True,2026-05-19,Payment issues
CUST006398,False,,
CUST006399,True,2026-02-07,Too expensive
CUST006400,False,,
CUST006401,False,,
CUST006402,False,,
CUST006403,False,,
CUST006404,True,2026-03-18,Too expensive
CUST006405,True,2026-05-07,Household budget cuts
CUST006406,False,,
CUST006407,False,,
CUST006408,True,2025-11-17,Found alternative platform
CUST006409,False,,
CUST006410,True,2026-04-16,Household budget cuts
CUST006411,False,,
CUST006412,True,2026-01-22,No longer needed
CUST006413,False,,
CUST006414,True,2026-06-12,Poor customer service experience
CUST006415,False,,
CUST006416,False,,
CUST006417,True,2025-12-27,Found alternative platform
CUST006418,False,,
CUST006419,True,2026-04-15,Not enough content
CUST006420,False,,
CUST006421,True,2025-12-28,Moving / relocation
CUST006422,False,,
CUST006423,False,,
CUST006424,True,2026-01-04,No longer needed
CUST006425,False,,
CUST006426,False,,
CUST006427,False,,
CUST006428,False,,
CUST006429,False,,
CUST006430,False,,
CUST006431,False,,
CUST006432,False,,
CUST006433,False,,
CUST006434,False,,
CUST006435,False,,
CUST006436,False,,
CUST006437,False,,
CUST006438,False,,
CUST006439,False,,
CUST006440,False,,
CUST006441,False,,
CUST006442,True,2026-01-29,Not enough content
CUST006443,False,,
CUST006444,False,,
CUST006445,True,2026-01-25,Content quality decline
CUST006446,True,2026-05-07,Too expensive
CUST006447,False,,
CUST006448,False,,
CUST006449,True,2025-12-22,Too expensive
CUST006450,False,,
CUST006451,False,,
CUST006452,True,2026-05-16,Technical issues
CUST006453,False,,
CUST006454,False,,
CUST006455,True,2026-01-31,Found alternative platform
CUST006456,True,2026-02-08,Password sharing crackdown
CUST006457,False,,
CUST006458,True,2025-12-22,No longer needed
CUST006459,False,,
CUST006460,False,,
CUST006461,True,2025-11-04,Password sharing crackdown
CUST006462,False,,
CUST006463,False,,
CUST006464,False,,
CUST006465,False,,
CUST006466,False,,
CUST006467,False,,
CUST006468,False,,
CUST006469,True,2026-04-04,Content quality decline
CUST006470,True,2026-01-09,No longer needed
CUST006471,False,,
CUST006472,False,,
CUST006473,False,,
CUST006474,True,2026-05-30,Not enough content
CUST006475,False,,
CUST006476,False,,
CUST006477,False,,
CUST006478,False,,
CUST006479,False,,
CUST006480,True,2026-05-18,Content quality decline
CUST006481,False,,
CUST006482,False,,
CUST006483,True,2026-06-08,No longer needed
CUST006484,False,,
CUST006485,True,2025-11-27,Too expensive
CUST006486,True,2026-04-19,Payment issues
CUST006487,False,,
CUST006488,False,,
CUST006489,True,2026-04-11,Household budget cuts
CUST006490,False,,
CUST006491,False,,
CUST006492,False,,
CUST006493,False,,
CUST006494,False,,
CUST006495,False,,
CUST006496,True,2025-10-08,Not enough content
CUST006497,False,,
CUST006498,False,,
CUST006499,True,2025-12-19,Poor customer service experience
CUST006500,False,,
CUST006501,False,,
CUST006502,False,,
CUST006503,True,2026-01-19,Too expensive
CUST006504,False,,
CUST006505,True,2026-06-11,Payment issues
CUST006506,False,,
CUST006507,True,2026-03-16,Password sharing crackdown
CUST006508,False,,
CUST006509,True,2026-05-11,Too expensive
CUST006510,True,2026-04-24,Too expensive
CUST006511,True,2026-01-15,Payment issues
CUST006512,False,,
CUST006513,True,2026-06-12,Found alternative platform
CUST006514,False,,
CUST006515,False,,
CUST006516,False,,
CUST006517,False,,
CUST006518,False,,
CUST006519,False,,
CUST006520,True,2026-06-20,Moving / relocation
CUST006521,True,2025-12-21,Too expensive
CUST006522,True,2025-10-04,Technical issues
CUST006523,False,,
CUST006524,True,2025-11-06,Too expensive
CUST006525,False,,
CUST006526,False,,
CUST006527,False,,
CUST006528,True,2026-02-22,Too expensive
CUST006529,False,,
CUST006530,False,,
CUST006531,False,,
CUST006532,False,,
CUST006533,False,,
CUST006534,False,,
CUST006535,True,2026-02-11,Payment issues
CUST006536,False,,
CUST006537,False,,
CUST006538,True,2026-06-18,Technical issues
CUST006539,True,2026-01-03,Too expensive
CUST006540,False,,
CUST006541,True,2026-04-19,Not enough content
CUST006542,False,,
CUST006543,False,,
CUST006544,True,2026-03-07,Not enough content
CUST006545,False,,
CUST006546,False,,
CUST006547,True,2026-05-13,Poor customer service experience
CUST006548,False,,
CUST006549,True,2025-12-20,Content quality decline
CUST006550,True,2026-03-29,Too expensive
CUST006551,False,,
CUST006552,False,,
CUST006553,True,2026-05-02,Not enough content
CUST006554,True,2026-04-01,Not enough content
CUST006555,False,,
CUST006556,True,2025-12-21,No longer needed
CUST006557,True,2026-05-18,Found alternative platform
CUST006558,True,2026-01-05,Not enough content
CUST006559,True,2026-03-03,Poor customer service experience
CUST006560,False,,
CUST006561,False,,
CUST006562,False,,
CUST006563,False,,
CUST006564,True,2026-06-16,Too expensive
CUST006565,False,,
CUST006566,False,,
CUST006567,True,2026-02-10,Content quality decline
CUST006568,False,,
CUST006569,False,,
CUST006570,False,,
CUST006571,False,,
CUST006572,False,,
CUST006573,False,,
CUST006574,False,,
CUST006575,False,,
CUST006576,False,,
CUST006577,False,,
CUST006578,False,,
CUST006579,True,2026-05-31,Password sharing crackdown
CUST006580,True,2026-03-18,Household budget cuts
CUST006581,False,,
CUST006582,True,2025-10-30,Found alternative platform
CUST006583,True,2026-04-12,Technical issues
CUST006584,False,,
CUST006585,True,2026-04-27,No longer needed
CUST006586,False,,
CUST006587,False,,
CUST006588,False,,
CUST006589,False,,
CUST006590,False,,
CUST006591,False,,
CUST006592,False,,
CUST006593,True,2026-01-06,Found alternative platform
CUST006594,False,,
CUST006595,False,,
CUST006596,False,,
CUST006597,False,,
CUST006598,False,,
CUST006599,False,,
CUST006600,False,,
CUST006601,False,,
CUST006602,False,,
CUST006603,False,,
CUST006604,False,,
CUST006605,False,,
CUST006606,False,,
CUST006607,False,,
CUST006608,True,2026-02-28,Not enough content
CUST006609,False,,
CUST006610,True,2026-03-22,Moving / relocation
CUST006611,True,2025-11-25,Not enough content
CUST006612,False,,
CUST006613,False,,
CUST006614,False,,
CUST006615,False,,
CUST006616,True,2026-03-28,Found alternative platform
CUST006617,False,,
CUST006618,True,2026-03-26,Too expensive
CUST006619,False,,
CUST006620,False,,
CUST006621,False,,
CUST006622,False,,
CUST006623,False,,
CUST006624,False,,
CUST006625,False,,
CUST006626,False,,
CUST006627,False,,
CUST006628,False,,
CUST006629,True,2026-01-06,Too expensive
CUST006630,False,,
CUST006631,False,,
CUST006632,True,2025-10-28,Too expensive
CUST006633,False,,
CUST006634,False,,
CUST006635,False,,
CUST006636,True,2026-04-30,Technical issues
CUST006637,False,,
CUST006638,False,,
CUST006639,False,,
CUST006640,False,,
CUST006641,False,,
CUST006642,False,,
CUST006643,False,,
CUST006644,True,2025-12-07,No longer needed
CUST006645,False,,
CUST006646,False,,
CUST006647,False,,
CUST006648,True,2026-02-21,Not enough content
CUST006649,True,2026-06-12,Technical issues
CUST006650,False,,
CUST006651,True,2025-12-23,Payment issues
CUST006652,False,,
CUST006653,False,,
CUST006654,False,,
CUST006655,False,,
CUST006656,False,,
CUST006657,False,,
CUST006658,False,,
CUST006659,False,,
CUST006660,True,2026-06-29,Found alternative platform
CUST006661,False,,
CUST006662,False,,
CUST006663,True,2026-05-30,Too expensive
CUST006664,False,,
CUST006665,False,,
CUST006666,False,,
CUST006667,False,,
CUST006668,False,,
CUST006669,False,,
CUST006670,True,2026-04-04,Technical issues
CUST006671,False,,
CUST006672,False,,
CUST006673,True,2026-01-29,Content quality decline
CUST006674,True,2025-10-27,Too expensive
CUST006675,False,,
CUST006676,True,2026-05-12,Too expensive
CUST006677,False,,
CUST006678,False,,
CUST006679,True,2026-03-10,Password sharing crackdown
CUST006680,True,2026-01-27,Not enough content
CUST006681,False,,
CUST006682,False,,
CUST006683,False,,
CUST006684,False,,
CUST006685,True,2026-06-20,Payment issues
CUST006686,False,,
CUST006687,False,,
CUST006688,False,,
CUST006689,True,2026-02-03,Too expensive
CUST006690,False,,
CUST006691,False,,
CUST006692,True,2025-10-21,Payment issues
CUST006693,True,2025-11-22,No longer needed
CUST006694,True,2025-12-21,Technical issues
CUST006695,False,,
CUST006696,False,,
CUST006697,False,,
CUST006698,False,,
CUST006699,False,,
CUST006700,False,,
CUST006701,True,2026-05-08,Too expensive
CUST006702,False,,
CUST006703,False,,
CUST006704,False,,
CUST006705,False,,
CUST006706,False,,
CUST006707,False,,
CUST006708,True,2026-02-16,Not enough content
CUST006709,False,,
CUST006710,False,,
CUST006711,False,,
CUST006712,False,,
CUST006713,False,,
CUST006714,False,,
CUST006715,True,2026-04-16,No longer needed
CUST006716,True,2026-02-02,Payment issues
CUST006717,False,,
CUST006718,False,,
CUST006719,False,,
CUST006720,False,,
CUST006721,False,,
CUST006722,True,2026-03-04,No longer needed
CUST006723,True,2025-10-03,Not enough content
CUST006724,False,,
CUST006725,False,,
CUST006726,True,2025-10-31,No longer needed
CUST006727,False,,
CUST006728,False,,
CUST006729,False,,
CUST006730,False,,
CUST006731,False,,
CUST006732,False,,
CUST006733,True,2026-04-14,Not enough content
CUST006734,False,,
CUST006735,False,,
CUST006736,False,,
CUST006737,False,,
CUST006738,False,,
CUST006739,True,2026-05-27,Not enough content
CUST006740,False,,
CUST006741,False,,
CUST006742,True,2025-10-18,Found alternative platform
CUST006743,True,2026-01-09,Too expensive
CUST006744,False,,
CUST006745,False,,
CUST006746,True,2025-10-15,Too expensive
CUST006747,False,,
CUST006748,False,,
CUST006749,False,,
CUST006750,True,2026-05-24,Too expensive
CUST006751,False,,
CUST006752,False,,
CUST006753,False,,
CUST006754,False,,
CUST006755,False,,
CUST006756,True,2026-05-05,Not enough content
CUST006757,True,2025-10-20,Too expensive
CUST006758,False,,
CUST006759,False,,
CUST006760,False,,
CUST006761,False,,
CUST006762,False,,
CUST006763,False,,
CUST006764,False,,
CUST006765,False,,
CUST006766,True,2026-05-07,Household budget cuts
CUST006767,False,,
CUST006768,True,2026-02-20,Household budget cuts
CUST006769,False,,
CUST006770,True,2025-11-25,Too expensive
CUST006771,False,,
CUST006772,False,,
CUST006773,False,,
CUST006774,True,2026-05-05,Found alternative platform
CUST006775,False,,
CUST006776,True,2026-06-28,Password sharing crackdown
CUST006777,True,2026-01-07,Password sharing crackdown
CUST006778,True,2026-04-23,Moving / relocation
CUST006779,False,,
CUST006780,False,,
CUST006781,False,,
CUST006782,False,,
CUST006783,False,,
CUST006784,False,,
CUST006785,False,,
CUST006786,False,,
CUST006787,False,,
CUST006788,False,,
CUST006789,True,2026-05-14,Password sharing crackdown
CUST006790,False,,
CUST006791,True,2026-03-05,Found alternative platform
CUST006792,False,,
CUST006793,False,,
CUST006794,False,,
CUST006795,True,2026-05-19,Found alternative platform
CUST006796,False,,
CUST006797,False,,
CUST006798,True,2026-02-02,Payment issues
CUST006799,False,,
CUST006800,False,,
CUST006801,False,,
CUST006802,False,,
CUST006803,False,,
CUST006804,False,,
CUST006805,False,,
CUST006806,False,,
CUST006807,False,,
CUST006808,False,,
CUST006809,True,2025-12-25,Not enough content
CUST006810,False,,
CUST006811,False,,
CUST006812,False,,
CUST006813,False,,
CUST006814,True,2026-01-20,Content quality decline
CUST006815,False,,
CUST006816,False,,
CUST006817,False,,
CUST006818,True,2026-01-13,No longer needed
CUST006819,False,,
CUST006820,False,,
CUST006821,False,,
CUST006822,False,,
CUST006823,False,,
CUST006824,False,,
CUST006825,False,,
CUST006826,False,,
CUST006827,False,,
CUST006828,False,,
CUST006829,False,,
CUST006830,True,2026-02-08,Too expensive
CUST006831,False,,
CUST006832,True,2025-11-09,Technical issues
CUST006833,False,,
CUST006834,False,,
CUST006835,False,,
CUST006836,True,2026-06-18,Moving / relocation
CUST006837,True,2025-10-14,Too expensive
CUST006838,True,2026-03-17,Found alternative platform
CUST006839,False,,
CUST006840,True,2026-05-31,Household budget cuts
CUST006841,True,2026-06-13,Household budget cuts
CUST006842,False,,
CUST006843,False,,
CUST006844,False,,
CUST006845,False,,
CUST006846,False,,
CUST006847,False,,
CUST006848,False,,
CUST006849,False,,
CUST006850,False,,
CUST006851,True,2025-11-06,Moving / relocation
CUST006852,True,2026-04-01,Password sharing crackdown
CUST006853,False,,
CUST006854,False,,
CUST006855,False,,
CUST006856,False,,
CUST006857,False,,
CUST006858,False,,
CUST006859,True,2026-01-09,Found alternative platform
CUST006860,False,,
CUST006861,False,,
CUST006862,False,,
CUST006863,False,,
CUST006864,False,,
CUST006865,False,,
CUST006866,False,,
CUST006867,False,,
CUST006868,True,2026-03-02,Found alternative platform
CUST006869,False,,
CUST006870,False,,
CUST006871,False,,
CUST006872,False,,
CUST006873,False,,
CUST006874,True,2026-06-25,Technical issues
CUST006875,False,,
CUST006876,False,,
CUST006877,False,,
CUST006878,False,,
CUST006879,False,,
CUST006880,True,2025-12-17,Content quality decline
CUST006881,False,,
CUST006882,False,,
CUST006883,False,,
CUST006884,True,2025-11-13,Content quality decline
CUST006885,False,,
CUST006886,False,,
CUST006887,False,,
CUST006888,False,,
CUST006889,True,2025-12-11,Found alternative platform
CUST006890,False,,
CUST006891,False,,
CUST006892,False,,
CUST006893,True,2026-01-29,No longer needed
CUST006894,False,,
CUST006895,False,,
CUST006896,False,,
CUST006897,False,,
CUST006898,False,,
CUST006899,False,,
CUST006900,False,,
CUST006901,True,2026-03-21,Not enough content
CUST006902,False,,
CUST006903,True,2026-01-22,Payment issues
CUST006904,True,2026-02-04,Payment issues
CUST006905,True,2026-03-28,Too expensive
CUST006906,False,,
CUST006907,False,,
CUST006908,False,,
CUST006909,True,2026-02-25,Password sharing crackdown
CUST006910,True,2026-01-22,Not enough content
CUST006911,False,,
CUST006912,False,,
CUST006913,True,2026-06-08,Too expensive
CUST006914,False,,
CUST006915,False,,
CUST006916,False,,
CUST006917,True,2025-12-15,Poor customer service experience
CUST006918,False,,
CUST006919,True,2025-11-06,Found alternative platform
CUST006920,False,,
CUST006921,False,,
CUST006922,False,,
CUST006923,False,,
CUST006924,False,,
CUST006925,True,2025-12-27,Found alternative platform
CUST006926,False,,
CUST006927,True,2025-10-30,Poor customer service experience
CUST006928,False,,
CUST006929,False,,
CUST006930,False,,
CUST006931,False,,
CUST006932,False,,
CUST006933,False,,
CUST006934,True,2025-11-30,Content quality decline
CUST006935,False,,
CUST006936,False,,
CUST006937,False,,
CUST006938,False,,
CUST006939,False,,
CUST006940,True,2026-01-10,No longer needed
CUST006941,True,2026-02-08,Too expensive
CUST006942,False,,
CUST006943,True,2026-06-05,Too expensive
CUST006944,False,,
CUST006945,True,2026-06-18,No longer needed
CUST006946,True,2026-02-08,No longer needed
CUST006947,True,2026-04-23,Too expensive
CUST006948,True,2026-03-19,Payment issues
CUST006949,True,2026-01-07,No longer needed
CUST006950,False,,
CUST006951,False,,
CUST006952,False,,
CUST006953,True,2025-11-14,Poor customer service experience
CUST006954,False,,
CUST006955,False,,
CUST006956,True,2025-10-25,Content quality decline
CUST006957,True,2025-12-04,Poor customer service experience
CUST006958,False,,
CUST006959,False,,
CUST006960,False,,
CUST006961,False,,
CUST006962,False,,
CUST006963,False,,
CUST006964,False,,
CUST006965,True,2026-04-02,Found alternative platform
CUST006966,False,,
CUST006967,True,2026-04-05,Household budget cuts
CUST006968,False,,
CUST006969,False,,
CUST006970,False,,
CUST006971,True,2026-04-24,Household budget cuts
CUST006972,False,,
CUST006973,False,,
CUST006974,False,,
CUST006975,False,,
CUST006976,False,,
CUST006977,False,,
CUST006978,False,,
CUST006979,False,,
CUST006980,False,,
CUST006981,False,,
CUST006982,True,2026-04-08,Password sharing crackdown
CUST006983,False,,
CUST006984,False,,
CUST006985,False,,
CUST006986,False,,
CUST006987,False,,
CUST006988,False,,
CUST006989,True,2026-04-09,Poor customer service experience
CUST006990,True,2026-02-10,Moving / relocation
CUST006991,True,2026-04-09,Poor customer service experience
CUST006992,False,,
CUST006993,False,,
CUST006994,False,,
CUST006995,False,,
CUST006996,False,,
CUST006997,False,,
CUST006998,False,,
CUST006999,False,,
CUST007000,False,,
CUST007001,False,,
CUST007002,False,,
CUST007003,False,,
CUST007004,True,2026-01-17,Too expensive
CUST007005,False,,
CUST007006,False,,
CUST007007,False,,
CUST007008,False,,
CUST007009,False,,
CUST007010,False,,
CUST007011,False,,
CUST007012,False,,
CUST007013,True,2026-04-11,Household budget cuts
CUST007014,True,2026-02-25,Household budget cuts
CUST007015,True,2026-03-23,Password sharing crackdown
CUST007016,True,2026-03-02,Too expensive
CUST007017,False,,
CUST007018,False,,
CUST007019,False,,
CUST007020,False,,
CUST007021,True,2026-04-30,No longer needed
CUST007022,False,,
CUST007023,False,,
CUST007024,False,,
CUST007025,False,,
CUST007026,False,,
CUST007027,False,,
CUST007028,False,,
CUST007029,False,,
CUST007030,False,,
CUST007031,True,2025-10-16,Household budget cuts
CUST007032,False,,
CUST007033,False,,
CUST007034,True,2026-01-03,Payment issues
CUST007035,False,,
CUST007036,False,,
CUST007037,False,,
CUST007038,False,,
CUST007039,False,,
CUST007040,False,,
CUST007041,True,2026-02-05,Household budget cuts
CUST007042,False,,
CUST007043,True,2026-06-19,Found alternative platform
CUST007044,True,2025-11-01,Moving / relocation
CUST007045,True,2026-02-08,Payment issues
CUST007046,True,2025-11-15,Technical issues
CUST007047,False,,
CUST007048,True,2026-02-15,Password sharing crackdown
CUST007049,False,,
CUST007050,True,2025-12-14,Password sharing crackdown
CUST007051,False,,
CUST007052,True,2025-10-17,Password sharing crackdown
CUST007053,True,2026-01-18,Content quality decline
CUST007054,False,,
CUST007055,False,,
CUST007056,False,,
CUST007057,True,2026-06-27,Not enough content
CUST007058,False,,
CUST007059,False,,
CUST007060,False,,
CUST007061,False,,
CUST007062,False,,
CUST007063,False,,
CUST007064,False,,
CUST007065,False,,
CUST007066,False,,
CUST007067,False,,
CUST007068,True,2026-02-18,Technical issues
CUST007069,False,,
CUST007070,False,,
CUST007071,False,,
CUST007072,False,,
CUST007073,False,,
CUST007074,False,,
CUST007075,False,,
CUST007076,False,,
CUST007077,False,,
CUST007078,False,,
CUST007079,False,,
CUST007080,False,,
CUST007081,True,2026-01-31,Found alternative platform
CUST007082,False,,
CUST007083,False,,
CUST007084,False,,
CUST007085,False,,
CUST007086,False,,
CUST007087,False,,
CUST007088,False,,
CUST007089,False,,
CUST007090,False,,
CUST007091,False,,
CUST007092,True,2026-05-31,Too expensive
CUST007093,False,,
CUST007094,True,2026-06-25,Not enough content
CUST007095,False,,
CUST007096,False,,
CUST007097,False,,
CUST007098,False,,
CUST007099,True,2026-01-05,Found alternative platform
CUST007100,False,,
CUST007101,False,,
CUST007102,False,,
CUST007103,False,,
CUST007104,True,2026-04-28,Password sharing crackdown
CUST007105,False,,
CUST007106,True,2025-11-22,Found alternative platform
CUST007107,False,,
CUST007108,False,,
CUST007109,True,2025-12-21,Found alternative platform
CUST007110,False,,
CUST007111,False,,
CUST007112,True,2025-11-06,Technical issues
CUST007113,False,,
CUST007114,True,2026-06-28,Password sharing crackdown
CUST007115,False,,
CUST007116,False,,
CUST007117,False,,
CUST007118,False,,
CUST007119,True,2025-11-25,Found alternative platform
CUST007120,False,,
CUST007121,False,,
CUST007122,False,,
CUST007123,False,,
CUST007124,True,2026-02-20,Moving / relocation
CUST007125,False,,
CUST007126,True,2025-12-18,Found alternative platform
CUST007127,False,,
CUST007128,False,,
CUST007129,False,,
CUST007130,False,,
CUST007131,True,2026-06-19,Too expensive
CUST007132,False,,
CUST007133,True,2026-01-14,Too expensive
CUST007134,False,,
CUST007135,False,,
CUST007136,True,2026-02-22,Too expensive
CUST007137,True,2026-01-18,Found alternative platform
CUST007138,False,,
CUST007139,False,,
CUST007140,False,,
CUST007141,False,,
CUST007142,False,,
CUST007143,False,,
CUST007144,False,,
CUST007145,False,,
CUST007146,False,,
CUST007147,False,,
CUST007148,True,2026-06-04,Poor customer service experience
CUST007149,True,2026-05-13,Payment issues
CUST007150,False,,
CUST007151,False,,
CUST007152,False,,
CUST007153,True,2026-01-10,Found alternative platform
CUST007154,False,,
CUST007155,False,,
CUST007156,False,,
CUST007157,True,2026-04-04,Content quality decline
CUST007158,False,,
CUST007159,True,2026-05-09,Household budget cuts
CUST007160,True,2026-02-08,Moving / relocation
CUST007161,False,,
CUST007162,False,,
CUST007163,False,,
CUST007164,False,,
CUST007165,False,,
CUST007166,False,,
CUST007167,False,,
CUST007168,True,2026-05-29,Too expensive
CUST007169,False,,
CUST007170,True,2026-06-25,Not enough content
CUST007171,False,,
CUST007172,False,,
CUST007173,False,,
CUST007174,False,,
CUST007175,False,,
CUST007176,True,2025-12-21,Found alternative platform
CUST007177,False,,
CUST007178,False,,
CUST007179,False,,
CUST007180,False,,
CUST007181,False,,
CUST007182,False,,
CUST007183,False,,
CUST007184,False,,
CUST007185,False,,
CUST007186,True,2026-06-03,Not enough content
CUST007187,False,,
CUST007188,True,2026-04-24,Not enough content
CUST007189,False,,
CUST007190,True,2026-06-20,Not enough content
CUST007191,False,,
CUST007192,False,,
CUST007193,False,,
CUST007194,False,,
CUST007195,False,,
CUST007196,True,2026-06-24,Found alternative platform
CUST007197,False,,
CUST007198,False,,
CUST007199,False,,
CUST007200,True,2026-05-19,Payment issues
CUST007201,False,,
CUST007202,True,2026-05-08,No longer needed
CUST007203,True,2026-05-25,Content quality decline
CUST007204,False,,
CUST007205,True,2026-06-18,Found alternative platform
CUST007206,False,,
CUST007207,False,,
CUST007208,True,2026-06-18,Household budget cuts
CUST007209,False,,
CUST007210,False,,
CUST007211,False,,
CUST007212,False,,
CUST007213,False,,
CUST007214,True,2026-06-13,Found alternative platform
CUST007215,False,,
CUST007216,False,,
CUST007217,False,,
CUST007218,False,,
CUST007219,False,,
CUST007220,True,2026-05-15,Moving / relocation
CUST007221,True,2026-04-05,Password sharing crackdown
CUST007222,False,,
CUST007223,False,,
CUST007224,True,2026-05-19,Password sharing crackdown
CUST007225,False,,
CUST007226,True,2026-02-10,Technical issues
CUST007227,False,,
CUST007228,False,,
CUST007229,False,,
CUST007230,False,,
CUST007231,False,,
CUST007232,False,,
CUST007233,False,,
CUST007234,False,,
CUST007235,False,,
CUST007236,True,2026-04-08,No longer needed
CUST007237,False,,
CUST007238,False,,
CUST007239,False,,
CUST007240,True,2026-06-04,Too expensive
CUST007241,False,,
CUST007242,True,2026-01-22,Content quality decline
CUST007243,True,2026-05-07,Too expensive
CUST007244,False,,
CUST007245,True,2026-05-13,Found alternative platform
CUST007246,False,,
CUST007247,False,,
CUST007248,True,2026-01-03,Found alternative platform
CUST007249,False,,
CUST007250,False,,
CUST007251,True,2026-01-12,Not enough content
CUST007252,False,,
CUST007253,True,2026-06-24,Payment issues
CUST007254,False,,
CUST007255,False,,
CUST007256,False,,
CUST007257,False,,
CUST007258,False,,
CUST007259,False,,
CUST007260,False,,
CUST007261,False,,
CUST007262,False,,
CUST007263,False,,
CUST007264,False,,
CUST007265,False,,
CUST007266,False,,
CUST007267,False,,
CUST007268,False,,
CUST007269,True,2026-06-17,Poor customer service experience
CUST007270,False,,
CUST007271,True,2025-11-12,No longer needed
CUST007272,False,,
CUST007273,True,2025-11-13,Password sharing crackdown
CUST007274,False,,
CUST007275,True,2025-11-30,Technical issues
CUST007276,False,,
CUST007277,False,,
CUST007278,False,,
CUST007279,False,,
CUST007280,False,,
CUST007281,False,,
CUST007282,False,,
CUST007283,True,2026-01-23,Too expensive
CUST007284,False,,
CUST007285,False,,
CUST007286,False,,
CUST007287,False,,
CUST007288,False,,
CUST007289,False,,
CUST007290,False,,
CUST007291,False,,
CUST007292,False,,
CUST007293,True,2025-11-20,Moving / relocation
CUST007294,False,,
CUST007295,False,,
CUST007296,False,,
CUST007297,False,,
CUST007298,False,,
CUST007299,False,,
CUST007300,False,,
CUST007301,False,,
CUST007302,False,,
CUST007303,False,,
CUST007304,False,,
CUST007305,False,,
CUST007306,True,2026-01-13,Found alternative platform
CUST007307,True,2026-06-04,No longer needed
CUST007308,True,2026-01-31,Too expensive
CUST007309,True,2026-03-20,Moving / relocation
CUST007310,True,2025-10-04,Not enough content
CUST007311,False,,
CUST007312,False,,
CUST007313,False,,
CUST007314,True,2026-03-27,Not enough content
CUST007315,False,,
CUST007316,True,2026-01-01,Technical issues
CUST007317,False,,
CUST007318,True,2025-12-27,Password sharing crackdown
CUST007319,False,,
CUST007320,True,2026-04-21,Not enough content
CUST007321,False,,
CUST007322,True,2026-03-04,Household budget cuts
CUST007323,True,2026-05-16,Technical issues
CUST007324,False,,
CUST007325,False,,
CUST007326,False,,
CUST007327,False,,
CUST007328,False,,
CUST007329,False,,
CUST007330,False,,
CUST007331,False,,
CUST007332,False,,
CUST007333,False,,
CUST007334,False,,
CUST007335,False,,
CUST007336,False,,
CUST007337,False,,
CUST007338,False,,
CUST007339,False,,
CUST007340,False,,
CUST007341,True,2026-06-03,Found alternative platform
CUST007342,False,,
CUST007343,False,,
CUST007344,True,2026-04-19,Not enough content
CUST007345,False,,
CUST007346,False,,
CUST007347,False,,
CUST007348,False,,
CUST007349,False,,
CUST007350,False,,
CUST007351,False,,
CUST007352,False,,
CUST007353,False,,
CUST007354,False,,
CUST007355,False,,
CUST007356,False,,
CUST007357,False,,
CUST007358,True,2026-01-31,Payment issues
CUST007359,False,,
CUST007360,False,,
CUST007361,True,2026-01-30,Household budget cuts
CUST007362,True,2026-02-20,Content quality decline
CUST007363,False,,
CUST007364,False,,
CUST007365,False,,
CUST007366,False,,
CUST007367,False,,
CUST007368,False,,
CUST007369,False,,
CUST007370,False,,
CUST007371,False,,
CUST007372,False,,
CUST007373,False,,
CUST007374,False,,
CUST007375,False,,
CUST007376,False,,
CUST007377,False,,
CUST007378,False,,
CUST007379,True,2026-06-10,Content quality decline
CUST007380,True,2025-12-07,Content quality decline
CUST007381,True,2026-01-21,Not enough content
CUST007382,True,2025-12-19,Found alternative platform
CUST007383,False,,
CUST007384,False,,
CUST007385,False,,
CUST007386,False,,
CUST007387,False,,
CUST007388,False,,
CUST007389,False,,
CUST007390,False,,
CUST007391,True,2025-11-04,Found alternative platform
CUST007392,False,,
CUST007393,False,,
CUST007394,False,,
CUST007395,False,,
CUST007396,False,,
CUST007397,False,,
CUST007398,False,,
CUST007399,True,2025-11-24,Technical issues
CUST007400,False,,
CUST007401,True,2026-03-23,Technical issues
CUST007402,False,,
CUST007403,False,,
CUST007404,True,2026-05-09,No longer needed
CUST007405,False,,
CUST007406,True,2025-10-23,Content quality decline
CUST007407,True,2026-06-17,Moving / relocation
CUST007408,False,,
CUST007409,True,2025-11-15,Password sharing crackdown
CUST007410,False,,
CUST007411,False,,
CUST007412,False,,
CUST007413,False,,
CUST007414,False,,
CUST007415,False,,
CUST007416,False,,
CUST007417,False,,
CUST007418,False,,
CUST007419,False,,
CUST007420,True,2026-06-20,Content quality decline
CUST007421,False,,
CUST007422,False,,
CUST007423,False,,
CUST007424,True,2026-02-08,Poor customer service experience
CUST007425,True,2025-12-26,Too expensive
CUST007426,False,,
CUST007427,False,,
CUST007428,False,,
CUST007429,False,,
CUST007430,True,2025-11-27,Too expensive
CUST007431,False,,
CUST007432,False,,
CUST007433,False,,
CUST007434,False,,
CUST007435,False,,
CUST007436,False,,
CUST007437,False,,
CUST007438,True,2026-03-15,Not enough content
CUST007439,False,,
CUST007440,False,,
CUST007441,True,2026-05-10,Payment issues
CUST007442,False,,
CUST007443,True,2026-06-26,Content quality decline
CUST007444,True,2025-10-24,Not enough content
CUST007445,True,2026-06-10,Household budget cuts
CUST007446,False,,
CUST007447,False,,
CUST007448,False,,
CUST007449,False,,
CUST007450,False,,
CUST007451,False,,
CUST007452,True,2026-06-07,Payment issues
CUST007453,False,,
CUST007454,False,,
CUST007455,True,2025-12-28,Moving / relocation
CUST007456,False,,
CUST007457,True,2026-03-07,Too expensive
CUST007458,False,,
CUST007459,False,,
CUST007460,False,,
CUST007461,False,,
CUST007462,False,,
CUST007463,True,2025-12-05,Technical issues
CUST007464,True,2026-04-22,Not enough content
CUST007465,False,,
CUST007466,False,,
CUST007467,False,,
CUST007468,False,,
CUST007469,True,2026-05-25,Found alternative platform
CUST007470,True,2025-10-27,Password sharing crackdown
CUST007471,False,,
CUST007472,False,,
CUST007473,False,,
CUST007474,False,,
CUST007475,True,2025-11-06,Not enough content
CUST007476,True,2025-10-28,Too expensive
CUST007477,False,,
CUST007478,False,,
CUST007479,True,2025-12-19,Content quality decline
CUST007480,False,,
CUST007481,False,,
CUST007482,False,,
CUST007483,False,,
CUST007484,False,,
CUST007485,True,2026-05-07,Poor customer service experience
CUST007486,False,,
CUST007487,False,,
CUST007488,False,,
CUST007489,False,,
CUST007490,False,,
CUST007491,False,,
CUST007492,False,,
CUST007493,True,2026-03-21,Poor customer service experience
CUST007494,True,2026-06-01,Too expensive
CUST007495,False,,
CUST007496,False,,
CUST007497,False,,
CUST007498,False,,
CUST007499,False,,
CUST007500,True,2025-11-30,No longer needed
CUST007501,False,,
CUST007502,False,,
CUST007503,False,,
CUST007504,False,,
CUST007505,True,2026-04-01,Found alternative platform
CUST007506,False,,
CUST007507,True,2026-04-08,Too expensive
CUST007508,False,,
CUST007509,True,2025-12-07,Technical issues
CUST007510,True,2025-12-16,No longer needed
CUST007511,True,2026-05-17,Payment issues
CUST007512,False,,
CUST007513,False,,
CUST007514,True,2025-11-05,Technical issues
CUST007515,False,,
CUST007516,False,,
CUST007517,False,,
CUST007518,False,,
CUST007519,True,2026-05-22,Found alternative platform
CUST007520,False,,
CUST007521,True,2025-12-31,Moving / relocation
CUST007522,False,,
CUST007523,False,,
CUST007524,False,,
CUST007525,False,,
CUST007526,False,,
CUST007527,False,,
CUST007528,False,,
CUST007529,False,,
CUST007530,True,2026-01-02,Poor customer service experience
CUST007531,False,,
CUST007532,True,2025-10-16,Technical issues
CUST007533,False,,
CUST007534,False,,
CUST007535,False,,
CUST007536,False,,
CUST007537,False,,
CUST007538,False,,
CUST007539,False,,
CUST007540,False,,
CUST007541,False,,
CUST007542,False,,
CUST007543,False,,
CUST007544,False,,
CUST007545,True,2025-12-08,Payment issues
CUST007546,False,,
CUST007547,False,,
CUST007548,False,,
CUST007549,False,,
CUST007550,True,2025-12-03,Too expensive
CUST007551,False,,
CUST007552,True,2025-12-22,Found alternative platform
CUST007553,True,2026-06-21,Technical issues
CUST007554,True,2026-02-04,Content quality decline
CUST007555,False,,
CUST007556,False,,
CUST007557,False,,
CUST007558,False,,
CUST007559,True,2025-11-13,Too expensive
CUST007560,False,,
CUST007561,True,2026-01-09,Technical issues
CUST007562,False,,
CUST007563,False,,
CUST007564,True,2026-05-16,Found alternative platform
CUST007565,False,,
CUST007566,False,,
CUST007567,True,2026-02-23,No longer needed
CUST007568,False,,
CUST007569,True,2026-01-09,Too expensive
CUST007570,False,,
CUST007571,False,,
CUST007572,False,,
CUST007573,False,,
CUST007574,True,2026-05-24,Content quality decline
CUST007575,False,,
CUST007576,True,2026-06-13,Content quality decline
CUST007577,False,,
CUST007578,False,,
CUST007579,False,,
CUST007580,False,,
CUST007581,True,2026-02-10,Technical issues
CUST007582,False,,
CUST007583,True,2026-04-02,Too expensive
CUST007584,False,,
CUST007585,False,,
CUST007586,True,2025-12-02,Technical issues
CUST007587,False,,
CUST007588,False,,
CUST007589,False,,
CUST007590,True,2026-03-10,Password sharing crackdown
CUST007591,True,2025-10-19,Too expensive
CUST007592,True,2026-05-13,Not enough content
CUST007593,True,2026-03-14,Too expensive
CUST007594,False,,
CUST007595,False,,
CUST007596,True,2026-06-13,Poor customer service experience
CUST007597,True,2026-04-22,Household budget cuts
CUST007598,False,,
CUST007599,False,,
CUST007600,False,,
CUST007601,False,,
CUST007602,False,,
CUST007603,False,,
CUST007604,False,,
CUST007605,False,,
CUST007606,False,,
CUST007607,False,,
CUST007608,True,2026-01-14,Poor customer service experience
CUST007609,False,,
CUST007610,False,,
CUST007611,False,,
CUST007612,False,,
CUST007613,True,2026-03-25,Too expensive
CUST007614,True,2026-05-06,No longer needed
CUST007615,True,2025-12-10,Poor customer service experience
CUST007616,False,,
CUST007617,False,,
CUST007618,False,,
CUST007619,False,,
CUST007620,True,2026-01-22,Payment issues
CUST007621,True,2026-01-16,No longer needed
CUST007622,True,2026-01-22,No longer needed
CUST007623,False,,
CUST007624,False,,
CUST007625,True,2026-02-27,Too expensive
CUST007626,True,2026-04-28,No longer needed
CUST007627,False,,
CUST007628,False,,
CUST007629,False,,
CUST007630,False,,
CUST007631,False,,
CUST007632,False,,
CUST007633,False,,
CUST007634,False,,
CUST007635,True,2025-10-27,Payment issues
CUST007636,False,,
CUST007637,True,2026-05-03,Found alternative platform
CUST007638,False,,
CUST007639,False,,
CUST007640,False,,
CUST007641,True,2025-12-30,Technical issues
CUST007642,False,,
CUST007643,False,,
CUST007644,False,,
CUST007645,False,,
CUST007646,True,2026-05-08,Too expensive
CUST007647,True,2026-04-26,Not enough content
CUST007648,False,,
CUST007649,True,2025-10-16,Technical issues
CUST007650,False,,
CUST007651,False,,
CUST007652,False,,
CUST007653,False,,
CUST007654,False,,
CUST007655,False,,
CUST007656,True,2026-05-14,Found alternative platform
CUST007657,True,2026-03-29,Poor customer service experience
CUST007658,True,2026-02-23,Too expensive
CUST007659,True,2026-02-23,Not enough content
CUST007660,True,2026-01-25,Content quality decline
CUST007661,False,,
CUST007662,False,,
CUST007663,False,,
CUST007664,False,,
CUST007665,False,,
CUST007666,False,,
CUST007667,False,,
CUST007668,False,,
CUST007669,True,2026-06-14,Moving / relocation
CUST007670,False,,
CUST007671,True,2026-04-21,Technical issues
CUST007672,False,,
CUST007673,True,2025-12-04,No longer needed
CUST007674,False,,
CUST007675,False,,
CUST007676,False,,
CUST007677,False,,
CUST007678,False,,
CUST007679,True,2026-06-06,No longer needed
CUST007680,False,,
CUST007681,False,,
CUST007682,False,,
CUST007683,False,,
CUST007684,False,,
CUST007685,False,,
CUST007686,True,2025-11-28,No longer needed
CUST007687,False,,
CUST007688,False,,
CUST007689,True,2025-10-04,No longer needed
CUST007690,False,,
CUST007691,False,,
CUST007692,False,,
CUST007693,False,,
CUST007694,False,,
CUST007695,True,2026-02-15,Too expensive
CUST007696,True,2025-12-27,Too expensive
CUST007697,False,,
CUST007698,True,2026-01-30,Too expensive
CUST007699,False,,
CUST007700,False,,
CUST007701,False,,
CUST007702,False,,
CUST007703,False,,
CUST007704,False,,
CUST007705,True,2025-11-23,Household budget cuts
CUST007706,False,,
CUST007707,False,,
CUST007708,True,2025-11-26,Too expensive
CUST007709,False,,
CUST007710,False,,
CUST007711,False,,
CUST007712,False,,
CUST007713,False,,
CUST007714,False,,
CUST007715,True,2026-01-02,Moving / relocation
CUST007716,True,2025-11-20,Not enough content
CUST007717,True,2025-11-25,No longer needed
CUST007718,False,,
CUST007719,False,,
CUST007720,False,,
CUST007721,False,,
CUST007722,False,,
CUST007723,False,,
CUST007724,False,,
CUST007725,False,,
CUST007726,False,,
CUST007727,True,2026-05-31,Too expensive
CUST007728,False,,
CUST007729,False,,
CUST007730,False,,
CUST007731,False,,
CUST007732,False,,
CUST007733,True,2025-11-14,Payment issues
CUST007734,False,,
CUST007735,True,2025-12-31,Too expensive
CUST007736,False,,
CUST007737,False,,
CUST007738,False,,
CUST007739,False,,
CUST007740,False,,
CUST007741,False,,
CUST007742,False,,
CUST007743,False,,
CUST007744,False,,
CUST007745,False,,
CUST007746,False,,
CUST007747,False,,
CUST007748,False,,
CUST007749,False,,
CUST007750,False,,
CUST007751,False,,
CUST007752,False,,
CUST007753,False,,
CUST007754,False,,
CUST007755,True,2026-02-03,Technical issues
CUST007756,True,2026-04-20,Found alternative platform
CUST007757,False,,
CUST007758,False,,
CUST007759,False,,
CUST007760,True,2025-10-25,Too expensive
CUST007761,False,,
CUST007762,False,,
CUST007763,False,,
CUST007764,True,2026-05-31,Content quality decline
CUST007765,False,,
CUST007766,False,,
CUST007767,False,,
CUST007768,False,,
CUST007769,False,,
CUST007770,False,,
CUST007771,False,,
CUST007772,False,,
CUST007773,True,2026-05-01,No longer needed
CUST007774,False,,
CUST007775,False,,
CUST007776,False,,
CUST007777,False,,
CUST007778,False,,
CUST007779,False,,
CUST007780,False,,
CUST007781,True,2026-06-03,Too expensive
CUST007782,False,,
CUST007783,False,,
CUST007784,False,,
CUST007785,False,,
CUST007786,False,,
CUST007787,False,,
CUST007788,False,,
CUST007789,False,,
CUST007790,False,,
CUST007791,False,,
CUST007792,False,,
CUST007793,False,,
CUST007794,False,,
CUST007795,True,2026-04-19,Too expensive
CUST007796,False,,
CUST007797,False,,
CUST007798,False,,
CUST007799,False,,
CUST007800,True,2025-10-20,Payment issues
CUST007801,False,,
CUST007802,False,,
CUST007803,False,,
CUST007804,False,,
CUST007805,False,,
CUST007806,True,2026-03-26,Found alternative platform
CUST007807,True,2025-10-13,Content quality decline
CUST007808,False,,
CUST007809,False,,
CUST007810,False,,
CUST007811,False,,
CUST007812,False,,
CUST007813,False,,
CUST007814,False,,
CUST007815,False,,
CUST007816,False,,
CUST007817,True,2026-03-25,Content quality decline
CUST007818,False,,
CUST007819,False,,
CUST007820,False,,
CUST007821,False,,
CUST007822,False,,
CUST007823,False,,
CUST007824,True,2026-02-20,Too expensive
CUST007825,False,,
CUST007826,False,,
CUST007827,False,,
CUST007828,True,2025-10-30,Household budget cuts
CUST007829,True,2026-01-05,Moving / relocation
CUST007830,False,,
CUST007831,False,,
CUST007832,True,2025-12-01,Too expensive
CUST007833,False,,
CUST007834,False,,
CUST007835,False,,
CUST007836,False,,
CUST007837,False,,
CUST007838,False,,
CUST007839,False,,
CUST007840,False,,
CUST007841,False,,
CUST007842,False,,
CUST007843,True,2026-04-09,Too expensive
CUST007844,False,,
CUST007845,False,,
CUST007846,False,,
CUST007847,False,,
CUST007848,False,,
CUST007849,False,,
CUST007850,False,,
CUST007851,True,2026-01-02,Password sharing crackdown
CUST007852,False,,
CUST007853,False,,
CUST007854,False,,
CUST007855,False,,
CUST007856,False,,
CUST007857,False,,
CUST007858,True,2026-05-18,Too expensive
CUST007859,False,,
CUST007860,False,,
CUST007861,False,,
CUST007862,False,,
CUST007863,True,2025-10-11,Content quality decline
CUST007864,True,2026-05-31,Password sharing crackdown
CUST007865,False,,
CUST007866,False,,
CUST007867,True,2026-04-26,Too expensive
CUST007868,True,2025-12-23,Not enough content
CUST007869,True,2026-01-24,Not enough content
CUST007870,True,2026-03-27,Household budget cuts
CUST007871,False,,
CUST007872,False,,
CUST007873,True,2026-06-22,Too expensive
CUST007874,False,,
CUST007875,False,,
CUST007876,False,,
CUST007877,False,,
CUST007878,False,,
CUST007879,False,,
CUST007880,False,,
CUST007881,False,,
CUST007882,False,,
CUST007883,False,,
CUST007884,True,2026-06-25,Payment issues
CUST007885,False,,
CUST007886,False,,
CUST007887,True,2026-05-09,Found alternative platform
CUST007888,False,,
CUST007889,True,2026-03-07,Household budget cuts
CUST007890,True,2025-10-13,Found alternative platform
CUST007891,False,,
CUST007892,False,,
CUST007893,True,2025-12-10,No longer needed
CUST007894,False,,
CUST007895,False,,
CUST007896,False,,
CUST007897,False,,
CUST007898,False,,
CUST007899,False,,
CUST007900,False,,
CUST007901,False,,
CUST007902,False,,
CUST007903,False,,
CUST007904,False,,
CUST007905,False,,
CUST007906,False,,
CUST007907,False,,
CUST007908,False,,
CUST007909,False,,
CUST007910,False,,
CUST007911,True,2026-05-09,No longer needed
CUST007912,False,,
CUST007913,False,,
CUST007914,True,2025-12-22,Found alternative platform
CUST007915,False,,
CUST007916,False,,
CUST007917,False,,
CUST007918,False,,
CUST007919,True,2025-11-02,Household budget cuts
CUST007920,False,,
CUST007921,False,,
CUST007922,True,2025-11-29,No longer needed
CUST007923,False,,
CUST007924,False,,
CUST007925,False,,
CUST007926,False,,
CUST007927,False,,
CUST007928,False,,
CUST007929,False,,
CUST007930,False,,
CUST007931,False,,
CUST007932,False,,
CUST007933,False,,
CUST007934,False,,
CUST007935,False,,
CUST007936,True,2026-05-04,Too expensive
CUST007937,True,2025-11-23,Found alternative platform
CUST007938,False,,
CUST007939,False,,
CUST007940,False,,
CUST007941,False,,
CUST007942,False,,
CUST007943,True,2026-05-07,Not enough content
CUST007944,False,,
CUST007945,False,,
CUST007946,True,2026-02-14,Household budget cuts
CUST007947,False,,
CUST007948,True,2025-12-04,Technical issues
CUST007949,False,,
CUST007950,False,,
CUST007951,True,2026-03-28,Not enough content
CUST007952,True,2026-03-12,Found alternative platform
CUST007953,False,,
CUST007954,True,2026-04-24,Content quality decline
CUST007955,False,,
CUST007956,False,,
CUST007957,False,,
CUST007958,True,2025-10-31,No longer needed
CUST007959,False,,
CUST007960,False,,
CUST007961,False,,
CUST007962,False,,
CUST007963,True,2026-05-13,Found alternative platform
CUST007964,False,,
CUST007965,True,2026-06-25,Household budget cuts
CUST007966,False,,
CUST007967,True,2026-02-27,Found alternative platform
CUST007968,False,,
CUST007969,False,,
CUST007970,False,,
CUST007971,False,,
CUST007972,False,,
CUST007973,False,,
CUST007974,True,2026-03-22,No longer needed
CUST007975,False,,
CUST007976,False,,
CUST007977,False,,
CUST007978,False,,
CUST007979,False,,
CUST007980,False,,
CUST007981,False,,
CUST007982,False,,
CUST007983,True,2026-06-10,Found alternative platform
CUST007984,False,,
CUST007985,False,,
CUST007986,False,,
CUST007987,True,2025-11-26,Content quality decline
CUST007988,False,,
CUST007989,True,2026-01-23,Too expensive
CUST007990,True,2026-01-22,Too expensive
CUST007991,True,2026-01-29,Found alternative platform
CUST007992,False,,
CUST007993,True,2026-02-15,Not enough content
CUST007994,True,2025-11-10,No longer needed
CUST007995,True,2026-06-21,Payment issues
CUST007996,False,,
CUST007997,False,,
CUST007998,False,,
CUST007999,False,,
CUST008000,False,,
