customer_id,first_name,last_name,age,gender,country,state_or_region,city,registration_date,acquisition_channel,customer_segment,preferred_language
CUST000744,Riya,Santos,21.0,Female,United Kingdom,,Liverpool,2019-06-03,Organic Search,Individual,English
CUST001502,Ananya,Hussain,31.0,Male,Canada,,Montreal,2026-01-13,Referral,Family,French
CUST005383,Zara,Banda,40.0,Male,U.K.,,Leeds,2023-06-17,Paid Social,Student,English
CUST004708,Fernando,Okonkwo,27.0,Male,United Kingdom,,Manchester,2019-03-09,Partner Bundle (Telecom),Individual,Hindi
CUST005877,Gabriela,Nair,36.0,Male,Indonesia,,Jakarta,2025-12-03,Email Campaign,Student,French
CUST003762,Elijah,Sheikh,29.0,Male,Poland,,Warsaw,2025-10-12,App Store,Student,English
CUST007892,Ethan,Lim,31.0,Female,JAPAN,,Yokohama,2025-08-31,Direct,Individual,Hindi
CUST002317,Ananya,Oliveira,38.0,Female,India,,Kolkata,2020-04-21,Paid Social,Family,English
CUST005609,Isabella,Adeyemi,38.0,Female,Canada,,Montreal,2023-01-03,App Store,Individual,Korean
CUST000519,Leo,Nakamura,29.0,Male,Brazil,,Fortaleza,2024-02-07,Paid Social,Family,English
CUST007084,Huda,Miller,48.0,Female,Italy,,Turin,2021-11-21,Referral,Individual,Hindi
CUST001439,Aditya,Kumar,44.0,Female,India,,Chennai,2024-09-10,Email Campaign,Individual,Hindi
CUST005082,Maya,Rahman,44.0,Prefer not to say,Australia,,Melbourne,2025-05-15,Referral,Corporate Bundle,Portuguese
CUST005039,Olivia,Martin,19.0,Male,Indonesia,,Jakarta,2019-09-08,Paid Social,Family,English
CUST005813,Joseph,Richard,19.0,Male,Canada,,Calgary,2024-11-01,Direct,Family,English
CUST003648,Sarah,Santos,31.0,Female,Canada,,Calgary,2024-01-09,App Store,Student,Portuguese
CUST000223,Olivia,Bernard,18.0,Male,India,,Delhi,2024-11-05,Affiliate Partner,Student,English
CUST005966,Camila,Durand,41.0,Female,Canada,,Montreal,2024-05-29,Email Campaign,Individual,Portuguese
CUST002883,Amina,Wu,35.0,Female,United States,,Austin,2024-04-30,Organic Search,Individual,Korean
CUST003459,Charlie,Lee,45.0,Female,Britain,,Birmingham,2020-06-23,App Store,Individual,Portuguese
CUST003269,Charlotte,Reddy,40.0,Male,France,,Marseille,2024-04-26,Organic Search,Individual,Arabic
CUST004530,Tao,Pereira,33.0,Female,United Arab Emirates,,Abu Dhabi,2024-11-10,Affiliate Partner,Student,English
CUST005457,Ahmed,Kumar,31.0,Female,Nigeria,,Ibadan,2025-03-22,Affiliate Partner,Individual,Hindi
CUST000801,Sami,Silva,25.0,Female,United States,,Miami,2019-08-21,Organic Search,Individual,Korean
CUST000737,Saanvi,Chowdhury,,Prefer not to say,United States,,Los Angeles,2026-05-01,Referral,Individual,English
CUST004175,Matthew,Otieno,42.0,Male,United Arab Emirates,,Sharjah,2026-03-06,Referral,Family,Spanish
CUST004740,Jessica,Chen,145.0,Prefer not to say,United States,,Houston,2026-03-12,Organic Search,Individual,Hindi
CUST007520,Noor,Park,43.0,Male,Germany,,Frankfurt,2025-01-15,Referral,Individual,Tagalog
CUST007643,Gabriela,Ali,17.0,Female,United States,,Houston,2024-04-02,Direct,Individual,Italian
CUST007373,Sarah,Garcia,64.0,Male,India,,Delhi,2024-11-13,Organic Search,Corporate Bundle,Portuguese
CUST004901,Oliver,Zhao,19.0,Female,United Kingdom,,Liverpool,2019-03-12,Email Campaign,Student,German
CUST006693,Yui,Sheikh,32.0,Female,Germany,,Berlin,2023-08-03,Paid Social,Individual,German
CUST007804,Sai,Verma,34.0,Other,India,,Mumbai,2025-07-08,Paid Social,Individual,Indonesian
CUST004464,Aarav,Santos,36.0,Female,India,,Delhi,2021-05-28,Organic Search,Individual,French
CUST003018,Alejandro,Banda,37.0,Female,Italy,,Rome,2026-02-13,Direct,Individual,Arabic
CUST000534,Yong,Yamamoto,40.0,Female,United States,,Austin,2022-10-15,App Store,Individual,Italian
CUST001043,Vivaan,Schmidt,51.0,Male,Canada,,Calgary,2022-08-15,Paid Social,Individual,Portuguese
CUST002663,Alexander,Petit,27.0,Female,India,,Kolkata,2024-02-06,Organic Search,Family,English
CUST003711,Jose,Verma,30.0,Female,Spain,,Madrid,2020-01-25,Email Campaign,Family,French
CUST004776,Valentina,Mwangi,41.0,Male,Canada,,Montreal,2021-10-26,Referral,Corporate Bundle,English
CUST004363,Alejandro,Kobayashi,25.0,Other,Mexico,,Mexico City,2022-04-01,Paid Social,Individual,Portuguese
CUST006578,James,Rahman,55.0,Male,United Arab Emirates,,Dubai,2019-12-18,Affiliate Partner,Individual,
CUST002277,Ming,Ahmed,30.0,Female,United Kingdom,,Manchester,2026-03-13,Organic Search,Individual,English
CUST003308,Andrew,Suzuki,13.0,Female,India,,Delhi,2025-04-17,Paid Social,Individual,Portuguese
CUST003347,Carlos,Li,44.0,Male,India,,Pune,2020-09-29,App Store,Family,English
CUST006224,Anika,Ahmed,13.0,Male,India,,Bengaluru,2022-12-16,Organic Search,Corporate Bundle,Portuguese
CUST005545,Alejandro,Takahashi,34.0,Female,United States,,Houston,2025-01-16,App Store,Individual,English
CUST003817,Patricia,Wu,20.0,Female,United States,,Phoenix,2024-11-24,Affiliate Partner,Individual,English
CUST006028,Luis,Martinez,,Female,Mexico,,Monterrey,2019-01-06,Paid Social,Individual,Portuguese
CUST007091,Sarah,Park,23.0,Other,,,Guadalajara,2022-04-29,Referral,Individual,English
CUST002800,Pari,Menon,45.0,Female,BRAZIL,,Fortaleza,2024-11-25,Paid Social,Corporate Bundle,English
CUST001895,Ricardo,Adeyemi,32.0,Male,United States,,Los Angeles,2022-11-26,App Store,Individual,Korean
CUST006837,Henry,Sato,32.0,Female,India,,Pune,2025-01-02,Paid Social,Individual,English
CUST007061,Jessica,Santos,16.0,Female,Japan,,Osaka,2024-05-08,Organic Search,Family,English
CUST002132,Vivaan,Tanaka,38.0,Female,United Kingdom,,Glasgow,2024-10-06,App Store,Family,Arabic
CUST003081,Jack,Park,56.0,Female,india,,Ahmedabad,2020-10-19,App Store,Student,English
CUST005698,Zola,Ahmed,27.0,Prefer not to say,Indonesia,,Surabaya,2024-05-16,Paid Social,Individual,Arabic
CUST004514,Paula,Iyer,30.0,Male,Poland,,Krakow,2024-06-07,Referral,Individual,English
CUST002264,Sota,Silva,26.0,Female,United Kingdom,,Manchester,2022-05-30,Organic Search,Individual,Indonesian
CUST001889,Sofia,Nakamura,42.0,Female,Germany,,Hamburg,2021-07-17,Organic Search,Individual,Portuguese
CUST005350,Linda,Takahashi,26.0,Male,IN,,Hyderabad,2026-02-28,Organic Search,Family,English
CUST003478,Alejandro,Schneider,48.0,Female,Germany,,Hamburg,2024-06-12,Paid Social,Individual,Arabic
CUST003104,Lucas,Wu,33.0,Female,,,Ottawa,2025-01-04,Paid Social,Family,Arabic
CUST001729,Huda,Lim,13.0,Male,Poland,,Wroclaw,2023-01-31,Referral,Family,English
CUST006076,Miguel,Williams,45.0,Female,IN,,Hyderabad,2023-02-11,Email Campaign,Individual,English
CUST004782,Saanvi,Silva,,Female,France,,Marseille,2023-11-19,Organic Search,Family,Portuguese
CUST000240,Nia,Gupta,,Male,United Kingdom,,Glasgow,2023-05-07,Email Campaign,Family,English
CUST007927,Arjun,Chikoti,42.0,Other,australia,,Melbourne,2021-05-17,Direct,Family,Korean
CUST005782,Hina,Baig,35.0,Male,India,,Pune,2026-04-08,Organic Search,Corporate Bundle,Spanish
CUST007375,Yong,Santos,64.0,Female,United States,,New York,2024-09-11,Organic Search,Individual,French
CUST003361,Miguel,Jung,,Male,United States,,Chicago,2021-04-12,Organic Search,Family,Portuguese
CUST007157,Fatima,Verma,49.0,Male,mexico,,Monterrey,2024-05-23,Paid Social,Individual,English
CUST006233,Vihaan,Verma,34.0,Female,spain,,Madrid,2025-01-02,Organic Search,Family,Portuguese
CUST003878,William,Ali,55.0,Male,Australia,,Melbourne,2024-11-17,Organic Search,Student,English
CUST007440,Olivia,Silva,29.0,Female,United Kingdom,,Leeds,2021-03-01,Organic Search,Student,English
CUST003205,Nia,Petit,31.0,Male,Germany,,Hamburg,2026-04-13,App Store,Family,English
CUST004158,Sara,Oliveira,22.0,Male,United Kingdom,,Birmingham,2022-01-05,Referral,Individual,English
CUST002846,Elijah,Mwangi,50.0,Male,FRANCE,,Marseille,2025-01-16,Referral,Individual,English
CUST000430,Anika,Laurent,32.0,Female,united states,,Miami,2022-12-07,Partner Bundle (Telecom),Individual,Hindi
CUST004291,Omar,Rahman,30.0,Female,SOUTH AFRICA,,Johannesburg,2020-03-13,Partner Bundle (Telecom),Individual,English
CUST001019,Oscar,Sharma,21.0,Male,India,,Bengaluru,2019-01-28,Organic Search,Family,Portuguese
CUST001128,Isabella,Diallo,47.0,Female,United States,,New York,2019-05-23,Organic Search,Individual,French
CUST000683,Elena,Oliveira,43.0,Male,Indonesia,,Bandung,2024-09-03,Referral,Individual,German
CUST006331,Ming,Santos,37.0,Male,United States,,Houston,2019-10-28,Email Campaign,Student,English
CUST002127,Freddie,Mwangi,48.0,Male,India,,Pune,2025-10-03,Paid Social,Family,English
CUST006817,Alejandro,Fischer,22.0,Male,Spain,,Barcelona,2023-02-16,Organic Search,Student,
CUST005892,Liam,Martinez,32.0,Male,United Kingdom,,London,2024-12-10,Referral,Individual,English
CUST001173,Aditya,Yang,28.0,Male,Canada,,Montreal,2025-07-05,Email Campaign,Family,English
CUST004621,Fernando,Davis,17.0,Female,Brazil,,Sao Paulo,2025-09-07,Organic Search,Student,German
CUST004922,Riku,Robert,19.0,Female,United States,,Houston,2024-12-26,Affiliate Partner,Individual,English
CUST005672,Pedro,Richard,34.0,Female,United States,,Chicago,2021-02-13,Email Campaign,Individual,
CUST003985,Jessica,Chikoti,32.0,Male,Australia,,Melbourne,2025-12-07,Paid Social,Individual,English
CUST007088,Charlotte,Schmidt,41.0,Male,South Africa,,Johannesburg,2022-09-23,App Store,Individual,Indonesian
CUST005389,Linda,Nair,13.0,Male,South Korea,,Seoul,2021-07-10,Organic Search,Corporate Bundle,Spanish
CUST004820,Ishaan,Costa,38.0,Female,Australia,,Brisbane,2020-06-27,Organic Search,Student,
CUST002922,Vihaan,Choi,32.0,Female,Brazil,,Brasilia,2019-09-19,Partner Bundle (Telecom),Family,English
CUST006422,Jessica,Rodrigues,26.0,Male,India,,Pune,2019-05-17,Referral,Family,Spanish
CUST000316,Anika,Kim,16.0,Female,Canada,,Montreal,2019-12-23,Paid Social,Corporate Bundle,Arabic
CUST007474,Rania,Garcia,27.0,Male,Italy,,Naples,2019-06-09,Organic Search,Individual,Indonesian
CUST004881,Robert,Rahman,26.0,Female,Nigeria,,Kano,2022-12-26,Paid Social,Family,English
CUST001204,Alfie,Reddy,45.0,Male,United States,,New York,2022-11-30,Affiliate Partner,Family,Korean
CUST000102,Michael,Schneider,22.0,Female,Mexico,,Guadalajara,2022-12-30,Direct,Individual,Hindi
CUST006110,Daniel,Singh,35.0,Female,United States,,Miami,2024-08-31,Referral,Individual,Portuguese
CUST000488,Reyansh,Wagner,42.0,Male,Spain,,Barcelona,2026-05-11,Affiliate Partner,Family,Hindi
CUST005365,William,Johnson,26.0,Male,Brazil,,Sao Paulo,2022-03-21,Paid Social,Individual,Hindi
CUST005590,Feng,Takahashi,32.0,Female,,,Frankfurt,2022-11-18,Paid Social,Student,English
CUST000320,Saanvi,Smith,44.0,Female,United States,,Phoenix,2023-11-21,Direct,Family,
CUST006870,Sofia,Lee,27.0,Male,Mexico,,Monterrey,2022-01-15,Organic Search,Student,English
CUST002543,Ibrahim,Moreau,26.0,Female,Canada,,Toronto,2022-09-27,Referral,Individual,Hindi
CUST003613,Huda,Rodrigues,,Male,France,,Toulouse,2020-11-26,Partner Bundle (Telecom),Family,Japanese
CUST006366,Fatima,Kobayashi,44.0,Female,Spain,,Madrid,2020-08-28,Email Campaign,Individual,English
CUST005575,Saanvi,Okonkwo,51.0,Male,Japan,,,2022-02-12,App Store,Individual,Japanese
CUST002305,Juan,Robert,31.0,Female,United States,,Phoenix,2025-09-30,Partner Bundle (Telecom),Individual,English
CUST003072,Vivaan,Jones,47.0,Male,South Korea,,Incheon,2025-10-30,Direct,Family,Spanish
CUST007545,Zara,Kim,43.0,Female,United Kingdom,,Birmingham,2024-06-02,Paid Social,Corporate Bundle,Spanish
CUST004354,Elijah,Diallo,,Female,United States,,Phoenix,2019-01-19,Email Campaign,Individual,Hindi
CUST004576,Fatima,Wu,34.0,Male,United Kingdom,,Glasgow,2020-07-08,Paid Social,Family,Hindi
CUST006691,John,Smith,34.0,Female,United States,,Houston,2019-07-01,Organic Search,Individual,Arabic
CUST004582,Chidi,Adeyemi,34.0,Female,United Kingdom,,,2021-07-07,Paid Social,Corporate Bundle,English
CUST004690,Elena,Patel,52.0,Female,India,,Mumbai,2024-08-16,App Store,Individual,German
CUST001791,Noor,Khan,52.0,Female,Germany,,Frankfurt,2021-11-30,Organic Search,Individual,German
CUST000555,Amina,Wu,26.0,Male,Brazil,,Salvador,2022-11-13,Paid Social,Individual,Korean
CUST005308,Rania,Nair,29.0,Male,United Kingdom,,Birmingham,2026-03-25,App Store,Individual,German
CUST006347,Pedro,Silva,34.0,Prefer not to say,Philippines,,Davao City,2022-12-24,Direct,Individual,Arabic
CUST006632,Hassan,Kobayashi,30.0,Female,Canada,,Vancouver,2023-03-09,Affiliate Partner,Individual,English
CUST001386,Diego,Yoon,36.0,Female,Canada,,,2020-08-13,Referral,Individual,Korean
CUST002292,Saanvi,Malik,26.0,Male,Mexico,,Guadalajara,2022-02-25,Referral,Individual,English
CUST001916,Matthew,Nakamura,35.0,Female,united kingdom,,Birmingham,2024-09-21,Partner Bundle (Telecom),Student,Spanish
CUST006099,Sakura,Wang,13.0,Male,Mexico,,Monterrey,2021-05-02,Referral,Student,Japanese
CUST001906,Ananya,Kim,47.0,Male,Brazil,,Rio de Janeiro,2024-03-05,Organic Search,Individual,Japanese
CUST003858,Rania,Khan,29.0,Male,JAPAN,,Yokohama,2019-08-07,Organic Search,Individual,Korean
CUST001657,Karen,Choi,28.0,Female,India,,Chennai,2022-02-17,Referral,Individual,English
CUST004076,Huda,Li,30.0,Female,Nigeria,,Lagos,2026-05-09,Direct,Student,Japanese
CUST007407,Gabriela,Huang,33.0,Female,United States,,Austin,2022-04-25,Email Campaign,Student,Spanish
CUST004386,Sofia,Zhang,27.0,Male,Nigeria,,Kano,2025-06-09,Organic Search,Family,Hindi
CUST002524,Aarav,Oliveira,45.0,Female,India,,Hyderabad,2023-08-15,Organic Search,Individual,Spanish
CUST004880,Emma,Yoon,26.0,Female,Canada,,Toronto,2026-02-23,Referral,Individual,Tagalog
CUST005710,Aditya,Otieno,25.0,Female,Poland,,Krakow,2021-09-29,Organic Search,Student,English
CUST007463,Qiang,Souza,24.0,Female,BRAZIL,,Sao Paulo,2025-10-24,App Store,Family,Hindi
CUST004086,Chidi,Huang,46.0,Male,KR,,Incheon,2024-04-24,Referral,Student,English
CUST005336,Oscar,Almeida,28.0,Female,United States,,Los Angeles,2022-10-22,Organic Search,Individual,Japanese
CUST005463,Olivia,Verma,33.0,Female,India,,Pune,2020-11-09,Organic Search,Individual,Indonesian
CUST007683,Ricardo,Nakamura,32.0,Male,India,,Delhi,2022-12-13,Organic Search,Family,Korean
CUST001884,Ren,Martinez,32.0,Prefer not to say,NG,,Ibadan,2019-08-24,Organic Search,Individual,English
CUST005860,Diego,Rahman,16.0,Male,India,,Mumbai,2023-04-30,App Store,Individual,Korean
CUST004848,Harry,Silva,13.0,Female,United States,,Chicago,2026-03-18,Paid Social,Family,Hindi
CUST006908,James,Mwangi,40.0,Male,France,,Toulouse,2019-03-18,App Store,Individual,Hindi
CUST002816,Jose,Kumar,37.0,Female,France,,Paris,2023-08-26,Referral,Corporate Bundle,
CUST004520,Jian,Wu,37.0,Female,France,,Marseille,2023-06-21,Partner Bundle (Telecom),Individual,Hindi
CUST001288,Fernando,Robert,24.0,Female,U.K.,,Liverpool,2020-05-27,Affiliate Partner,Individual,Hindi
CUST003086,Zola,Cho,18.0,Male,Argentina,,Cordoba,2019-02-16,Partner Bundle (Telecom),Individual,Arabic
CUST001406,Amelia,Cho,37.0,Prefer not to say,France,,Nice,2022-09-09,Partner Bundle (Telecom),Student,Tagalog
CUST005995,Kofi,Kumar,21.0,Female,,,Puebla,2024-01-29,Direct,Individual,Indonesian
CUST003481,Amara,Williams,47.0,Female,Canada,,Montreal,2023-08-12,App Store,Individual,Korean
CUST002185,Navya,Costa,36.0,Male,USA,,Houston,2020-04-25,Organic Search,Family,English
CUST007996,Leo,Hussain,41.0,Male,South Africa,,Cape Town,2019-04-05,Organic Search,Student,French
CUST001329,Chidi,Huang,31.0,Female,United States,,Miami,2026-05-14,Organic Search,Student,Spanish
CUST004011,Alejandro,Kobayashi,19.0,Female,Indonesia,,,2019-10-22,Paid Social,Corporate Bundle,Arabic
CUST007158,Lucas,Chen,13.0,Male,France,,Toulouse,2021-11-09,Affiliate Partner,Individual,English
CUST001702,Mohammed,Hoffmann,30.0,Male,india,,Ahmedabad,2019-03-23,Referral,Individual,Hindi
CUST007748,Alfie,Laurent,28.0,Male,France,,Marseille,2023-03-04,Email Campaign,Individual,Hindi
CUST000971,John,Martinez,46.0,Female,ZA,,Johannesburg,2025-06-30,Organic Search,Family,Japanese
CUST003056,Aditya,Santos,32.0,Male,India,,Ahmedabad,2024-11-01,Paid Social,Individual,French
CUST002349,Salma,Hussain,26.0,Male,Italy,,Rome,2020-10-17,Organic Search,Student,Spanish
CUST000539,Naledi,Sato,35.0,Male,India,,,2020-04-25,Organic Search,Individual,English
CUST003886,Diya,Banda,28.0,Female,Poland,,Wroclaw,2024-01-23,Organic Search,Individual,Hindi
CUST007040,Yuto,Miller,29.0,Female,Brazil,,Salvador,2024-05-25,Paid Social,Individual,Korean
CUST003275,Oliver,Lee,13.0,Male,,,Pretoria,2024-05-29,Email Campaign,Family,English
CUST000764,Andrew,Okonkwo,22.0,Female,United States,,Austin,2021-02-22,Organic Search,Family,English
CUST005928,Omar,Martinez,49.0,Male,,,Seattle,2023-10-26,Referral,Individual,English
CUST007955,Sai,Sheikh,20.0,Female,Spain,,Valencia,2019-10-09,Affiliate Partner,Student,
CUST006097,Freddie,Diallo,27.0,Male,Brazil,,Sao Paulo,2025-08-03,Referral,Corporate Bundle,Spanish
CUST005334,Aditya,Muller,42.0,Female,Canada,,Toronto,2021-11-27,App Store,Individual,English
CUST000958,Wei,Chikoti,,Female,Bharat,,,2024-07-01,Referral,Individual,Japanese
CUST005217,Liam,Ferreira,37.0,Male,United Kingdom,,Manchester,2021-08-20,Organic Search,Individual,Hindi
CUST005506,Chidi,Ito,42.0,Other,Australia,,Melbourne,2022-06-09,Direct,Individual,English
CUST001057,Sarah,Sharma,43.0,Male,philippines,,Cebu City,2019-01-19,App Store,Student,Hindi
CUST000234,Mia,Wu,14.0,Male,Germany,,Cologne,2022-08-06,Email Campaign,Individual,Arabic
CUST007565,Freddie,Gupta,23.0,Female,United Kingdom,,Manchester,2023-01-26,App Store,Individual,Indonesian
CUST002099,Charlotte,Davis,46.0,Female,United States,,Houston,2023-05-21,Referral,Individual,Japanese
CUST004914,Zara,Patel,42.0,Male,FR,,Marseille,2022-12-08,Email Campaign,Individual,Tagalog
CUST001058,Isabella,Gupta,24.0,Male,United Kingdom,,Leeds,2024-09-29,Paid Social,Family,English
CUST006174,Henry,Nair,34.0,Male,United States,,Los Angeles,2022-06-04,Affiliate Partner,Corporate Bundle,Korean
CUST006445,Sara,Oliveira,13.0,Male,US,,Houston,2024-05-15,Organic Search,Family,English
CUST001045,Paula,Ferreira,26.0,Male,United Kingdom,,Leeds,2025-04-04,Organic Search,Family,English
CUST005390,Karen,Miller,29.0,Female,United States,,Austin,2020-08-15,Partner Bundle (Telecom),Individual,English
CUST005018,Mariana,Abara,39.0,Female,United States,,Houston,2020-08-28,Partner Bundle (Telecom),Family,Japanese
CUST004609,Navya,Laurent,21.0,Female,,,Rio de Janeiro,2024-07-06,Organic Search,Individual,Korean
CUST006642,Jian,Kumar,37.0,Male,India,,Bengaluru,2020-05-19,Direct,Individual,English
CUST005850,Elijah,Zhang,25.0,Male,Canada,,Montreal,2023-09-19,Organic Search,Individual,Indonesian
CUST001124,Daniela,Yang,25.0,Male,United States,,,2026-02-14,Organic Search,Individual,English
CUST001812,Lucas,Zhou,52.0,Female,Brazil,,Salvador,2021-05-30,Paid Social,Individual,German
CUST007182,Navya,Pereira,24.0,Other,Japan,,Nagoya,2022-07-19,Referral,Family,English
CUST007635,Amelia,Garcia,16.0,Female,France,,Paris,2020-12-25,Partner Bundle (Telecom),Individual,English
CUST000867,Krishna,Kim,32.0,Male,United Kingdom,,Liverpool,2021-02-04,App Store,Corporate Bundle,Portuguese
CUST006863,Kofi,Jang,44.0,Male,United States,,Houston,2021-09-25,Partner Bundle (Telecom),Corporate Bundle,English
CUST006392,Henry,Diallo,71.0,Female,United States,,Los Angeles,2020-05-14,Organic Search,Family,Japanese
CUST007548,Riku,Weber,25.0,Female,Canada,,,2021-04-09,Affiliate Partner,Family,French
CUST005420,Harry,Nair,20.0,Male,CANADA,,Ottawa,2021-08-16,Organic Search,Family,Hindi
CUST006523,Ricardo,Hussain,26.0,Female,United Kingdom,,Liverpool,2022-01-03,Organic Search,Family,Portuguese
CUST001047,Lucas,Muller,22.0,Female,,,Bandung,2025-02-15,Partner Bundle (Telecom),Family,English
CUST006012,Kiara,Kang,42.0,Female,CANADA,,Calgary,2022-02-26,App Store,Family,Hindi
CUST003102,Daniela,Ferreira,25.0,Male,Brazil,,Sao Paulo,2025-11-19,Organic Search,Individual,English
CUST000909,Wei,Durand,29.0,Male,Canada,,Ottawa,2025-04-01,Affiliate Partner,Individual,Spanish
CUST002095,Salma,Fischer,42.0,Male,Brazil,,Sao Paulo,2021-05-01,Paid Social,Individual,Indonesian
CUST003283,Isabella,Ito,21.0,Male,Nigeria,,Abuja,2020-08-06,Affiliate Partner,Individual,English
CUST006435,Gabriela,Johnson,42.0,Female,United Kingdom,,Liverpool,2025-11-10,Organic Search,Individual,English
CUST000749,Sami,Ito,35.0,Male,United States,,Miami,2020-10-08,Paid Social,Individual,French
CUST003769,Fatima,Santos,20.0,Female,United Kingdom,,Liverpool,2019-05-30,Organic Search,Student,Hindi
CUST000335,Patricia,Okonkwo,32.0,Male,Japan,,Nagoya,2021-10-02,Paid Social,Corporate Bundle,English
CUST006556,Ibrahim,Sharma,14.0,Female,United States,,Phoenix,2022-01-23,App Store,Family,French
CUST000024,Barbara,Patel,39.0,Male,India,,Chennai,2026-01-25,Direct,Family,English
CUST002437,David,Lee,26.0,Female,US,,Seattle,2022-12-04,Direct,Student,French
CUST003622,Camila,Kim,31.0,Male,India,,Mumbai,2024-06-07,Affiliate Partner,Family,English
CUST003617,Lucia,Chikoti,30.0,Male,United Kingdom,,Glasgow,2026-02-21,Paid Social,Family,Japanese
CUST004889,Ali,Garcia,18.0,Female,Germany,,Cologne,2023-12-10,Affiliate Partner,Student,Spanish
CUST004329,Omar,Martinez,43.0,Female,Mexico,,Guadalajara,2024-10-05,Organic Search,Individual,Hindi
CUST004551,Themba,Banda,41.0,Female,Mexico,,Puebla,2020-02-03,App Store,Family,Arabic
CUST003967,Sami,Brown,42.0,Male,Australia,,Perth,2024-03-17,Referral,Individual,Hindi
CUST004705,Myra,Petit,59.0,Female,United States,,Miami,2021-03-18,Referral,Individual,Arabic
CUST003396,Kofi,Ferreira,44.0,Female,Spain,,Valencia,2026-02-12,Paid Social,Individual,English
CUST006784,Liam,Koch,32.0,Male,United States,,,2019-09-21,Organic Search,Individual,Portuguese
CUST003440,Karen,Banda,24.0,Male,India,,Ahmedabad,2025-07-09,Affiliate Partner,Family,English
CUST007058,Karen,Tanaka,,Female,Japan,,Nagoya,2025-12-11,Email Campaign,Individual,Hindi
CUST001865,Camila,Santos,26.0,Other,,,,2025-04-06,Organic Search,Student,German
CUST000066,Oscar,Saito,28.0,Female,IN,,Hyderabad,2025-08-27,App Store,Individual,Hindi
CUST000713,Gabriela,Wu,25.0,Female,Canada,,Calgary,2026-04-23,Organic Search,Student,Arabic
CUST006643,Ali,Meyer,33.0,Female,Brazil,,Fortaleza,2019-01-07,Paid Social,Individual,Indonesian
CUST000473,Ishaan,Cho,42.0,Male,United Kingdom,,Glasgow,2025-05-25,Partner Bundle (Telecom),Individual,English
CUST004167,Freddie,Patel,25.0,Female,Argentina,,Rosario,2024-02-25,Email Campaign,Family,Polish
CUST001026,David,Reddy,44.0,Female,Canada,,Calgary,2025-01-26,Paid Social,Student,English
CUST004242,Amara,Oliveira,38.0,Female,United Kingdom,,Liverpool,2019-08-01,Affiliate Partner,Corporate Bundle,Hindi
CUST004337,Ishaan,Jones,27.0,Male,India,,Bengaluru,2020-07-26,Affiliate Partner,Family,Hindi
CUST006120,Mason,Souza,30.0,Female,Japan,,Osaka,2023-09-27,Referral,Individual,Spanish
CUST000812,Omar,Zhou,41.0,Male,Philippines,,Davao City,2021-06-30,Paid Social,Individual,English
CUST000264,Jacob,Hoffmann,31.0,Male,India,,Pune,2020-02-24,App Store,Corporate Bundle,Spanish
CUST003521,Jian,Moreau,56.0,Female,Spain,,Madrid,2022-08-14,Referral,Individual,Korean
CUST002499,Matthew,Johnson,36.0,Male,South Africa,,Durban,2019-02-18,Organic Search,Family,French
CUST007124,Zara,Adeyemi,24.0,Male,nigeria,,,2024-07-28,Affiliate Partner,Individual,Japanese
CUST005396,Sophia,Li,44.0,Male,India,,Hyderabad,2019-03-23,Partner Bundle (Telecom),Individual,Japanese
CUST005153,Anika,Jung,31.0,Female,South Africa,,Johannesburg,2019-07-01,Paid Social,Individual,Korean
CUST001929,Mariana,Silva,45.0,Female,IN,,Mumbai,2019-04-27,Organic Search,Individual,English
CUST001375,Sai,Pereira,47.0,Male,Spain,,Seville,2026-02-09,App Store,Individual,French
CUST004589,Pari,Zhang,33.0,Male,South Africa,,Johannesburg,2024-03-29,Organic Search,Individual,Arabic
CUST002930,Riku,Zhou,45.0,Male,South Africa,,Pretoria,2026-03-21,Referral,Family,German
CUST001650,Alejandro,Verma,14.0,Female,France,,Lyon,2019-11-15,Email Campaign,Individual,Portuguese
CUST004711,Diya,Meyer,34.0,Female,United Kingdom,,Liverpool,2023-11-05,Affiliate Partner,Individual,Arabic
CUST006544,Jessica,Mwangi,16.0,Female,India,,Bengaluru,2024-06-15,Paid Social,Family,English
CUST005433,Joseph,Nair,34.0,Female,United Kingdom,,Glasgow,2026-04-18,Organic Search,Individual,English
CUST004195,Barbara,Davis,30.0,Male,Germany,,Cologne,2024-07-27,Direct,Individual,Japanese
CUST004174,George,Moreau,21.0,Female,Italy,,Milan,2026-02-23,Referral,Family,English
CUST001512,Oliver,Robert,24.0,Male,Nigeria,,Ibadan,2024-08-13,Referral,Individual,English
CUST001759,Krishna,Baig,13.0,Prefer not to say,India,,Ahmedabad,2022-02-03,Email Campaign,Individual,German
CUST007160,Jessica,Williams,23.0,Male,Argentina,,Rosario,2023-11-16,Email Campaign,Individual,Portuguese
CUST002112,Valentina,Ali,20.0,Female,U.S.A,,New York,2025-07-04,Paid Social,Student,English
CUST005252,Sai,Malik,19.0,Male,Germany,,Hamburg,2024-09-29,Organic Search,Family,Spanish
CUST004869,Ricardo,Liu,27.0,Female,Italy,,Rome,2021-09-27,Paid Social,Individual,Hindi
CUST001738,Aarav,Alves,22.0,Female,,,Lyon,2023-08-18,Paid Social,Individual,Portuguese
CUST000319,Lucas,Pereira,33.0,Male,India,,Ahmedabad,2026-04-25,Email Campaign,Family,Japanese
CUST006283,Fernando,Miller,33.0,Male,India,,Bengaluru,2025-01-29,Organic Search,Individual,Korean
CUST001104,Lucia,Rahman,24.0,Female,Australia,,Perth,2021-08-07,Referral,Individual,Spanish
CUST001700,William,Cho,38.0,Female,United States,,Seattle,2025-06-04,Direct,Corporate Bundle,Hindi
CUST003616,Tao,Khan,28.0,Male,India,,Kolkata,2025-07-18,Partner Bundle (Telecom),Individual,German
CUST006316,James,Okafor,34.0,Female,India,,Chennai,2019-06-24,Referral,Corporate Bundle,English
CUST005636,Daniel,Miller,20.0,Male,,,,2024-10-03,Referral,Individual,French
CUST006990,Jacob,Ito,41.0,Female,Indonesia,,Jakarta,2025-02-08,Email Campaign,Individual,Hindi
CUST000497,Arjun,Bernard,52.0,Male,Brazil,,Sao Paulo,2025-05-14,Paid Social,Individual,English
CUST000133,Chidi,Okonkwo,31.0,Male,Nigeria,,Lagos,2026-05-10,App Store,Individual,Portuguese
CUST002406,Riku,Chikoti,41.0,Male,Mexico,,Monterrey,2026-01-10,Paid Social,Individual,Tagalog
CUST002165,Mason,Alves,38.0,Male,Italy,,Turin,2020-10-25,Organic Search,Family,Arabic
CUST002448,Paula,Hussain,13.0,Male,United States,,Los Angeles,2019-05-23,Direct,Family,Indonesian
CUST000731,Chidi,Johnson,26.0,Male,Philippines,,Manila,2021-05-19,Affiliate Partner,Corporate Bundle,Hindi
CUST004292,Andrew,Ferreira,28.0,Male,India,,Hyderabad,2022-09-02,Paid Social,Individual,English
CUST003078,Barbara,Hussain,25.0,Male,JP,,Tokyo,2021-01-30,Partner Bundle (Telecom),Student,English
CUST005397,Ren,Kim,15.0,Female,United States,,New York,2025-06-07,Paid Social,Individual,German
CUST007174,Emma,Meyer,29.0,Female,Brazil,,Sao Paulo,2022-11-06,Referral,Individual,Spanish
CUST000466,Lei,Williams,48.0,Female,France,,Toulouse,2025-11-25,Organic Search,Family,Korean
CUST004351,Joseph,Ali,13.0,Male,Poland,,Warsaw,2024-01-28,Organic Search,Individual,Portuguese
CUST003470,Michael,Baig,47.0,Female,,,Miami,2023-08-20,Partner Bundle (Telecom),Family,English
CUST007264,Liam,Otieno,39.0,Male,Italy,,Milan,2024-09-30,Email Campaign,Individual,French
CUST005845,Diya,Durand,33.0,Female,Mexico,,Guadalajara,2025-05-06,App Store,Individual,English
CUST005197,Wei,Robert,28.0,Male,,,Jakarta,2026-05-28,Referral,Student,Japanese
CUST000995,Sophia,Leroy,49.0,Female,United States,,Houston,2026-02-04,Paid Social,Individual,Spanish
CUST003955,Emma,Becker,46.0,Female,United Arab Emirates,,Abu Dhabi,2024-12-17,Email Campaign,Corporate Bundle,Hindi
CUST005849,Alfie,Pereira,20.0,Male,ITALY,,Naples,2023-11-02,Organic Search,Individual,English
CUST007083,Reyansh,Nair,32.0,Prefer not to say,United Kingdom,,London,2026-01-08,Referral,Individual,German
CUST003593,Huda,Hussain,31.0,Male,United Kingdom,,Manchester,2023-10-17,Referral,Family,Hindi
CUST007916,Ayaan,Okonkwo,36.0,Male,India,,Kolkata,2019-01-18,Partner Bundle (Telecom),Student,English
CUST003609,Yong,Bernard,30.0,Male,Brazil,,Rio de Janeiro,2022-07-28,Email Campaign,Corporate Bundle,Arabic
CUST001222,Tao,Li,,Male,Germany,,Hamburg,2020-10-07,Referral,Family,Portuguese
CUST006326,Miguel,Chowdhury,26.0,Female,Nigeria,,Ibadan,2021-05-20,Organic Search,Family,English
CUST002577,Tariq,Iyer,41.0,Female,Germany,,Hamburg,2025-05-25,Referral,Family,English
CUST002923,Yuto,Weber,37.0,Female,India,,Chennai,2022-12-26,Direct,Corporate Bundle,Polish
CUST000038,Lei,Park,28.0,Female,Canada,,Vancouver,2021-04-14,Direct,Corporate Bundle,Hindi
CUST004218,Tariq,Davis,46.0,Female,United States,,Seattle,2023-11-11,Organic Search,Family,English
CUST007390,Mia,Iyer,30.0,Male,PHILIPPINES,,Cebu City,2022-02-18,Organic Search,Individual,English
CUST002446,Paula,Wagner,20.0,Female,India,,Ahmedabad,2023-05-30,Direct,Individual,Spanish
CUST004853,Yusuf,Baig,34.0,Male,United States,,Chicago,2021-01-22,Referral,Family,English
CUST006354,Linda,Smith,14.0,Female,Philippines,,,2020-06-24,Email Campaign,Family,English
CUST006548,Linda,Chikoti,31.0,Female,Argentina,,Cordoba,2025-02-12,Partner Bundle (Telecom),Individual,Spanish
CUST001731,Sophia,Ali,25.0,Male,Poland,,Warsaw,2025-06-09,App Store,Individual,English
CUST005034,Henry,Lim,35.0,Male,India,,Kolkata,2019-03-26,Partner Bundle (Telecom),Individual,English
CUST002115,Matthew,Weber,,Male,United States,,Miami,2024-12-27,Paid Social,Individual,English
CUST005165,Yui,Huang,27.0,Female,,,Davao City,2022-05-07,Affiliate Partner,Individual,English
CUST000096,Barbara,Ahmed,27.0,Male,,,Monterrey,2019-03-19,Email Campaign,Family,English
CUST007696,Fernando,Chowdhury,43.0,Female,,,Jakarta,2024-12-23,Organic Search,Individual,Korean
CUST007694,Patricia,Tanaka,34.0,Female,Brazil,,Rio de Janeiro,2025-01-13,App Store,Individual,Portuguese
CUST002252,Mariana,Souza,50.0,Female,United Kingdom,,Glasgow,2021-06-24,Paid Social,Individual,Hindi
CUST004939,Elijah,Li,36.0,Male,United Kingdom,,,2026-04-18,Paid Social,Student,English
CUST005980,Linda,Hoffmann,36.0,Female,Mexico,,Mexico City,2023-04-29,Partner Bundle (Telecom),Family,Hindi
CUST004383,Lucia,Hoffmann,23.0,Male,France,,Nice,2025-02-09,Referral,Individual,German
CUST000504,Myra,Almeida,25.0,Male,South Korea,,Seoul,2024-04-14,Affiliate Partner,Student,Hindi
CUST002463,Pari,Jang,27.0,Male,Poland,,Warsaw,2025-04-18,Organic Search,Individual,German
CUST004775,Yuto,Iyer,28.0,Female,Mexico,,Mexico City,2021-09-03,App Store,Individual,Korean
CUST007443,Elena,Chowdhury,17.0,Male,Canada,,Montreal,2021-08-14,Affiliate Partner,Individual,
CUST005532,Haruto,Chen,28.0,Male,United States,,Austin,2020-10-15,Referral,Individual,German
CUST001194,Oliver,Fischer,18.0,Female,United States,,Phoenix,2024-07-08,Organic Search,Individual,English
CUST004920,Reyansh,Cho,20.0,Male,Philippines,,Cebu City,2025-07-04,Organic Search,Student,Arabic
CUST000252,Ishaan,Garcia,18.0,Female,Poland,,Wroclaw,2021-02-08,Affiliate Partner,Individual,English
CUST006112,Mary,Garcia,43.0,Male,Spain,,Valencia,2024-04-10,Partner Bundle (Telecom),Individual,English
CUST007951,Charlotte,Rodrigues,13.0,Female,MX,,Guadalajara,2019-09-04,App Store,Family,German
CUST001616,Valentina,Mensah,27.0,Female,Canada,,Ottawa,2019-10-10,Referral,Individual,English
CUST006582,Luis,Schneider,46.0,Female,Poland,,Warsaw,2025-01-14,Partner Bundle (Telecom),Individual,English
CUST000587,Amara,Almeida,44.0,Female,United States,,Seattle,2022-11-24,Paid Social,Individual,English
CUST007029,Aisha,Mensah,16.0,Male,CA,,,2020-03-27,Partner Bundle (Telecom),Family,Hindi
CUST000880,Sophia,Yamamoto,53.0,Male,italy,,Rome,2025-05-03,Partner Bundle (Telecom),Family,English
CUST000350,David,Sato,27.0,Male,Mexico,,Mexico City,2026-02-20,Referral,Individual,Spanish
CUST000738,Robert,Pereira,26.0,Female,Canada,,Calgary,2024-07-23,App Store,Family,Spanish
CUST005338,Jose,Muller,48.0,Female,JAPAN,,Osaka,2024-10-07,Direct,Individual,English
CUST007519,Carlos,Li,56.0,Male,United States,,Austin,2022-01-05,Referral,Individual,English
CUST001347,Vihaan,Liu,46.0,Female,United States,,Houston,2021-07-01,Paid Social,Individual,English
CUST001169,Hao,Park,42.0,Male,United States,,Austin,2022-04-05,Referral,Student,Japanese
CUST002719,Mia,Baig,24.0,Female,Canada,,Montreal,2019-10-11,Direct,Individual,English
CUST004373,Tao,Cho,19.0,Female,Germany,,Cologne,2019-12-10,Organic Search,Family,Hindi
CUST007105,William,Banda,36.0,Male,,,Manchester,2021-03-17,Referral,Family,Japanese
CUST003951,Themba,Leroy,27.0,Male,Australia,,Melbourne,2025-10-22,Partner Bundle (Telecom),Student,English
CUST001243,Miguel,Oliveira,33.0,Female,,,Salvador,2023-09-05,Paid Social,Individual,English
CUST007606,Ali,Diallo,13.0,Female,Nigeria,,Kano,2022-02-24,Partner Bundle (Telecom),Individual,English
CUST004648,Amelia,Chowdhury,30.0,Male,United Kingdom,,Liverpool,2021-05-23,App Store,Individual,Spanish
CUST003768,Mary,Takahashi,13.0,Male,,,Munich,2021-04-26,Partner Bundle (Telecom),Individual,Tagalog
CUST004937,Isabella,Chikoti,32.0,Female,brazil,,Brasilia,2025-04-20,Paid Social,Student,Hindi
CUST000158,Sai,Alves,32.0,Male,India,,Chennai,2023-02-14,Direct,Student,Spanish
CUST007249,Barbara,Garcia,41.0,Male,Mexico,,Guadalajara,2024-12-22,Paid Social,Family,Spanish
CUST002111,Jian,Okafor,40.0,Male,Indonesia,,,2021-08-31,Referral,Individual,English
CUST004095,Kiara,Park,32.0,Male,France,,Toulouse,2025-07-04,App Store,Corporate Bundle,Arabic
CUST006571,Ananya,Pereira,46.0,Female,Australia,,Sydney,2022-03-23,Organic Search,Corporate Bundle,German
CUST004887,Jian,Durand,47.0,Male,India,,Delhi,2025-06-14,App Store,Family,Hindi
CUST001164,George,Chikoti,26.0,Female,United Kingdom,,London,2022-07-17,Referral,Individual,Japanese
CUST001056,Alexander,Wang,37.0,Female,south korea,,Incheon,2022-11-21,Affiliate Partner,Family,Korean
CUST003291,Mary,Alves,39.0,Male,Mexico,,Puebla,2024-07-04,Referral,Corporate Bundle,Spanish
CUST006530,Oscar,Tanaka,36.0,Female,Indonesia,,,2022-11-23,Referral,Individual,
CUST004794,Jack,Wang,22.0,Male,Indonesia,,Jakarta,2026-01-19,Partner Bundle (Telecom),Individual,English
CUST002390,Sai,Liu,37.0,Female,Brazil,,Fortaleza,2022-04-02,Affiliate Partner,Individual,Spanish
CUST007609,Mohammed,Iyer,45.0,Male,,,Los Angeles,2022-12-26,Direct,Family,Spanish
CUST005635,Naledi,Ferreira,24.0,Female,Nigeria,,Lagos,2022-04-26,Organic Search,Individual,English
CUST005193,Elijah,Qureshi,36.0,Female,Canada,,,2020-12-04,Partner Bundle (Telecom),Individual,German
CUST002269,Hina,Alves,27.0,Female,USA,,Austin,2020-06-18,Email Campaign,Family,English
CUST001883,Reyansh,Hoffmann,36.0,Female,United Kingdom,,London,2025-07-02,Partner Bundle (Telecom),Family,Hindi
CUST007513,Oscar,Kumar,31.0,Male,Canada,,,2025-09-27,Organic Search,Family,English
CUST002693,Elijah,Almeida,58.0,Male,United States,,,2024-09-16,Partner Bundle (Telecom),Individual,German
CUST005922,Khalid,Malik,23.0,Male,Australia,,Perth,2021-11-27,Paid Social,Individual,Portuguese
CUST000458,Chidi,Leroy,38.0,Female,United Arab Emirates,,Dubai,2020-03-29,Organic Search,Individual,Portuguese
CUST001314,Jose,Jung,42.0,Male,Philippines,,Cebu City,2020-02-09,Organic Search,Individual,Portuguese
CUST006925,Isabella,Meyer,13.0,Male,Canada,,,2021-07-31,App Store,Individual,English
CUST001088,Pedro,Wang,28.0,Female,France,,Paris,2026-01-22,Direct,Family,English
CUST006075,Camila,Nair,34.0,Male,United Kingdom,,Manchester,2022-03-18,App Store,Corporate Bundle,Hindi
CUST006329,Oscar,Chowdhury,31.0,Female,United States,,Phoenix,2024-08-02,Organic Search,Individual,Arabic
CUST001316,Valentina,Yamamoto,,Female,United Kingdom,,Liverpool,2025-11-06,Partner Bundle (Telecom),Family,English
CUST006729,Kwame,Lee,34.0,Male,Spain,,,2022-01-24,App Store,Family,Spanish
CUST007855,Kwame,Kim,57.0,Female,India,,Kolkata,2023-08-12,Referral,Corporate Bundle,Portuguese
CUST004142,Mariana,Souza,34.0,Male,United States,,,2021-11-01,Affiliate Partner,Individual,German
CUST000541,Daniela,Wagner,51.0,Female,Brazil,,Salvador,2019-10-18,Paid Social,Corporate Bundle,French
CUST002579,Pedro,Menon,35.0,Male,Canada,,Vancouver,2019-10-17,Affiliate Partner,Family,Arabic
CUST000354,Jun,Choi,,Male,Italy,,Rome,2025-09-16,Direct,Individual,Hindi
CUST001546,James,Choi,,Female,Brazil,,Fortaleza,2023-02-04,Organic Search,Family,English
CUST005500,Alfie,Richard,20.0,Female,Mexico,,Mexico City,2023-07-12,Referral,Individual,Hindi
CUST001870,Wei,Ahmed,46.0,Female,United Arab Emirates,,Abu Dhabi,2020-01-13,Referral,Family,Italian
CUST006453,Chidi,Richard,16.0,Female,Philippines,,Davao City,2022-07-19,Referral,Individual,Arabic
CUST004828,Saanvi,Costa,35.0,Female,United States,,Chicago,2024-11-06,Paid Social,Individual,English
CUST001480,Arjun,Yang,37.0,Male,United Kingdom,,,2025-07-02,Referral,Family,English
CUST001624,Matthew,Garcia,30.0,Female,India,,Bengaluru,2020-02-24,Affiliate Partner,Family,Portuguese
CUST002895,Gabriela,Ito,54.0,Male,United States,,Seattle,2021-11-21,Direct,Individual,Hindi
CUST005838,John,Smith,28.0,Male,United Kingdom,,Manchester,2025-06-26,Direct,Family,English
CUST004691,Mary,Hoffmann,26.0,Female,Indonesia,,Bandung,2025-09-01,Affiliate Partner,Family,French
CUST003297,Kiara,Schneider,31.0,Female,Australia,,Brisbane,2024-07-12,Affiliate Partner,Individual,English
CUST001747,Feng,Schmidt,23.0,Male,ES,,Madrid,2024-10-05,Affiliate Partner,Individual,English
CUST003411,Paula,Hoffmann,17.0,Male,KR,,Seoul,2025-09-09,Organic Search,Individual,Hindi
CUST004802,Kiara,Leroy,29.0,Female,Canada,,,2025-01-19,Paid Social,Individual,Spanish
CUST005866,Lucia,Mensah,52.0,Male,United Kingdom,,Leeds,2022-07-26,Affiliate Partner,Family,Hindi
CUST003915,Fatima,Kim,35.0,Female,Bharat,,,2019-12-11,App Store,Individual,Arabic
CUST002253,Kofi,Hoffmann,27.0,Male,United States,,Austin,2021-07-15,Paid Social,Individual,Portuguese
CUST001407,Qiang,Diallo,15.0,Female,GERMANY,,Munich,2025-08-28,Organic Search,Individual,English
CUST005326,Oliver,Koch,14.0,Male,United Kingdom,,Manchester,2024-03-05,Organic Search,Individual,Japanese
CUST001075,Diego,Kang,38.0,Male,United States,,Los Angeles,2020-04-15,App Store,Family,Tagalog
CUST003351,Ibrahim,Liu,27.0,Female,Bharat,,Delhi,2020-04-30,Email Campaign,Student,Japanese
CUST000711,Tendai,Davis,19.0,Male,united states,,Chicago,2021-12-26,Organic Search,Individual,Hindi
CUST002700,Kiara,Rodriguez,37.0,Male,,,Toronto,2023-10-10,Partner Bundle (Telecom),Individual,English
CUST004149,Juan,Reddy,15.0,Male,India,,Hyderabad,2024-01-28,Referral,Individual,English
CUST004476,Tariq,Kang,17.0,Female,,,Yokohama,2023-06-07,Organic Search,Corporate Bundle,Arabic
CUST001323,Ming,Choi,30.0,Male,United Kingdom,,London,2025-12-11,Organic Search,Individual,English
CUST007248,Sara,Otieno,36.0,Male,Philippines,,Davao City,2024-08-06,Organic Search,Family,
CUST003752,Joseph,Chen,35.0,Male,Australia,,,2021-01-23,App Store,Individual,Hindi
CUST001609,Mary,Chen,29.0,Male,Spain,,Madrid,2023-06-18,App Store,Individual,Portuguese
CUST003505,Robert,Gupta,17.0,Female,INDIA,,Delhi,2024-11-29,Organic Search,Family,English
CUST001567,Aisha,Okafor,13.0,Male,canada,,Ottawa,2023-06-01,Organic Search,Student,German
CUST002466,Tendai,Koch,30.0,Female,Mexico,,Guadalajara,2020-07-03,Affiliate Partner,Individual,English
CUST001324,Fernando,Wu,25.0,Male,United States,,Chicago,2023-05-26,Paid Social,Family,Korean
CUST006621,Aoi,Chowdhury,28.0,Female,Argentina,,Rosario,2021-09-27,Email Campaign,Family,Indonesian
CUST005917,Freddie,Qureshi,,Female,France,,Lyon,2024-02-04,Email Campaign,Individual,Indonesian
CUST007082,David,Rahman,40.0,Female,United Arab Emirates,,Sharjah,2025-06-16,Referral,Student,English
CUST004126,Sora,Takahashi,46.0,Male,nigeria,,Ibadan,2019-11-15,Affiliate Partner,Individual,Hindi
CUST003743,Vivaan,Jung,26.0,Male,United States,,Chicago,2021-10-21,Organic Search,Individual,German
CUST005325,Zola,Huang,26.0,Female,Germany,,Munich,2025-05-19,Affiliate Partner,Individual,Indonesian
CUST005851,Pedro,Martin,63.0,Female,United States,,,2024-11-02,Organic Search,Student,Spanish
CUST005529,Elijah,Huang,13.0,Prefer not to say,IN,,Delhi,2023-01-18,Partner Bundle (Telecom),Individual,Portuguese
CUST000454,Ricardo,Robert,48.0,Female,Germany,,Berlin,2020-12-18,Referral,Family,German
CUST005874,Sai,Laurent,47.0,Other,India,,Bengaluru,2020-10-24,Direct,Individual,Hindi
CUST003795,Diya,Sato,46.0,Male,India,,Chennai,2025-12-23,Affiliate Partner,Corporate Bundle,Spanish
CUST000933,Khalid,Yoon,42.0,Male,India,,Ahmedabad,2019-01-04,Organic Search,Individual,English
CUST003911,Amara,Ferreira,25.0,Male,Japan,,Nagoya,2021-06-27,Organic Search,Individual,Spanish
CUST004984,Matthew,Malik,33.0,Female,South Africa,,Johannesburg,2021-05-01,Direct,Individual,Portuguese
CUST007564,Aisha,Banda,43.0,Female,Spain,,,2024-08-27,Direct,Individual,English
CUST001384,Aisha,Park,26.0,Male,United States,,New York,2023-04-17,Referral,Individual,English
CUST007873,Reyansh,Smith,35.0,Female,CANADA,,Ottawa,2026-05-01,Referral,Individual,English
CUST005800,Sara,Fischer,26.0,Male,United States,,Miami,2021-06-04,Partner Bundle (Telecom),Individual,Italian
CUST005071,Andrew,Lim,32.0,Female,Poland,,Krakow,2024-01-23,Organic Search,Corporate Bundle,English
CUST004862,Ricardo,Liu,34.0,Female,Brazil,,Fortaleza,2022-08-24,Referral,Individual,Tagalog
CUST001023,Ricardo,Malik,30.0,Male,United Kingdom,,Glasgow,2026-04-30,Email Campaign,Individual,Arabic
CUST001510,Vihaan,Muller,43.0,Female,Nigeria,,Lagos,2020-09-22,Partner Bundle (Telecom),Individual,Hindi
CUST002226,Leo,Hussain,33.0,Female,India,,Hyderabad,2024-06-18,Organic Search,Family,Arabic
CUST003261,Feng,Yoon,36.0,Female,Australia,,Brisbane,2020-09-04,App Store,Individual,English
CUST002942,Maya,Saito,26.0,Male,Philippines,,Davao City,2022-02-19,Organic Search,Individual,English
CUST006269,Jun,Baig,51.0,Male,United States,,Seattle,2025-12-07,Referral,Student,Korean
CUST000626,Jian,Sharma,20.0,Female,United States,,,2019-07-20,Paid Social,Student,English
CUST000484,Haruto,Silva,32.0,Male,Italy,,Turin,2022-07-14,Paid Social,Individual,English
CUST001651,Matthew,Banda,31.0,Female,United Kingdom,,,2019-06-14,Organic Search,Individual,Indonesian
CUST007676,Yong,Martin,45.0,Male,Argentina,,Buenos Aires,2020-11-10,Referral,Individual,Spanish
CUST007820,Sai,Menon,27.0,Female,United States,,Chicago,2020-08-27,Paid Social,Family,English
CUST006319,Michael,Wang,32.0,Male,United Kingdom,,Leeds,2024-01-02,Paid Social,Individual,Hindi
CUST007634,Sota,Costa,53.0,Female,Argentina,,Rosario,2022-06-18,Organic Search,Individual,French
CUST002645,Ahmed,Sharma,37.0,Male,Argentina,,Rosario,2025-10-03,Organic Search,Student,Spanish
CUST007202,Valentina,Patel,20.0,Female,Italy,,Turin,2023-12-08,Email Campaign,Student,Japanese
CUST002081,Gabriela,Mwangi,37.0,Male,Italy,,Naples,2025-01-16,Paid Social,Family,Arabic
CUST007733,Paula,Richard,13.0,Female,Argentina,,Rosario,2024-01-19,Partner Bundle (Telecom),Individual,Spanish
CUST006202,Lucas,Chen,,Male,United States,,Chicago,2020-07-23,Referral,Family,Portuguese
CUST003882,Noah,Ferreira,,Male,South Korea,,Seoul,2025-03-16,Partner Bundle (Telecom),Family,Hindi
CUST002810,Sora,Petit,32.0,Female,India,,Ahmedabad,2025-01-05,Organic Search,Individual,Arabic
CUST007284,Valentina,Petit,,Male,India,,Ahmedabad,2024-02-11,Affiliate Partner,Individual,Hindi
CUST006448,Elizabeth,Saito,42.0,Female,United States,,Austin,2021-01-11,Organic Search,Individual,Portuguese
CUST002875,Isabella,Pereira,14.0,Prefer not to say,ITALY,,Naples,2024-12-09,Paid Social,Individual,
CUST004656,Aoi,Brown,32.0,Male,South Korea,,Seoul,2019-04-11,Paid Social,Individual,English
CUST003786,Aarav,Wang,35.0,Male,Brazil,,Rio de Janeiro,2019-03-30,Affiliate Partner,Individual,
CUST000394,Arjun,Mensah,45.0,Male,India,,Mumbai,2021-04-10,Organic Search,Individual,English
CUST003136,Ibrahim,Richard,35.0,Female,Germany,,Cologne,2024-09-25,Affiliate Partner,Family,Indonesian
CUST005329,Hina,Garcia,34.0,Female,United States,,Austin,2025-04-14,Organic Search,Family,Tagalog
CUST000231,Emma,Leroy,35.0,Female,South Africa,,Cape Town,2019-05-10,App Store,Family,Spanish
CUST004029,Tariq,Rahman,32.0,Male,Brazil,,Rio de Janeiro,2023-07-22,Affiliate Partner,Student,Portuguese
CUST003304,Ming,Jang,,Male,India,,Bengaluru,2025-06-04,Partner Bundle (Telecom),Family,Indonesian
CUST001466,Sami,Zhou,33.0,Female,United States,,New York,2022-11-13,App Store,Family,
CUST006500,Aoi,Zhang,37.0,Male,Canada,,Ottawa,2024-06-29,Paid Social,Individual,Hindi
CUST002813,Liam,Zhou,55.0,Male,Italy,,Milan,2025-06-08,Referral,Family,English
CUST006869,Lucas,Chen,18.0,Female,Germany,,Berlin,2021-06-02,App Store,Individual,Hindi
CUST000034,Mohammed,Chikoti,19.0,Female,U.S.A,,Chicago,2023-12-05,Partner Bundle (Telecom),Individual,French
CUST001794,Ren,Fischer,24.0,Male,South Korea,,Incheon,2025-12-01,Organic Search,Family,Arabic
CUST005993,Salma,Ferreira,43.0,Male,India,,Bengaluru,2021-04-03,Organic Search,Individual,French
CUST005863,Tariq,Schneider,27.0,Male,Indonesia,,Surabaya,2024-07-28,Affiliate Partner,Individual,Hindi
CUST006327,Sofia,Becker,16.0,Male,united states,,Houston,2025-01-23,App Store,Individual,English
CUST001935,Nia,Pereira,35.0,Female,Germany,,Munich,2022-08-28,Affiliate Partner,Individual,Portuguese
CUST002771,Gabriela,Lee,30.0,Female,United States,,New York,2025-05-07,Direct,Student,English
CUST001054,Harry,Park,23.0,Female,Poland,,Wroclaw,2021-06-25,Email Campaign,Individual,Portuguese
CUST006715,Aadhya,Suzuki,33.0,Male,United States,,New York,2019-08-23,Paid Social,Individual,German
CUST000941,Navya,Alves,40.0,Other,India,,Delhi,2021-04-22,Paid Social,Individual,Japanese
CUST001756,Susan,Hussain,36.0,Female,Argentina,,Buenos Aires,2019-07-26,Referral,Student,French
CUST004596,Lei,Pereira,29.0,Male,Brazil,,Fortaleza,2020-03-12,Paid Social,Individual,English
CUST006512,Wei,Alves,33.0,Female,Germany,,Frankfurt,2024-09-09,Paid Social,Corporate Bundle,English
CUST000062,Aoi,Malik,55.0,Female,Philippines,,Cebu City,2024-10-15,Organic Search,Individual,Portuguese
CUST004196,Tariq,Fischer,30.0,Female,United Kingdom,,London,2026-05-19,Email Campaign,Individual,English
CUST000829,Patricia,Almeida,19.0,Female,US,,Seattle,2022-10-21,Email Campaign,Individual,Arabic
CUST003144,Jennifer,Yang,32.0,Male,Philippines,,Manila,2019-08-28,Referral,Corporate Bundle,Arabic
CUST001006,Diego,Chowdhury,28.0,Female,United States,,Los Angeles,2023-12-17,Organic Search,Individual,Korean
CUST003888,Oscar,Suzuki,17.0,Female,DE,,Frankfurt,2022-10-22,Partner Bundle (Telecom),Family,Japanese
CUST000333,Zola,Wagner,21.0,Female,PH,,Cebu City,2025-09-14,Referral,Individual,English
CUST006109,Yong,Richard,24.0,Female,United States,,Houston,2023-08-14,App Store,Individual,English
CUST005363,Layla,Watanabe,29.0,Female,India,,Delhi,2024-03-22,Paid Social,Family,English
CUST006090,Jessica,Zhou,35.0,Male,Canada,,Vancouver,2022-08-29,Organic Search,Individual,Indonesian
CUST004047,Vihaan,Li,31.0,Male,United States,,Los Angeles,2022-06-10,Direct,Family,
CUST005720,Logan,Malik,48.0,Male,United States,,Austin,2020-07-01,App Store,Family,English
CUST000790,Matthew,Jang,13.0,Prefer not to say,South Africa,,Durban,2025-12-13,Paid Social,Individual,Hindi
CUST002689,Mason,Hussain,42.0,Male,India,,Mumbai,2022-09-13,Organic Search,Individual,English
CUST005951,Valentina,Kobayashi,29.0,Male,United States,,Chicago,2022-07-28,Email Campaign,Individual,Indonesian
CUST003956,Tao,Zhang,36.0,Male,Canada,,Calgary,2020-10-01,Paid Social,Corporate Bundle,Portuguese
CUST006291,Joseph,Schneider,32.0,Male,Canada,,Vancouver,2024-02-12,Paid Social,Family,Indonesian
CUST004296,Pedro,Hoffmann,19.0,Male,INDIA,,Pune,2019-12-24,Email Campaign,Individual,English
CUST003782,Khalid,Adeyemi,16.0,Female,Brazil,,Brasilia,2022-03-05,Paid Social,Student,French
CUST001868,Krishna,Brown,14.0,Female,United Arab Emirates,,Sharjah,2025-11-02,Paid Social,Individual,German
CUST003850,Ali,Yamamoto,26.0,Male,Germany,,Munich,2022-01-15,Affiliate Partner,Family,English
CUST001431,Layla,Banda,19.0,Male,United States,,Houston,2022-08-18,Paid Social,Family,Hindi
CUST003124,Harper,Otieno,33.0,Male,INDIA,,Kolkata,2022-07-03,Paid Social,Individual,Arabic
CUST005164,Amina,Patel,16.0,Male,Bharat,,Mumbai,2019-02-07,Paid Social,Student,Indonesian
CUST005991,Sora,Durand,34.0,Female,India,,Ahmedabad,2020-09-11,App Store,Corporate Bundle,English
CUST003335,Vivaan,Miller,22.0,Male,DE,,Hamburg,2023-07-24,Referral,Individual,Hindi
CUST007828,Themba,Jones,30.0,Male,United Arab Emirates,,Abu Dhabi,2025-03-01,Paid Social,Corporate Bundle,French
CUST003004,Vihaan,Durand,33.0,Male,Italy,,Turin,2023-12-05,Affiliate Partner,Individual,English
CUST002089,Hassan,Rodriguez,24.0,Female,United Kingdom,,Glasgow,2024-07-10,Partner Bundle (Telecom),Individual,Hindi
CUST006303,Ava,Wang,13.0,Male,India,,Chennai,2019-08-12,Referral,Individual,Hindi
CUST007476,Jose,Qureshi,36.0,Female,united states,,Austin,2025-05-16,Referral,Family,Arabic
CUST002338,Wei,Singh,50.0,Male,Spain,,Barcelona,2020-11-16,Paid Social,Individual,English
CUST007942,William,Malik,48.0,Male,brazil,,Rio de Janeiro,2025-05-26,Email Campaign,Individual,English
CUST003208,Pari,Baig,47.0,Male,Poland,,Warsaw,2023-09-23,Paid Social,Individual,Arabic
CUST003659,Noah,Li,25.0,Male,south africa,,Durban,2025-12-19,Email Campaign,Individual,German
CUST005614,Leo,Bernard,23.0,Male,United States,,Chicago,2022-08-19,Affiliate Partner,Family,English
CUST003476,Ming,Watanabe,35.0,Female,Argentina,,Rosario,2025-12-31,Referral,Individual,Hindi
CUST001769,Maya,Iyer,27.0,Female,United States,,Miami,2020-08-21,Email Campaign,Individual,English
CUST003280,Patricia,Muller,32.0,Female,India,,Ahmedabad,2024-11-03,Organic Search,Individual,Tagalog
CUST005154,Harper,Kumar,45.0,Male,Spain,,Valencia,2025-11-04,Organic Search,Individual,English
CUST006065,Robert,Patel,32.0,Male,United States,,Seattle,2020-03-22,Email Campaign,Individual,Spanish
CUST007585,Amina,Mensah,16.0,Male,India,,Pune,2026-02-21,Direct,Individual,Spanish
CUST000602,Aoi,Ferreira,13.0,Male,United Kingdom,,Leeds,2021-09-18,Referral,Student,
CUST005013,Hassan,Baig,40.0,Male,Germany,,Hamburg,2019-07-07,Paid Social,Individual,German
CUST000080,Robert,Dubois,45.0,Female,Mexico,,Monterrey,2025-02-09,Partner Bundle (Telecom),Individual,Portuguese
CUST006488,Vivaan,Patel,56.0,Male,Brazil,,Fortaleza,2021-04-20,Partner Bundle (Telecom),Individual,Hindi
CUST000857,Sota,Khan,26.0,Male,indonesia,,Jakarta,2021-02-08,App Store,Individual,Spanish
CUST006829,Sarah,Yamamoto,17.0,Male,Mexico,,Monterrey,2023-05-20,Organic Search,Individual,Spanish
CUST000998,Aarav,Reddy,46.0,Female,Italy,,Milan,2019-12-17,Paid Social,Individual,English
CUST007599,Charlie,Ferreira,37.0,Female,Italy,,Naples,2024-01-06,Organic Search,Student,German
CUST002284,Alexander,Johnson,21.0,Male,India,,,2025-02-23,Direct,Family,English
CUST000707,Henry,Jang,25.0,Female,IN,,Mumbai,2021-11-21,Affiliate Partner,Individual,Hindi
CUST002488,Sofia,Wagner,34.0,Female,South Korea,,Busan,2022-07-19,Partner Bundle (Telecom),Individual,English
CUST007128,Feng,Sato,38.0,Male,United States,,Austin,2023-09-12,Direct,Individual,Indonesian
CUST007188,Jennifer,Reddy,38.0,Female,India,,Delhi,2024-07-18,Direct,Family,Polish
CUST001596,Ethan,Oliveira,32.0,Male,canada,,Vancouver,2023-05-13,Email Campaign,Individual,English
CUST001508,Liam,Almeida,24.0,Female,United States,,Austin,2024-04-21,Referral,Family,English
CUST006190,Amelia,Davis,25.0,Female,Italy,,Turin,2021-03-18,Paid Social,Family,Hindi
CUST005428,Camila,Ferreira,34.0,Male,Japan,,Osaka,2019-06-13,Paid Social,Student,Spanish
CUST000150,Qiang,Iyer,40.0,Male,India,,Ahmedabad,2026-04-08,Organic Search,Student,English
CUST002329,Navya,Mwangi,43.0,Female,USA,,Los Angeles,2023-03-13,App Store,Individual,Hindi
CUST005670,Wei,Iyer,37.0,Female,India,,Bengaluru,2023-08-22,Email Campaign,Family,Hindi
CUST004418,Vihaan,Yang,28.0,Male,Spain,,Valencia,2019-06-24,Paid Social,Corporate Bundle,Portuguese
CUST000170,Riku,Okafor,45.0,Male,Bharat,,Delhi,2024-06-17,Organic Search,Student,Arabic
CUST001177,Vivaan,Adeyemi,46.0,Male,Japan,,Nagoya,2022-08-02,Referral,Individual,
CUST007422,Ishaan,Johnson,45.0,Male,Japan,,Yokohama,2020-01-16,Organic Search,Individual,English
CUST005091,Oliver,Kim,26.0,Male,,,Cebu City,2020-05-07,Affiliate Partner,Student,French
CUST002803,Jose,Nair,35.0,Prefer not to say,United States,,Chicago,2024-08-25,Referral,Individual,
CUST007112,Saanvi,Wu,13.0,Female,Canada,,Toronto,2025-05-20,Affiliate Partner,Individual,Portuguese
CUST002128,Mia,Malik,40.0,Female,India,,Delhi,2025-10-05,Organic Search,Individual,Hindi
CUST001503,Jack,Pereira,24.0,Male,,,,2024-04-22,Affiliate Partner,Family,Hindi
CUST007130,Nia,Mwangi,37.0,Male,India,,,2025-04-20,Referral,Corporate Bundle,English
CUST001871,Yuto,Zhou,31.0,Male,United States,,Houston,2023-12-15,Referral,Individual,English
CUST007788,Leo,Weber,5.0,Female,South Korea,,Seoul,2019-11-04,Organic Search,Family,Spanish
CUST007901,Alexander,Almeida,,Male,United States,,Phoenix,2022-06-17,Organic Search,Family,Spanish
CUST001413,Yong,Menon,40.0,Female,United States,,Phoenix,2022-10-21,Email Campaign,Individual,Arabic
CUST007697,Hassan,Smith,40.0,Female,,,Phoenix,2026-04-18,Email Campaign,Individual,Spanish
CUST007333,Luis,Dubois,40.0,Female,Canada,,Montreal,2024-02-10,Organic Search,Individual,German
CUST003551,Jessica,Kumar,,Male,Mexico,,Guadalajara,2022-12-15,Organic Search,Individual,Portuguese
CUST000510,Freddie,Jones,27.0,Female,United Kingdom,,Glasgow,2025-10-26,Email Campaign,Individual,English
CUST004528,Freddie,Khan,28.0,Female,italy,,Turin,2025-06-14,Organic Search,Individual,Hindi
CUST003572,Kiara,Liu,25.0,Male,Philippines,,Manila,2021-08-13,Paid Social,Individual,Indonesian
CUST003530,Andrew,Chen,41.0,Male,Brazil,,Salvador,2024-05-08,Partner Bundle (Telecom),Individual,English
CUST001729,Huda,Lim,13.0,Male,Poland,,Wroclaw,2023-01-31,Referral,Family,English
CUST007189,Krishna,Costa,,Female,India,,Ahmedabad,2020-09-07,Referral,Individual,Arabic
CUST004718,Vivaan,Jones,27.0,Female,United States,,Phoenix,2024-08-25,Direct,Family,French
CUST006827,Aadhya,Schmidt,45.0,Male,Argentina,,Rosario,2019-11-30,Direct,Individual,German
CUST007296,Leo,Martin,46.0,Male,Australia,,Sydney,2021-09-02,App Store,Individual,English
CUST006835,Diya,Johnson,35.0,Other,United Kingdom,,Glasgow,2019-02-17,Referral,Individual,Indonesian
CUST006183,Mason,Almeida,40.0,Female,South Korea,,Busan,2019-01-14,Email Campaign,Family,English
CUST000648,Jacob,Watanabe,17.0,Male,South Korea,,Incheon,2019-10-09,Referral,Family,English
CUST003540,Susan,Lee,25.0,Other,India,,Bengaluru,2022-07-22,Organic Search,Individual,Spanish
CUST004986,Ren,Qureshi,41.0,Male,United States,,Chicago,2021-10-10,Email Campaign,Individual,English
CUST003835,Joseph,Martinez,38.0,Female,Australia,,Sydney,2019-06-03,Organic Search,Individual,Portuguese
CUST003708,Leo,Singh,13.0,Male,Nigeria,,Abuja,2025-08-18,Partner Bundle (Telecom),Individual,German
CUST003910,Chidi,Schneider,42.0,Male,United Kingdom,,Manchester,2022-01-07,Partner Bundle (Telecom),Individual,Portuguese
CUST002184,Amina,Rodrigues,41.0,Female,united states,,Miami,2020-04-26,App Store,Individual,English
CUST006751,Layla,Smith,36.0,Male,NG,,Kano,2025-11-20,App Store,Individual,English
CUST006114,Karen,Durand,57.0,Male,Canada,,Montreal,2019-07-27,Direct,Family,English
CUST004919,Amara,Fischer,26.0,Female,South Africa,,Pretoria,2023-07-19,Email Campaign,Individual,Indonesian
CUST000545,Khalid,Zhou,31.0,Male,United States,,Chicago,2024-04-23,Email Campaign,Family,English
CUST003856,Jacob,Kang,40.0,Male,Canada,,Vancouver,2020-11-19,Organic Search,Individual,Hindi
CUST007437,Omar,Otieno,13.0,Female,BR,,Sao Paulo,2019-12-18,Affiliate Partner,Student,Indonesian
CUST001559,Elena,Liu,35.0,Male,United States,,Miami,2025-03-01,Direct,Individual,Hindi
CUST004982,George,Patel,37.0,Male,Canada,,Ottawa,2019-06-01,Organic Search,Corporate Bundle,German
CUST007562,Logan,Mensah,34.0,Male,Poland,,Krakow,2021-10-18,Direct,Student,
CUST003693,Hao,Mensah,47.0,Male,brazil,,Brasilia,2020-01-09,Email Campaign,Individual,Korean
CUST003013,Ricardo,Menon,51.0,Female,South Africa,,Johannesburg,2023-05-16,Affiliate Partner,Family,Arabic
CUST007400,Matthew,Lim,27.0,Female,Poland,,Warsaw,2024-12-02,App Store,Family,English
CUST006341,Jian,Martin,26.0,Female,India,,,2022-01-26,Paid Social,Individual,English
CUST007745,Diya,Chen,25.0,Female,France,,Paris,2019-06-17,Referral,Individual,English
CUST007655,Layla,Hoffmann,43.0,Male,Philippines,,Manila,2022-03-19,Partner Bundle (Telecom),Individual,Portuguese
CUST005805,Reyansh,Muller,13.0,Male,brazil,,Sao Paulo,2026-05-14,Referral,Student,Portuguese
CUST006021,Oscar,Rodriguez,29.0,Female,United States,,Houston,2022-11-30,Partner Bundle (Telecom),Family,English
CUST007742,Noor,Hussain,32.0,Male,Mexico,,Monterrey,2019-05-02,Affiliate Partner,Student,Hindi
CUST006926,Camila,Williams,38.0,Male,United States,,Chicago,2020-10-08,Direct,Individual,Portuguese
CUST000424,Mariana,Robert,25.0,Female,US,,Chicago,2022-07-15,App Store,Student,Hindi
CUST005015,Ahmed,Durand,46.0,Male,Germany,,Frankfurt,2025-01-19,App Store,Corporate Bundle,English
CUST002620,Ren,Petit,51.0,Female,Mexico,,Monterrey,2025-12-01,Referral,Individual,Korean
CUST004439,Ali,Gupta,43.0,Male,Bharat,,Kolkata,2019-12-06,Organic Search,Family,Korean
CUST000409,Henry,Wu,40.0,Male,Germany,,,2024-01-07,Organic Search,Individual,Spanish
CUST004825,Amelia,Lim,35.0,Female,India,,Bengaluru,2021-03-02,Organic Search,Individual,German
CUST002500,Diya,Sato,31.0,Male,India,,Kolkata,2026-04-21,App Store,Individual,Portuguese
CUST005031,Juan,Takahashi,47.0,Male,BRAZIL,,Brasilia,2019-03-29,Paid Social,Family,Spanish
CUST001336,Yui,Choi,36.0,Male,United States,,Miami,2025-08-30,Organic Search,Individual,English
CUST004321,Miguel,Muller,31.0,Male,Brazil,,Fortaleza,2019-08-10,Paid Social,Family,Japanese
CUST002440,Isabella,Huang,28.0,Female,Italy,,Turin,2022-06-12,Referral,Family,German
CUST003019,Aarav,Rahman,47.0,Male,Philippines,,Manila,2023-08-30,Email Campaign,Individual,Portuguese
CUST007558,Ming,Yoon,,Male,United Arab Emirates,,Dubai,2023-12-18,Paid Social,Family,English
CUST001618,Qiang,Dubois,22.0,Female,United Arab Emirates,,Abu Dhabi,2024-08-12,App Store,Individual,German
CUST004651,Pedro,Suzuki,,Male,,,Sao Paulo,2026-03-14,Paid Social,Family,Portuguese
CUST003758,Noah,Ito,,Female,Brazil,,Fortaleza,2024-05-29,Affiliate Partner,Family,Spanish
CUST001745,David,Reddy,50.0,Male,U.K.,,London,2025-05-01,Affiliate Partner,Individual,Hindi
CUST006475,Pedro,Watanabe,47.0,Female,Canada,,Vancouver,2022-10-02,Referral,Student,Hindi
CUST004128,Patricia,Oliveira,24.0,Female,Spain,,Madrid,2023-12-29,App Store,Family,English
CUST007645,Yuto,Khan,44.0,Other,India,,Ahmedabad,2019-07-18,App Store,Student,English
CUST000577,Sarah,Saito,15.0,Male,United States,,Houston,2022-07-07,Organic Search,Family,Spanish
CUST004044,Ricardo,Cho,26.0,Female,United States,,Los Angeles,2022-06-27,Paid Social,Individual,Hindi
CUST007979,Naledi,Fischer,57.0,Female,Mexico,,Monterrey,2025-09-25,App Store,Corporate Bundle,Korean
CUST004763,Yusuf,Wang,35.0,Female,united states,,,2022-09-26,Organic Search,Family,Japanese
CUST003034,Elena,Chowdhury,19.0,Male,USA,,,2026-03-28,Referral,Family,English
CUST005787,Luis,Tanaka,21.0,Male,United States,,Seattle,2025-05-26,Partner Bundle (Telecom),Family,
CUST005078,Diya,Wu,35.0,Male,South Africa,,Pretoria,2020-02-20,Partner Bundle (Telecom),Individual,Portuguese
CUST000178,Nia,Petit,,Female,Brazil,,Rio de Janeiro,2022-07-30,Organic Search,Individual,Portuguese
CUST001018,Aisha,Mwangi,39.0,Male,India,,Ahmedabad,2021-05-02,Organic Search,Individual,English
CUST007616,Aarav,Liu,31.0,Male,South Africa,,Pretoria,2022-02-02,Organic Search,Family,English
CUST006351,Linda,Adeyemi,20.0,Male,India,,Hyderabad,2020-04-25,Organic Search,Family,Indonesian
CUST007550,Mia,Weber,33.0,Female,,,Osaka,2023-02-15,Organic Search,Family,Japanese
CUST007664,Lucia,Hussain,32.0,Male,United States,,Seattle,2021-04-23,Organic Search,Student,English
CUST007466,Riya,Sheikh,27.0,Female,India,,Delhi,2026-05-16,Partner Bundle (Telecom),Family,Hindi
CUST000697,Fernando,Liu,32.0,Female,Canada,,Vancouver,2021-03-19,Organic Search,Family,Hindi
CUST000329,Susan,Park,28.0,Male,United States,,Seattle,2025-04-27,Email Campaign,Individual,Korean
CUST002023,Hina,Meyer,37.0,Male,France,,Nice,2019-05-25,Paid Social,Student,Japanese
CUST000859,Ahmed,Durand,16.0,Female,United States,,Chicago,2023-04-19,Organic Search,Individual,English
CUST003474,Yusuf,Kang,33.0,Female,France,,Toulouse,2021-12-28,Organic Search,Family,Korean
CUST001132,Salma,Takahashi,23.0,Male,Nigeria,,Ibadan,2024-08-02,App Store,Family,Portuguese
CUST006024,Jian,Johnson,41.0,Female,Germany,,Cologne,2025-10-13,Organic Search,Family,Spanish
CUST000677,Fernando,Gupta,14.0,Female,India,,Ahmedabad,2024-12-03,App Store,Family,German
CUST005358,Yusuf,Tanaka,27.0,Male,India,,Ahmedabad,2023-03-25,Organic Search,Individual,Arabic
CUST005225,Kofi,Zhao,28.0,Male,United States,,Los Angeles,2022-09-07,Partner Bundle (Telecom),Corporate Bundle,English
CUST002698,Ayaan,Zhang,,Male,,,Naples,2025-04-12,Direct,Individual,Portuguese
CUST003406,Elijah,Martinez,29.0,Female,,,Paris,2021-07-09,Organic Search,Family,German
CUST007840,John,Yoon,31.0,Male,brazil,,Salvador,2025-10-06,Organic Search,Individual,English
CUST002021,Mia,Martinez,34.0,Female,United Arab Emirates,,Sharjah,2024-02-13,Direct,Individual,English
CUST007991,Chidi,Martinez,46.0,Male,Mexico,,Monterrey,2022-03-07,Partner Bundle (Telecom),Individual,Portuguese
CUST001808,Oliver,Ali,30.0,Female,,,Cebu City,2022-02-21,Organic Search,Individual,Arabic
CUST002535,Jose,Kim,33.0,Male,United States,,Austin,2020-02-19,Paid Social,Individual,French
CUST001841,Sami,Verma,40.0,Female,Mexico,,Monterrey,2019-09-20,Organic Search,Individual,Hindi
CUST004766,Amina,Leroy,23.0,Male,Poland,,Krakow,2024-08-23,Email Campaign,Individual,Indonesian
CUST005924,Pedro,Petit,34.0,Other,india,,Hyderabad,2023-10-06,Paid Social,Student,Hindi
CUST001298,Henry,Almeida,24.0,Female,,,Yokohama,2019-09-07,Email Campaign,Student,English
CUST001035,Lucia,Ito,27.0,Female,United Kingdom,,Birmingham,2022-02-03,Affiliate Partner,Individual,Tagalog
CUST000182,Ethan,Miller,20.0,Female,,,,2025-12-31,Email Campaign,Individual,English
CUST004327,Amara,Kobayashi,33.0,Female,United States,,Los Angeles,2024-05-15,Direct,Individual,Tagalog
CUST002886,Krishna,Richard,26.0,Female,United Kingdom,,Liverpool,2023-11-09,Referral,Individual,English
CUST007489,Emma,Lee,36.0,Male,United States,,Miami,2026-03-03,Partner Bundle (Telecom),Student,Portuguese
CUST006561,Oscar,Koch,49.0,Female,India,,Chennai,2025-06-23,App Store,Individual,English
CUST007659,Ming,Zhou,37.0,Female,United States,,Seattle,2024-07-11,Email Campaign,Individual,Spanish
CUST000684,Olivia,Hussain,15.0,Other,spain,,Valencia,2025-08-03,Referral,Individual,Korean
CUST006265,Ricardo,Cho,13.0,Male,,,Salvador,2026-03-15,Referral,Individual,German
CUST004378,Carlos,Rodriguez,37.0,Female,South Korea,,Seoul,2026-02-10,App Store,Individual,English
CUST001488,Harry,Rodrigues,38.0,Male,Brazil,,Salvador,2022-07-03,Paid Social,Individual,English
CUST002997,Susan,Petit,41.0,Female,India,,Delhi,2020-08-10,Partner Bundle (Telecom),Individual,English
CUST005910,Hao,Reddy,35.0,Female,,,Abuja,2024-01-24,App Store,Individual,Hindi
CUST003443,Ming,Iyer,26.0,Other,US,,New York,2026-05-09,Organic Search,Individual,Hindi
CUST005639,Jessica,Menon,33.0,Male,United Kingdom,,Leeds,2020-05-10,Email Campaign,Corporate Bundle,Arabic
CUST000042,Sophia,Brown,20.0,Female,Germany,,Hamburg,2022-07-14,Affiliate Partner,Family,Japanese
CUST003413,Miguel,Yamamoto,44.0,Female,Canada,,Toronto,2021-06-06,Referral,Individual,Tagalog
CUST001427,Hao,Takahashi,13.0,Male,United States,,New York,2022-03-12,Direct,Individual,Portuguese
CUST007857,Susan,Hoffmann,32.0,Female,United States,,Phoenix,2019-05-30,Referral,Individual,French
CUST004553,James,Otieno,36.0,Male,United States,,Miami,2020-02-28,Paid Social,Individual,English
CUST000218,Yusuf,Williams,34.0,Male,United Kingdom,,Liverpool,2020-11-14,Referral,Family,Spanish
CUST000186,Sai,Rahman,40.0,Male,Indonesia,,Bandung,2021-09-10,Referral,Student,English
CUST007658,Hassan,Choi,21.0,Female,Philippines,,Manila,2023-09-17,App Store,Individual,Portuguese
CUST003541,Ming,Qureshi,35.0,Female,South Korea,,Busan,2022-09-08,Paid Social,Individual,Portuguese
CUST003686,Elena,Petit,36.0,Female,Canada,,Toronto,2020-06-19,App Store,Family,Japanese
CUST005477,Kwame,Okafor,,Female,India,,,2022-10-09,Paid Social,Individual,Hindi
CUST003401,Ali,Malik,26.0,Female,United States,,Austin,2026-05-04,App Store,Student,German
CUST001594,Rania,Baig,20.0,Female,SPAIN,,,2024-02-19,Affiliate Partner,Student,Korean
CUST001942,Elizabeth,Zhang,48.0,Female,United States,,Chicago,2023-08-04,Organic Search,Student,English
CUST002841,Camila,Watanabe,40.0,Female,South Korea,,Busan,2025-10-23,Affiliate Partner,Family,Portuguese
CUST000088,Liam,Martin,23.0,Male,Mexico,,,2022-12-29,Paid Social,Family,Arabic
CUST004788,Diya,Ito,47.0,Female,,,Seattle,2020-05-13,Email Campaign,Family,French
CUST002955,Lei,Souza,13.0,Male,Spain,,Seville,2022-09-21,Paid Social,Individual,Japanese
CUST005369,Khalid,Meyer,25.0,Male,United States,,Seattle,2024-06-16,Organic Search,Individual,Hindi
CUST007918,Matthew,Yoon,34.0,Male,Nigeria,,Kano,2023-06-21,App Store,Individual,English
CUST006736,Paula,Iyer,47.0,Female,India,,Hyderabad,2021-07-03,Email Campaign,Individual,English
CUST007486,Oliver,Liu,23.0,Female,USA,,Los Angeles,2020-05-19,Paid Social,Individual,Korean
CUST004491,Omar,Almeida,13.0,Female,India,,Hyderabad,2019-06-19,Email Campaign,Family,Spanish
CUST000258,Ali,Cho,35.0,Male,Japan,,Tokyo,2020-10-06,Paid Social,Family,Hindi
CUST005230,Pedro,Liu,32.0,Female,Brazil,,Salvador,2020-01-13,Organic Search,Student,English
CUST005029,William,Nair,31.0,Male,Mexico,,Mexico City,2019-09-16,Organic Search,Individual,German
CUST002906,Salma,Suzuki,13.0,Female,United States,,Houston,2019-11-21,Referral,Individual,German
CUST003033,Sarah,Lee,31.0,Male,Germany,,Frankfurt,2021-11-01,Paid Social,Individual,English
CUST002228,Mia,Tanaka,47.0,Male,Brazil,,Fortaleza,2021-12-27,Referral,Individual,Arabic
CUST000743,Daniela,Oliveira,26.0,Male,Philippines,,Davao City,2021-03-30,Organic Search,Individual,Japanese
CUST004003,Lucas,Baig,15.0,Male,Australia,,Brisbane,2020-11-08,Paid Social,Individual,Arabic
CUST002699,Ava,Banda,28.0,Male,India,,Pune,2020-08-17,App Store,Family,French
CUST004558,Jack,Williams,33.0,Other,Spain,,Seville,2019-05-14,Referral,Student,Hindi
CUST006765,Michael,Verma,31.0,Male,South Africa,,Cape Town,2022-11-24,Referral,Family,English
CUST003543,James,Schmidt,15.0,Female,India,,Pune,2023-04-02,Affiliate Partner,Individual,French
CUST000544,David,Iyer,32.0,Female,Nigeria,,Lagos,2023-06-04,Organic Search,Family,Korean
CUST001374,Arjun,Mwangi,41.0,Male,Germany,,Cologne,2019-01-29,Paid Social,Individual,Hindi
CUST002834,Hassan,Iyer,39.0,Female,Philippines,,Davao City,2020-07-11,Paid Social,Individual,Italian
CUST004701,Salma,Ito,29.0,Female,United Kingdom,,Liverpool,2025-10-05,Paid Social,Individual,English
CUST002571,Daniel,Wang,19.0,Female,South Korea,,Seoul,2022-05-24,Email Campaign,Family,Indonesian
CUST002158,Noor,Pereira,42.0,Male,South Korea,,Incheon,2022-01-15,Email Campaign,Family,Spanish
CUST001010,Juan,Meyer,49.0,Male,United States,,Los Angeles,2021-11-09,Organic Search,Individual,Arabic
CUST005826,Michael,Oliveira,17.0,Other,US,,Seattle,2020-06-15,Affiliate Partner,Family,
CUST007827,Gabriela,Jones,31.0,Female,Brazil,,Sao Paulo,2020-10-26,Affiliate Partner,Family,English
CUST002826,Emma,Banda,38.0,Male,Spain,,Valencia,2025-01-24,Direct,Individual,English
CUST000382,Ayaan,Chikoti,27.0,Male,CANADA,,Ottawa,2024-06-02,Organic Search,Family,Korean
CUST000057,Kofi,Martin,27.0,Female,Brazil,,Fortaleza,2019-02-28,Paid Social,Family,English
CUST000070,Elena,Okafor,29.0,Female,Brazil,,Rio de Janeiro,2025-08-11,Paid Social,Family,French
CUST005002,John,Almeida,38.0,Male,United Kingdom,,,2019-09-25,Email Campaign,Student,German
CUST003333,Hassan,Jung,,Male,Brazil,,Sao Paulo,2024-09-08,Partner Bundle (Telecom),Corporate Bundle,Hindi
CUST007910,Oscar,Kobayashi,,Female,United States,,New York,2025-04-11,Affiliate Partner,Individual,Spanish
CUST004388,Matthew,Sharma,50.0,Male,United Kingdom,,Birmingham,2025-09-05,Affiliate Partner,Individual,English
CUST001721,Evelyn,Cho,29.0,Female,PL,,Warsaw,2022-03-12,Organic Search,Family,German
CUST006250,Aditya,Li,31.0,Female,United States,,Houston,2019-07-28,Direct,Corporate Bundle,French
CUST004956,Charlotte,Nakamura,48.0,Male,United States,,New York,2019-04-03,Referral,Corporate Bundle,English
CUST006828,Hina,Martin,37.0,Male,US,,Austin,2023-12-03,Affiliate Partner,Family,Hindi
CUST005508,Ava,Park,15.0,Female,United States,,Miami,2026-03-10,Paid Social,Individual,Polish
CUST005037,Jacob,Oliveira,21.0,Female,Brazil,,Fortaleza,2021-03-31,Organic Search,Individual,Hindi
CUST000446,Navya,Otieno,21.0,Male,Indonesia,,Surabaya,2022-07-22,Email Campaign,Family,Spanish
CUST003103,Aoi,Wu,55.0,Male,United States,,Houston,2019-12-20,Paid Social,Individual,Hindi
CUST002424,Tariq,Brown,32.0,Male,United States,,,2019-08-27,Referral,Individual,Hindi
CUST004016,Daniel,Okonkwo,22.0,Male,Brazil,,Brasilia,2019-05-11,Paid Social,Corporate Bundle,French
CUST002893,Diya,Yamamoto,32.0,Female,United States,,Phoenix,2022-11-13,Referral,Corporate Bundle,English
CUST003709,Patricia,Muller,23.0,Female,United States,,Seattle,2022-10-01,Partner Bundle (Telecom),Student,Hindi
CUST006858,Chidi,Durand,30.0,Female,Canada,,Montreal,2021-10-06,Direct,Family,Hindi
CUST001563,Mason,Rodrigues,37.0,Female,Mexico,,Monterrey,2022-08-07,Referral,Student,Japanese
CUST006628,Hao,Smith,39.0,Female,United States,,Seattle,2021-04-06,Organic Search,Family,Indonesian
CUST001840,Saanvi,Liu,25.0,Female,United States,,Austin,2020-08-29,Paid Social,Individual,Korean
CUST002216,Sora,Jones,13.0,Female,Australia,,Perth,2020-06-24,Paid Social,Individual,English
CUST007882,Linda,Wang,36.0,Male,Japan,,Osaka,2026-03-26,App Store,Corporate Bundle,Japanese
CUST002119,Logan,Choi,38.0,Female,United Kingdom,,Leeds,2019-11-01,Partner Bundle (Telecom),Individual,French
CUST000020,Yuto,Sharma,41.0,Male,United States,,,2024-06-14,Referral,Student,English
CUST007045,Diego,Qureshi,44.0,Female,India,,Hyderabad,2024-12-17,Paid Social,Individual,Hindi
CUST007178,Kofi,Miller,13.0,Male,Australia,,Melbourne,2019-03-16,Paid Social,Individual,English
CUST004346,Aoi,Lim,38.0,Male,Australia,,Perth,2025-05-29,Partner Bundle (Telecom),Family,Spanish
CUST004627,Sota,Lee,29.0,Male,CA,,Ottawa,2019-02-21,App Store,Corporate Bundle,English
CUST003820,William,Lee,29.0,Female,U.S.A,,Phoenix,2020-05-07,Email Campaign,Family,English
CUST007957,Yuto,Khan,44.0,Male,Canada,,Calgary,2022-01-09,Organic Search,Individual,Spanish
CUST006125,Khalid,Garcia,25.0,Female,United States,,Phoenix,2022-01-17,Referral,Individual,English
CUST003341,Isabella,Fischer,26.0,Female,Germany,,Hamburg,2025-06-20,Partner Bundle (Telecom),Family,Hindi
CUST006898,Mohammed,Schneider,34.0,Male,United States,,Austin,2019-08-21,Email Campaign,Individual,German
CUST000477,Sora,Wang,28.0,Female,U.S.A,,Phoenix,2021-08-19,Organic Search,Corporate Bundle,English
CUST006799,Ishaan,Mensah,25.0,Male,South Korea,,Seoul,2023-07-20,Paid Social,Student,Portuguese
CUST003502,Evelyn,Brown,32.0,Male,Nigeria,,Lagos,2022-12-29,Organic Search,Individual,Korean
CUST002037,Jacob,Chowdhury,43.0,Other,United Kingdom,,London,2025-06-07,Organic Search,Individual,Korean
CUST000469,Robert,Huang,32.0,Male,Germany,,Munich,2023-07-05,Direct,Individual,English
CUST005750,Daniel,Banda,44.0,Female,Spain,,Seville,2020-03-10,Organic Search,Family,German
CUST007886,Hao,Moreau,16.0,Female,South Korea,,Busan,2026-01-02,App Store,Family,Korean
CUST000309,Fatima,Richard,,Female,United States,,Phoenix,2024-05-28,Organic Search,Student,Spanish
CUST007475,Alejandro,Davis,33.0,Female,INDIA,,Mumbai,2021-02-22,Affiliate Partner,Family,English
CUST002967,Naledi,Singh,28.0,Male,India,,Kolkata,2021-07-26,Paid Social,Individual,Spanish
CUST001818,Yuto,Martin,26.0,Male,United States,,Los Angeles,2023-03-22,Referral,Individual,German
CUST002003,Haruto,Liu,29.0,Male,UK,,Birmingham,2022-10-20,Organic Search,Individual,Arabic
CUST007620,Isabella,Choi,33.0,Female,South Korea,,Busan,2023-10-27,Paid Social,Individual,English
CUST005461,Aditya,Koch,24.0,Male,Canada,,Ottawa,2024-01-12,Email Campaign,Corporate Bundle,Korean
CUST006781,Sakura,Kobayashi,24.0,Male,United States,,Los Angeles,2024-08-22,Organic Search,Individual,German
CUST000795,Lucia,Richard,33.0,Female,,,Seattle,2020-03-08,Partner Bundle (Telecom),Family,English
CUST005810,Saanvi,Weber,33.0,Female,India,,Delhi,2019-02-11,Paid Social,Family,Hindi
CUST006771,Arjun,Zhao,14.0,Prefer not to say,United States,,Miami,2022-03-17,Affiliate Partner,Individual,French
CUST005474,Mia,Garcia,13.0,Male,Japan,,Yokohama,2025-04-23,Paid Social,Corporate Bundle,Portuguese
CUST002200,Jessica,Choi,47.0,Male,India,,Ahmedabad,2022-01-06,Direct,Student,English
CUST000081,Kiara,Bernard,36.0,Female,United States,,Los Angeles,2023-07-15,Direct,Family,English
CUST005492,Themba,Bernard,36.0,Female,Poland,,Wroclaw,2025-02-10,Affiliate Partner,Student,Hindi
CUST000642,Harper,Okafor,48.0,Female,India,,Hyderabad,2021-10-28,Direct,Individual,English
CUST003383,Harper,Chikoti,13.0,Female,Britain,,Manchester,2020-11-17,Email Campaign,Corporate Bundle,English
CUST001607,Oliver,Alves,23.0,Male,Spain,,Valencia,2026-05-15,Organic Search,Individual,Hindi
CUST004640,Wei,Schmidt,25.0,Female,Argentina,,Buenos Aires,2022-04-03,Referral,Individual,German
CUST002222,Reyansh,Zhang,27.0,Female,Japan,,,2019-11-07,Referral,Individual,Japanese
CUST003626,Ahmed,Smith,20.0,Female,United States,,Chicago,2020-03-21,Referral,Individual,English
CUST004569,Oscar,Lee,32.0,Female,France,,Marseille,2023-09-27,Organic Search,Individual,English
CUST001198,David,Wang,25.0,Male,United Kingdom,,Manchester,2019-07-04,Direct,Individual,English
CUST004229,Chidi,Diallo,50.0,Female,Brazil,,Salvador,2023-11-21,Organic Search,Individual,English
CUST007524,Daniel,Zhou,22.0,Female,Japan,,Yokohama,2020-09-26,Paid Social,Family,English
CUST003050,Oscar,Silva,32.0,Male,Australia,,Melbourne,2025-03-14,Referral,Family,Spanish
CUST006023,Logan,Wu,28.0,Female,Australia,,Melbourne,2025-04-30,Organic Search,Individual,Hindi
CUST003434,Linda,Brown,41.0,Male,Brazil,,Fortaleza,2021-06-25,Organic Search,Individual,Japanese
CUST004960,Jun,Jang,30.0,Female,AU,,Melbourne,2021-10-17,Affiliate Partner,Student,English
CUST002880,Ananya,Hussain,24.0,Female,united kingdom,,Manchester,2023-11-09,App Store,Individual,Hindi
CUST004915,Mia,Nakamura,25.0,Male,Brazil,,Fortaleza,2022-07-04,App Store,Individual,English
CUST005908,Ricardo,Kumar,,Female,United Kingdom,,Leeds,2025-11-19,App Store,Family,German
CUST007351,Alfie,Lee,55.0,Female,South Africa,,Pretoria,2019-05-13,App Store,Individual,Hindi
CUST000119,Andrew,Rahman,38.0,Female,Nigeria,,Lagos,2019-12-20,Organic Search,Family,French
CUST006841,Arjun,Rodrigues,26.0,Male,SPAIN,,Madrid,2021-10-03,Organic Search,Family,Hindi
CUST002747,Kwame,Dubois,37.0,Male,germany,,Hamburg,2026-02-08,Paid Social,Individual,Spanish
CUST007757,Kwame,Costa,45.0,Prefer not to say,South Africa,,Pretoria,2023-08-17,Paid Social,Individual,English
CUST001346,Omar,Laurent,21.0,Male,India,,Hyderabad,2020-08-25,Affiliate Partner,Individual,Japanese
CUST001993,Sara,Alves,27.0,Male,India,,Hyderabad,2019-03-27,Affiliate Partner,Individual,English
CUST005493,Liam,Fischer,22.0,Female,United States,,Chicago,2020-10-25,Organic Search,Individual,English
CUST004141,Khalid,Adeyemi,41.0,Male,Philippines,,Cebu City,2019-01-31,Paid Social,Individual,Korean
CUST005038,Ava,Okonkwo,29.0,Male,United States,,Los Angeles,2025-09-03,App Store,Individual,French
CUST005584,Omar,Souza,34.0,Female,South Africa,,Pretoria,2022-11-27,Email Campaign,Individual,English
CUST006673,Ayaan,Muller,31.0,Female,France,,Nice,2021-06-14,Organic Search,Family,Japanese
CUST007817,Mariana,Singh,30.0,Female,ITALY,,Turin,2022-01-03,App Store,Family,English
CUST004473,Barbara,Ahmed,21.0,Male,Spain,,Barcelona,2024-11-07,App Store,Student,Tagalog
CUST006812,Riku,Muller,24.0,Female,United States,,Seattle,2024-05-18,Paid Social,Individual,
CUST007019,Riya,Banda,13.0,Male,India,,Hyderabad,2026-02-13,App Store,Individual,Spanish
CUST002288,Harry,Oliveira,18.0,Male,South Korea,,Seoul,2019-03-21,App Store,Family,English
CUST004425,Yusuf,Sharma,,Male,Germany,,Berlin,2025-05-23,Paid Social,Individual,Portuguese
CUST007219,Sofia,Kang,29.0,Male,Nigeria,,Ibadan,2024-04-21,Direct,Family,English
CUST004169,Maya,Davis,23.0,Male,Brazil,,Sao Paulo,2019-09-07,Referral,Corporate Bundle,Spanish
CUST007442,Lucia,Wu,36.0,Female,Nigeria,,Lagos,2025-04-05,Email Campaign,Individual,Spanish
CUST003040,Ali,Saito,31.0,Male,DE,,Hamburg,2021-06-22,Referral,Individual,Hindi
CUST005161,Harry,Hussain,32.0,Male,Argentina,,Rosario,2021-06-24,App Store,Individual,Tagalog
CUST002532,Oscar,Wagner,25.0,Female,United States,,Phoenix,2020-11-27,Paid Social,Student,Hindi
CUST001085,Miguel,Kobayashi,37.0,Male,Italy,,Naples,2020-08-14,Paid Social,Student,English
CUST004293,Haruto,Chen,31.0,Male,Brazil,,Sao Paulo,2025-11-09,Affiliate Partner,Individual,Hindi
CUST004815,John,Ali,25.0,Female,Mexico,,Guadalajara,2021-07-07,Organic Search,Individual,Spanish
CUST003485,George,Tanaka,35.0,Male,India,,Hyderabad,2024-04-28,Organic Search,Individual,English
CUST003514,Elijah,Rahman,35.0,Male,United Kingdom,,Liverpool,2019-12-27,App Store,Individual,German
CUST002179,Ibrahim,Sharma,34.0,Female,United States,,Phoenix,2024-08-07,Partner Bundle (Telecom),Corporate Bundle,Spanish
CUST006668,Patricia,Wang,31.0,Female,Indonesia,,,2020-02-12,Organic Search,Individual,English
CUST003359,Elizabeth,Durand,25.0,Male,ID,,Jakarta,2019-01-23,Paid Social,Individual,German
CUST006738,Amina,Zhang,36.0,Male,India,,,2023-06-03,Referral,Individual,English
CUST005112,Jacob,Schmidt,52.0,Female,Japan,,Yokohama,2019-08-21,Organic Search,Family,German
CUST006394,Juan,Becker,37.0,Female,US,,Austin,2024-07-15,Partner Bundle (Telecom),Individual,Spanish
CUST004061,Freddie,Diallo,21.0,Male,India,,Hyderabad,2025-07-28,Organic Search,Individual,English
CUST004042,Aoi,Weber,54.0,Female,australia,,Brisbane,2023-10-13,Affiliate Partner,Corporate Bundle,English
CUST007339,Oscar,Adeyemi,29.0,Male,India,,Chennai,2019-07-05,Referral,Corporate Bundle,
CUST003028,Anika,Sato,55.0,Male,India,,Bengaluru,2022-12-21,App Store,Family,Spanish
CUST006958,Mason,Kang,41.0,Female,Canada,,Toronto,2019-05-18,Email Campaign,Individual,
CUST000774,Sota,Hoffmann,29.0,Female,South Africa,,Pretoria,2021-03-21,Referral,Family,German
CUST003990,Barbara,Kobayashi,33.0,Male,India,,Kolkata,2021-12-28,Organic Search,Individual,
CUST006630,Aadhya,Dubois,47.0,Male,Brazil,,,2022-05-18,Partner Bundle (Telecom),Individual,English
CUST007145,Evelyn,Rodrigues,43.0,Female,United States,,Seattle,2025-09-11,App Store,Individual,French
CUST002961,Sora,Singh,51.0,Female,India,,Ahmedabad,2020-02-18,Affiliate Partner,Individual,German
CUST000051,Valentina,Sato,33.0,Male,,,Salvador,2022-08-13,Organic Search,Individual,Hindi
CUST005534,Karen,Smith,23.0,Male,united states,,Miami,2024-02-15,Paid Social,Individual,English
CUST000734,Isabella,Zhou,61.0,Male,United Kingdom,,Manchester,2022-09-30,Direct,Family,Hindi
CUST000246,Mason,Kang,25.0,Female,France,,Lyon,2022-12-14,Referral,Individual,English
CUST003397,Reyansh,Davis,48.0,Female,,,Brasilia,2022-06-16,Organic Search,Corporate Bundle,English
CUST000180,Amara,Brown,46.0,Male,France,,Toulouse,2020-05-07,Referral,Family,Japanese
CUST006953,Reyansh,Kang,21.0,Other,,,Busan,2021-02-19,Email Campaign,Family,Korean
CUST000018,James,Huang,22.0,Female,Spain,,Barcelona,2026-03-08,App Store,Student,Korean
CUST007686,Noor,Liu,18.0,Female,United States,,Miami,2021-09-28,Affiliate Partner,Individual,German
CUST004210,Elena,Sharma,32.0,Male,India,,Ahmedabad,2023-12-27,Paid Social,Individual,Hindi
CUST002511,Charlie,Saito,31.0,Male,United States,,Austin,2022-12-27,Affiliate Partner,Corporate Bundle,Spanish
CUST003207,Navya,Durand,27.0,Male,Nigeria,,Ibadan,2021-06-16,App Store,Individual,English
CUST005322,Sofia,Watanabe,35.0,Male,Japan,,Yokohama,2022-04-20,Affiliate Partner,Student,English
CUST003754,Zola,Ali,20.0,Male,United States,,New York,2020-06-13,Partner Bundle (Telecom),Individual,German
CUST004185,Hassan,Menon,21.0,Female,United States,,Los Angeles,2022-09-26,Partner Bundle (Telecom),Family,French
CUST003772,Salma,Verma,27.0,Female,United States,,Miami,2022-01-29,Referral,Individual,French
CUST004506,Mariana,Hoffmann,18.0,Male,Brazil,,Brasilia,2021-05-02,Direct,Family,Hindi
CUST002754,Anika,Souza,44.0,Male,Philippines,,Cebu City,2022-08-13,Affiliate Partner,Family,Hindi
CUST005842,Salma,Khan,31.0,Male,united kingdom,,Leeds,2023-01-12,Organic Search,Family,French
CUST003460,Sai,Brown,35.0,Male,Nigeria,,Abuja,2022-07-05,Email Campaign,Family,Japanese
CUST000512,Jose,Kumar,35.0,Female,Australia,,Brisbane,2023-12-25,Referral,Individual,English
CUST000322,Zola,Costa,48.0,Female,,,Madrid,2025-11-24,Referral,Student,French
CUST004563,Ava,Silva,29.0,Female,Philippines,,Cebu City,2021-01-16,App Store,Student,English
CUST006092,Jose,Adeyemi,20.0,Male,Canada,,Calgary,2022-09-03,App Store,Individual,English
CUST002413,Aarav,Sato,24.0,Male,Japan,,Nagoya,2024-12-27,Referral,Individual,Portuguese
CUST004399,Michael,Tanaka,40.0,Female,IN,,Ahmedabad,2022-04-27,Paid Social,Individual,Italian
CUST001719,Ananya,Rahman,56.0,Female,India,,Chennai,2023-08-25,Email Campaign,Individual,Spanish
CUST002035,Aditya,Nakamura,28.0,Male,Mexico,,Guadalajara,2023-01-07,Email Campaign,Family,Spanish
CUST007611,Riya,Schneider,22.0,Female,South Africa,,Durban,2019-03-08,Affiliate Partner,Family,
CUST001011,Kiara,Meyer,20.0,Female,United States,,Chicago,2024-09-10,Referral,Corporate Bundle,Korean
CUST007920,Miguel,Garcia,27.0,Male,India,,Ahmedabad,2024-11-18,Email Campaign,Student,English
CUST006401,Barbara,Huang,43.0,Female,Mexico,,Monterrey,2022-04-17,Organic Search,Family,Arabic
CUST003791,Salma,Moreau,38.0,Female,Japan,,Osaka,2023-03-29,Paid Social,Individual,Portuguese
CUST006093,Amina,Schmidt,49.0,Female,Canada,,Calgary,2023-05-09,App Store,Individual,English
CUST004177,Pari,Chikoti,40.0,Male,Canada,,Calgary,2024-06-21,Direct,Corporate Bundle,English
CUST007521,Rania,Li,13.0,Male,South Africa,,,2023-03-23,App Store,Individual,Indonesian
CUST001979,Sara,Hussain,18.0,Male,Argentina,,Buenos Aires,2021-10-04,Email Campaign,Individual,German
CUST002639,Aadhya,Watanabe,38.0,Female,Germany,,Cologne,2020-02-01,Referral,Family,
CUST001851,Salma,Yoon,44.0,Female,United States,,Los Angeles,2022-10-26,Affiliate Partner,Individual,French
CUST003353,Hassan,Petit,47.0,Male,United States,,,2020-03-06,Email Campaign,Student,Hindi
CUST004727,Ayaan,Bernard,28.0,Female,Mexico,,Monterrey,2019-05-08,Email Campaign,Individual,Hindi
CUST007601,Ishaan,Robert,13.0,Female,Japan,,Yokohama,2024-03-13,Email Campaign,Family,Indonesian
CUST004060,John,Abara,40.0,Other,United States,,Austin,2023-08-03,Organic Search,Individual,English
CUST005685,Zara,Sharma,32.0,Male,United States,,Chicago,2019-06-29,Paid Social,Family,Tagalog
CUST005600,Ali,Alves,25.0,Male,United Kingdom,,Manchester,2022-10-22,Partner Bundle (Telecom),Individual,Hindi
CUST006608,Liam,Santos,31.0,Male,India,,Ahmedabad,2026-01-02,App Store,Student,Korean
CUST006330,Saanvi,Diallo,28.0,Male,India,,Ahmedabad,2019-10-25,Referral,Individual,Hindi
CUST004163,Ishaan,Okafor,26.0,Male,USA,,Miami,2019-06-20,Organic Search,Family,Portuguese
CUST001264,Miguel,Takahashi,,Male,South Africa,,Johannesburg,2025-12-27,Partner Bundle (Telecom),Individual,
CUST005036,Henry,Yoon,60.0,Male,South Korea,,Incheon,2025-08-10,Paid Social,Individual,Korean
CUST004547,Lucia,Otieno,13.0,Female,France,,Lyon,2022-10-12,Organic Search,Family,English
CUST007662,Huda,Jang,42.0,Female,Poland,,Warsaw,2020-03-27,Organic Search,Corporate Bundle,Korean
CUST001576,Michael,Zhao,29.0,Male,Brazil,,Fortaleza,2019-02-28,Direct,Individual,English
CUST001145,Alfie,Nair,21.0,Female,South Africa,,Cape Town,2021-10-19,Paid Social,Individual,Spanish
CUST000966,Naledi,Silva,39.0,Female,France,,Nice,2022-12-27,Partner Bundle (Telecom),Individual,Arabic
CUST003214,Oliver,Chikoti,13.0,Male,Nigeria,,Lagos,2026-04-02,Email Campaign,Individual,Portuguese
CUST006455,Isabella,Gupta,22.0,Male,Brazil,,Salvador,2019-09-08,Affiliate Partner,Individual,Japanese
CUST001143,Logan,Singh,32.0,Male,Mexico,,Puebla,2026-03-31,Partner Bundle (Telecom),Individual,
CUST001303,Riya,Gupta,25.0,Male,United States,,Miami,2026-01-15,Affiliate Partner,Student,English
CUST005712,Zara,Wu,34.0,Male,United States,,Miami,2026-03-04,Direct,Individual,English
CUST000436,Ethan,Koch,27.0,Female,Indonesia,,Jakarta,2022-06-28,Organic Search,Family,Hindi
CUST001296,Pari,Dubois,5.0,Female,United Kingdom,,London,2019-07-07,Email Campaign,Family,English
CUST000983,Ren,Almeida,51.0,Male,India,,Ahmedabad,2025-03-03,Organic Search,Individual,Spanish
CUST003519,Rania,Mensah,27.0,Female,,,Austin,2019-09-15,Email Campaign,Individual,Hindi
CUST003378,Reyansh,Okafor,35.0,Male,United Arab Emirates,,Sharjah,2023-08-01,App Store,Individual,English
CUST007822,Charlie,Ahmed,18.0,Male,Japan,,Nagoya,2020-04-27,Paid Social,Student,Polish
CUST001200,Kwame,Okafor,34.0,Female,South Africa,,,2019-05-21,Organic Search,Family,English
CUST001401,George,Kang,40.0,Prefer not to say,United States,,Chicago,2025-08-11,Organic Search,Family,English
CUST001331,Mia,Wu,40.0,Male,Germany,,Cologne,2024-08-29,Affiliate Partner,Individual,Hindi
CUST002261,Daniela,Oliveira,39.0,Female,Germany,,Berlin,2024-03-22,Organic Search,Corporate Bundle,English
CUST002606,Mariana,Rahman,36.0,Female,Philippines,,Cebu City,2022-01-10,Organic Search,Family,Portuguese
CUST002352,Noor,Ferreira,42.0,Male,Italy,,,2023-05-13,Partner Bundle (Telecom),Individual,English
CUST003106,Mary,Wang,24.0,Male,Canada,,Vancouver,2022-01-28,Organic Search,Individual,English
CUST007172,Valentina,Banda,13.0,Other,united states,,Houston,2020-11-14,Email Campaign,Corporate Bundle,Tagalog
CUST003468,Charlie,Becker,,Male,India,,Delhi,2023-04-20,Paid Social,Individual,French
CUST002143,Aadhya,Ahmed,23.0,Male,Philippines,,Davao City,2026-01-15,Paid Social,Student,English
CUST005517,Khalid,Liu,56.0,Female,South Korea,,Incheon,2022-05-19,Affiliate Partner,Individual,German
CUST001340,Mason,Almeida,30.0,Prefer not to say,South Korea,,Incheon,2022-08-13,Organic Search,Family,Hindi
CUST006918,Wei,Costa,22.0,Male,USA,,,2022-09-19,Organic Search,Student,English
CUST000487,Jessica,Suzuki,,Female,United States,,Houston,2025-09-11,Organic Search,Individual,Hindi
CUST001079,Sami,Khan,24.0,Female,Argentina,,Rosario,2024-06-04,App Store,Student,Portuguese
CUST000200,Sofia,Wang,30.0,Male,DE,,,2025-08-14,Organic Search,Corporate Bundle,English
CUST001666,Aarav,Chen,21.0,Female,Bharat,,Hyderabad,2021-01-04,Paid Social,Individual,Portuguese
CUST005857,Charlotte,Watanabe,56.0,Female,France,,Paris,2019-05-15,Organic Search,Individual,Portuguese
CUST006933,Andrew,Jang,38.0,Female,United States,,Miami,2022-02-11,Partner Bundle (Telecom),Individual,Italian
CUST002482,Kiara,Koch,46.0,Male,United Arab Emirates,,Sharjah,2022-11-13,Referral,Family,Portuguese
CUST006281,Khalid,Iyer,46.0,Female,United Arab Emirates,,Dubai,2020-07-30,App Store,Corporate Bundle,English
CUST001028,Navya,Garcia,49.0,Male,Canada,,Vancouver,2023-08-08,Paid Social,Individual,Polish
CUST004356,Michael,Hussain,58.0,Female,Australia,,Melbourne,2019-05-22,Email Campaign,Family,English
CUST003200,Anika,Mensah,30.0,Male,Japan,,Nagoya,2020-11-22,App Store,Student,French
CUST002230,Gabriela,Li,27.0,Female,Brazil,,Sao Paulo,2025-05-23,Paid Social,Individual,Japanese
CUST006700,Saanvi,Williams,16.0,Female,India,,Delhi,2022-01-25,App Store,Individual,English
CUST001181,Diego,Otieno,37.0,Male,United States,,Los Angeles,2024-02-29,Email Campaign,Corporate Bundle,Arabic
CUST005194,Amelia,Wagner,21.0,Male,India,,Hyderabad,2020-09-13,Email Campaign,Individual,Japanese
CUST004316,Sofia,Wu,30.0,Female,U.S.A,,Miami,2020-06-13,Partner Bundle (Telecom),Individual,French
CUST000928,Layla,Brown,20.0,Female,United Kingdom,,Liverpool,2020-07-14,Organic Search,Individual,English
CUST005113,Sora,Li,44.0,Male,Nigeria,,Kano,2025-10-20,App Store,Family,English
CUST005187,Logan,Chen,46.0,Female,United States,,Los Angeles,2025-08-22,Referral,Individual,Japanese
CUST006465,Oscar,Kang,35.0,Male,united states,,,2020-12-21,Paid Social,Family,Hindi
CUST006380,Vihaan,Becker,15.0,Female,United Kingdom,,Liverpool,2021-04-14,App Store,Individual,English
CUST002868,Lei,Reddy,34.0,Female,,,Austin,2020-02-12,Email Campaign,Individual,English
CUST005009,Kofi,Li,,Male,South Africa,,Cape Town,2021-03-29,Paid Social,Student,English
CUST003756,Mariana,Takahashi,44.0,Male,Canada,,Vancouver,2022-07-28,Direct,Individual,Japanese
CUST000712,George,Schmidt,25.0,Female,Brazil,,Salvador,2022-05-17,Partner Bundle (Telecom),Family,Japanese
CUST000355,Fatima,Ito,48.0,Male,Germany,,Cologne,2024-02-09,Partner Bundle (Telecom),Individual,English
CUST005808,Alexander,Jang,42.0,Female,Argentina,,Cordoba,2019-03-16,Email Campaign,Family,Spanish
CUST001076,Daniela,Meyer,32.0,Male,United States,,Houston,2024-08-31,Direct,Student,Arabic
CUST000049,Elena,Malik,37.0,Female,Canada,,Montreal,2025-05-12,Direct,Family,Korean
CUST003017,Pari,Jung,24.0,Female,Philippines,,,2026-03-13,Organic Search,Individual,Portuguese
CUST000643,Amina,Rodrigues,31.0,Male,United States,,Chicago,2025-01-22,Referral,Individual,English
CUST004747,Barbara,Davis,26.0,Male,United Kingdom,,Birmingham,2020-08-18,Referral,Individual,English
CUST004355,Fatima,Schmidt,45.0,Female,Argentina,,Rosario,2024-04-05,Paid Social,Individual,English
CUST000177,Amelia,Okonkwo,20.0,Female,Italy,,Milan,2019-02-02,Direct,Family,Japanese
CUST006763,Krishna,Zhou,,Female,France,,Paris,2023-07-04,Organic Search,Family,Hindi
CUST004247,Pedro,Choi,34.0,Female,United States,,Miami,2022-10-11,Organic Search,Individual,Korean
CUST001003,David,Nair,23.0,Female,Mexico,,Guadalajara,2019-05-22,Paid Social,Individual,English
CUST000787,Isabella,Iyer,13.0,Male,Canada,,Calgary,2024-05-04,App Store,Family,English
CUST007378,Ming,Richard,36.0,Female,United Kingdom,,London,2024-01-28,Organic Search,Family,Hindi
CUST005289,Nia,Ito,13.0,Male,United Kingdom,,Birmingham,2026-02-26,Paid Social,Corporate Bundle,Spanish
CUST002749,Camila,Jang,35.0,Male,India,,Hyderabad,2026-05-25,Direct,Family,Japanese
CUST002971,Ishaan,Reddy,31.0,Female,France,,Nice,2024-09-30,Email Campaign,Family,English
CUST002586,Fernando,Jang,36.0,Female,,,Manchester,2021-03-24,Partner Bundle (Telecom),Student,English
CUST004230,Elena,Mwangi,33.0,Female,United States,,,2020-02-10,Paid Social,Family,Portuguese
CUST006273,Aadhya,Moreau,13.0,Prefer not to say,INDIA,,Mumbai,2021-09-17,Organic Search,Family,English
CUST000092,Ali,Huang,27.0,Female,United States,,New York,2025-07-16,Organic Search,Individual,English
CUST004743,Isabella,Jones,41.0,Female,Italy,,Naples,2019-11-21,Affiliate Partner,Corporate Bundle,
CUST000997,Omar,Choi,55.0,Male,Indonesia,,Jakarta,2022-11-28,Paid Social,Individual,Hindi
CUST003007,Fatima,Garcia,36.0,Female,Canada,,Montreal,2022-10-19,Referral,Family,German
CUST007095,Yuto,Laurent,48.0,Female,India,,Ahmedabad,2026-02-04,Affiliate Partner,Individual,Hindi
CUST001245,Maya,Okonkwo,22.0,Female,Brazil,,Salvador,2020-03-23,Paid Social,Family,Hindi
CUST007429,Themba,Qureshi,36.0,Female,Brazil,,Sao Paulo,2020-07-09,Partner Bundle (Telecom),Family,Japanese
CUST003539,Tariq,Kumar,32.0,Female,,,Salvador,2023-06-22,Direct,Corporate Bundle,English
CUST000531,Alfie,Qureshi,30.0,Female,United Arab Emirates,,Sharjah,2019-01-30,App Store,Individual,Japanese
CUST002772,Daniel,Tanaka,23.0,Female,canada,,Montreal,2021-04-23,Partner Bundle (Telecom),Individual,French
CUST005684,Miguel,Souza,54.0,Female,AR,,Rosario,2021-08-15,App Store,Individual,Arabic
CUST003108,Hina,Almeida,44.0,Male,germany,,Berlin,2025-09-18,Referral,Individual,English
CUST007591,Jessica,Verma,21.0,Female,Germany,,Hamburg,2019-09-14,Direct,Family,Indonesian
CUST003245,Amara,Otieno,22.0,Female,Italy,,Rome,2022-02-17,App Store,Student,English
CUST002389,Henry,Lee,28.0,Female,United Kingdom,,Leeds,2020-09-17,Organic Search,Individual,English
CUST004049,Salma,Khan,37.0,Male,Italy,,Turin,2024-03-10,Referral,Student,Polish
CUST000107,Chidi,Diallo,24.0,Female,United Kingdom,,Glasgow,2020-08-25,Email Campaign,Individual,German
CUST003379,Ethan,Verma,16.0,Female,,,Lyon,2021-03-13,Email Campaign,Family,English
CUST006406,Myra,Qureshi,,Male,United States,,Phoenix,2021-07-01,App Store,Individual,Indonesian
CUST001408,Elena,Sato,20.0,Female,south africa,,Cape Town,2021-08-04,Paid Social,Corporate Bundle,English
CUST007710,Hao,Petit,36.0,Male,Canada,,Ottawa,2019-10-04,Referral,Individual,French
CUST007167,Camila,Wang,21.0,Female,Argentina,,Buenos Aires,2023-08-20,Partner Bundle (Telecom),Family,Hindi
CUST000132,Maya,Brown,49.0,Female,Italy,,Rome,2019-10-26,App Store,Individual,English
CUST001663,Daniel,Sato,38.0,Male,Mexico,,Guadalajara,2022-08-30,Paid Social,Student,English
CUST006696,Aisha,Lee,36.0,Female,India,,Hyderabad,2023-12-13,Partner Bundle (Telecom),Individual,English
CUST004871,Kiara,Singh,19.0,Male,United States,,Seattle,2021-01-29,Organic Search,Student,Spanish
CUST006356,Diya,Lim,51.0,Female,Indonesia,,Surabaya,2021-06-21,Paid Social,Individual,Indonesian
CUST001403,Daniel,Okonkwo,45.0,Male,United States,,Chicago,2026-02-16,Organic Search,Individual,Spanish
CUST002458,Sara,Nakamura,30.0,Female,India,,Chennai,2024-06-09,Paid Social,Family,German
CUST006758,Naledi,Rahman,40.0,Male,India,,Ahmedabad,2021-06-24,Email Campaign,Family,Spanish
CUST002032,Oscar,Silva,22.0,Male,Canada,,Vancouver,2022-07-23,Organic Search,Individual,Japanese
CUST005574,Kofi,Lim,,Female,United Kingdom,,Glasgow,2020-11-15,Referral,Family,English
CUST005567,Myra,Chikoti,23.0,Male,United States,,Austin,2023-07-22,Paid Social,Individual,Japanese
CUST007557,Logan,Ali,33.0,Male,India,,Delhi,2024-06-03,Paid Social,Corporate Bundle,German
CUST007576,Ananya,Rahman,34.0,Male,Spain,,Valencia,2024-06-21,App Store,Individual,Hindi
CUST001741,Luis,Park,34.0,Male,Indonesia,,Jakarta,2024-07-10,Referral,Individual,English
CUST004634,Carlos,Menon,37.0,Female,Germany,,Munich,2026-03-15,Referral,Individual,Spanish
CUST006685,Riya,Adeyemi,33.0,Female,United States,,Austin,2022-05-08,Paid Social,Family,Japanese
CUST001619,Henry,Adeyemi,13.0,Male,India,,Bengaluru,2023-08-17,Paid Social,Student,Korean
CUST007913,Tendai,Miller,21.0,Male,United Kingdom,,London,2019-02-17,Affiliate Partner,Individual,English
CUST002134,Hina,Zhou,36.0,Male,Philippines,,Davao City,2020-04-21,Partner Bundle (Telecom),Individual,Spanish
CUST000695,Isabella,Almeida,15.0,Female,BRAZIL,,Brasilia,2025-06-10,Referral,Student,English
CUST007738,Barbara,Laurent,22.0,Female,Germany,,Frankfurt,2024-03-27,Organic Search,Student,Hindi
CUST002522,Joseph,Park,27.0,Female,United States,,Houston,2019-05-25,Affiliate Partner,Individual,Arabic
CUST007004,Noah,Moreau,34.0,Female,India,,Ahmedabad,2025-04-17,Organic Search,Individual,Portuguese
CUST002355,David,Wang,46.0,Male,India,,Bengaluru,2024-12-03,App Store,Family,
CUST006676,Logan,Brown,36.0,Female,Brazil,,Brasilia,2024-01-20,Referral,Individual,Polish
CUST000168,Ishaan,Almeida,49.0,Male,indonesia,,Jakarta,2024-11-15,Organic Search,Family,English
CUST000094,Ming,Dubois,36.0,Female,Germany,,Berlin,2019-07-05,Organic Search,Family,German
CUST000368,Robert,Nair,36.0,Female,Australia,,Perth,2019-10-13,Direct,Family,English
CUST003950,Mariana,Alves,49.0,Female,South Africa,,Cape Town,2020-07-04,Referral,Individual,English
CUST005115,Tariq,Kang,27.0,Female,United States,,Austin,2024-03-22,Email Campaign,Individual,Arabic
CUST004835,Mohammed,Kobayashi,24.0,Female,Bharat,,Ahmedabad,2022-02-02,Organic Search,Corporate Bundle,Spanish
CUST007154,Rania,Richard,38.0,Male,Japan,,Nagoya,2024-10-20,Affiliate Partner,Individual,Hindi
CUST000836,Nia,Hussain,29.0,Prefer not to say,NIGERIA,,Lagos,2020-07-31,Organic Search,Individual,Spanish
CUST006148,Ali,Rodriguez,22.0,Female,Japan,,Tokyo,2020-07-27,App Store,Student,English
CUST007993,Maya,Singh,31.0,Female,United States,,Chicago,2019-04-23,Referral,Individual,Hindi
CUST002964,Yusuf,Park,44.0,Male,United Kingdom,,London,2022-10-05,App Store,Individual,French
CUST005598,Diya,Ito,33.0,Female,Indonesia,,Bandung,2024-12-17,Organic Search,Individual,English
CUST005822,Kwame,Huang,32.0,Female,Argentina,,Rosario,2019-09-18,Organic Search,Corporate Bundle,English
CUST005970,Kofi,Wang,25.0,Female,UAE,,Abu Dhabi,2023-11-16,Paid Social,Individual,Hindi
CUST005904,Tao,Jones,38.0,Female,Germany,,Frankfurt,2024-01-01,Email Campaign,Family,English
CUST001184,Oliver,Wu,36.0,Male,France,,Toulouse,2021-12-04,Paid Social,Individual,English
CUST004664,Anika,Verma,33.0,Male,Brazil,,Rio de Janeiro,2020-08-13,Paid Social,Individual,Japanese
CUST004393,Sofia,Menon,26.0,Male,india,,Delhi,2021-11-23,App Store,Family,English
CUST005279,Liam,Chen,33.0,Prefer not to say,India,,Delhi,2025-10-29,Paid Social,Individual,English
CUST007470,Yuto,Wang,45.0,Male,Poland,,Wroclaw,2024-02-29,Email Campaign,Student,
CUST006136,Fatima,Patel,28.0,Male,India,,Ahmedabad,2023-11-10,Email Campaign,Individual,English
CUST006929,Sophia,Iyer,35.0,Female,India,,Pune,2025-10-26,Referral,Family,French
CUST001484,Khalid,Nakamura,42.0,Female,United States,,New York,2025-03-29,Referral,Individual,Arabic
CUST002674,Matthew,Okafor,41.0,Female,India,,Ahmedabad,2023-12-07,App Store,Family,English
CUST004688,Luis,Lim,35.0,Female,India,,Chennai,2020-09-30,Paid Social,Family,English
CUST002454,Aarav,Lee,49.0,Male,Argentina,,,2022-03-14,Affiliate Partner,Corporate Bundle,Korean
CUST005919,Amina,Garcia,,Prefer not to say,france,,Lyon,2020-02-06,Referral,Family,English
CUST001859,Mason,Baig,13.0,Female,Indonesia,,Jakarta,2023-03-19,Paid Social,Family,English
CUST005470,Lucia,Kumar,26.0,Female,India,,,2023-11-18,Organic Search,Family,English
CUST004882,Ananya,Jung,26.0,Male,Philippines,,Cebu City,2019-01-22,Organic Search,Student,English
CUST003618,Saanvi,Suzuki,13.0,Prefer not to say,United Kingdom,,Liverpool,2025-12-13,Affiliate Partner,Individual,Indonesian
CUST001282,Elizabeth,Koch,,Male,United Kingdom,,Liverpool,2024-02-19,App Store,Student,Spanish
CUST005211,Hina,Chowdhury,33.0,Female,india,,Chennai,2019-10-26,Email Campaign,Individual,Hindi
CUST004742,Susan,Okafor,23.0,Male,,,Berlin,2026-05-27,Organic Search,Family,Spanish
CUST003096,Robert,Kang,45.0,Female,Argentina,,Rosario,2025-09-16,Direct,Individual,English
CUST005519,Noor,Kobayashi,31.0,Male,Spain,,Seville,2022-01-20,Affiliate Partner,Individual,Portuguese
CUST001555,Evelyn,Singh,18.0,Male,India,,Bengaluru,2024-09-04,Organic Search,Individual,Spanish
CUST002926,Sarah,Pereira,44.0,Male,India,,Bengaluru,2024-12-09,Organic Search,Individual,Tagalog
CUST005222,Ananya,Dubois,51.0,Female,Argentina,,Rosario,2022-10-16,App Store,Individual,Japanese
CUST006923,Chidi,Martinez,20.0,Other,India,,Kolkata,2024-08-12,Organic Search,Individual,English
CUST004792,Karen,Ito,38.0,Male,Britain,,Manchester,2021-07-07,Referral,Family,Japanese
CUST003211,Tendai,Schneider,17.0,Male,India,,Mumbai,2019-03-08,Organic Search,Family,English
CUST007504,Noah,Richard,40.0,Female,,,Seoul,2025-01-27,Paid Social,Family,French
CUST005643,William,Chen,32.0,Male,indonesia,,Surabaya,2022-05-07,Paid Social,Individual,Portuguese
CUST003981,Yuto,Otieno,19.0,Male,India,,Delhi,2019-11-28,Paid Social,Individual,English
CUST007141,David,Khan,13.0,Male,,,Incheon,2023-09-09,Organic Search,Individual,Indonesian
CUST001062,Oliver,Garcia,24.0,Female,BR,,Brasilia,2025-05-01,Paid Social,Individual,Portuguese
CUST005853,Andrew,Abara,18.0,Female,,,Miami,2024-11-08,Paid Social,Individual,German
CUST006899,Lei,Johnson,37.0,Male,Italy,,Naples,2024-08-22,Referral,Student,Japanese
CUST006922,Feng,Fischer,32.0,Other,U.K.,,Glasgow,2022-01-06,App Store,Family,German
CUST000074,Luis,Reddy,30.0,Male,Italy,,Rome,2020-09-16,Referral,Corporate Bundle,English
CUST001516,Vivaan,Brown,30.0,Female,United Arab Emirates,,,2019-12-23,App Store,Individual,Hindi
CUST002756,Paula,Liu,34.0,Male,India,,Hyderabad,2022-10-05,Referral,Individual,Japanese
CUST005399,Kofi,Nair,33.0,Female,South Korea,,Seoul,2022-06-07,Email Campaign,Individual,Arabic
CUST003204,Jack,Robert,23.0,Female,Japan,,Osaka,2019-01-30,App Store,Individual,English
CUST006900,Isabella,Ferreira,48.0,Male,United States,,,2023-06-18,Referral,Individual,Arabic
CUST006836,Charlotte,Ferreira,36.0,Female,MEXICO,,Monterrey,2025-04-25,Direct,Individual,Japanese
CUST003735,Robert,Takahashi,15.0,Male,United States,,Austin,2022-10-08,Organic Search,Individual,English
CUST005158,John,Adeyemi,32.0,Female,India,,Ahmedabad,2023-05-27,Organic Search,Family,English
CUST004913,Patricia,Park,24.0,Male,Canada,,Toronto,2021-08-20,Direct,Individual,English
CUST002447,Hina,Jang,33.0,Female,India,,Kolkata,2020-03-17,Organic Search,Corporate Bundle,Hindi
CUST001421,Isabella,Qureshi,13.0,Female,South Korea,,Seoul,2024-09-21,Email Campaign,Individual,Korean
CUST005172,Noor,Huang,33.0,Male,United States,,Phoenix,2020-01-20,Paid Social,Individual,Italian
CUST001455,Ethan,Park,,Female,Nigeria,,Lagos,2025-05-06,Affiliate Partner,Individual,Spanish
CUST000032,Noah,Kumar,14.0,Female,Indonesia,,Bandung,2020-02-15,Paid Social,Family,English
CUST002985,Ayaan,Chowdhury,21.0,Male,Britain,,Glasgow,2023-01-30,Direct,Individual,English
CUST003122,Aoi,Weber,36.0,Female,France,,Lyon,2026-01-31,App Store,Individual,English
CUST002088,Saanvi,Banda,30.0,Male,India,,Hyderabad,2023-09-27,Organic Search,Individual,French
CUST000169,Mia,Suzuki,13.0,Male,,,Delhi,2022-01-29,Referral,Individual,English
CUST001262,Ali,Tanaka,41.0,Male,Spain,,Seville,2022-02-04,Paid Social,Family,Hindi
CUST003544,David,Saito,36.0,Female,Mexico,,Guadalajara,2021-02-25,App Store,Corporate Bundle,English
CUST004948,Yuto,Singh,52.0,Male,Indonesia,,Bandung,2022-09-04,Affiliate Partner,Student,English
CUST007760,Sarah,Hussain,,Male,United States,,Phoenix,2021-07-03,Email Campaign,Individual,
CUST005008,Carlos,Schneider,13.0,Male,Indonesia,,Jakarta,2022-03-07,Email Campaign,Family,English
CUST003321,Ricardo,Martinez,28.0,Female,United States,,Houston,2023-11-16,Referral,Family,English
CUST004940,Maya,Dubois,32.0,Male,South Korea,,Busan,2024-09-06,App Store,Individual,English
CUST005769,Daniela,Nair,43.0,Female,France,,Nice,2019-12-22,Email Campaign,Family,Japanese
CUST004611,Naledi,Li,27.0,Female,Indonesia,,Jakarta,2023-06-20,Affiliate Partner,Corporate Bundle,English
CUST003342,Qiang,Kim,25.0,Other,INDIA,,Kolkata,2022-10-22,Organic Search,Corporate Bundle,English
CUST005938,Amelia,Cho,29.0,Male,Canada,,Vancouver,2022-09-23,Organic Search,Student,German
CUST001887,Matthew,Nakamura,30.0,Female,Japan,,Nagoya,2021-02-08,Organic Search,Individual,Spanish
CUST006081,Krishna,Nair,29.0,Male,Canada,,Calgary,2020-07-09,App Store,Individual,English
CUST001784,Riya,Yang,22.0,Female,Japan,,Nagoya,2023-03-21,Paid Social,Individual,Portuguese
CUST000027,Emma,Meyer,15.0,Female,,,Puebla,2023-07-22,Organic Search,Individual,Hindi
CUST006160,Alejandro,Ito,36.0,Male,India,,Hyderabad,2022-09-24,Paid Social,Individual,Portuguese
CUST005157,Susan,Leroy,44.0,Female,Germany,,Cologne,2025-11-28,Paid Social,Student,English
CUST003913,Yui,Souza,,Male,United Arab Emirates,,Sharjah,2022-10-23,Paid Social,Family,Arabic
CUST003774,Kofi,Fischer,21.0,Male,Indonesia,,Bandung,2020-09-04,Affiliate Partner,Corporate Bundle,Japanese
CUST004699,Patricia,Laurent,23.0,Female,US,,New York,2023-10-20,Referral,Student,English
CUST003107,Miguel,Zhang,24.0,Female,United States,,Miami,2025-03-29,Referral,Individual,Japanese
CUST006709,Lucas,Hoffmann,19.0,Female,Brazil,,Sao Paulo,2021-10-24,Referral,Corporate Bundle,
CUST007205,Valentina,Saito,24.0,Male,Nigeria,,Kano,2025-08-31,Paid Social,Student,Japanese
CUST000501,Rania,Tanaka,48.0,Other,South Africa,,Johannesburg,2026-03-11,Paid Social,Individual,English
CUST006346,Riku,Baig,37.0,Male,south africa,,Durban,2019-04-21,Paid Social,Individual,German
CUST000438,Karen,Suzuki,40.0,Female,Brazil,,Brasilia,2021-09-24,Referral,Student,English
CUST002992,Amara,Tanaka,30.0,Female,Spain,,Barcelona,2022-07-31,Organic Search,Individual,Hindi
CUST006754,Harper,Okonkwo,43.0,Female,United States,,Seattle,2024-10-23,Affiliate Partner,Individual,
CUST005790,Jennifer,Oliveira,,Female,India,,Hyderabad,2024-08-24,Organic Search,Family,Spanish
CUST001955,Valentina,Nair,40.0,Female,United Arab Emirates,,Sharjah,2020-03-01,App Store,Individual,French
CUST006088,Mary,Watanabe,30.0,Male,Nigeria,,Abuja,2023-05-10,Direct,Individual,Korean
CUST006698,Charlotte,Williams,31.0,Female,,,Melbourne,2019-08-18,Affiliate Partner,Student,Indonesian
CUST003425,Alfie,Almeida,30.0,Female,United States,,New York,2022-07-08,Organic Search,Individual,Hindi
CUST001453,Daniela,Rodriguez,23.0,Female,Japan,,Yokohama,2022-11-19,Referral,Corporate Bundle,Hindi
CUST005752,Haruto,Wagner,29.0,Male,United States,,New York,2020-09-20,Email Campaign,Corporate Bundle,Spanish
CUST003197,Ayaan,Silva,26.0,Male,United Kingdom,,London,2019-12-01,Organic Search,Individual,Korean
CUST006956,Riku,Jang,21.0,Female,Bharat,,Bengaluru,2022-08-18,App Store,Individual,English
CUST006865,Jack,Santos,44.0,Male,Mexico,,Guadalajara,2024-10-13,Paid Social,Family,Portuguese
CUST006931,Kofi,Malik,33.0,Male,India,,Chennai,2022-01-16,Paid Social,Individual,Hindi
CUST003916,Kiara,Martinez,39.0,Male,France,,Toulouse,2020-01-27,Organic Search,Family,German
CUST006983,Amina,Rodriguez,26.0,Male,Brazil,,Rio de Janeiro,2022-04-11,Partner Bundle (Telecom),Family,English
CUST005552,Sami,Wang,44.0,Male,USA,,,2025-06-03,App Store,Individual,Spanish
CUST004150,Patricia,Okonkwo,30.0,Female,United States,,Chicago,2022-05-11,Affiliate Partner,Family,English
CUST003528,Aoi,Petit,30.0,Female,United States,,Los Angeles,2022-05-12,Organic Search,Individual,English
CUST002459,Zara,Jones,45.0,Female,Australia,,Brisbane,2021-04-30,Paid Social,Individual,Hindi
CUST000535,Navya,Wagner,27.0,Female,United States,,Miami,2025-04-04,Email Campaign,Individual,English
CUST003170,Alfie,Petit,36.0,Female,India,,Delhi,2020-12-20,Organic Search,Family,French
CUST000586,Jack,Silva,37.0,Male,Philippines,,Davao City,2019-05-24,Organic Search,Family,French
CUST001545,Haruto,Pereira,23.0,Male,United Arab Emirates,,Sharjah,2021-02-13,Partner Bundle (Telecom),Individual,Spanish
CUST005134,Riya,Diallo,36.0,Male,Indonesia,,Bandung,2024-12-23,Paid Social,Individual,English
CUST005170,Naledi,Williams,47.0,Male,INDIA,,Pune,2024-11-21,Referral,Individual,Hindi
CUST007171,Emma,Ito,41.0,Male,Germany,,Munich,2025-10-21,Partner Bundle (Telecom),Family,English
CUST001919,Sami,Robert,37.0,Male,Brazil,,,2024-11-10,App Store,Corporate Bundle,English
CUST003932,Gabriela,Johnson,13.0,Female,India,,Hyderabad,2026-05-23,Organic Search,Family,Indonesian
CUST000492,Lucas,Singh,,Male,Canada,,Toronto,2022-10-27,Organic Search,Family,English
CUST007518,Carlos,Becker,24.0,Female,japan,,Nagoya,2023-11-17,Referral,Individual,Spanish
CUST003575,Liam,Kim,28.0,Female,Poland,,Warsaw,2020-07-17,Affiliate Partner,Individual,Spanish
CUST002108,Evelyn,Pereira,13.0,Female,U.S.A,,Phoenix,2022-01-05,Paid Social,Family,Arabic
CUST006725,Liam,Richard,32.0,Female,Spain,,Madrid,2019-10-05,Affiliate Partner,Corporate Bundle,Hindi
CUST006061,Luis,Huang,29.0,Female,India,,Ahmedabad,2024-07-05,Partner Bundle (Telecom),Individual,English
CUST006590,Qiang,Yamamoto,42.0,Male,India,,Mumbai,2020-12-01,Email Campaign,Individual,English
CUST000853,Yui,Santos,38.0,Female,India,,Kolkata,2023-10-04,Email Campaign,Student,German
CUST005405,Ananya,Ahmed,23.0,Male,India,,Hyderabad,2023-09-08,Direct,Student,Spanish
CUST005097,Jian,Okonkwo,37.0,Female,Germany,,Hamburg,2022-04-23,Referral,Family,Portuguese
CUST007639,Ali,Baig,15.0,Female,Philippines,,Cebu City,2021-05-09,Partner Bundle (Telecom),Student,Hindi
CUST005120,Oliver,Pereira,31.0,Male,France,,,2024-04-19,Organic Search,Individual,Portuguese
CUST002610,Tao,Costa,13.0,Female,United Arab Emirates,,Dubai,2025-10-09,Organic Search,Individual,Tagalog
CUST000398,Harper,Chen,34.0,Male,,,Guadalajara,2019-07-26,Organic Search,Individual,German
CUST007874,Isabella,Jones,13.0,Female,India,,Delhi,2023-03-19,Paid Social,Individual,English
CUST003870,Riku,Nakamura,35.0,Female,Japan,,Tokyo,2024-10-26,Email Campaign,Individual,Hindi
CUST000402,Amelia,Choi,28.0,Female,Spain,,Madrid,2022-12-01,Paid Social,Family,German
CUST005267,Freddie,Nair,39.0,Male,France,,Toulouse,2025-08-21,Direct,Individual,Hindi
CUST007043,Ananya,Nakamura,41.0,Male,India,,Bengaluru,2021-02-18,Organic Search,Family,English
CUST007025,George,Jones,32.0,Female,United Kingdom,,Manchester,2020-05-20,Referral,Individual,French
CUST006452,Jun,Saito,45.0,Male,Germany,,Berlin,2023-11-13,Organic Search,Individual,English
CUST007505,Haruto,Verma,,Prefer not to say,AUSTRALIA,,Sydney,2025-02-13,Paid Social,Student,English
CUST005841,Karen,Durand,22.0,Female,United States,,Austin,2025-12-26,Partner Bundle (Telecom),Family,Hindi
CUST005971,Mia,Sheikh,33.0,Female,SPAIN,,Barcelona,2024-11-26,Paid Social,Individual,English
CUST004696,Carlos,Otieno,28.0,Female,United Kingdom,,Leeds,2025-11-24,Referral,Family,Spanish
CUST000574,Ava,Costa,18.0,Male,Spain,,Madrid,2026-04-09,Email Campaign,Corporate Bundle,French
CUST002869,Tao,Richard,37.0,Female,France,,Toulouse,2023-07-19,Organic Search,Student,Indonesian
CUST002821,Alfie,Rodriguez,35.0,Female,India,,Hyderabad,2024-09-22,Organic Search,Individual,Tagalog
CUST005248,Alexander,Pereira,,Female,Italy,,Milan,2026-04-22,Organic Search,Individual,
CUST003438,Yui,Mwangi,18.0,Male,Canada,,Toronto,2019-08-26,Paid Social,Corporate Bundle,Indonesian
CUST000536,Aisha,Ito,50.0,Female,India,,Mumbai,2022-05-01,App Store,Corporate Bundle,Hindi
CUST007879,Fernando,Dubois,41.0,Female,Spain,,Seville,2022-02-19,Paid Social,Family,English
CUST002407,Rania,Silva,28.0,Female,France,,Paris,2023-05-05,Referral,Family,Spanish
CUST002211,Jun,Rahman,23.0,Female,United States,,Houston,2025-06-13,Referral,Student,English
CUST007054,Saanvi,Hussain,20.0,Female,Mexico,,Puebla,2022-08-05,Email Campaign,Individual,English
CUST003995,David,Bernard,42.0,Male,United Kingdom,,Manchester,2022-05-29,Paid Social,Student,French
CUST003430,Leo,Hussain,34.0,Female,Germany,,Cologne,2022-09-06,Organic Search,Individual,English
CUST001415,Aarav,Qureshi,,Male,India,,Delhi,2023-06-19,Email Campaign,Family,Portuguese
CUST000474,Kiara,Miller,25.0,Female,,,Houston,2022-01-20,Partner Bundle (Telecom),Individual,Portuguese
CUST005587,Vivaan,Saito,29.0,Male,United States,,Houston,2021-04-15,Direct,Individual,German
CUST003410,Patricia,Abara,24.0,Male,CA,,Calgary,2024-07-17,Referral,Individual,Hindi
CUST000882,Sami,Zhou,27.0,Male,Italy,,Milan,2024-04-23,App Store,Corporate Bundle,English
CUST002624,Anika,Adeyemi,29.0,Female,United States,,Seattle,2024-04-08,Direct,Individual,English
CUST002861,Ali,Rodriguez,20.0,Female,Brazil,,Rio de Janeiro,2022-08-03,Organic Search,Individual,German
CUST004770,Alfie,Sheikh,,Female,US,,New York,2019-09-27,App Store,Family,Indonesian
CUST005488,Salma,Ahmed,33.0,Male,United States,,Chicago,2019-04-29,Affiliate Partner,Individual,Spanish
CUST000470,Oscar,Yang,17.0,Male,South Korea,,Incheon,2024-04-12,Email Campaign,Individual,Korean
CUST005774,Kwame,Wang,21.0,Male,Japan,,Nagoya,2023-03-08,Organic Search,Student,English
CUST003571,Elena,Dubois,39.0,Female,Spain,,Barcelona,2024-01-15,Email Campaign,Family,English
CUST000248,Mary,Silva,,Male,United States,,Houston,2021-03-07,Referral,Individual,English
CUST000222,Chidi,Wagner,14.0,Female,South Korea,,Seoul,2021-10-05,Referral,Individual,
CUST006070,Mia,Wagner,47.0,Female,United States,,Los Angeles,2021-07-28,Paid Social,Corporate Bundle,Hindi
CUST000866,Ricardo,Mwangi,31.0,Male,United States,,Los Angeles,2020-08-29,Paid Social,Corporate Bundle,Hindi
CUST000762,Naledi,Bernard,33.0,Male,Spain,,Barcelona,2019-07-31,Affiliate Partner,Family,Spanish
CUST002628,Chidi,Zhao,47.0,Male,JAPAN,,Tokyo,2021-08-28,Email Campaign,Individual,English
CUST003150,Kofi,Petit,28.0,Male,USA,,Phoenix,2023-09-10,App Store,Individual,Japanese
CUST001644,Robert,Becker,35.0,Male,italy,,Turin,2025-06-03,Affiliate Partner,Individual,German
CUST001278,Navya,Chen,32.0,Female,Poland,,Warsaw,2024-09-01,Organic Search,Family,Hindi
CUST007827,Gabriela,Jones,31.0,Female,Brazil,,Sao Paulo,2020-10-26,Affiliate Partner,Family,English
CUST000426,Aarav,Alves,16.0,Male,,,Los Angeles,2023-12-28,Referral,Student,Spanish
CUST005130,Andrew,Kang,37.0,Female,Brazil,,Rio de Janeiro,2026-05-26,Paid Social,Individual,Spanish
CUST003239,Daniel,Wu,28.0,Male,Canada,,Vancouver,2019-11-23,Paid Social,Corporate Bundle,Korean
CUST001953,Khalid,Adeyemi,32.0,Male,India,,Chennai,2020-10-21,App Store,Individual,English
CUST000229,Maya,Dubois,27.0,Male,India,,Kolkata,2024-02-25,Organic Search,Family,Japanese
CUST001671,Isabella,Watanabe,43.0,Female,Japan,,Nagoya,2024-12-10,Organic Search,Individual,English
CUST006096,Sara,Hoffmann,47.0,Female,Canada,,,2020-01-29,Organic Search,Student,German
CUST000694,Oliver,Ito,36.0,Male,NIGERIA,,Abuja,2023-02-17,App Store,Student,Hindi
CUST001042,Ayaan,Laurent,52.0,Female,South Africa,,,2019-09-22,Paid Social,Individual,Korean
CUST006954,Liam,Chikoti,44.0,Female,Poland,,Wroclaw,2024-10-09,Paid Social,Student,Hindi
CUST006787,Aarav,Schmidt,44.0,Male,Mexico,,Monterrey,2024-08-30,Paid Social,Individual,Spanish
CUST002472,Freddie,Rahman,32.0,Male,Nigeria,,Kano,2020-10-25,Organic Search,Individual,German
CUST004562,Emma,Mensah,44.0,Male,France,,Lyon,2024-01-20,Paid Social,Individual,Hindi
CUST003902,Navya,Hussain,44.0,Female,BRAZIL,,Rio de Janeiro,2023-03-08,Direct,Individual,English
CUST003461,Sarah,Davis,24.0,Male,Mexico,,Monterrey,2024-09-06,Email Campaign,Student,
CUST006468,Qiang,Ahmed,32.0,Female,India,,Hyderabad,2020-10-02,Referral,Family,English
CUST003650,Sota,Lim,35.0,Male,argentina,,Cordoba,2026-04-04,Affiliate Partner,Individual,English
CUST001129,Aditya,Leroy,33.0,Female,BR,,Rio de Janeiro,2022-07-19,Organic Search,Individual,
CUST005528,Vihaan,Koch,16.0,Female,France,,Nice,2022-03-12,Organic Search,Corporate Bundle,Indonesian
CUST006981,Carlos,Meyer,30.0,Female,United States,,New York,2025-11-18,Organic Search,Individual,
CUST007490,Amara,Meyer,39.0,Female,United Kingdom,,Manchester,2025-11-01,Paid Social,Individual,Hindi
CUST000059,Salma,Martinez,37.0,Male,FR,,Paris,2024-04-03,App Store,Individual,Hindi
CUST001972,Aarav,Ahmed,59.0,Female,Australia,,Melbourne,2020-01-23,Partner Bundle (Telecom),Student,English
CUST004768,Yuto,Menon,26.0,Male,Australia,,Brisbane,2025-04-09,Organic Search,Corporate Bundle,Portuguese
CUST003394,Linda,Koch,13.0,Female,INDIA,,Mumbai,2019-11-08,App Store,Family,
CUST004943,Zola,Kobayashi,23.0,Male,India,,Mumbai,2024-09-08,Partner Bundle (Telecom),Family,Spanish
CUST002657,Feng,Robert,19.0,Female,Indonesia,,Bandung,2020-09-19,App Store,Family,Spanish
CUST000097,Hao,Chen,30.0,Female,Germany,,,2020-01-26,App Store,Corporate Bundle,English
CUST007315,Michael,Yang,34.0,Female,U.S.A,,Seattle,2024-12-07,Organic Search,Individual,French
CUST000961,Diego,Chowdhury,31.0,Female,Brazil,,Salvador,2020-07-22,Partner Bundle (Telecom),Family,German
CUST001678,Oliver,Fischer,35.0,Male,United States,,Los Angeles,2019-11-12,App Store,Student,French
CUST002523,Oscar,Johnson,28.0,Female,United Kingdom,,Birmingham,2019-07-22,Referral,Individual,French
CUST000878,Reyansh,Wu,44.0,Female,India,,Kolkata,2020-06-29,App Store,Family,Japanese
CUST003222,Harry,Pereira,,Male,India,,Pune,2019-06-17,Partner Bundle (Telecom),Family,Portuguese
CUST000157,Lucia,Durand,33.0,Male,Argentina,,Buenos Aires,2021-10-16,Paid Social,Individual,Hindi
CUST006653,Maya,Otieno,23.0,Female,South Korea,,Incheon,2025-07-18,App Store,Family,Portuguese
CUST003828,Elijah,Rahman,42.0,Female,Indonesia,,Surabaya,2021-04-11,Paid Social,Individual,English
CUST000612,Valentina,Koch,35.0,Male,India,,Delhi,2021-02-03,Referral,Student,English
CUST001727,Nia,Baig,48.0,Male,Indonesia,,Jakarta,2019-04-11,Organic Search,Individual,Hindi
CUST002843,Jun,Santos,,Female,BR,,Fortaleza,2019-10-26,Organic Search,Individual,Spanish
CUST001189,Daniel,Santos,36.0,Female,Canada,,Ottawa,2022-05-31,Direct,Individual,Spanish
CUST006585,Kofi,Chowdhury,29.0,Female,Germany,,,2019-05-03,Affiliate Partner,Individual,English
CUST000448,Anika,Zhang,25.0,Female,United Kingdom,,Manchester,2022-07-21,Organic Search,Student,English
CUST003887,Sora,Muller,25.0,Female,United States,,Miami,2021-10-31,Email Campaign,Corporate Bundle,Hindi
CUST004170,Sai,Jung,33.0,Female,India,,Pune,2026-05-07,Direct,Family,English
CUST004767,Feng,Malik,45.0,Female,United Arab Emirates,,Dubai,2019-11-24,Referral,Individual,Arabic
CUST000593,Logan,Fischer,41.0,Female,Spain,,Barcelona,2024-07-29,Organic Search,Family,Japanese
CUST005213,Andrew,Durand,42.0,Female,United States,,Chicago,2024-11-02,Organic Search,Individual,Japanese
CUST006935,Amara,Schneider,28.0,Male,India,,Bengaluru,2023-05-07,Organic Search,Individual,Korean
CUST007225,Chidi,Miller,51.0,Female,United States,,New York,2023-08-22,Email Campaign,Student,Indonesian
CUST002190,Hina,Wagner,39.0,Female,AUSTRALIA,,Brisbane,2022-12-06,Affiliate Partner,Individual,French
CUST005911,Maya,Oliveira,37.0,Male,FRANCE,,Paris,2021-04-11,Referral,Individual,French
CUST006567,Sarah,Wang,28.0,Female,United Kingdom,,Glasgow,2024-05-07,Email Campaign,Individual,German
CUST000848,Zola,Rodriguez,43.0,Male,Brazil,,Rio de Janeiro,2025-08-27,Paid Social,Family,English
CUST004953,Sophia,Okafor,51.0,Male,,,Abuja,2020-05-15,Paid Social,Individual,German
CUST000625,Daniel,Gupta,50.0,Female,Germany,,Cologne,2025-10-15,App Store,Corporate Bundle,Spanish
CUST002116,Valentina,Smith,,Female,DE,,Berlin,2025-01-26,Partner Bundle (Telecom),Individual,Tagalog
CUST007173,Aditya,Yang,,Female,India,,Bengaluru,2020-02-02,Direct,Corporate Bundle,
CUST004075,Yusuf,Hussain,24.0,Male,United States,,Los Angeles,2020-04-06,Affiliate Partner,Individual,Spanish
CUST004191,Amara,Chowdhury,32.0,Female,United Kingdom,,Glasgow,2024-05-20,Affiliate Partner,Family,Hindi
CUST003806,Tariq,Alves,15.0,Other,Germany,,Munich,2024-07-13,Affiliate Partner,Family,English
CUST000757,Robert,Jung,51.0,Male,United States,,Chicago,2019-11-02,Organic Search,Individual,Portuguese
CUST003843,Themba,Davis,54.0,Female,France,,Lyon,2019-09-09,Paid Social,Individual,Portuguese
CUST006605,Ali,Johnson,39.0,Male,India,,Kolkata,2026-02-13,Organic Search,Individual,English
CUST002276,Charlie,Otieno,29.0,Male,France,,,2020-03-03,App Store,Individual,Hindi
CUST002677,Patricia,Moreau,16.0,Female,Canada,,Calgary,2025-09-05,Organic Search,Corporate Bundle,English
CUST004542,Emma,Brown,14.0,Male,,,Los Angeles,2022-09-10,Organic Search,Student,Portuguese
CUST001733,Ethan,Khan,13.0,Male,Italy,,Milan,2021-05-01,Referral,Family,Korean
CUST006581,Saanvi,Hoffmann,36.0,Male,Japan,,,2026-03-29,Referral,Individual,English
CUST001560,Linda,Wu,35.0,Male,United Kingdom,,Glasgow,2022-12-09,Organic Search,Individual,Japanese
CUST003051,Charlie,Otieno,27.0,Female,,,Barcelona,2025-11-13,Referral,Family,English
CUST005742,Alexander,Wang,22.0,Male,United States,,Houston,2024-12-12,Referral,Individual,Indonesian
CUST002555,Hina,Tanaka,52.0,Male,CANADA,,Calgary,2019-01-12,Partner Bundle (Telecom),Family,English
CUST001920,Sarah,Mensah,18.0,Female,united states,,Miami,2021-03-10,Paid Social,Family,English
CUST000765,Omar,Lee,34.0,Other,Nigeria,,Abuja,2022-04-02,Organic Search,Individual,German
CUST005823,Feng,Abara,28.0,Female,Japan,,Tokyo,2021-05-24,Organic Search,Individual,English
CUST007756,Oscar,Schmidt,48.0,Male,Indonesia,,Surabaya,2025-11-05,Partner Bundle (Telecom),Individual,French
CUST001748,Yuto,Yoon,18.0,Male,FR,,Nice,2021-04-19,Email Campaign,Individual,Spanish
CUST001783,Lucas,Durand,46.0,Male,Canada,,Montreal,2025-03-31,Organic Search,Family,English
CUST007229,Jacob,Schmidt,37.0,Male,Canada,,Ottawa,2026-05-18,Organic Search,Individual,Hindi
CUST001260,Mary,Cho,47.0,Male,Germany,,Munich,2026-02-18,Referral,Student,English
CUST005068,Ethan,Davis,40.0,Male,,,Chennai,2025-09-17,Partner Bundle (Telecom),Individual,Japanese
CUST005346,Jose,Takahashi,27.0,Male,Canada,,Calgary,2026-04-02,Paid Social,Student,English
CUST001025,Elena,Fischer,28.0,Female,,,Toronto,2025-10-06,Paid Social,Individual,Hindi
CUST002911,Krishna,Wu,25.0,Female,Brazil,,Fortaleza,2024-03-14,Referral,Student,Arabic
CUST000753,Riya,Williams,13.0,Male,India,,Chennai,2024-08-21,Organic Search,Student,English
CUST001321,Riya,Meyer,31.0,Male,Italy,,,2024-07-12,App Store,Individual,Hindi
CUST000352,Krishna,Adeyemi,26.0,Female,Japan,,Nagoya,2021-10-21,App Store,Family,English
CUST007672,Alfie,Hussain,46.0,Female,United States,,Chicago,2022-09-03,Direct,Family,English
CUST006094,Elijah,Cho,26.0,Female,United States,,New York,2025-01-24,Organic Search,Individual,English
CUST006750,Oscar,Lee,16.0,Female,France,,Toulouse,2019-03-05,Partner Bundle (Telecom),Family,English
CUST002374,Jacob,Suzuki,26.0,Male,Spain,,Madrid,2023-04-23,App Store,Individual,Indonesian
CUST006486,Paula,Yoon,26.0,Male,United Kingdom,,Liverpool,2020-07-22,Email Campaign,Corporate Bundle,English
CUST001672,Oliver,Rodriguez,32.0,Male,,,Hyderabad,2023-01-31,Organic Search,Corporate Bundle,English
CUST003376,Kwame,Costa,46.0,Male,United Arab Emirates,,Abu Dhabi,2025-08-14,Direct,Individual,German
CUST000562,Leo,Okonkwo,13.0,Female,Brazil,,Rio de Janeiro,2021-08-21,Referral,Individual,Hindi
CUST005667,Paula,Huang,45.0,Female,Mexico,,Guadalajara,2025-10-21,Paid Social,Individual,Spanish
CUST004302,Ali,Weber,32.0,Male,,,Miami,2023-01-23,App Store,Individual,Portuguese
CUST004536,Zara,Otieno,59.0,Female,Bharat,,Pune,2024-09-28,Direct,Individual,Japanese
CUST002319,Ayaan,Rodrigues,37.0,Female,,,Sharjah,2025-02-26,Direct,Student,German
CUST002690,Salma,Verma,53.0,Female,Canada,,Toronto,2019-09-01,Direct,Individual,English
CUST003210,Mohammed,Hussain,33.0,Female,Nigeria,,Lagos,2020-11-22,Affiliate Partner,Individual,
CUST001048,Yuto,Moreau,36.0,Other,Britain,,Leeds,2025-08-02,Organic Search,Student,Arabic
CUST002273,Navya,Weber,,Female,Italy,,Turin,2025-12-22,Affiliate Partner,Family,English
CUST001422,Ethan,Liu,41.0,Male,Nigeria,,Kano,2025-03-29,Partner Bundle (Telecom),Individual,Spanish
CUST000415,Sophia,Adeyemi,31.0,Female,Brazil,,Sao Paulo,2025-04-27,Referral,Family,Spanish
CUST006927,Vihaan,Sato,29.0,Female,India,,Bengaluru,2020-11-29,Referral,Individual,English
CUST006014,Kofi,Liu,29.0,Female,United States,,Seattle,2022-10-27,Direct,Student,Arabic
CUST001941,Lucia,Brown,52.0,Male,Spain,,Barcelona,2021-05-08,Referral,Family,Spanish
CUST004872,Kwame,Chowdhury,20.0,Female,UK,,Leeds,2022-04-17,Organic Search,Student,English
CUST002084,Sophia,Davis,46.0,Male,Australia,,Melbourne,2019-11-30,App Store,Corporate Bundle,Spanish
CUST004465,Sami,Mwangi,25.0,Male,Mexico,,Mexico City,2023-04-19,Organic Search,Corporate Bundle,Spanish
CUST001732,Yuto,Schmidt,41.0,Prefer not to say,Spain,,Seville,2020-12-06,Organic Search,Family,Hindi
CUST006371,Daniela,Sheikh,37.0,Male,Japan,,Tokyo,2023-01-19,Referral,Individual,English
CUST007989,Rania,Lim,39.0,Male,India,,Mumbai,2024-11-03,Paid Social,Corporate Bundle,Hindi
CUST006473,Logan,Wagner,,Other,United States,,Chicago,2019-08-07,Email Campaign,Family,Hindi
CUST002274,Salma,Martin,15.0,Female,Brazil,,Sao Paulo,2022-01-04,Referral,Family,
CUST003039,Sota,Petit,32.0,Female,United Arab Emirates,,Sharjah,2023-02-15,App Store,Individual,French
CUST000843,Elizabeth,Rahman,37.0,Female,India,,Bengaluru,2019-12-03,Affiliate Partner,Family,Japanese
CUST001147,Sofia,Nair,30.0,Male,UK,,Manchester,2021-08-23,Referral,Family,Italian
CUST007650,Pari,Nair,26.0,Male,United States,,Miami,2024-12-12,Partner Bundle (Telecom),Individual,Arabic
CUST001766,Arjun,Okonkwo,46.0,Female,Spain,,Seville,2022-05-05,Paid Social,Individual,Italian
CUST006552,Wei,Lim,37.0,Female,Poland,,Warsaw,2024-09-09,App Store,Individual,English
CUST001254,Diya,Weber,13.0,Female,Brazil,,Fortaleza,2020-02-23,Email Campaign,Individual,French
CUST003662,John,Schmidt,38.0,Male,India,,Delhi,2019-01-14,Affiliate Partner,Individual,English
CUST001481,George,Sheikh,22.0,Male,United States,,New York,2022-12-10,Email Campaign,Corporate Bundle,English
CUST004829,Sara,Meyer,38.0,Male,Canada,,Vancouver,2019-09-12,App Store,Individual,Arabic
CUST007356,Sota,Muller,23.0,Female,Canada,,Ottawa,2023-02-18,Paid Social,Family,Korean
CUST007831,Anika,Muller,30.0,Male,Germany,,Munich,2025-10-02,App Store,Individual,English
CUST007070,Navya,Gupta,26.0,Female,United States,,Phoenix,2024-08-07,Referral,Individual,Korean
CUST000379,Ming,Leroy,32.0,Female,Canada,,,2020-02-05,Paid Social,Individual,Korean
CUST002307,Mason,Oliveira,32.0,Male,Spain,,Madrid,2019-06-01,Organic Search,Individual,Korean
CUST005434,Kwame,Jung,13.0,Female,United States,,Chicago,2020-03-03,Affiliate Partner,Family,French
CUST004253,Camila,Meyer,30.0,Female,United States,,Miami,2021-07-28,Organic Search,Family,Japanese
CUST001418,Ming,Becker,26.0,Male,United Kingdom,,London,2019-09-28,Referral,Student,
CUST003574,Mariana,Park,31.0,Male,NG,,Lagos,2026-03-26,App Store,Individual,English
CUST004205,Alfie,Singh,39.0,Female,Germany,,Munich,2020-11-21,App Store,Individual,Hindi
CUST003099,Riku,Nakamura,,Other,Australia,,Sydney,2021-03-01,Paid Social,Family,English
CUST006301,Camila,Takahashi,22.0,Male,Japan,,Nagoya,2026-04-27,Referral,Family,French
CUST003152,Sophia,Banda,39.0,Female,India,,Hyderabad,2021-06-30,Direct,Individual,Italian
CUST007825,Michael,Koch,33.0,Female,India,,Ahmedabad,2022-04-26,Paid Social,Individual,Arabic
CUST006030,Fatima,Hussain,24.0,Female,Canada,,Calgary,2021-12-27,Email Campaign,Individual,Hindi
CUST006342,Yuto,Lee,26.0,Male,Indonesia,,Jakarta,2020-05-10,Partner Bundle (Telecom),Family,English
CUST002058,Oliver,Costa,33.0,Female,united states,,Miami,2021-12-13,Paid Social,Individual,Japanese
CUST005883,Zara,Zhou,27.0,Male,USA,,Austin,2022-04-25,Paid Social,Individual,Arabic
CUST007854,Riya,Moreau,41.0,Female,Poland,,Wroclaw,2020-05-16,Paid Social,Student,Japanese
CUST001898,Anika,Davis,21.0,Female,Philippines,,Manila,2023-08-12,Organic Search,Student,Japanese
CUST007867,Kwame,Lim,39.0,Female,canada,,Calgary,2020-06-07,Partner Bundle (Telecom),Family,Arabic
CUST007327,Leo,Zhang,32.0,Female,Nigeria,,Ibadan,2025-08-14,Organic Search,Student,English
CUST006593,Alexander,Becker,16.0,Male,Argentina,,Cordoba,2021-06-05,Organic Search,Individual,English
CUST002541,Amelia,Yamamoto,39.0,Female,,,Jakarta,2024-10-26,App Store,Individual,Portuguese
CUST003194,Fatima,Schneider,44.0,Male,Germany,,Berlin,2023-10-20,Affiliate Partner,Family,English
CUST004448,Diego,Watanabe,18.0,Female,Japan,,Tokyo,2022-09-14,App Store,Individual,English
CUST007464,Sarah,Malik,41.0,Other,,,Montreal,2023-09-25,Email Campaign,Individual,Hindi
CUST004878,Reyansh,Dubois,13.0,Male,India,,Ahmedabad,2025-07-13,Organic Search,Individual,French
CUST006460,Yong,Yamamoto,34.0,Male,United Kingdom,,Manchester,2021-10-25,Referral,Individual,English
CUST001176,Chidi,Santos,29.0,Male,India,,Hyderabad,2023-03-01,Organic Search,Corporate Bundle,French
CUST004951,Tendai,Baig,,Male,Canada,,Ottawa,2020-12-08,Organic Search,Student,
CUST001722,Oliver,Baig,25.0,Male,United Kingdom,,London,2023-11-12,Referral,Family,Portuguese
CUST006436,Jose,Ito,38.0,Female,France,,Toulouse,2021-02-11,App Store,Family,French
CUST002113,Aditya,Ahmed,30.0,Male,USA,,Chicago,2025-08-03,Organic Search,Student,Portuguese
CUST005484,Harper,Hussain,37.0,Male,Germany,,Berlin,2019-09-21,Partner Bundle (Telecom),Individual,French
CUST006263,Isabella,Petit,36.0,Female,France,,Toulouse,2025-03-20,Email Campaign,Family,Polish
CUST005307,Juan,Hoffmann,13.0,Female,South Africa,,,2023-02-12,Affiliate Partner,Family,
CUST000548,Feng,Verma,15.0,Male,United States,,Houston,2020-09-22,Organic Search,Individual,Tagalog
CUST005235,Paula,Reddy,26.0,Female,,,Busan,2025-06-10,Affiliate Partner,Individual,English
CUST004463,Mariana,Santos,31.0,Female,United States,,Miami,2022-05-25,Referral,Individual,Portuguese
CUST007864,Robert,Qureshi,28.0,Male,India,,Chennai,2026-01-23,Referral,Family,English
CUST002575,Isabella,Schmidt,24.0,Male,,,Paris,2026-05-18,Organic Search,Corporate Bundle,Arabic
CUST000173,Miguel,Huang,29.0,Female,India,,Delhi,2025-08-05,Paid Social,Individual,Indonesian
CUST006985,Luis,Brown,29.0,Male,Canada,,Ottawa,2019-10-15,App Store,Family,Arabic
CUST005809,Khalid,Leroy,32.0,Male,United States,,Phoenix,2021-12-03,Paid Social,Corporate Bundle,Korean
CUST001633,Oscar,Patel,40.0,Male,IN,,Hyderabad,2025-10-29,Referral,Family,German
CUST006819,Naledi,Reddy,36.0,Female,India,,Bengaluru,2022-01-02,Organic Search,Individual,German
CUST001635,Ali,Kim,,Female,United States,,New York,2019-10-22,Referral,Family,English
CUST006312,Hassan,Schmidt,17.0,Male,Nigeria,,Abuja,2023-10-08,App Store,Individual,Arabic
CUST004639,Naledi,Zhou,25.0,Female,brazil,,Sao Paulo,2019-02-12,Paid Social,Family,Spanish
CUST006776,Kofi,Koch,25.0,Male,Canada,,Vancouver,2024-05-23,Organic Search,Individual,Polish
CUST003366,Nia,Tanaka,24.0,Female,United States,,Austin,2023-11-11,Direct,Individual,Hindi
CUST006610,Juan,Yang,36.0,Male,Indonesia,,Jakarta,2024-07-05,App Store,Student,English
CUST002752,Salma,Oliveira,36.0,Male,ARGENTINA,,Rosario,2025-03-19,Paid Social,Individual,English
CUST006519,Nia,Adeyemi,47.0,Female,AUSTRALIA,,Perth,2021-08-11,Affiliate Partner,Corporate Bundle,Spanish
CUST006684,Amina,Fischer,22.0,Male,India,,Hyderabad,2020-10-22,Direct,Individual,Indonesian
CUST004231,Carlos,Ahmed,19.0,Male,France,,Toulouse,2022-08-17,Referral,Family,English
CUST001039,Reyansh,Moreau,20.0,Male,India,,Ahmedabad,2020-10-06,Affiliate Partner,Family,Hindi
CUST000324,Mia,Okonkwo,29.0,Male,united states,,Los Angeles,2023-01-03,Referral,Corporate Bundle,Arabic
CUST004251,Khalid,Zhao,45.0,Female,Bharat,,Hyderabad,2019-11-01,Organic Search,Individual,French
CUST003909,Lei,Silva,38.0,Prefer not to say,Germany,,Frankfurt,2019-04-09,Organic Search,Individual,English
CUST007017,Oliver,Choi,52.0,Male,United States,,Seattle,2023-12-24,Affiliate Partner,Family,Japanese
CUST006576,Susan,Okafor,46.0,Female,South Africa,,Durban,2019-04-23,Organic Search,Individual,Hindi
CUST000894,Paula,Khan,34.0,Male,United States,,Austin,2021-02-04,Organic Search,Family,English
CUST001673,Feng,Singh,29.0,Male,GERMANY,,Cologne,2023-06-23,Referral,Individual,Hindi
CUST002346,Luis,Chowdhury,20.0,Male,Mexico,,Guadalajara,2025-11-30,Organic Search,Family,Italian
CUST000325,Jack,Costa,28.0,Male,Argentina,,Cordoba,2023-06-17,Referral,Individual,Portuguese
CUST001216,Sophia,Jones,,Male,India,,Pune,2025-06-20,Referral,Family,Indonesian
CUST007690,John,Brown,43.0,Female,United States,,Austin,2025-06-26,Organic Search,Individual,English
CUST004054,Wei,Schmidt,22.0,Male,Brazil,,Brasilia,2022-11-30,Organic Search,Student,English
CUST004571,Mason,Nair,20.0,Other,U.K.,,Glasgow,2025-07-10,Affiliate Partner,Family,English
CUST007326,Miguel,Adeyemi,45.0,Male,Spain,,Seville,2025-09-17,Paid Social,Individual,English
CUST007245,Anika,Menon,37.0,Female,United Arab Emirates,,Sharjah,2019-08-27,App Store,Student,English
CUST001130,Daniel,Baig,42.0,Female,United Arab Emirates,,Abu Dhabi,2023-07-23,Affiliate Partner,Corporate Bundle,English
CUST003095,Amina,Sato,46.0,Female,United Arab Emirates,,Dubai,2021-12-04,App Store,Corporate Bundle,Tagalog
CUST003746,Amara,Takahashi,16.0,Female,India,,Bengaluru,2019-11-13,Organic Search,Family,English
CUST005426,Saanvi,Lee,23.0,Male,South Africa,,,2023-02-21,Affiliate Partner,Individual,Hindi
CUST000665,David,Zhou,44.0,Female,,,Austin,2022-06-16,Email Campaign,Family,German
CUST004481,Ibrahim,Garcia,19.0,Male,United Kingdom,,Birmingham,2025-05-21,Organic Search,Individual,Korean
CUST002630,James,Brown,28.0,Female,France,,Nice,2024-11-07,Organic Search,Individual,Indonesian
CUST000209,Omar,Rodrigues,13.0,Male,Spain,,Seville,2025-11-03,Referral,Family,Portuguese
CUST005004,Krishna,Reddy,17.0,Female,United States,,Houston,2024-04-11,Referral,Corporate Bundle,Spanish
CUST000748,Huda,Sheikh,24.0,Male,Canada,,Vancouver,2019-10-31,Paid Social,Student,Spanish
CUST001430,Naledi,Otieno,54.0,Prefer not to say,United Kingdom,,Birmingham,2025-02-14,Partner Bundle (Telecom),Individual,Spanish
CUST000799,Themba,Diallo,35.0,Female,United States,,Miami,2023-12-17,Email Campaign,Family,English
CUST000089,Diego,Fischer,42.0,Male,South Africa,,Durban,2019-01-11,Organic Search,Corporate Bundle,Indonesian
CUST000735,Ethan,Zhao,24.0,Male,Spain,,Valencia,2023-10-09,Organic Search,Individual,English
CUST005573,Ishaan,Wagner,35.0,Male,Argentina,,Buenos Aires,2023-04-02,Email Campaign,Individual,Spanish
CUST004765,Aditya,Mensah,46.0,Other,United Kingdom,,London,2024-07-04,Referral,Corporate Bundle,French
CUST002727,Ali,Rahman,23.0,Female,Italy,,Turin,2024-10-01,Referral,Student,English
CUST001175,Jacob,Qureshi,50.0,Prefer not to say,Australia,,Perth,2023-03-20,App Store,Individual,English
CUST001927,Salma,Nakamura,39.0,Male,Spain,,Madrid,2023-04-17,Organic Search,Student,English
CUST005286,Ali,Richard,39.0,Female,United Kingdom,,London,2025-03-30,Email Campaign,Individual,English
CUST001154,Sara,Takahashi,29.0,Female,France,,Marseille,2025-03-05,Paid Social,Family,English
CUST000199,Ayaan,Menon,43.0,Female,United States,,Austin,2024-12-19,Paid Social,Individual,Japanese
CUST002603,Ishaan,Schmidt,51.0,Male,India,,Chennai,2020-07-11,App Store,Individual,Hindi
CUST007681,Paula,Williams,13.0,Female,India,,Chennai,2020-02-08,Paid Social,Individual,German
CUST001098,Ming,Jung,55.0,Male,Japan,,Tokyo,2025-01-20,Paid Social,Individual,English
CUST000549,Isabella,Mwangi,49.0,Female,South Africa,,Durban,2024-04-21,App Store,Individual,Arabic
CUST002647,Maya,Meyer,25.0,Male,India,,Kolkata,2023-04-26,Affiliate Partner,Family,Spanish
CUST002025,John,Okafor,43.0,Male,United States,,Miami,2021-05-01,Paid Social,Individual,Polish
CUST001966,Oliver,Robert,42.0,Male,United States,,Austin,2021-06-05,App Store,Student,Hindi
CUST003439,Omar,Rodriguez,29.0,Male,Nigeria,,Kano,2024-02-01,Paid Social,Individual,English
CUST001322,Ayaan,Malik,33.0,Male,United States,,Los Angeles,2026-04-01,Referral,Student,Polish
CUST003300,Mariana,Wagner,21.0,Male,India,,Chennai,2022-06-26,Partner Bundle (Telecom),Individual,Japanese
CUST005763,Sophia,Zhang,31.0,Male,India,,Bengaluru,2025-08-10,Direct,Individual,Hindi
CUST007985,Huda,Tanaka,54.0,Male,Spain,,Seville,2025-08-30,Organic Search,Family,Hindi
CUST005210,Miguel,Lee,53.0,Male,United States,,,2024-09-10,Referral,Individual,Hindi
CUST004706,Zola,Laurent,42.0,Female,IN,,Kolkata,2025-08-25,Paid Social,Family,English
CUST005266,Hassan,Banda,29.0,Male,Brazil,,Rio de Janeiro,2020-06-17,App Store,Individual,Hindi
CUST003465,Kiara,Weber,26.0,Male,Japan,,Yokohama,2025-04-04,Organic Search,Individual,Japanese
CUST005776,Karen,Laurent,33.0,Female,Brazil,,Salvador,2023-09-08,Organic Search,Student,Japanese
CUST005423,Juan,Yamamoto,40.0,Male,United States,,Chicago,2022-11-13,Partner Bundle (Telecom),Individual,Hindi
CUST005201,Harper,Pereira,32.0,Male,Spain,,Seville,2019-12-07,Paid Social,Corporate Bundle,Korean
CUST007345,Hina,Wang,,Female,Italy,,Turin,2019-07-03,Partner Bundle (Telecom),Family,English
CUST006764,Jennifer,Reddy,47.0,Female,Argentina,,Rosario,2023-07-15,Partner Bundle (Telecom),Individual,Japanese
CUST006464,James,Laurent,29.0,Other,United Kingdom,,Liverpool,2020-08-24,Organic Search,Individual,German
CUST003837,Ren,Becker,14.0,Other,South Africa,,Cape Town,2020-01-30,Direct,Corporate Bundle,Spanish
CUST000938,Leo,Reddy,50.0,Female,Italy,,Rome,2021-06-30,Organic Search,Individual,Portuguese
CUST005940,Sami,Miller,38.0,Female,INDIA,,Ahmedabad,2020-12-11,Organic Search,Individual,Portuguese
CUST002779,Olivia,Garcia,33.0,Female,United States,,Los Angeles,2019-11-29,Affiliate Partner,Family,English
CUST003310,Mary,Wang,41.0,Male,,,,2026-03-21,Organic Search,Individual,English
CUST003945,Kiara,Li,13.0,Prefer not to say,Japan,,Yokohama,2025-02-09,Partner Bundle (Telecom),Individual,Indonesian
CUST002133,Jacob,Garcia,35.0,Male,Canada,,Vancouver,2019-04-04,Paid Social,Individual,German
CUST005076,Alfie,Ali,13.0,Female,FRANCE,,Toulouse,2022-09-11,Paid Social,Corporate Bundle,Portuguese
CUST007503,Harper,Kobayashi,31.0,Female,INDIA,,Hyderabad,2019-12-08,Partner Bundle (Telecom),Corporate Bundle,English
CUST005092,Sakura,Moreau,30.0,Female,United States,,Miami,2022-05-02,Organic Search,Family,English
CUST002670,Noor,Qureshi,28.0,Female,Philippines,,Manila,2021-03-08,Referral,Student,English
CUST003800,Tao,Kang,24.0,Male,India,,Hyderabad,2023-05-15,Paid Social,Individual,Japanese
CUST002465,Mason,Moreau,46.0,Female,France,,Marseille,2020-10-15,Partner Bundle (Telecom),Individual,English
CUST004099,Mariana,Wang,37.0,Female,India,,Mumbai,2025-10-09,Email Campaign,Individual,Hindi
CUST003579,Lucia,Becker,28.0,Female,India,,Bengaluru,2025-09-01,Organic Search,Individual,Hindi
CUST006840,Sora,Watanabe,46.0,Female,United States,,Houston,2026-01-24,Referral,Family,Indonesian
CUST000621,Isabella,Suzuki,45.0,Female,ID,,Surabaya,2019-06-19,Referral,Family,Spanish
CUST001917,Robert,Dubois,39.0,Male,Australia,,Melbourne,2019-12-22,Organic Search,Family,Hindi
CUST007846,Jian,Li,36.0,Male,Italy,,,2023-11-05,Direct,Family,Japanese
CUST007482,Freddie,Ferreira,27.0,Female,United States,,Phoenix,2020-04-16,Partner Bundle (Telecom),Individual,German
CUST007535,Kofi,Verma,29.0,Female,United States,,Chicago,2019-10-12,Email Campaign,Corporate Bundle,Spanish
CUST000479,Fernando,Almeida,15.0,Female,United States,,,2020-07-08,Referral,Individual,Hindi
CUST001353,Zola,Yoon,19.0,Male,Philippines,,Cebu City,2023-01-29,Paid Social,Student,English
CUST001872,Kwame,Sharma,26.0,Female,Nigeria,,Kano,2023-04-05,Referral,Family,English
CUST003255,Hina,Sato,25.0,Male,United Kingdom,,Leeds,2023-01-14,Email Campaign,Student,Hindi
CUST005784,Charlotte,Jang,44.0,Female,India,,Ahmedabad,2019-12-15,Paid Social,Individual,Arabic
CUST002358,Luis,Banda,30.0,Male,India,,,2023-04-05,Partner Bundle (Telecom),Individual,English
CUST007715,Layla,Park,27.0,Female,Germany,,Frankfurt,2024-12-24,App Store,Individual,Korean
CUST004025,Mia,Tanaka,45.0,Male,United Kingdom,,Birmingham,2020-01-15,App Store,Individual,Polish
CUST001034,Zola,Mensah,31.0,Female,India,,Chennai,2021-11-25,Partner Bundle (Telecom),Corporate Bundle,Hindi
CUST002376,Karen,Choi,22.0,Female,Nigeria,,Lagos,2023-05-09,Organic Search,Student,Hindi
CUST000287,Fernando,Mwangi,42.0,Female,France,,Lyon,2020-06-29,Paid Social,Individual,English
CUST000551,Charlie,Lee,26.0,Male,France,,Nice,2019-07-27,Referral,Family,Japanese
CUST003860,Fatima,Costa,40.0,Female,India,,Bengaluru,2022-03-12,Partner Bundle (Telecom),Student,English
CUST006743,Daniel,Jones,23.0,Male,Philippines,,Cebu City,2025-12-08,Paid Social,Individual,German
CUST003667,Valentina,Leroy,29.0,Male,Brazil,,Brasilia,2024-09-28,Email Campaign,Individual,English
CUST005551,Carlos,Petit,48.0,Female,United States,,New York,2020-08-19,Organic Search,Individual,English
CUST002234,Nia,Chikoti,23.0,Female,Germany,,Frankfurt,2023-10-12,Referral,Individual,Hindi
CUST007372,Lucia,Tanaka,53.0,Female,GERMANY,,Hamburg,2024-12-05,App Store,Student,Portuguese
CUST001426,Zola,Miller,22.0,Female,CANADA,,Montreal,2023-07-01,Direct,Individual,English
CUST001551,Carlos,Adeyemi,42.0,Male,Brazil,,Fortaleza,2021-12-22,Paid Social,Corporate Bundle,Hindi
CUST002578,Diya,Richard,39.0,Male,Mexico,,Mexico City,2021-04-18,Organic Search,Individual,English
CUST001863,Huda,Jang,16.0,Male,Nigeria,,Abuja,2025-08-16,Referral,Individual,Hindi
CUST004547,Lucia,Otieno,13.0,Female,France,,Lyon,2022-10-12,Organic Search,Family,English
CUST006625,Maya,Khan,47.0,Male,United Kingdom,,Liverpool,2023-08-25,Paid Social,Individual,Hindi
CUST002224,Navya,Ali,49.0,Female,Brazil,,Salvador,2025-04-28,Direct,Individual,Arabic
CUST002945,Carlos,Iyer,40.0,Male,United Kingdom,,Leeds,2021-12-25,App Store,Individual,Hindi
CUST001558,Khalid,Smith,42.0,Male,United States,,Seattle,2022-03-30,App Store,Individual,English
CUST007665,Mary,Robert,13.0,Male,Spain,,Barcelona,2022-01-06,Organic Search,Family,English
CUST006533,Sota,Laurent,38.0,Female,India,,Ahmedabad,2022-12-14,Referral,Family,English
CUST003164,Susan,Saito,36.0,Male,Spain,,Madrid,2019-05-25,Organic Search,Individual,English
CUST006848,Sota,Suzuki,18.0,Female,Italy,,Turin,2023-07-16,Organic Search,Family,Spanish
CUST001536,Jessica,Souza,63.0,Female,US,,,2022-09-13,Paid Social,Individual,
CUST005711,Carlos,Okonkwo,43.0,Female,France,,Nice,2019-08-19,Partner Bundle (Telecom),Individual,English
CUST001836,Pari,Huang,39.0,Female,South Africa,,Pretoria,2020-01-18,Affiliate Partner,Individual,Indonesian
CUST001617,Tariq,Sheikh,30.0,Male,United Kingdom,,Manchester,2021-02-03,Email Campaign,Individual,Korean
CUST005718,Jose,Pereira,19.0,Female,Canada,,Ottawa,2021-02-18,App Store,Individual,English
CUST002070,Karen,Fischer,30.0,Female,India,,,2020-12-07,Paid Social,Individual,English
CUST000702,Wei,Okonkwo,28.0,Male,U.S.A,,,2025-07-16,App Store,Individual,English
CUST004873,Valentina,Rahman,20.0,Female,United States,,Miami,2025-09-02,Referral,Individual,Spanish
CUST006286,Khalid,Kobayashi,28.0,Female,France,,Paris,2020-07-17,Paid Social,Family,Japanese
CUST003026,Sami,Oliveira,20.0,Male,United States,,Phoenix,2019-09-21,Direct,Family,English
CUST007581,Sami,Nakamura,25.0,Female,Australia,,Melbourne,2023-08-18,Referral,Student,English
CUST005502,Elizabeth,Saito,26.0,Other,United States,,New York,2024-07-11,Organic Search,Corporate Bundle,Portuguese
CUST001534,Ishaan,Chen,38.0,Female,United States,,Houston,2019-09-20,Email Campaign,Family,German
CUST001833,Daniel,Leroy,16.0,Female,U.S.A,,Seattle,2023-03-19,Paid Social,Family,Korean
CUST003699,Naledi,Pereira,13.0,Other,India,,Pune,2019-10-04,App Store,Family,Hindi
CUST006013,Yuto,Ahmed,24.0,Female,Australia,,Perth,2019-02-24,Affiliate Partner,Individual,English
CUST000834,Hina,Saito,49.0,Male,Poland,,Krakow,2021-10-08,Paid Social,Corporate Bundle,Hindi
CUST006379,Haruto,Almeida,29.0,Female,Indonesia,,Surabaya,2025-06-24,Partner Bundle (Telecom),Individual,French
CUST005958,Lucas,Santos,43.0,Female,,,,2022-03-10,Affiliate Partner,Individual,Hindi
CUST000550,Oliver,Chikoti,48.0,Male,United States,,Los Angeles,2020-09-09,Organic Search,Individual,English
CUST001021,William,Chen,46.0,Male,Argentina,,Buenos Aires,2021-06-07,Organic Search,Family,English
CUST000249,Sara,Becker,26.0,Female,Canada,,Vancouver,2025-09-29,Paid Social,Individual,French
CUST006944,Charlotte,Qureshi,41.0,Female,Argentina,,Cordoba,2019-03-04,App Store,Individual,English
CUST005000,Michael,Becker,50.0,Female,MX,,Puebla,2019-04-08,Organic Search,Individual,English
CUST000297,Aadhya,Iyer,32.0,Male,India,,Pune,2023-01-24,Email Campaign,Individual,English
CUST000058,Jessica,Petit,28.0,Female,Canada,,Vancouver,2025-12-02,Email Campaign,Individual,Tagalog
CUST007640,Anika,Jones,36.0,Female,Indonesia,,Bandung,2023-01-18,Referral,Individual,Korean
CUST007699,Andrew,Meyer,2.0,Female,India,,Pune,2020-07-05,App Store,Individual,Arabic
CUST003363,Carlos,Okafor,32.0,Male,Philippines,,Davao City,2019-07-02,Email Campaign,Individual,English
CUST003969,Sakura,Souza,34.0,Male,mexico,,Mexico City,2021-04-24,Referral,Individual,Hindi
CUST000101,Hassan,Yang,41.0,Female,India,,Mumbai,2025-07-17,Referral,Corporate Bundle,Arabic
CUST004661,Yong,Durand,36.0,Male,United States,,Houston,2023-05-23,App Store,Individual,English
CUST001570,Sarah,Diallo,43.0,Female,United Kingdom,,,2019-03-08,Organic Search,Individual,English
CUST003892,Camila,Martin,42.0,Male,United Arab Emirates,,Abu Dhabi,2019-03-07,Organic Search,Family,
CUST002898,Aadhya,Zhang,49.0,Female,,,Seville,2019-10-02,Email Campaign,Individual,
CUST004608,Tariq,Okafor,33.0,Female,France,,Toulouse,2021-01-09,Affiliate Partner,Family,Arabic
CUST000533,Jennifer,Ahmed,,Female,United States,,Miami,2021-06-22,Email Campaign,Family,Indonesian
CUST007909,Haruto,Lee,26.0,Male,Brazil,,Salvador,2020-02-03,Organic Search,Student,Korean
CUST002516,Alexander,Park,44.0,Female,United States,,Austin,2024-07-12,Paid Social,Individual,English
CUST005027,Qiang,Garcia,45.0,Male,indonesia,,Bandung,2023-09-30,Paid Social,Student,English
CUST001371,Naledi,Gupta,20.0,Female,Bharat,,,2025-08-05,Paid Social,Individual,Hindi
CUST003299,Ming,Sato,22.0,Female,Brazil,,Sao Paulo,2024-02-14,Affiliate Partner,Family,Japanese
CUST000347,William,Kobayashi,36.0,Female,Argentina,,,2024-10-02,Referral,Individual,English
CUST004078,Salma,Sharma,53.0,Male,,,Bengaluru,2020-01-16,Paid Social,Family,Hindi
CUST003949,Gabriela,Sato,38.0,Male,Mexico,,Mexico City,2020-08-25,Affiliate Partner,Family,Portuguese
CUST002408,Jessica,Koch,20.0,Female,India,,Chennai,2019-01-05,Affiliate Partner,Individual,Hindi
CUST004692,Luis,Wagner,32.0,Male,South Korea,,Busan,2019-11-11,Organic Search,Individual,English
CUST000682,Jose,Robert,48.0,Male,Brazil,,Brasilia,2024-03-09,Partner Bundle (Telecom),Individual,Arabic
CUST007773,Diego,Yang,27.0,Female,United States,,Los Angeles,2023-01-04,Email Campaign,Individual,German
CUST003405,Pedro,Brown,50.0,Male,India,,Chennai,2023-01-03,Email Campaign,Individual,English
CUST003298,Vivaan,Otieno,35.0,Other,,,Barcelona,2024-09-07,Affiliate Partner,Student,English
CUST003766,Ming,Schmidt,38.0,Female,Mexico,,Mexico City,2024-09-08,Paid Social,Family,Hindi
CUST001490,Matthew,Singh,37.0,Female,United Kingdom,,Birmingham,2020-02-09,Email Campaign,Individual,Korean
CUST003046,Oscar,Diallo,36.0,Male,India,,Bengaluru,2021-10-08,Organic Search,Family,Hindi
CUST005949,Jack,Ito,13.0,Male,Australia,,Perth,2023-11-19,Email Campaign,Individual,English
CUST002339,Carlos,Zhao,57.0,Female,Mexico,,Guadalajara,2022-06-13,Affiliate Partner,Student,
CUST006423,Emma,Okonkwo,37.0,Female,India,,Pune,2022-06-02,Direct,Family,English
CUST005872,Amina,Yang,30.0,Female,australia,,Brisbane,2022-08-04,Affiliate Partner,Family,Korean
CUST006713,Hao,Chikoti,,Female,India,,Pune,2019-03-07,Affiliate Partner,Family,Arabic
CUST005096,Fatima,Suzuki,13.0,Female,Germany,,Hamburg,2021-04-07,Organic Search,Individual,English
CUST003384,James,Sharma,23.0,Male,Japan,,Nagoya,2025-07-13,App Store,Individual,English
CUST001182,Tao,Garcia,32.0,Male,India,,Hyderabad,2024-10-27,App Store,Student,Indonesian
CUST001376,Kofi,Ahmed,48.0,Male,France,,Toulouse,2022-11-17,Paid Social,Individual,Tagalog
CUST005661,Yuto,Qureshi,34.0,Male,South Africa,,Pretoria,2026-05-06,App Store,Corporate Bundle,Polish
CUST002958,Elena,Wagner,28.0,Other,Philippines,,Davao City,2019-06-23,Affiliate Partner,Individual,English
CUST001562,Alejandro,Sheikh,31.0,Male,Japan,,Nagoya,2021-02-04,Referral,Corporate Bundle,Spanish
CUST006946,Jian,Ahmed,49.0,Male,philippines,,Manila,2024-07-21,Referral,Individual,English
CUST004057,Mohammed,Rahman,21.0,Prefer not to say,MEXICO,,Guadalajara,2024-06-27,Affiliate Partner,Individual,Japanese
CUST004926,Sora,Mensah,2.0,Female,United Kingdom,,London,2019-07-31,Referral,Student,English
CUST003729,Robert,Kobayashi,36.0,Female,India,,Bengaluru,2025-05-19,App Store,Family,English
CUST001821,Themba,Tanaka,37.0,Prefer not to say,United States,,New York,2024-02-23,Paid Social,Individual,Tagalog
CUST004206,Pedro,Zhang,31.0,Female,U.A.E,,Dubai,2019-06-07,Paid Social,Student,Hindi
CUST006655,Alfie,Moreau,28.0,Female,,,Leeds,2019-12-23,Partner Bundle (Telecom),Student,English
CUST000085,Oscar,Patel,35.0,Male,United States,,Houston,2022-01-05,App Store,Family,Tagalog
CUST007898,Gabriela,Mensah,34.0,Male,United Kingdom,,Birmingham,2020-12-04,Affiliate Partner,Individual,Hindi
CUST002302,Robert,Yoon,62.0,Female,Mexico,,Mexico City,2024-10-27,App Store,Corporate Bundle,Spanish
CUST006034,Gabriela,Choi,46.0,Female,Australia,,,2023-08-15,Referral,Student,Spanish
CUST004020,Amara,Chen,23.0,Male,Mexico,,Puebla,2020-08-08,Affiliate Partner,Individual,English
CUST003134,Logan,Oliveira,41.0,Female,Australia,,Melbourne,2025-06-30,Organic Search,Individual,English
CUST002471,Yui,Park,13.0,Male,Italy,,Milan,2024-05-20,Paid Social,Individual,French
CUST000419,Diya,Souza,28.0,Male,United Kingdom,,Liverpool,2023-02-20,Affiliate Partner,Individual,Japanese
CUST006348,Oliver,Rahman,38.0,Female,France,,Marseille,2023-04-08,Organic Search,Family,Tagalog
CUST005251,Haruto,Ali,32.0,Female,United Kingdom,,Liverpool,2022-09-22,Affiliate Partner,Individual,Spanish
CUST004595,Fatima,Nakamura,,Male,Spain,,Madrid,2022-09-07,Paid Social,Family,English
CUST003821,Tao,Huang,32.0,Male,Philippines,,Manila,2019-07-22,App Store,Individual,English
CUST004994,Sota,Malik,55.0,Female,Brazil,,Rio de Janeiro,2024-11-06,Partner Bundle (Telecom),Individual,Hindi
CUST003899,Pari,Okonkwo,44.0,Male,France,,Paris,2022-07-29,Organic Search,Family,Hindi
CUST000294,David,Diallo,18.0,Male,Mexico,,Guadalajara,2025-01-12,Direct,Individual,English
CUST005885,Tariq,Muller,37.0,Male,Nigeria,,Kano,2024-10-17,Direct,Corporate Bundle,English
CUST003943,Tao,Chowdhury,39.0,Female,United States,,Miami,2021-06-10,Referral,Family,Portuguese
CUST003689,Evelyn,Jung,28.0,Female,CANADA,,Vancouver,2023-07-18,Email Campaign,Individual,English
CUST006624,Lei,Nair,32.0,Female,INDIA,,Ahmedabad,2020-10-11,Organic Search,Individual,Portuguese
CUST005834,Amina,Martin,,Male,Canada,,Montreal,2024-06-26,Organic Search,Individual,
CUST007586,Ibrahim,Iyer,35.0,Female,Indonesia,,Jakarta,2022-07-17,Email Campaign,Individual,English
CUST004450,Freddie,Abara,37.0,Female,United Arab Emirates,,Sharjah,2022-04-14,Organic Search,Individual,Spanish
CUST001150,Isabella,Liu,61.0,Female,United Kingdom,,,2019-07-23,Affiliate Partner,Corporate Bundle,Japanese
CUST002987,Matthew,Ferreira,49.0,Female,United States,,Phoenix,2022-01-30,Affiliate Partner,Individual,French
CUST002227,Mary,Martinez,44.0,Male,United States,,Los Angeles,2025-01-24,Paid Social,Individual,
CUST005003,Zara,Patel,34.0,Male,India,,Hyderabad,2025-06-06,Paid Social,Student,English
CUST005516,Aarav,Jones,23.0,Male,United Arab Emirates,,Abu Dhabi,2021-03-02,Email Campaign,Individual,Indonesian
CUST006459,Lei,Wu,62.0,Male,Japan,,Osaka,2022-03-19,Referral,Individual,English
CUST006087,Logan,Sharma,48.0,Male,PH,,Davao City,2025-06-02,Referral,Family,English
CUST002723,Feng,Koch,48.0,Female,Italy,,Milan,2019-12-24,Referral,Individual,Hindi
CUST002587,Hassan,Koch,32.0,Male,Germany,,Cologne,2022-07-09,Organic Search,Individual,Indonesian
CUST005056,Henry,Saito,17.0,Male,India,,Hyderabad,2022-08-01,Partner Bundle (Telecom),Corporate Bundle,English
CUST002489,Rania,Sharma,20.0,Male,United Kingdom,,Liverpool,2023-02-28,Affiliate Partner,Family,German
CUST005745,Mariana,Ali,26.0,Female,United Kingdom,,Leeds,2024-11-12,Referral,Family,English
CUST005304,Elena,Schmidt,53.0,Female,United States,,Houston,2021-10-21,Organic Search,Individual,Hindi
CUST002345,Charlotte,Lim,35.0,Male,United Kingdom,,London,2020-02-14,Email Campaign,Family,English
CUST002182,Sota,Pereira,29.0,Male,United States,,Seattle,2024-07-01,Email Campaign,Student,English
CUST007894,Riku,Pereira,29.0,Female,Argentina,,Buenos Aires,2023-07-24,Paid Social,Individual,Hindi
CUST005181,Arjun,Jung,22.0,Male,United Kingdom,,Leeds,2025-01-02,Organic Search,Family,Polish
CUST006195,Amina,Suzuki,38.0,Male,Japan,,Yokohama,2020-10-18,Paid Social,Individual,English
CUST007318,Kwame,Kumar,23.0,Male,United States,,Houston,2023-06-16,Paid Social,Individual,Hindi
CUST001670,Diego,Watanabe,38.0,Female,United States,,Miami,2021-11-05,Referral,Family,English
CUST007728,Mohammed,Muller,57.0,Male,Canada,,Montreal,2022-09-13,Direct,Corporate Bundle,Tagalog
CUST000374,Linda,Ahmed,24.0,Male,Japan,,Tokyo,2021-07-25,Partner Bundle (Telecom),Family,English
CUST004554,Tao,Malik,30.0,Male,United States,,,2025-03-29,App Store,Family,Hindi
CUST005819,Myra,Qureshi,43.0,Female,Canada,,Calgary,2020-02-02,Email Campaign,Individual,English
CUST003249,Amina,Suzuki,48.0,Female,Germany,,Berlin,2023-04-20,Organic Search,Family,
CUST005572,Oliver,Rodriguez,16.0,Female,India,,,2021-05-23,Affiliate Partner,Individual,English
CUST006541,Isabella,Zhao,41.0,Female,Mexico,,Monterrey,2026-02-27,Referral,Individual,English
CUST001704,Matthew,Bernard,18.0,Male,United States,,Houston,2019-09-24,Partner Bundle (Telecom),Family,Portuguese
CUST006477,Karen,Nakamura,36.0,Female,Indonesia,,Jakarta,2023-02-09,Paid Social,Individual,French
CUST005640,Anika,Ali,43.0,Male,Canada,,Toronto,2026-04-13,Referral,Individual,English
CUST002692,Juan,Robert,,Female,Mexico,,Mexico City,2019-01-01,Affiliate Partner,Individual,Hindi
CUST004369,Evelyn,Koch,,Female,INDONESIA,,Surabaya,2021-09-11,Referral,Family,Hindi
CUST003177,Maya,Zhou,33.0,Female,Mexico,,Mexico City,2020-02-12,Referral,Family,Hindi
CUST002642,Anika,Park,13.0,Female,Philippines,,Manila,2020-03-28,Organic Search,Individual,English
CUST002139,Amina,Verma,21.0,Male,United States,,Austin,2024-05-23,Email Campaign,Family,English
CUST002648,Zara,Ahmed,25.0,Female,United Kingdom,,London,2020-12-25,App Store,Individual,Arabic
CUST001394,Vivaan,Khan,31.0,Female,South Korea,,Seoul,2025-07-16,Paid Social,Individual,German
CUST000813,Pari,Petit,48.0,Female,Japan,,Tokyo,2021-06-10,Direct,Individual,Japanese
CUST003917,Wei,Pereira,35.0,Male,Indonesia,,Jakarta,2022-11-27,Affiliate Partner,Individual,English
CUST002477,Aisha,Ahmed,46.0,Female,South Africa,,Johannesburg,2025-07-13,Paid Social,Individual,English
CUST001923,Amina,Moreau,30.0,Other,India,,Pune,2021-05-19,Organic Search,Corporate Bundle,Japanese
CUST006147,Elizabeth,Ali,39.0,Female,United Kingdom,,Leeds,2024-07-20,Partner Bundle (Telecom),Corporate Bundle,French
CUST002914,Reyansh,Ferreira,23.0,Female,Germany,,Cologne,2021-09-16,Organic Search,Individual,Arabic
CUST006520,Sakura,Lee,33.0,Female,Mexico,,Mexico City,2021-10-24,Referral,Corporate Bundle,German
CUST004801,Jian,Brown,30.0,Female,United States,,,2026-03-26,Email Campaign,Family,English
CUST001946,Ethan,Sheikh,,Male,Mexico,,Guadalajara,2026-01-24,Direct,Individual,Portuguese
CUST002707,Aadhya,Fischer,24.0,Female,India,,Mumbai,2021-02-13,Paid Social,Individual,Portuguese
CUST004679,Jessica,Banda,31.0,Female,United States,,Chicago,2021-07-18,Organic Search,Student,English
CUST005375,Henry,Wagner,46.0,Female,India,,Mumbai,2024-02-05,App Store,Corporate Bundle,Hindi
CUST004620,Wei,Saito,41.0,Female,India,,Chennai,2021-02-01,Direct,Family,Portuguese
CUST004985,Mia,Huang,13.0,Female,United States,,Chicago,2023-11-15,Email Campaign,Individual,Japanese
CUST002125,Mohammed,Khan,37.0,Male,Germany,,Munich,2022-01-26,Direct,Student,Spanish
CUST000922,Riku,Watanabe,44.0,Female,United Kingdom,,Glasgow,2026-02-20,App Store,Family,
CUST000323,Matthew,Mwangi,58.0,Female,Indonesia,,Surabaya,2025-12-31,Email Campaign,Family,English
CUST003003,Anika,Sato,33.0,Female,India,,,2025-08-24,Referral,Family,Korean
CUST003488,Kwame,Sharma,26.0,Female,France,,Paris,2023-04-20,Affiliate Partner,Student,Japanese
CUST006225,Mariana,Diallo,27.0,Female,South Africa,,Johannesburg,2020-12-17,Direct,Individual,English
CUST006845,Elizabeth,Khan,28.0,Female,United States,,Los Angeles,2021-05-10,Paid Social,Family,English
CUST007523,Aadhya,Santos,13.0,Male,India,,Delhi,2019-10-02,Partner Bundle (Telecom),Individual,English
CUST003140,John,Yang,38.0,Female,Philippines,,Davao City,2024-11-01,Direct,Family,Portuguese
CUST006247,Sara,Almeida,22.0,Female,,,Delhi,2024-01-17,Direct,Individual,French
CUST002989,Yuto,Patel,22.0,Male,france,,Marseille,2023-09-29,App Store,Individual,Spanish
CUST000232,Kwame,Santos,22.0,Female,Germany,,Berlin,2026-04-10,Referral,Corporate Bundle,Spanish
CUST007077,Diya,Ferreira,13.0,Male,,,Rome,2021-12-28,Organic Search,Individual,Japanese
CUST004059,Salma,Rodrigues,27.0,Female,Brazil,,Rio de Janeiro,2021-02-06,Paid Social,Individual,English
CUST005744,Kiara,Otieno,,Female,United States,,Chicago,2024-01-19,Email Campaign,Family,Portuguese
CUST001080,Diya,Weber,24.0,Male,MX,,Monterrey,2024-10-15,Organic Search,Individual,English
CUST001730,Elizabeth,Ahmed,44.0,Male,Indonesia,,Surabaya,2019-02-27,Referral,Corporate Bundle,Portuguese
CUST001116,Aarav,Wagner,68.0,Male,India,,Pune,2021-04-01,Affiliate Partner,Family,Hindi
CUST003008,Elena,Almeida,32.0,Male,United States,,Houston,2020-11-11,Partner Bundle (Telecom),Individual,Hindi
CUST006775,Aarav,Banda,48.0,Male,Indonesia,,Jakarta,2022-07-27,Affiliate Partner,Individual,Spanish
CUST001468,Nia,Nakamura,31.0,Male,South Korea,,Incheon,2026-01-07,Referral,Individual,English
CUST007652,Sara,Watanabe,27.0,Female,Brazil,,Salvador,2022-12-19,Affiliate Partner,Individual,Japanese
CUST002373,Riya,Tanaka,13.0,Female,South Korea,,Incheon,2025-03-25,App Store,Family,Hindi
CUST001579,Amina,Almeida,31.0,Male,South Africa,,,2022-07-16,Referral,Individual,Spanish
CUST007667,Ananya,Okonkwo,52.0,Female,United States,,Chicago,2026-03-22,Paid Social,Individual,French
CUST006952,Olivia,Khan,38.0,Male,India,,Chennai,2024-02-07,Email Campaign,Individual,Korean
CUST002030,Aadhya,Brown,20.0,Female,Italy,,Naples,2023-11-24,App Store,Student,Spanish
CUST001740,Liam,Hussain,40.0,Male,INDONESIA,,Bandung,2026-03-03,Affiliate Partner,Individual,English
CUST001451,Pari,Abara,13.0,Prefer not to say,United States,,,2021-11-07,App Store,Family,English
CUST004081,Carlos,Abara,35.0,Male,Philippines,,Davao City,2019-02-07,Referral,Individual,English
CUST001742,Ahmed,Choi,39.0,Prefer not to say,Argentina,,Cordoba,2023-02-23,Partner Bundle (Telecom),Family,Italian
CUST005580,Yong,Huang,47.0,Female,,,Leeds,2019-02-13,Referral,Family,Spanish
CUST005317,Aadhya,Tanaka,24.0,Female,Germany,,,2021-12-12,Paid Social,Corporate Bundle,Japanese
CUST004405,Qiang,Ali,40.0,Male,United States,,Houston,2022-09-21,Organic Search,Individual,Korean
CUST007986,Barbara,Cho,41.0,Male,Nigeria,,Lagos,2019-01-01,Paid Social,Individual,English
CUST005331,David,Kang,30.0,Other,India,,,2023-11-18,Referral,Individual,English
CUST002599,Haruto,Patel,31.0,Female,Indonesia,,Jakarta,2024-04-06,Referral,Individual,English
CUST001489,Layla,Cho,25.0,Female,Germany,,Munich,2021-11-15,App Store,Individual,Arabic
CUST007322,Sora,Jones,42.0,Male,Italy,,Rome,2025-11-01,Direct,Corporate Bundle,Indonesian
CUST002167,George,Bernard,42.0,Other,Mexico,,Guadalajara,2019-10-28,Organic Search,Student,English
CUST002178,Alejandro,Jang,15.0,Female,India,,Pune,2025-07-27,Partner Bundle (Telecom),Individual,English
CUST006891,David,Zhao,47.0,Male,ITALY,,Milan,2019-01-05,Organic Search,Individual,Japanese
CUST007915,Ren,Hoffmann,26.0,Male,Spain,,Barcelona,2019-08-18,Affiliate Partner,Corporate Bundle,English
CUST003559,Sora,Bernard,43.0,Prefer not to say,United States,,Houston,2023-12-28,Affiliate Partner,Family,Korean
CUST005081,Elena,Fischer,53.0,Male,Poland,,Warsaw,2023-02-05,App Store,Individual,Korean
CUST001515,Miguel,Adeyemi,42.0,Male,Indonesia,,Surabaya,2026-05-06,App Store,Family,English
CUST000266,Kwame,Dubois,25.0,Female,South Africa,,Durban,2025-10-29,Referral,Individual,Arabic
CUST000001,Jose,Chikoti,43.0,Other,United States,,Chicago,2022-04-30,Organic Search,Student,English
CUST001452,Ishaan,Silva,46.0,Female,United States,,Austin,2021-02-12,Email Campaign,Family,English
CUST004658,Lei,Khan,65.0,Female,United States,,Chicago,2026-05-04,Affiliate Partner,Individual,Arabic
CUST004533,Miguel,Chowdhury,,Female,South Korea,,Seoul,2021-07-10,Direct,Individual,Spanish
CUST002940,Joseph,Davis,36.0,Male,United States,,Houston,2020-10-23,Partner Bundle (Telecom),Corporate Bundle,English
CUST005655,Lucas,Chikoti,40.0,Male,,,Pune,2025-01-04,Email Campaign,Student,English
CUST006528,James,Nair,20.0,Male,Philippines,,Davao City,2023-11-03,Organic Search,Individual,English
CUST000839,Ayaan,Jung,28.0,Female,India,,Ahmedabad,2023-12-13,Organic Search,Student,English
CUST000015,Mary,Mwangi,26.0,Female,brazil,,Sao Paulo,2025-09-09,Partner Bundle (Telecom),Individual,English
CUST003974,Sara,Iyer,38.0,Male,Argentina,,Rosario,2026-01-19,Organic Search,Individual,Portuguese
CUST002318,Susan,Robert,37.0,Female,South Korea,,Incheon,2020-04-09,Organic Search,Individual,English
CUST005395,Isabella,Iyer,37.0,Male,United Kingdom,,Glasgow,2026-05-12,Referral,Family,Spanish
CUST004106,Hassan,Lee,30.0,Male,Philippines,,Manila,2020-08-30,Direct,Student,Hindi
CUST000009,Paula,Malik,,Other,Germany,,Hamburg,2019-11-18,Affiliate Partner,Individual,Hindi
CUST001881,Hao,Yamamoto,22.0,Female,South Africa,,Cape Town,2025-03-09,Paid Social,Family,English
CUST002888,Myra,Zhang,33.0,Female,United States,,Austin,2022-01-15,Paid Social,Student,Hindi
CUST005061,Joseph,Nair,,Female,,,Chennai,2020-10-07,Organic Search,Individual,Portuguese
CUST001040,Kiara,Wang,13.0,Female,Canada,,Vancouver,2022-11-25,Affiliate Partner,Individual,English
CUST003133,Alejandro,Miller,30.0,Female,United States,,Los Angeles,2023-09-07,Paid Social,Student,German
CUST007465,Isabella,Yang,26.0,Female,india,,Kolkata,2024-12-22,App Store,Family,Indonesian
CUST006527,Andrew,Hussain,36.0,Female,United States,,Phoenix,2022-08-15,Referral,Individual,Hindi
CUST007251,Amara,Okafor,33.0,Male,Canada,,Ottawa,2023-06-08,Affiliate Partner,Individual,English
CUST004406,Saanvi,Smith,43.0,Male,Indonesia,,Surabaya,2026-04-29,Affiliate Partner,Individual,English
CUST000340,Salma,Banda,30.0,Male,Canada,,Montreal,2020-11-06,App Store,Individual,English
CUST000122,Layla,Ahmed,38.0,Male,mexico,,Puebla,2020-05-15,Paid Social,Family,English
CUST003625,Hassan,Choi,36.0,Male,france,,,2020-01-14,App Store,Individual,Korean
CUST006826,Mia,Laurent,40.0,Female,United States,,Phoenix,2023-05-19,Paid Social,Family,Indonesian
CUST001091,Pari,Schneider,21.0,Male,India,,Kolkata,2023-12-10,Affiliate Partner,Individual,Japanese
CUST004148,Robert,Nakamura,32.0,Male,United States,,New York,2025-05-10,Affiliate Partner,Individual,German
CUST001373,Pari,Williams,29.0,Female,,,Liverpool,2022-03-23,Partner Bundle (Telecom),Family,English
CUST006058,Mary,Ali,45.0,Female,Mexico,,Puebla,2023-09-20,Referral,Individual,Korean
CUST001318,Paula,Lim,25.0,Male,Japan,,Nagoya,2022-03-21,Referral,Family,Portuguese
CUST000623,Anika,Saito,40.0,Male,USA,,Los Angeles,2025-03-20,Partner Bundle (Telecom),Individual,German
CUST001420,Navya,Robert,27.0,Male,Italy,,Rome,2023-07-30,Referral,Student,Hindi
CUST004093,Evelyn,Jang,39.0,Female,Germany,,Berlin,2024-04-18,Organic Search,Individual,Indonesian
CUST007963,Amara,Huang,38.0,Male,Germany,,Berlin,2020-02-08,Affiliate Partner,Family,Spanish
CUST004716,Sami,Rodrigues,38.0,Female,Philippines,,Manila,2021-02-11,Affiliate Partner,Individual,Spanish
CUST004248,Kwame,Williams,21.0,Male,United States,,Seattle,2025-06-01,Partner Bundle (Telecom),Individual,Hindi
CUST004713,Tariq,Sato,31.0,Female,South Africa,,,2020-08-11,Paid Social,Family,Tagalog
CUST007497,Hassan,Koch,36.0,Male,south korea,,Busan,2019-10-10,Paid Social,Individual,Arabic
CUST004307,Diego,Okonkwo,24.0,Female,Germany,,Berlin,2023-01-22,Partner Bundle (Telecom),Individual,Spanish
CUST001411,Saanvi,Chen,52.0,Male,South Korea,,Busan,2025-04-01,Organic Search,Family,Hindi
CUST003348,Linda,Sato,27.0,Male,United Kingdom,,Glasgow,2024-05-20,App Store,Corporate Bundle,English
CUST002860,Elijah,Chikoti,22.0,Female,Canada,,Calgary,2025-04-15,Email Campaign,Corporate Bundle,English
CUST000890,James,Zhou,24.0,Male,United States,,New York,2020-03-06,Direct,Family,English
CUST005693,Vihaan,Reddy,25.0,Female,CANADA,,Ottawa,2024-09-04,Organic Search,Family,Korean
CUST007150,Naledi,Lee,21.0,Female,South Korea,,Incheon,2022-03-09,Direct,Individual,Polish
CUST002856,John,Petit,31.0,Female,United Kingdom,,London,2024-05-15,Email Campaign,Individual,English
CUST004202,Daniel,Rahman,17.0,Female,Japan,,Nagoya,2025-08-31,Organic Search,Student,Spanish
CUST007926,Charlie,Williams,32.0,Female,Germany,,Berlin,2021-09-28,Organic Search,Individual,English
CUST007208,Maya,Sheikh,32.0,Male,United States,,Chicago,2022-07-04,Direct,Corporate Bundle,English
CUST000197,Robert,Wang,36.0,Prefer not to say,Japan,,Osaka,2024-01-08,Organic Search,Family,Arabic
CUST006557,Wei,Otieno,30.0,Female,Nigeria,,Lagos,2019-09-14,Direct,Individual,English
CUST003965,Riya,Santos,26.0,Female,Spain,,,2024-02-22,Organic Search,Individual,French
CUST000416,Pari,Kumar,36.0,Male,SOUTH AFRICA,,,2021-10-15,Paid Social,Individual,Portuguese
CUST001963,Valentina,Johnson,38.0,Female,United States,,Houston,2019-10-14,Affiliate Partner,Corporate Bundle,Italian
CUST005816,Aoi,Oliveira,40.0,Male,Nigeria,,Lagos,2023-05-03,Partner Bundle (Telecom),Individual,English
CUST007255,Aadhya,Costa,33.0,Female,United States,,Los Angeles,2021-12-19,Organic Search,Family,German
CUST004695,Ava,Suzuki,13.0,Male,India,,,2021-07-26,Organic Search,Individual,English
CUST000433,Salma,Mwangi,17.0,Male,Canada,,Vancouver,2026-05-02,Direct,Individual,English
CUST002863,Joseph,Menon,13.0,Male,Japan,,Nagoya,2023-04-07,Paid Social,Individual,Korean
CUST007155,Tendai,Kobayashi,44.0,Female,,,Surabaya,2019-09-28,App Store,Individual,Arabic
CUST004602,Isabella,Martin,38.0,Prefer not to say,Canada,,Toronto,2019-10-25,Email Campaign,Individual,English
CUST002949,Sai,Li,28.0,Male,India,,Delhi,2021-07-28,Organic Search,Individual,English
CUST003602,Yong,Choi,24.0,Male,,,Phoenix,2020-06-01,Email Campaign,Student,Arabic
CUST002760,Ricardo,Mensah,48.0,Male,Italy,,Rome,2020-02-25,Email Campaign,Individual,Korean
CUST007544,Linda,Yoon,43.0,Male,United Kingdom,,,2020-12-22,Paid Social,Corporate Bundle,Hindi
CUST006560,Alexander,Martinez,40.0,Female,United Kingdom,,Birmingham,2022-11-19,Direct,Family,English
CUST001109,Hassan,Nair,36.0,Female,Canada,,Vancouver,2021-02-10,Paid Social,Family,English
CUST005664,Alfie,Takahashi,16.0,Female,U.K.,,Birmingham,2023-07-09,Referral,Family,Hindi
CUST007868,Alfie,Kim,37.0,Other,United States,,Seattle,2020-11-02,App Store,Individual,Hindi
CUST002313,Tariq,Hoffmann,52.0,Female,South Africa,,Pretoria,2021-11-10,Paid Social,Individual,Japanese
CUST004591,Aarav,Moreau,13.0,Female,JAPAN,,,2021-07-08,Email Campaign,Individual,Korean
CUST007279,Lucas,Sheikh,30.0,Male,Argentina,,Buenos Aires,2019-06-03,Referral,Individual,Hindi
CUST001804,Patricia,Yang,35.0,Male,NG,,Ibadan,2024-09-07,Organic Search,Family,Japanese
CUST001196,Daniel,Diallo,54.0,Male,Poland,,Wroclaw,2023-10-31,Organic Search,Family,English
CUST006963,Mia,Becker,20.0,Male,India,,Kolkata,2019-05-19,Paid Social,Individual,English
CUST005715,Liam,Singh,23.0,Female,canada,,Vancouver,2021-09-19,Referral,Family,English
CUST000605,Tao,Richard,,Male,India,,Hyderabad,2025-09-17,Affiliate Partner,Corporate Bundle,English
CUST002681,Lei,Robert,43.0,Other,South Korea,,Seoul,2025-05-29,Affiliate Partner,Individual,Korean
CUST000881,Jessica,Rahman,40.0,Female,Canada,,Vancouver,2023-03-25,Paid Social,Individual,German
CUST001220,Feng,Rahman,28.0,Male,Japan,,,2023-05-18,Paid Social,Corporate Bundle,English
CUST002685,George,Yamamoto,24.0,Female,United States,,Phoenix,2026-04-10,Partner Bundle (Telecom),Individual,Korean
CUST004374,Ibrahim,Baig,35.0,Female,USA,,Houston,2020-03-07,Paid Social,Individual,English
CUST007593,George,Ahmed,31.0,Female,Germany,,Hamburg,2022-10-21,App Store,Individual,Spanish
CUST004662,Lei,Tanaka,13.0,Male,South Africa,,Pretoria,2023-03-28,Organic Search,Family,English
CUST005155,Sora,Ito,23.0,Male,Germany,,Munich,2025-08-11,Organic Search,Family,French
CUST007009,Amelia,Li,24.0,Male,Indonesia,,Bandung,2024-03-08,App Store,Individual,English
CUST005382,Yui,Fischer,48.0,Male,Nigeria,,Abuja,2020-01-12,Referral,Corporate Bundle,English
CUST006607,Reyansh,Watanabe,13.0,Female,India,,,2024-02-19,Partner Bundle (Telecom),Corporate Bundle,German
CUST002988,Patricia,Dubois,40.0,Male,India,,Delhi,2020-11-08,Partner Bundle (Telecom),Family,
CUST005827,Khalid,Okafor,27.0,Male,Germany,,Berlin,2022-07-23,Referral,Individual,Portuguese
CUST007394,Ibrahim,Meyer,21.0,Male,Philippines,,Manila,2024-05-10,Organic Search,Family,Arabic
CUST001707,Emma,Zhang,49.0,Female,italy,,Rome,2025-11-30,App Store,Individual,English
CUST001159,Harper,Qureshi,21.0,Male,,,Melbourne,2023-05-02,Partner Bundle (Telecom),Individual,Indonesian
CUST004830,John,Martin,,Male,United States,,Seattle,2020-05-08,Email Campaign,Individual,English
CUST004814,Harry,Sharma,35.0,Male,Germany,,Munich,2022-03-02,Partner Bundle (Telecom),Individual,English
CUST006323,Jessica,Liu,23.0,Prefer not to say,United Arab Emirates,,Dubai,2019-08-13,Partner Bundle (Telecom),Student,Hindi
CUST006885,Luis,Rodrigues,30.0,Female,India,,Ahmedabad,2024-09-29,App Store,Individual,Korean
CUST002664,John,Kim,25.0,Male,Poland,,Wroclaw,2023-03-28,Paid Social,Individual,Spanish
CUST007826,Liam,Choi,51.0,Male,Poland,,Warsaw,2026-03-06,Organic Search,Individual,Hindi
CUST006442,Noah,Hoffmann,43.0,Male,South Africa,,Pretoria,2019-11-21,Direct,Individual,
CUST004413,George,Zhang,42.0,Male,India,,,2019-12-27,Email Campaign,Family,Korean
CUST005357,Charlie,Kobayashi,13.0,Other,United States,,Miami,2019-11-27,Paid Social,Corporate Bundle,French
CUST002281,Navya,Menon,,Female,Mexico,,Puebla,2021-05-08,Partner Bundle (Telecom),Family,Hindi
CUST003814,Vivaan,Pereira,37.0,Female,United States,,Seattle,2025-03-22,Email Campaign,Student,Hindi
CUST006793,Susan,Gupta,26.0,Male,Canada,,Calgary,2024-09-06,App Store,Individual,Portuguese
CUST002493,Mohammed,Garcia,33.0,Female,Brazil,,Salvador,2021-09-15,Affiliate Partner,Individual,Korean
CUST005799,Fatima,Santos,29.0,Male,USA,,Miami,2019-12-24,Email Campaign,Corporate Bundle,English
CUST005313,Juan,Schneider,35.0,Male,United States,,Los Angeles,2021-06-16,Organic Search,Family,English
CUST000905,Jose,Menon,43.0,Female,Germany,,Berlin,2024-01-17,Direct,Individual,German
CUST001447,Oliver,Smith,37.0,Female,United States,,Seattle,2026-04-02,Direct,Individual,Spanish
CUST007551,Ava,Kumar,21.0,Female,Australia,,Perth,2020-07-24,Email Campaign,Student,Japanese
CUST002830,Freddie,Sato,,Male,United Kingdom,,Glasgow,2021-06-16,Organic Search,Individual,English
CUST002583,Linda,Verma,13.0,Male,United States,,Phoenix,2023-09-13,Paid Social,Family,Spanish
CUST006056,Ishaan,Cho,17.0,Female,Poland,,Wroclaw,2020-12-24,Referral,Individual,French
CUST002759,Oliver,Gupta,46.0,Male,United Kingdom,,Manchester,2021-03-19,Paid Social,Individual,Indonesian
CUST004166,Sami,Dubois,31.0,Female,Philippines,,Cebu City,2022-05-12,Referral,Individual,English
CUST001785,Ava,Huang,27.0,Male,Indonesia,,Surabaya,2020-10-11,Referral,Student,Hindi
CUST001566,Valentina,Souza,26.0,Female,United States,,Phoenix,2025-12-25,Paid Social,Individual,English
CUST007526,Tao,Rodrigues,31.0,Male,United Kingdom,,Manchester,2024-10-06,Referral,Student,Hindi
CUST006682,Ananya,Robert,29.0,Female,United Kingdom,,Liverpool,2022-05-12,Referral,Individual,Japanese
CUST007580,Mary,Cho,47.0,Other,Nigeria,,Abuja,2026-04-30,Organic Search,Family,French
CUST004240,Riya,Brown,40.0,Female,Nigeria,,Ibadan,2022-02-27,Organic Search,Individual,English
CUST005147,Daniela,Zhang,26.0,Female,Spain,,Valencia,2024-08-24,Partner Bundle (Telecom),Individual,English
CUST004899,Elizabeth,Park,13.0,Female,Nigeria,,,2022-09-21,Paid Social,Individual,English
CUST004504,Matthew,Rodrigues,29.0,Female,Brazil,,Fortaleza,2020-04-13,Referral,Individual,Japanese
CUST005778,Elizabeth,Martin,30.0,Female,South Africa,,Durban,2021-09-25,Paid Social,Individual,English
CUST005543,Themba,Davis,57.0,Female,Italy,,Milan,2025-02-08,Paid Social,Individual,English
CUST004217,Yusuf,Schneider,59.0,Male,Nigeria,,Ibadan,2020-08-23,Referral,Individual,Spanish
CUST005242,Salma,Leroy,22.0,Male,United Kingdom,,Glasgow,2019-11-14,Affiliate Partner,Family,Tagalog
CUST006901,Michael,Chowdhury,26.0,Male,Japan,,Yokohama,2020-03-03,App Store,Individual,Korean
CUST004650,Oscar,Ahmed,36.0,Male,Philippines,,Manila,2019-11-20,Organic Search,Individual,Spanish
CUST005811,Amelia,Liu,30.0,Other,,,Valencia,2026-03-17,Referral,Individual,English
CUST007799,Mariana,Kobayashi,30.0,Male,Philippines,,Manila,2021-09-22,Partner Bundle (Telecom),Individual,Hindi
CUST006853,Robert,Otieno,27.0,Male,United Kingdom,,Liverpool,2019-06-06,Affiliate Partner,Individual,Portuguese
CUST004333,Aarav,Martin,39.0,Male,United Kingdom,,Birmingham,2025-01-02,Referral,Individual,Portuguese
CUST002267,Charlie,Suzuki,32.0,Female,Philippines,,Davao City,2019-03-22,Paid Social,Individual,Spanish
CUST005295,Noah,Moreau,29.0,Female,India,,Pune,2025-10-30,Referral,Individual,Spanish
CUST000255,Anika,Iyer,22.0,Female,,,Los Angeles,2023-09-11,Affiliate Partner,Individual,English
CUST004285,William,Dubois,63.0,Male,France,,,2025-04-26,Organic Search,Individual,English
CUST001114,Huda,Richard,32.0,Male,India,,Hyderabad,2019-03-06,Referral,Individual,English
CUST003740,Sarah,Ferreira,32.0,Male,Canada,,Calgary,2023-04-15,Referral,Individual,English
CUST000222,Chidi,Wagner,14.0,Female,South Korea,,Seoul,2021-10-05,Referral,Individual,
CUST000268,Mariana,Yamamoto,52.0,Other,,,Naples,2025-11-05,Affiliate Partner,Family,Portuguese
CUST000108,Jack,Petit,19.0,Male,Brazil,,Sao Paulo,2023-06-01,Organic Search,Student,English
CUST005111,Leo,Qureshi,40.0,Male,Mexico,,Monterrey,2024-03-09,App Store,Individual,English
CUST001227,Sofia,Banda,27.0,Female,,,Mumbai,2020-01-05,Affiliate Partner,Family,English
CUST005523,Sai,Wagner,60.0,Male,South Africa,,,2019-05-19,App Store,Student,
CUST004680,Zola,Malik,33.0,Male,United States,,Austin,2019-03-16,App Store,Individual,German
CUST006596,Diya,Souza,14.0,Female,Germany,,Hamburg,2025-02-24,Email Campaign,Individual,English
CUST005606,Lucia,Yang,44.0,Male,United States,,Miami,2022-12-06,App Store,Family,English
CUST001513,Oliver,Weber,24.0,Male,,,Hyderabad,2021-09-04,Affiliate Partner,Individual,Spanish
CUST005723,Ming,Nair,32.0,Female,,,Pune,2021-02-20,Affiliate Partner,Individual,Arabic
CUST001980,Ming,Martinez,40.0,Female,United Kingdom,,Leeds,2022-01-14,Organic Search,Individual,French
CUST000304,Ren,Garcia,27.0,Male,,,Rio de Janeiro,2021-11-06,Paid Social,Student,English
CUST001996,George,Takahashi,41.0,Male,Germany,,Munich,2026-03-10,Referral,Corporate Bundle,Korean
CUST005442,Huda,Abara,41.0,Prefer not to say,Argentina,,Cordoba,2020-05-01,Organic Search,Family,Spanish
CUST002150,Vivaan,Reddy,42.0,Female,Indonesia,,Bandung,2020-12-08,Direct,Individual,English
CUST003258,Leo,Sharma,,Male,Mexico,,Monterrey,2021-04-19,Organic Search,Student,Tagalog
CUST004484,Camila,Garcia,31.0,Male,United States,,New York,2024-03-23,Organic Search,Individual,Japanese
CUST001211,Ahmed,Huang,45.0,Female,Brazil,,Sao Paulo,2019-12-27,App Store,Student,French
CUST001787,Riku,Kobayashi,41.0,Male,United Kingdom,,Manchester,2023-02-09,Referral,Individual,Portuguese
CUST002174,Olivia,Abara,27.0,Male,Poland,,Wroclaw,2022-02-28,Affiliate Partner,Family,Tagalog
CUST006409,Ishaan,Petit,23.0,Female,Germany,,Berlin,2023-05-22,Paid Social,Family,Spanish
CUST000528,Ali,Smith,34.0,Female,Canada,,Toronto,2022-09-06,Organic Search,Individual,Portuguese
CUST001437,Harry,Liu,35.0,Male,Australia,,Perth,2020-06-15,Referral,Individual,Hindi
CUST002064,Salma,Ali,35.0,Female,PL,,Wroclaw,2022-05-06,App Store,Student,Polish
CUST005284,Emma,Adeyemi,56.0,Male,India,,Kolkata,2022-01-28,Direct,Family,English
CUST006612,James,Wang,34.0,Female,India,,Hyderabad,2021-09-24,Paid Social,Corporate Bundle,Arabic
CUST000377,Ananya,Ali,,Female,Canada,,Toronto,2022-08-20,App Store,Individual,English
CUST007956,Pedro,Kobayashi,41.0,Male,ITALY,,Rome,2019-10-27,Affiliate Partner,Individual,French
CUST003334,Daniela,Costa,17.0,Male,Italy,,Turin,2024-10-14,App Store,Individual,English
CUST007861,Daniel,Moreau,40.0,Female,US,,Chicago,2021-05-01,Partner Bundle (Telecom),Student,Polish
CUST007648,Aoi,Richard,51.0,Male,,,,2021-08-09,App Store,Individual,English
CUST000756,Saanvi,Liu,19.0,Male,India,,Chennai,2024-04-18,Partner Bundle (Telecom),Family,Spanish
CUST000292,James,Weber,35.0,Male,India,,Kolkata,2022-07-27,Referral,Individual,Spanish
CUST005903,Diego,Chikoti,28.0,Male,Australia,,Sydney,2021-09-20,Email Campaign,Individual,English
CUST006814,Sai,Cho,13.0,Male,India,,Chennai,2022-04-08,Referral,Corporate Bundle,English
CUST001544,George,Richard,34.0,Female,South Africa,,,2023-12-19,Affiliate Partner,Family,English
CUST000291,Kofi,Suzuki,37.0,Male,Germany,,,2023-08-22,Direct,Individual,Arabic
CUST000189,Mia,Hoffmann,40.0,Female,South Korea,,Seoul,2022-08-04,Partner Bundle (Telecom),Student,Japanese
CUST004056,Joseph,Durand,29.0,Female,BRAZIL,,Fortaleza,2020-07-23,Partner Bundle (Telecom),Corporate Bundle,Hindi
CUST001202,Ibrahim,Nair,38.0,Female,India,,Bengaluru,2019-05-18,Partner Bundle (Telecom),Corporate Bundle,Tagalog
CUST006692,Diego,Fischer,33.0,Female,India,,Bengaluru,2020-04-28,Organic Search,Individual,Portuguese
CUST005109,Ishaan,Almeida,42.0,Female,United Kingdom,,Birmingham,2023-08-30,Organic Search,Student,Spanish
CUST001537,Noah,Souza,37.0,Female,Canada,,Ottawa,2020-12-02,App Store,Individual,Korean
CUST006866,Oliver,Nair,41.0,Male,France,,Marseille,2022-05-25,Partner Bundle (Telecom),Individual,English
CUST004744,Carlos,Watanabe,40.0,Male,,,Guadalajara,2020-07-17,Email Campaign,Individual,English
CUST000502,Mohammed,Becker,43.0,Female,Poland,,Warsaw,2025-03-30,Email Campaign,Family,Japanese
CUST003393,Sarah,Patel,24.0,Female,United States,,Miami,2019-05-06,Referral,Individual,Hindi
CUST003536,Patricia,Martinez,43.0,Male,Indonesia,,Jakarta,2021-01-02,App Store,Family,German
CUST002684,Nia,Almeida,29.0,Female,United Arab Emirates,,Abu Dhabi,2021-12-04,Referral,Family,Arabic
CUST001540,Patricia,Park,13.0,Other,United Kingdom,,Manchester,2024-06-10,Email Campaign,Corporate Bundle,English
CUST006577,Tariq,Yamamoto,41.0,Female,Argentina,,Cordoba,2020-04-17,Paid Social,Individual,French
CUST006438,Ayaan,Saito,27.0,Prefer not to say,United States,,Phoenix,2020-11-04,Referral,Individual,
CUST004741,Ricardo,Ahmed,31.0,Male,United Kingdom,,Birmingham,2020-08-14,Affiliate Partner,Student,English
CUST006214,Ava,Cho,36.0,Male,India,,Kolkata,2024-04-25,App Store,Corporate Bundle,Portuguese
CUST007453,Alejandro,Yoon,30.0,Male,United Kingdom,,,2024-09-04,App Store,Individual,Spanish
CUST000673,Susan,Zhang,34.0,Male,United States,,Los Angeles,2019-07-07,Affiliate Partner,Student,Portuguese
CUST005272,Tao,Bernard,31.0,Female,Brazil,,Sao Paulo,2019-10-08,Organic Search,Family,Spanish
CUST005240,Sophia,Huang,34.0,Female,India,,Chennai,2020-05-26,Affiliate Partner,Individual,English
CUST007021,Haruto,Zhou,43.0,Female,India,,Mumbai,2023-02-02,Affiliate Partner,Corporate Bundle,English
CUST006970,Pedro,Oliveira,39.0,Male,MEXICO,,Guadalajara,2023-12-11,Referral,Individual,English
CUST006792,Oliver,Kim,25.0,Male,US,,Phoenix,2025-05-28,Paid Social,Individual,Korean
CUST006278,Yui,Zhao,36.0,Male,Australia,,Sydney,2020-01-01,Organic Search,Individual,Japanese
CUST004524,Jose,Lim,15.0,Female,India,,Delhi,2025-05-04,Referral,Individual,Hindi
CUST002827,Pari,Hussain,32.0,Female,India,,,2022-06-10,App Store,Individual,Korean
CUST006313,Jack,Smith,23.0,Female,Mexico,,Guadalajara,2024-03-01,Organic Search,Corporate Bundle,German
CUST001193,William,Richard,42.0,Male,Brazil,,Rio de Janeiro,2021-12-16,App Store,Family,Japanese
CUST002514,Oscar,Baig,17.0,Male,Mexico,,,2025-06-16,Organic Search,Individual,English
CUST002946,Alejandro,Malik,20.0,Female,Canada,,Montreal,2023-03-27,App Store,Family,Tagalog
CUST003904,Andrew,Bernard,36.0,Female,USA,,Seattle,2023-08-12,Direct,Individual,Korean
CUST006046,Ayaan,Jung,28.0,Female,United Kingdom,,Liverpool,2020-04-25,Organic Search,Individual,English
CUST007250,Freddie,Suzuki,48.0,Male,france,,Nice,2020-08-20,Paid Social,Family,Spanish
CUST001514,Nia,Patel,22.0,Male,United States,,Seattle,2021-05-18,App Store,Family,Korean
CUST000217,Matthew,Liu,34.0,Male,United Kingdom,,Leeds,2021-02-02,Paid Social,Individual,English
CUST004636,Hao,Suzuki,33.0,Male,Canada,,Calgary,2024-11-24,App Store,Individual,Hindi
CUST005458,Michael,Zhao,39.0,Male,Indonesia,,Surabaya,2024-05-10,Paid Social,Corporate Bundle,Hindi
CUST000422,Maya,Wagner,21.0,Male,,,Ahmedabad,2021-08-19,Email Campaign,Individual,Arabic
CUST000506,Layla,Adeyemi,37.0,Male,United States,,New York,2020-08-31,Direct,Individual,English
CUST005348,Chidi,Williams,22.0,Female,Germany,,Berlin,2019-01-03,Referral,Individual,Tagalog
CUST002822,Amina,Muller,23.0,Female,U.S.A,,,2024-04-16,Referral,Family,
CUST004490,John,Yang,59.0,Female,U.K.,,Birmingham,2023-01-18,Email Campaign,Family,English
CUST007048,Diya,Iyer,22.0,Female,Italy,,Naples,2022-12-01,Referral,Individual,English
CUST001583,Arjun,Kang,17.0,Female,India,,Mumbai,2020-11-24,Paid Social,Family,Japanese
CUST000507,Amara,Costa,42.0,Female,Spain,,Seville,2023-02-01,App Store,Student,Korean
CUST002209,Hassan,Huang,29.0,Female,Britain,,Manchester,2020-03-07,Paid Social,Student,French
CUST005156,Leo,Williams,24.0,Female,Argentina,,,2020-08-22,Email Campaign,Individual,Japanese
CUST002400,Linda,Miller,36.0,Female,Indonesia,,Jakarta,2022-08-03,Affiliate Partner,Corporate Bundle,English
CUST007269,Jun,Moreau,40.0,Other,Germany,,Cologne,2024-06-05,Organic Search,Family,French
CUST004587,Daniel,Kumar,32.0,Male,United States,,Seattle,2024-05-12,Paid Social,Family,Hindi
CUST005205,Pedro,Mwangi,29.0,Female,United States,,Los Angeles,2021-02-12,Partner Bundle (Telecom),Individual,Korean
CUST003893,Maya,Pereira,36.0,Female,,,Chennai,2021-06-21,Direct,Family,Japanese
CUST005560,William,Hussain,39.0,Male,Philippines,,Davao City,2024-04-14,Paid Social,Student,Korean
CUST003663,Sofia,Pereira,30.0,Female,Canada,,Montreal,2022-04-21,Affiliate Partner,Family,Hindi
CUST006261,Alejandro,Wagner,42.0,Male,Spain,,Barcelona,2022-08-02,Paid Social,Student,English
CUST003980,Kiara,Miller,44.0,Male,Brazil,,Rio de Janeiro,2023-12-19,Organic Search,Family,English
CUST006886,Pari,Rodrigues,36.0,Female,France,,Paris,2025-12-16,Partner Bundle (Telecom),Family,Arabic
CUST007270,Isabella,Williams,45.0,Male,Poland,,Krakow,2024-03-08,Referral,Family,Polish
CUST002612,Ayaan,Ito,29.0,Other,United Kingdom,,London,2020-04-14,Affiliate Partner,Individual,English
CUST000348,Pari,Williams,,Male,,,Hyderabad,2022-08-18,Affiliate Partner,Individual,Arabic
CUST007106,David,Jones,24.0,Male,France,,Toulouse,2019-05-21,Email Campaign,Individual,Hindi
CUST006752,Pedro,Mwangi,24.0,Male,Canada,,Ottawa,2022-04-19,Affiliate Partner,Corporate Bundle,
CUST000334,Huda,Huang,24.0,Male,India,,Bengaluru,2021-09-03,Paid Social,Individual,Japanese
CUST006572,Feng,Banda,22.0,Female,India,,Kolkata,2020-05-07,Paid Social,Individual,English
CUST007814,Sota,Smith,23.0,Other,Germany,,Hamburg,2019-08-31,Paid Social,Student,Portuguese
CUST005747,Olivia,Park,38.0,Female,United Arab Emirates,,Sharjah,2022-03-28,App Store,Individual,English
CUST002671,Yusuf,Gupta,22.0,Female,Brazil,,Fortaleza,2022-12-29,Organic Search,Individual,French
CUST004826,Nia,Martin,32.0,Male,United Kingdom,,Glasgow,2022-02-02,Organic Search,Individual,Spanish
CUST007973,Leo,Tanaka,25.0,Male,Canada,,Toronto,2021-01-20,Paid Social,Individual,Hindi
CUST006210,Mariana,Williams,29.0,Male,United States,,Seattle,2020-01-19,Email Campaign,Individual,English
CUST007539,Tendai,Patel,32.0,Male,Indonesia,,Jakarta,2023-08-10,Referral,Individual,English
CUST007448,John,Ito,41.0,Male,India,,Kolkata,2020-12-10,Email Campaign,Individual,English
CUST002580,Mohammed,Suzuki,30.0,Male,,,Cordoba,2020-04-18,Affiliate Partner,Individual,German
CUST000747,Hina,Becker,33.0,Female,Italy,,Milan,2025-05-14,Organic Search,Family,English
CUST001564,Vihaan,Abara,31.0,Female,South Africa,,Pretoria,2019-06-09,Paid Social,Individual,English
CUST006272,Jose,Schmidt,33.0,Female,India,,Pune,2026-04-02,Organic Search,Corporate Bundle,English
CUST005759,Sora,Laurent,21.0,Female,Philippines,,Manila,2019-02-09,Referral,Individual,Spanish
CUST002237,Oliver,Martin,29.0,Male,United States,,Miami,2022-05-14,Paid Social,Student,Spanish
CUST004305,Feng,Hoffmann,30.0,Male,India,,Chennai,2021-06-25,Organic Search,Corporate Bundle,French
CUST007614,Carlos,Abara,19.0,Male,,,Seoul,2023-09-16,Affiliate Partner,Corporate Bundle,English
CUST006790,Ming,Smith,32.0,Male,Australia,,Melbourne,2021-02-04,Organic Search,Family,Japanese
CUST005285,Daniela,Garcia,31.0,Male,India,,,2022-10-22,Partner Bundle (Telecom),Individual,Spanish
CUST007341,Yui,Moreau,32.0,Male,Canada,,Vancouver,2021-02-11,App Store,Family,Korean
CUST003035,Navya,Robert,56.0,Female,United States,,Houston,2025-01-19,Referral,Individual,German
CUST004505,Pedro,Fischer,41.0,Male,Brazil,,Fortaleza,2022-04-22,App Store,Family,English
CUST003232,Karen,Kim,23.0,Male,India,,Ahmedabad,2021-12-07,App Store,Corporate Bundle,English
CUST003127,Yong,Takahashi,23.0,Male,Japan,,Nagoya,2022-06-28,Organic Search,Individual,Hindi
CUST004380,Mariana,Wang,43.0,Female,India,,,2022-12-03,Referral,Individual,Japanese
CUST000260,Michael,Leroy,40.0,Female,INDIA,,,2022-05-14,Paid Social,Student,English
CUST006518,Ahmed,Mensah,23.0,Female,Poland,,Warsaw,2026-03-10,Affiliate Partner,Individual,English
CUST002311,Ava,Cho,31.0,Female,Germany,,Berlin,2022-12-05,Organic Search,Family,English
CUST004289,Hina,Takahashi,13.0,Male,Canada,,,2024-01-27,Affiliate Partner,Student,Japanese
CUST006824,Mason,Williams,35.0,Female,India,,Chennai,2022-05-26,Paid Social,Individual,English
CUST000381,Zola,Menon,60.0,Male,India,,Bengaluru,2021-07-27,Paid Social,Individual,French
CUST003976,Lucia,Liu,38.0,Male,Canada,,Calgary,2022-10-10,Organic Search,Individual,Portuguese
CUST002604,Lucia,Durand,44.0,Female,Mexico,,,2024-01-09,Organic Search,Individual,Portuguese
CUST001913,Feng,Johnson,20.0,Female,,,Warsaw,2022-04-23,Paid Social,Individual,English
CUST007282,Olivia,Chowdhury,44.0,Female,United States,,Houston,2023-09-02,Paid Social,Family,German
CUST000600,Sakura,Jung,36.0,Female,United States,,Austin,2019-02-17,App Store,Individual,English
CUST001845,Elijah,Ito,13.0,Male,United States,,Chicago,2024-10-24,Email Campaign,Family,Arabic
CUST000046,Maya,Ali,24.0,Female,France,,Nice,2022-05-30,Organic Search,Corporate Bundle,Hindi
CUST001445,Leo,Pereira,39.0,Female,Mexico,,Mexico City,2021-06-21,App Store,Family,Hindi
CUST001653,Riya,Yang,33.0,Prefer not to say,India,,Delhi,2023-07-23,Affiliate Partner,Student,French
CUST001587,Fernando,Khan,27.0,Female,Italy,,Milan,2026-03-15,App Store,Individual,French
CUST005149,Lucia,Kumar,48.0,Male,India,,Chennai,2020-08-10,Paid Social,Family,Korean
CUST006505,Daniel,Kang,40.0,Female,United States,,Phoenix,2026-01-17,Direct,Corporate Bundle,Japanese
CUST001894,Mariana,Petit,25.0,Female,IN,,,2023-01-07,Referral,Individual,Arabic
CUST005926,Reyansh,Ahmed,38.0,Male,United Kingdom,,Birmingham,2024-06-20,App Store,Family,English
CUST004903,Harper,Santos,38.0,Female,,,Lagos,2024-08-24,Email Campaign,Corporate Bundle,English
CUST004103,Kofi,Lim,50.0,Male,South Korea,,Incheon,2023-10-15,Affiliate Partner,Student,Indonesian
CUST005610,Yui,Souza,25.0,Female,Spain,,Seville,2019-07-12,App Store,Corporate Bundle,English
CUST004033,Ayaan,Nair,38.0,Male,GERMANY,,Berlin,2024-11-02,Referral,Individual,Spanish
CUST004437,Ava,Johnson,33.0,Female,India,,Pune,2019-04-10,Paid Social,Individual,Portuguese
CUST004412,Jennifer,Martinez,47.0,Prefer not to say,United Kingdom,,Birmingham,2022-07-12,Paid Social,Individual,Hindi
CUST007698,Jose,Garcia,55.0,Female,United States,,Los Angeles,2025-05-28,Organic Search,Family,English
CUST002265,Miguel,Jung,35.0,Male,United Kingdom,,London,2021-10-16,Affiliate Partner,Individual,French
CUST001967,Charlotte,Weber,24.0,Male,,,Montreal,2025-03-01,Referral,Individual,Tagalog
CUST002796,Themba,Silva,,Male,US,,Seattle,2024-06-22,App Store,Individual,German
CUST002019,Daniela,Leroy,30.0,Male,India,,Delhi,2022-11-11,Paid Social,Individual,Hindi
CUST003621,Anika,Banda,,Female,United States,,Austin,2020-05-22,Partner Bundle (Telecom),Individual,Spanish
CUST004344,Andrew,Dubois,31.0,Male,Brazil,,Brasilia,2022-11-25,Paid Social,Family,Hindi
CUST006241,Hao,Zhang,14.0,Other,United Kingdom,,Glasgow,2023-12-15,Partner Bundle (Telecom),Family,Portuguese
CUST004072,Salma,Lee,29.0,Female,Brazil,,Salvador,2022-12-28,App Store,Individual,Hindi
CUST001601,Mariana,Suzuki,37.0,Male,,,Dubai,2025-05-24,Email Campaign,Individual,English
CUST005133,Charlie,Mensah,34.0,Male,,,Brisbane,2023-02-15,Paid Social,Student,Portuguese
CUST004615,Jun,Chen,31.0,Male,FR,,Marseille,2020-08-29,Referral,Student,English
CUST006496,Diya,Ahmed,29.0,Male,,,Cologne,2019-10-10,Organic Search,Family,Japanese
CUST003407,Leo,Brown,,Male,United States,,Phoenix,2022-06-15,Referral,Family,German
CUST002192,Khalid,Almeida,30.0,Male,USA,,,2024-02-19,Partner Bundle (Telecom),Family,Portuguese
CUST005591,Huda,Nair,41.0,Female,Australia,,,2021-12-09,Organic Search,Corporate Bundle,Hindi
CUST005005,Ming,Chowdhury,27.0,Female,Nigeria,,,2025-10-07,Paid Social,Individual,Hindi
CUST002303,Aarav,Wu,36.0,Male,Poland,,Wroclaw,2024-01-19,Referral,Individual,English
CUST001299,Amina,Muller,44.0,Female,India,,Ahmedabad,2022-11-07,Organic Search,Individual,German
CUST000427,Sai,Chowdhury,26.0,Male,Japan,,Nagoya,2024-11-26,Paid Social,Individual,Arabic
CUST006672,Leo,Chikoti,30.0,Male,Italy,,Turin,2021-12-03,Referral,Individual,Arabic
CUST000806,Matthew,Costa,,Female,Brazil,,Fortaleza,2023-02-19,Partner Bundle (Telecom),Individual,English
CUST003545,Sophia,Laurent,43.0,Male,MX,,Guadalajara,2019-01-27,App Store,Individual,English
CUST000411,Lei,Zhao,29.0,Male,Argentina,,Cordoba,2024-11-27,Paid Social,Individual,Spanish
CUST006730,Chidi,Rahman,40.0,Male,Italy,,Naples,2023-05-06,Organic Search,Student,English
CUST000666,Qiang,Cho,59.0,Male,Brazil,,Fortaleza,2026-03-09,Referral,Family,French
CUST002496,Mia,Singh,33.0,Female,Japan,,Yokohama,2023-03-25,App Store,Individual,French
CUST000439,Krishna,Yang,35.0,Male,United States,,Miami,2025-10-30,App Store,Individual,Hindi
CUST007647,Robert,Zhao,39.0,Female,Spain,,Valencia,2025-07-18,Direct,Student,English
CUST003066,Elizabeth,Gupta,33.0,Female,mexico,,Guadalajara,2020-10-02,Referral,Individual,Korean
CUST000435,Fernando,Becker,37.0,Female,India,,Chennai,2025-05-01,Direct,Family,Hindi
CUST001198,David,Wang,25.0,Male,United Kingdom,,Manchester,2019-07-04,Direct,Individual,English
CUST000752,Lei,Banda,42.0,Female,Brazil,,Sao Paulo,2024-08-30,Organic Search,Individual,Indonesian
CUST003871,Riku,Dubois,13.0,Male,India,,Bengaluru,2019-02-13,Email Campaign,Corporate Bundle,English
CUST006723,Jack,Singh,30.0,Male,Spain,,Madrid,2023-01-08,Organic Search,Family,English
CUST005045,Camila,Gupta,28.0,Female,,,Austin,2024-10-04,Referral,Family,German
CUST002581,Matthew,Martinez,46.0,Male,United Kingdom,,Leeds,2021-07-05,Email Campaign,Individual,English
CUST006554,Lucia,Yoon,36.0,Female,India,,,2024-03-01,Direct,Individual,French
CUST005462,Barbara,Johnson,56.0,Male,United States,,New York,2021-03-20,Organic Search,Family,Spanish
CUST006106,Yusuf,Miller,14.0,Male,India,,Hyderabad,2026-02-21,Paid Social,Individual,Spanish
CUST002837,Sakura,Saito,17.0,Male,IT,,Naples,2023-02-06,App Store,Individual,English
CUST001050,Hassan,Martinez,,Female,US,,Chicago,2023-11-03,Partner Bundle (Telecom),Family,Japanese
CUST000627,Kofi,Brown,36.0,Male,United Kingdom,,London,2025-01-25,Affiliate Partner,Family,English
CUST001776,Robert,Ahmed,21.0,Male,Australia,,,2020-05-01,Affiliate Partner,Student,Portuguese
CUST007875,Jack,Ali,30.0,Male,Mexico,,Monterrey,2025-07-04,Direct,Individual,English
CUST004865,Gabriela,Muller,30.0,Female,United Arab Emirates,,Abu Dhabi,2021-02-09,Direct,Family,Indonesian
CUST001224,Qiang,Almeida,39.0,Female,Brazil,,Rio de Janeiro,2022-02-13,Paid Social,Individual,Indonesian
CUST005679,Aoi,Petit,50.0,Male,India,,,2022-11-17,Organic Search,Family,English
CUST000211,Tendai,Rodriguez,35.0,Female,Australia,,Sydney,2024-03-29,Paid Social,Individual,Japanese
CUST002918,Diya,Kumar,35.0,Female,United States,,Los Angeles,2023-01-13,Organic Search,Individual,Portuguese
CUST004018,Olivia,Choi,36.0,Female,Canada,,Ottawa,2020-12-18,Affiliate Partner,Family,Portuguese
CUST006859,Sakura,Adeyemi,,Female,France,,Nice,2022-10-05,Organic Search,Individual,German
CUST001973,Sofia,Chen,24.0,Other,Germany,,Berlin,2022-06-16,App Store,Family,Japanese
CUST000111,Barbara,Kang,,Female,United Kingdom,,Manchester,2025-09-14,Affiliate Partner,Individual,Arabic
CUST000052,Valentina,Menon,31.0,Male,South Africa,,Cape Town,2022-04-07,Paid Social,Family,English
CUST001500,Hao,Petit,24.0,Male,United Arab Emirates,,Sharjah,2026-04-14,Affiliate Partner,Individual,Arabic
CUST001110,Liam,Watanabe,30.0,Male,Italy,,Rome,2025-05-25,Affiliate Partner,Individual,Arabic
CUST001465,Mary,Patel,39.0,Male,France,,Paris,2021-11-13,Referral,Individual,English
CUST003750,Lucas,Otieno,32.0,Male,Philippines,,Cebu City,2020-08-07,Referral,Individual,Hindi
CUST006677,George,Wang,46.0,Male,united kingdom,,Manchester,2023-09-30,Partner Bundle (Telecom),Family,
CUST000653,Mia,Mwangi,25.0,Male,India,,Ahmedabad,2020-07-01,Partner Bundle (Telecom),Individual,German
CUST004348,Ibrahim,Suzuki,27.0,Female,FR,,Lyon,2022-08-18,Organic Search,Individual,English
CUST002304,Sora,Leroy,21.0,Male,ARGENTINA,,,2019-12-03,App Store,Individual,Spanish
CUST005633,Diya,Wu,53.0,Male,ITALY,,Turin,2021-05-06,Referral,Individual,Portuguese
CUST006184,John,Wagner,32.0,Other,Italy,,Naples,2021-04-26,Organic Search,Individual,
CUST002729,John,Iyer,41.0,Male,Argentina,,Cordoba,2023-09-03,Direct,Family,Korean
CUST006838,Pedro,Banda,13.0,Male,United States,,Austin,2024-01-12,Organic Search,Individual,Portuguese
CUST001796,Matthew,Chikoti,38.0,Other,Bharat,,Kolkata,2022-01-25,Email Campaign,Family,French
CUST001703,Aarav,Robert,40.0,Female,Canada,,Ottawa,2025-09-02,Referral,Individual,Italian
CUST002572,Elizabeth,Durand,51.0,Male,Poland,,,2022-12-17,App Store,Individual,English
CUST003188,Oscar,Silva,35.0,Female,,,Delhi,2022-05-01,Paid Social,Individual,English
CUST004623,Nia,Zhou,30.0,Female,India,,Ahmedabad,2020-12-19,Paid Social,Family,English
CUST005168,Sota,Banda,40.0,Male,United Kingdom,,London,2022-11-23,Email Campaign,Individual,Korean
CUST004630,Noah,Pereira,34.0,Male,United States,,Austin,2024-10-29,App Store,Family,Korean
CUST006940,Freddie,Malik,39.0,Female,South Korea,,Seoul,2023-04-11,Referral,Individual,Arabic
CUST001499,Luis,Weber,31.0,Female,SPAIN,,Seville,2026-03-26,Email Campaign,Family,German
CUST007402,Hao,Lim,20.0,Female,IN,,Pune,2025-04-11,Referral,Individual,German
CUST002551,Linda,Huang,17.0,Female,Indonesia,,Jakarta,2021-01-12,Organic Search,Family,
CUST004320,Elena,Mensah,29.0,Female,United States,,Seattle,2024-07-29,Paid Social,Individual,Hindi
CUST006254,Kiara,Ferreira,37.0,Female,Poland,,Wroclaw,2021-01-26,App Store,Individual,Hindi
CUST004109,Alfie,Garcia,40.0,Male,United Kingdom,,Liverpool,2023-03-13,Referral,Individual,English
CUST006573,Karen,Nakamura,17.0,Male,Japan,,Osaka,2020-12-06,Partner Bundle (Telecom),Family,English
CUST006648,Salma,Yang,13.0,Female,United States,,Miami,2025-07-12,Paid Social,Individual,English
CUST006002,Tao,Patel,19.0,Female,India,,Ahmedabad,2022-02-15,Organic Search,Individual,Arabic
CUST004032,Layla,Chikoti,43.0,Male,United States,,Los Angeles,2024-02-06,Referral,Individual,Japanese
CUST002544,Mary,Choi,35.0,Male,CANADA,,Calgary,2025-02-17,Direct,Individual,Polish
CUST000706,Oscar,Qureshi,33.0,Male,India,,Chennai,2020-07-07,Organic Search,Family,English
CUST001873,Noor,Chowdhury,34.0,Male,India,,Pune,2021-01-19,Organic Search,Individual,Spanish
CUST002550,Noah,Martinez,46.0,Male,Germany,,Munich,2023-09-27,Email Campaign,Individual,
CUST002517,Riya,Lee,16.0,Male,Poland,,Warsaw,2019-10-30,Organic Search,Family,Hindi
CUST003890,Sota,Schneider,39.0,Male,,,Munich,2023-11-16,Referral,Individual,Hindi
CUST004908,Lucia,Martinez,45.0,Female,France,,Paris,2023-11-14,Referral,Individual,English
CUST007542,Lucas,Ferreira,30.0,Male,Argentina,,Rosario,2021-04-09,Affiliate Partner,Individual,English
CUST000566,Oliver,Li,20.0,Female,indonesia,,Surabaya,2019-11-08,Paid Social,Individual,French
CUST006259,Ava,Tanaka,55.0,Female,France,,Toulouse,2025-07-17,Organic Search,Individual,Hindi
CUST003354,Charlie,Okonkwo,20.0,Male,Australia,,Perth,2020-06-14,Paid Social,Individual,Korean
CUST007217,Mariana,Durand,25.0,Male,uae,,Dubai,2023-06-19,Referral,Individual,English
CUST000641,Salma,Ferreira,29.0,Female,india,,Ahmedabad,2026-01-10,Organic Search,Individual,English
CUST002479,Jun,Laurent,38.0,Male,Australia,,Perth,2022-03-23,App Store,Family,Korean
CUST002998,Noor,Singh,32.0,Male,United States,,New York,2022-12-30,Partner Bundle (Telecom),Individual,Spanish
CUST006910,Alexander,Mensah,45.0,Female,Nigeria,,Kano,2025-01-24,Referral,Individual,
CUST001965,Hao,Alves,42.0,Male,South Korea,,Busan,2024-07-25,Organic Search,Individual,English
CUST005328,Charlie,Okonkwo,33.0,Male,United Kingdom,,Manchester,2024-12-01,Referral,Individual,Portuguese
CUST003615,Linda,Garcia,50.0,Male,India,,Chennai,2024-07-22,App Store,Individual,Japanese
CUST000326,Anika,Wu,48.0,Female,Germany,,Cologne,2020-02-14,Organic Search,Family,French
CUST005191,Elena,Bernard,33.0,Female,South Korea,,Seoul,2021-10-07,Email Campaign,Individual,English
CUST003986,Oliver,Lee,15.0,Female,United Kingdom,,Manchester,2022-10-14,App Store,Individual,Spanish
CUST002405,Daniel,Sheikh,16.0,Male,GERMANY,,,2025-11-17,Affiliate Partner,Individual,Portuguese
CUST007417,Jessica,Schneider,29.0,Male,,,Incheon,2019-09-06,Organic Search,Individual,Portuguese
CUST004129,Amina,Sheikh,45.0,Female,Brazil,,,2020-02-12,App Store,Family,English
CUST004845,Khalid,Leroy,29.0,Female,United States,,,2025-06-23,Paid Social,Family,Portuguese
CUST007547,Sophia,Yang,26.0,Female,India,,Mumbai,2020-06-28,Organic Search,Family,English
CUST006650,Leo,Martin,24.0,Female,United States,,Phoenix,2024-11-13,Affiliate Partner,Individual,German
CUST002442,Tao,Chikoti,27.0,Female,Brazil,,Sao Paulo,2020-04-03,Paid Social,Student,Hindi
CUST000865,Layla,Zhao,46.0,Male,United States,,Austin,2024-08-27,Partner Bundle (Telecom),Individual,Spanish
CUST003483,Tao,Singh,67.0,Male,United Kingdom,,London,2019-02-09,Direct,Family,French
CUST006815,Miguel,Ferreira,20.0,Male,POLAND,,Krakow,2024-05-07,Affiliate Partner,Individual,English
CUST004665,Henry,Garcia,41.0,Female,United Kingdom,,Leeds,2020-12-03,Organic Search,Family,Hindi
CUST002928,Huda,Patel,48.0,Male,Japan,,Tokyo,2019-09-10,Email Campaign,Student,English
CUST000372,Andrew,Abara,24.0,Female,India,,Ahmedabad,2022-10-27,Referral,Individual,English
CUST007878,Huda,Ali,22.0,Male,United Kingdom,,Birmingham,2024-01-27,Referral,Family,English
CUST006085,Isabella,Wang,50.0,Male,Germany,,Frankfurt,2022-02-15,Partner Bundle (Telecom),Individual,English
CUST006355,Naledi,Kim,33.0,Female,Spain,,Valencia,2026-03-09,App Store,Individual,Korean
CUST004457,Kofi,Wu,30.0,Female,Canada,,Ottawa,2023-10-27,Partner Bundle (Telecom),Corporate Bundle,
CUST005699,Themba,Miller,29.0,Male,india,,Kolkata,2025-01-23,Paid Social,Individual,Arabic
CUST004519,Navya,Sharma,34.0,Male,United Kingdom,,London,2021-07-28,Organic Search,Individual,Portuguese
CUST007716,Mary,Robert,35.0,Female,France,,Toulouse,2022-04-11,Direct,Family,Portuguese
CUST001361,Jose,Jang,31.0,Male,Nigeria,,,2025-05-23,Paid Social,Corporate Bundle,English
CUST000912,Mary,Jung,39.0,Female,India,,Chennai,2023-01-30,Paid Social,Individual,English
CUST002665,Paula,Jones,20.0,Male,United Kingdom,,London,2019-07-21,Direct,Individual,English
CUST004326,Diya,Wagner,35.0,Female,United Kingdom,,Glasgow,2022-08-26,Paid Social,Family,French
CUST003482,Harper,Pereira,51.0,Female,Brazil,,Sao Paulo,2021-10-06,App Store,Family,Hindi
CUST007795,George,Costa,42.0,Female,India,,Mumbai,2026-02-10,Organic Search,Individual,German
CUST000965,Ming,Watanabe,26.0,Male,Philippines,,Davao City,2021-10-19,Organic Search,Individual,Korean
CUST001424,Elena,Garcia,35.0,Female,Canada,,Montreal,2020-03-07,Partner Bundle (Telecom),Individual,Portuguese
CUST000123,Omar,Weber,53.0,Male,Japan,,,2023-05-11,Organic Search,Individual,French
CUST000480,Aadhya,Zhou,41.0,Female,India,,Hyderabad,2025-11-08,Affiliate Partner,Individual,Hindi
CUST000663,Mary,Patel,17.0,Female,Canada,,Toronto,2025-07-20,Referral,Family,Hindi
CUST004488,Tariq,Yamamoto,33.0,Other,indonesia,,Jakarta,2023-08-27,Partner Bundle (Telecom),Student,Spanish
CUST004297,Chidi,Ferreira,38.0,Prefer not to say,,,Warsaw,2022-12-31,Direct,Family,Spanish
CUST005246,Pari,Wu,37.0,Female,Mexico,,Mexico City,2021-03-24,Organic Search,Individual,English
CUST007762,Anika,Almeida,,Male,United Kingdom,,Manchester,2024-02-05,Paid Social,Individual,Korean
CUST000440,Alexander,Becker,26.0,Female,United Kingdom,,,2019-04-11,Referral,Individual,Japanese
CUST001380,Andrew,Souza,24.0,Female,,,Austin,2019-08-21,Referral,Family,English
CUST001444,Feng,Becker,29.0,Female,Mexico,,Puebla,2021-10-03,App Store,Family,Hindi
CUST004410,Ethan,Wagner,23.0,Male,poland,,Krakow,2023-01-11,Organic Search,Student,Korean
CUST006426,Daniel,Khan,18.0,Male,South Africa,,Pretoria,2025-05-15,Organic Search,Individual,English
CUST001478,David,Chikoti,43.0,Female,South Africa,,Johannesburg,2022-12-09,App Store,Family,German
CUST006786,Yusuf,Wagner,21.0,Female,United States,,Houston,2020-03-20,Organic Search,Corporate Bundle,English
CUST001174,Ahmed,Dubois,22.0,Male,,,Chennai,2026-03-09,Direct,Individual,Spanish
CUST005538,Myra,Li,14.0,Male,United Arab Emirates,,Dubai,2026-01-31,Paid Social,Individual,French
CUST004962,Ali,Rodrigues,40.0,Male,South Africa,,,2020-10-13,Organic Search,Individual,French
CUST004681,Aoi,Iyer,35.0,Male,Spain,,Seville,2025-05-01,Email Campaign,Family,English
CUST004005,Mohammed,Takahashi,30.0,Female,Mexico,,,2026-02-04,Referral,Individual,English
CUST003947,Anika,Muller,23.0,Female,India,,Mumbai,2019-02-04,Organic Search,Family,Tagalog
CUST000280,Diego,Davis,39.0,Female,Japan,,,2022-03-14,Referral,Student,Hindi
CUST002615,Mason,Okafor,37.0,Female,United States,,Los Angeles,2019-12-27,App Store,Individual,German
CUST004657,Tendai,Watanabe,34.0,Male,Germany,,Frankfurt,2019-03-11,Organic Search,Student,Spanish
CUST001102,Noor,Verma,48.0,Male,India,,Pune,2020-11-05,Paid Social,Individual,English
CUST003612,Harry,Kim,24.0,Female,Brazil,,Rio de Janeiro,2024-04-03,Partner Bundle (Telecom),Individual,English
CUST001695,Kwame,Malik,35.0,Other,Japan,,Osaka,2026-03-29,Partner Bundle (Telecom),Individual,English
CUST004983,Aadhya,Singh,33.0,Male,United States,,Chicago,2023-09-10,Email Campaign,Student,Hindi
CUST003048,Charlie,Zhou,49.0,Female,Australia,,Brisbane,2019-09-12,Affiliate Partner,Student,Tagalog
CUST002457,Ishaan,Saito,,Male,South Korea,,,2020-09-19,Organic Search,Corporate Bundle,English
CUST006322,Hao,Garcia,53.0,Female,MX,,Monterrey,2019-03-31,Partner Bundle (Telecom),Family,Tagalog
CUST004598,Sakura,Wang,20.0,Male,AU,,Perth,2020-11-05,Organic Search,Student,Spanish
CUST000578,Lei,Schmidt,28.0,Male,United States,,Houston,2019-07-17,Direct,Student,Hindi
CUST000060,George,Park,28.0,Male,Bharat,,Kolkata,2021-12-30,Email Campaign,Corporate Bundle,English
CUST000788,Amara,Baig,38.0,Male,Mexico,,Guadalajara,2019-06-20,Affiliate Partner,Individual,English
CUST003077,Ricardo,Moreau,23.0,Female,Brazil,,Brasilia,2019-05-08,Direct,Individual,Hindi
CUST004263,Andrew,Wagner,40.0,Female,Canada,,Vancouver,2024-09-27,Affiliate Partner,Individual,Japanese
CUST006154,David,Kumar,,Female,United States,,Phoenix,2024-07-15,Affiliate Partner,Individual,Spanish
CUST004335,Aoi,Zhou,13.0,Male,Indonesia,,Jakarta,2026-02-06,Organic Search,Individual,English
CUST002289,George,Liu,27.0,Female,India,,Ahmedabad,2020-05-29,Email Campaign,Corporate Bundle,French
CUST005615,Yong,Martin,30.0,Male,United States,,Austin,2025-08-19,Organic Search,Individual,Hindi
CUST003642,Karen,Ito,51.0,Male,Germany,,Cologne,2020-03-19,Organic Search,Family,English
CUST006091,Jacob,Menon,30.0,Female,Philippines,,Manila,2025-01-30,App Store,Individual,English
CUST005040,Khalid,Fischer,43.0,Male,Indonesia,,,2022-11-14,Referral,Individual,German
CUST007388,Daniel,Diallo,14.0,Female,Mexico,,Puebla,2024-11-07,Partner Bundle (Telecom),Student,English
CUST005890,Wei,Costa,41.0,Female,South Korea,,Seoul,2022-06-01,Organic Search,Student,English
CUST003556,Paula,Watanabe,35.0,Female,United States,,,2023-01-07,Paid Social,Individual,English
CUST006830,Isabella,Singh,27.0,Female,U.S.A,,New York,2021-12-15,Direct,Family,Hindi
CUST000185,Matthew,Almeida,19.0,Female,India,,Ahmedabad,2020-01-01,Organic Search,Family,English
CUST006062,Lucas,Mensah,47.0,Female,India,,Hyderabad,2021-06-27,Direct,Individual,Spanish
CUST002996,Michael,Yoon,,Female,Mexico,,Puebla,2023-09-15,Email Campaign,Individual,English
CUST000421,Zara,Rodrigues,44.0,Male,CANADA,,Ottawa,2022-08-15,Email Campaign,Student,English
CUST000554,Ava,Khan,35.0,Male,South Africa,,,2020-04-03,Paid Social,Individual,Indonesian
CUST001398,Henry,Patel,50.0,Male,Indonesia,,Bandung,2025-10-11,Paid Social,Individual,Spanish
CUST007199,Ricardo,Wang,37.0,Male,Nigeria,,Lagos,2024-06-21,Paid Social,Family,English
CUST003942,Ananya,Moreau,35.0,Female,Spain,,Madrid,2021-12-26,Direct,Family,Japanese
CUST002777,Michael,Rodriguez,45.0,Male,spain,,Madrid,2022-01-31,Partner Bundle (Telecom),Individual,Arabic
CUST001761,Paula,Zhao,37.0,Male,POLAND,,,2020-12-20,Organic Search,Individual,English
CUST002573,Themba,Williams,35.0,Female,Argentina,,,2019-08-05,Organic Search,Individual,Hindi
CUST000298,Huda,Robert,40.0,Female,Poland,,Wroclaw,2023-07-27,Referral,Individual,Korean
CUST000444,Jack,Davis,31.0,Female,Indonesia,,,2019-07-12,Partner Bundle (Telecom),Family,French
CUST004884,Andrew,Otieno,51.0,Female,India,,Delhi,2024-10-09,Partner Bundle (Telecom),Individual,English
CUST001120,Emma,Kobayashi,45.0,Male,Italy,,Rome,2023-10-01,Referral,Individual,Indonesian
CUST005297,Kofi,Sato,67.0,Male,United States,,Miami,2021-07-29,Referral,Student,English
CUST005360,Kwame,Jones,26.0,Male,Italy,,Naples,2025-10-31,Organic Search,Individual,Indonesian
CUST001922,Omar,Sharma,45.0,Male,Brazil,,Salvador,2021-08-28,Email Campaign,Individual,French
CUST000656,Arjun,Alves,44.0,Female,Germany,,Berlin,2024-04-24,Paid Social,Family,Hindi
CUST002250,Sota,Schmidt,30.0,Prefer not to say,Germany,,Hamburg,2021-04-04,Organic Search,Individual,Hindi
CUST007060,Wei,Zhang,30.0,Male,Nigeria,,Ibadan,2025-04-27,App Store,Individual,English
CUST003862,Barbara,Johnson,23.0,Male,Germany,,Munich,2021-03-26,Organic Search,Individual,Arabic
CUST004270,Isabella,Mwangi,41.0,Female,France,,Lyon,2023-09-21,Direct,Family,English
CUST006240,Harry,Koch,21.0,Female,Philippines,,Cebu City,2025-05-03,Organic Search,Individual,English
CUST006860,Mary,Alves,,Female,India,,Bengaluru,2020-08-30,Paid Social,Family,Indonesian
CUST006450,Hina,Chikoti,40.0,Prefer not to say,,,New York,2025-03-16,Partner Bundle (Telecom),Individual,German
CUST003568,Diya,Durand,36.0,Other,France,,Paris,2022-01-03,Email Campaign,Student,Arabic
CUST000559,Hassan,Hussain,38.0,Male,India,,Mumbai,2025-04-10,Organic Search,Individual,German
CUST006776,Kofi,Koch,25.0,Male,Canada,,Vancouver,2024-05-23,Organic Search,Individual,Polish
CUST001372,Vivaan,Gupta,30.0,Male,India,,Delhi,2022-01-02,App Store,Individual,Italian
CUST000908,Ali,Mensah,49.0,Female,Mexico,,Guadalajara,2021-11-10,Organic Search,Individual,Portuguese
CUST004762,Daniela,Rodrigues,24.0,Male,India,,Chennai,2024-03-22,Organic Search,Individual,Korean
CUST001434,Haruto,Sharma,31.0,Female,Mexico,,Monterrey,2024-12-31,Organic Search,Individual,English
CUST006411,Paula,Rodriguez,13.0,Male,Australia,,,2022-04-18,Organic Search,Corporate Bundle,English
CUST004443,Feng,Muller,33.0,Female,Brazil,,Brasilia,2021-12-19,Email Campaign,Family,Spanish
CUST002686,Sarah,Baig,47.0,Male,India,,Mumbai,2019-04-27,App Store,Individual,Korean
CUST006001,Alexander,Brown,46.0,Female,MEXICO,,Guadalajara,2022-03-26,Organic Search,Student,French
CUST003978,Matthew,Hoffmann,41.0,Female,Canada,,Vancouver,2020-05-03,Partner Bundle (Telecom),Individual,Korean
CUST000927,Rania,Durand,55.0,Male,South Korea,,Incheon,2023-09-13,Organic Search,Individual,Hindi
CUST007971,Patricia,Qureshi,32.0,Female,Nigeria,,Abuja,2026-03-22,Referral,Individual,English
CUST000016,Saanvi,Fischer,41.0,Male,India,,Chennai,2025-03-17,Organic Search,Individual,English
CUST007285,Charlie,Reddy,35.0,Other,India,,Mumbai,2019-08-21,Affiliate Partner,Student,English
CUST006619,Mary,Saito,23.0,Female,,,London,2019-02-25,App Store,Individual,Spanish
CUST005738,Camila,Schneider,33.0,Male,Spain,,Madrid,2020-04-03,Paid Social,Individual,English
CUST001162,Aadhya,Wang,31.0,Male,United States,,Seattle,2024-05-15,Organic Search,Corporate Bundle,English
CUST003149,Ethan,Alves,41.0,Female,Japan,,Osaka,2025-10-09,Referral,Family,Hindi
CUST005671,Liam,Alves,23.0,Male,Japan,,,2020-06-28,Paid Social,Student,English
CUST002969,Leo,Johnson,27.0,Female,Indonesia,,Jakarta,2025-12-21,App Store,Family,Portuguese
CUST007980,Aarav,Ferreira,18.0,Male,USA,,Seattle,2021-12-07,Organic Search,Individual,Portuguese
CUST003435,Noah,Davis,33.0,Male,India,,Kolkata,2026-02-20,Paid Social,Individual,Hindi
CUST006965,Camila,Hoffmann,56.0,Female,Philippines,,Cebu City,2022-01-17,Email Campaign,Student,English
CUST001363,Arjun,Alves,41.0,Male,United States,,Los Angeles,2024-01-09,Organic Search,Family,Korean
CUST001213,Karen,Bernard,13.0,Female,Germany,,Frankfurt,2021-08-19,Email Campaign,Student,Spanish
CUST001877,Riya,Davis,29.0,Male,India,,Ahmedabad,2023-02-27,Email Campaign,Individual,French
CUST007777,Daniel,Smith,60.0,Female,Italy,,Milan,2020-10-24,Affiliate Partner,Individual,Spanish
CUST003079,Sakura,Kumar,24.0,Male,Germany,,Frankfurt,2019-08-31,Organic Search,Family,Korean
CUST006258,Liam,Gupta,38.0,Male,,,Glasgow,2026-04-27,Organic Search,Individual,Spanish
CUST007684,Lei,Okafor,34.0,Male,,,Leeds,2019-09-23,Referral,Family,English
CUST001171,Sara,Miller,30.0,Female,India,,Mumbai,2026-03-23,Referral,Individual,Spanish
CUST004232,Evelyn,Sato,32.0,Female,Argentina,,Cordoba,2025-01-02,Referral,Family,English
CUST002183,Mohammed,Wang,29.0,Male,India,,Ahmedabad,2020-02-20,Organic Search,Individual,Indonesian
CUST002751,Yong,Qureshi,39.0,Male,Mexico,,,2023-02-12,App Store,Individual,Indonesian
CUST002246,Hassan,Petit,29.0,Male,South Africa,,Cape Town,2026-05-02,Referral,Individual,Indonesian
CUST001834,Robert,Johnson,29.0,Male,Philippines,,Manila,2021-04-21,App Store,Individual,English
CUST002852,Tendai,Jang,29.0,Male,India,,Mumbai,2025-12-12,Email Campaign,Individual,Korean
CUST001860,Wei,Yamamoto,37.0,Female,United States,,,2024-10-17,App Store,Corporate Bundle,Portuguese
CUST003182,Jian,Silva,28.0,Female,Brazil,,Brasilia,2020-05-28,Affiliate Partner,Student,Portuguese
CUST002474,Ren,Menon,54.0,Male,United States,,Miami,2021-01-05,App Store,Individual,English
CUST004221,Gabriela,Williams,44.0,Male,India,,Ahmedabad,2019-09-13,Email Campaign,Individual,English
CUST002570,Sora,Muller,40.0,Female,Mexico,,Puebla,2025-12-12,Referral,Individual,Hindi
CUST004904,William,Adeyemi,34.0,Female,DE,,Hamburg,2021-02-16,Email Campaign,Individual,Korean
CUST000388,Amelia,Costa,29.0,Female,France,,Nice,2019-07-12,App Store,Family,English
CUST006719,Omar,Ito,20.0,Female,Japan,,Tokyo,2026-03-31,App Store,Individual,Arabic
CUST001033,Zola,Khan,36.0,Female,United Kingdom,,London,2023-12-26,Organic Search,Family,German
CUST005437,Sophia,Otieno,46.0,Male,Spain,,Seville,2019-01-16,Referral,Individual,German
CUST003185,Aadhya,Oliveira,39.0,Female,United States,,Los Angeles,2021-12-12,Affiliate Partner,Student,English
CUST002419,Evelyn,Johnson,34.0,Male,India,,Kolkata,2024-03-05,Paid Social,Individual,English
CUST003654,Jessica,Patel,24.0,Female,Canada,,Vancouver,2025-06-30,Paid Social,Individual,Indonesian
CUST000932,Sophia,Chikoti,41.0,Male,Japan,,Nagoya,2022-09-04,Partner Bundle (Telecom),Student,Indonesian
CUST004529,Diego,Qureshi,47.0,Male,Australia,,Melbourne,2019-05-08,Affiliate Partner,Family,Korean
CUST000692,Khalid,Jung,18.0,Female,South Korea,,Incheon,2022-09-06,App Store,Student,English
CUST001892,Tao,Alves,22.0,Female,Canada,,Vancouver,2020-10-20,App Store,Individual,
CUST004105,William,Williams,20.0,Female,India,,Mumbai,2022-09-28,Paid Social,Individual,Hindi
CUST005578,Kiara,Sharma,23.0,Female,France,,Marseille,2025-06-25,Partner Bundle (Telecom),Student,Tagalog
CUST007687,Amelia,Mensah,39.0,Female,Argentina,,Cordoba,2019-04-12,Organic Search,Individual,English
CUST004031,John,Diallo,34.0,Female,Philippines,,Davao City,2021-02-26,Paid Social,Corporate Bundle,Korean
CUST006806,Hassan,Watanabe,13.0,Male,Brazil,,Rio de Janeiro,2021-12-22,Affiliate Partner,Individual,Spanish
CUST000045,Pedro,Qureshi,13.0,Male,Mexico,,Mexico City,2022-09-11,Organic Search,Family,Hindi
CUST003001,Oliver,Liu,45.0,Female,Mexico,,Mexico City,2024-05-23,Organic Search,Student,English
CUST005829,Aisha,Li,48.0,Male,Germany,,Hamburg,2024-04-30,Partner Bundle (Telecom),Individual,English
CUST007098,Yui,Sharma,21.0,Male,Argentina,,Rosario,2019-02-04,Paid Social,Individual,
CUST003442,Feng,Pereira,46.0,Male,IN,,,2024-11-21,Organic Search,Individual,
CUST006439,Luis,Hussain,28.0,Female,United States,,Houston,2019-05-17,Email Campaign,Individual,English
CUST005956,Khalid,Sato,21.0,Other,Mexico,,Mexico City,2020-04-24,Direct,Individual,Portuguese
CUST001684,Lei,Jung,48.0,Female,Mexico,,Monterrey,2021-12-01,App Store,Individual,German
CUST006226,Yuto,Park,46.0,Male,Brazil,,Fortaleza,2022-01-08,Affiliate Partner,Individual,Japanese
CUST005562,Ananya,Zhao,40.0,Female,United States,,Houston,2025-03-05,Paid Social,Family,Hindi
CUST005703,John,Banda,58.0,Male,Canada,,Montreal,2023-03-09,Affiliate Partner,Family,English
CUST000064,Susan,Baig,29.0,Female,Italy,,Milan,2020-06-30,Direct,Individual,Arabic
CUST005195,Yusuf,Lim,51.0,Male,United States,,Miami,2019-01-07,Paid Social,Family,English
CUST004127,Lei,Almeida,25.0,Female,Canada,,Calgary,2020-04-18,Referral,Individual,English
CUST003471,Diego,Bernard,28.0,Female,GERMANY,,Cologne,2021-08-10,Organic Search,Student,English
CUST000228,Myra,Ahmed,36.0,Female,Spain,,Valencia,2026-02-26,Referral,Individual,Hindi
CUST003382,Barbara,Koch,34.0,Male,India,,Kolkata,2022-10-04,Organic Search,Individual,English
CUST005046,Vihaan,Bernard,14.0,Female,Canada,,,2025-02-12,Organic Search,Corporate Bundle,Korean
CUST003316,Sarah,Hoffmann,,Other,Germany,,Munich,2021-01-17,Affiliate Partner,Individual,Spanish
CUST003128,Zola,Kim,41.0,Male,Italy,,Milan,2025-02-22,Email Campaign,Individual,
CUST000970,Jack,Malik,37.0,Male,Japan,,Yokohama,2023-06-28,App Store,Family,Tagalog
CUST001806,Elijah,Ferreira,67.0,Male,Argentina,,Rosario,2022-09-08,Email Campaign,Individual,Hindi
CUST005974,Camila,Li,13.0,Female,,,Naples,2025-09-20,Email Campaign,Corporate Bundle,English
CUST003290,Sofia,Kumar,47.0,Male,Italy,,Naples,2022-02-21,Paid Social,Individual,Spanish
CUST004276,Hassan,Sheikh,41.0,Female,United Kingdom,,Glasgow,2019-10-01,Referral,Individual,German
CUST005717,Pari,Muller,33.0,Male,Philippines,,Manila,2021-11-15,Organic Search,Individual,German
CUST003024,Camila,Petit,50.0,Male,United States,,Phoenix,2020-10-17,Organic Search,Individual,Hindi
CUST004764,Yuto,Mensah,37.0,Male,FRANCE,,Paris,2020-07-12,Organic Search,Individual,Hindi
CUST001861,Saanvi,Muller,,Female,South Africa,,Johannesburg,2026-03-12,Organic Search,Individual,German
CUST004035,Tao,Lee,41.0,Male,united states,,Seattle,2024-07-20,Email Campaign,Individual,English
CUST005160,Sarah,Kang,25.0,Male,Brazil,,Sao Paulo,2025-08-27,Paid Social,Corporate Bundle,German
CUST006201,Daniela,Souza,46.0,Male,Canada,,Calgary,2020-05-30,Paid Social,Family,Italian
CUST003775,Henry,Takahashi,13.0,Male,United States,,Austin,2021-05-11,Referral,Family,Polish
CUST000253,Ali,Verma,22.0,Female,United States,,Seattle,2021-06-10,Affiliate Partner,Family,Spanish
CUST006246,Ishaan,Yoon,,Prefer not to say,India,,,2023-02-23,Organic Search,Individual,English
CUST007488,Charlie,Choi,29.0,Male,Italy,,Naples,2021-11-02,Paid Social,Individual,English
CUST001790,Isabella,Meyer,48.0,Prefer not to say,Germany,,Cologne,2021-09-13,Direct,Individual,Hindi
CUST006142,Noah,Ferreira,52.0,Other,United States,,Chicago,2024-03-28,Email Campaign,Individual,Hindi
CUST002060,Saanvi,Singh,43.0,Male,Canada,,Calgary,2023-11-26,Organic Search,Individual,Italian
CUST004265,Lucas,Koch,22.0,Male,India,,Hyderabad,2023-12-07,Organic Search,Individual,English
CUST002421,John,Santos,25.0,Male,France,,Marseille,2025-10-11,Organic Search,Individual,Hindi
CUST006010,Mary,Malik,48.0,Female,United Kingdom,,,2024-02-06,App Store,Individual,Portuguese
CUST001903,Amelia,Kumar,26.0,Female,Canada,,Montreal,2023-06-23,Organic Search,Individual,Hindi
CUST002120,Diya,Zhou,49.0,Prefer not to say,,,Toulouse,2026-05-06,Organic Search,Individual,Portuguese
CUST006670,Amara,Choi,33.0,Female,France,,Lyon,2024-08-19,Paid Social,Family,Portuguese
CUST007446,Noor,Leroy,,Male,PHILIPPINES,,Manila,2025-06-25,App Store,Individual,Korean
CUST002956,Emma,Li,55.0,Male,Philippines,,,2019-09-10,Organic Search,Student,Polish
CUST005825,George,Wang,27.0,Female,India,,Ahmedabad,2023-08-15,Organic Search,Individual,Japanese
CUST006711,Fernando,Smith,59.0,Female,South Korea,,Incheon,2026-03-20,Email Campaign,Individual,English
CUST000076,Tao,Rodrigues,13.0,Female,INDIA,,Hyderabad,2023-09-30,Direct,Family,Portuguese
CUST004856,Myra,Li,42.0,Female,U.S.A,,Austin,2022-02-13,Affiliate Partner,Individual,
CUST000431,Oliver,Schmidt,26.0,Male,mexico,,Monterrey,2023-07-26,Organic Search,Family,English
CUST004122,Sami,Iyer,51.0,Male,Germany,,Hamburg,2024-05-31,Organic Search,Student,Korean
CUST007990,Sami,Nakamura,25.0,Male,India,,,2019-08-25,Paid Social,Family,English
CUST005060,Yuto,Malik,,Male,Brazil,,Brasilia,2025-04-06,Organic Search,Individual,Hindi
CUST006018,Oscar,Oliveira,34.0,Male,France,,Toulouse,2019-10-26,Partner Bundle (Telecom),Individual,Portuguese
CUST006844,Liam,Meyer,22.0,Male,Argentina,,Buenos Aires,2023-05-20,Email Campaign,Individual,Hindi
CUST005372,Joseph,Liu,35.0,Female,United States,,,2023-05-03,Referral,Student,English
CUST006400,Mohammed,Okafor,16.0,Male,Philippines,,Cebu City,2025-07-25,Organic Search,Individual,English
CUST002334,Lei,Kumar,29.0,Female,United States,,New York,2022-06-23,Affiliate Partner,Family,Hindi
CUST005051,Riya,Davis,22.0,Female,Canada,,,2020-07-02,Organic Search,Family,English
CUST000241,Ethan,Kang,13.0,Other,United Kingdom,,Manchester,2019-11-19,App Store,Family,Indonesian
CUST000784,Daniel,Patel,43.0,Male,India,,Hyderabad,2022-06-10,Email Campaign,Individual,English
CUST001355,Olivia,Otieno,44.0,Female,Argentina,,Buenos Aires,2023-11-07,Organic Search,Family,Hindi
CUST003498,Kwame,Suzuki,29.0,Male,Poland,,Wroclaw,2021-08-21,Organic Search,Family,Spanish
CUST000978,Naledi,Muller,37.0,Male,United States,,New York,2024-01-21,Email Campaign,Individual,English
CUST000810,Sophia,Sato,38.0,Male,Canada,,Calgary,2023-01-31,Partner Bundle (Telecom),Student,Polish
CUST002169,Liam,Okafor,39.0,Male,Canada,,Calgary,2024-12-12,Referral,Individual,English
CUST001600,Henry,Zhao,41.0,Male,Poland,,Warsaw,2022-03-05,Email Campaign,Individual,Spanish
CUST003412,Amara,Martin,35.0,Female,United Kingdom,,Glasgow,2026-04-17,App Store,Individual,French
CUST005366,Sakura,Ito,26.0,Female,,,Seville,2025-04-21,Affiliate Partner,Individual,English
CUST001621,Arjun,Sheikh,59.0,Female,Brazil,,Sao Paulo,2020-01-22,Affiliate Partner,Individual,English
CUST004952,Mariana,Patel,34.0,Female,United Arab Emirates,,Dubai,2022-03-01,Referral,Family,Portuguese
CUST001483,Barbara,Wang,26.0,Female,Brazil,,Rio de Janeiro,2025-10-04,Referral,Family,English
CUST003919,Omar,Takahashi,29.0,Female,Germany,,Hamburg,2020-11-11,Affiliate Partner,Individual,Hindi
CUST001802,Mariana,Adeyemi,22.0,Male,Italy,,Rome,2025-02-14,Affiliate Partner,Student,English
CUST002096,Alejandro,Jung,13.0,Female,United States,,New York,2021-12-23,Paid Social,Individual,Indonesian
CUST003957,Elena,Wang,20.0,Female,Poland,,Krakow,2023-06-30,App Store,Family,English
CUST001358,Michael,Sharma,30.0,Male,Japan,,Nagoya,2019-05-08,App Store,Individual,Arabic
CUST005318,James,Yoon,34.0,Male,UK,,London,2024-05-22,Organic Search,Student,Japanese
CUST007418,Myra,Petit,27.0,Prefer not to say,UAE,,Abu Dhabi,2020-03-30,Paid Social,Individual,
CUST002919,Alexander,Schmidt,18.0,Female,CA,,,2019-12-08,Partner Bundle (Telecom),Individual,English
CUST003781,Jack,Patel,56.0,Female,India,,Chennai,2021-09-04,Affiliate Partner,Individual,French
CUST005340,Jacob,Ito,26.0,Female,United States,,Seattle,2022-11-03,Organic Search,Individual,German
CUST002651,Sami,Kang,42.0,Male,United States,,Chicago,2022-10-14,Paid Social,Family,English
CUST005199,Tariq,Adeyemi,31.0,Female,India,,Ahmedabad,2024-04-01,Paid Social,Family,Spanish
CUST003962,William,Moreau,53.0,Male,,,Liverpool,2020-12-16,App Store,Individual,Tagalog
CUST004088,Ricardo,Martinez,43.0,Female,France,,Toulouse,2026-02-03,Organic Search,Family,German
CUST007014,Fernando,Hussain,27.0,Female,Australia,,Sydney,2024-03-22,Referral,Individual,Hindi
CUST000030,Maya,Lee,23.0,Male,United States,,Seattle,2023-11-16,Paid Social,Corporate Bundle,Arabic
CUST006551,Ishaan,Malik,43.0,Male,Argentina,,Rosario,2022-09-11,Email Campaign,Individual,Japanese
CUST003143,Harper,Martinez,22.0,Male,,,Osaka,2019-10-31,Organic Search,Student,Hindi
CUST001093,Anika,Santos,37.0,Male,Canada,,Montreal,2023-09-20,Affiliate Partner,Individual,English
CUST000125,Hao,Rahman,50.0,Male,United States,,Austin,2023-11-08,Paid Social,Individual,English
CUST007481,Omar,Otieno,22.0,Female,India,,Pune,2025-03-25,Email Campaign,Individual,Indonesian
CUST005881,Joseph,Robert,55.0,Female,United States,,,2023-09-07,Organic Search,Student,English
CUST005644,Paula,Lim,40.0,Male,India,,Ahmedabad,2019-11-16,Paid Social,Family,Korean
CUST004929,Aadhya,Malik,,Female,United States,,Miami,2022-02-28,Affiliate Partner,Individual,German
CUST002299,Freddie,Martinez,29.0,Male,France,,Toulouse,2022-09-16,Organic Search,Individual,English
CUST006962,Kwame,Muller,32.0,Prefer not to say,Britain,,London,2021-09-13,Email Campaign,Individual,
CUST001554,Logan,Khan,29.0,Prefer not to say,united kingdom,,Liverpool,2019-11-16,Paid Social,Family,Hindi
CUST006804,Camila,Watanabe,36.0,Female,India,,Mumbai,2023-12-05,Organic Search,Individual,English
CUST000599,Gabriela,Gupta,43.0,Male,japan,,Osaka,2021-05-15,Email Campaign,Individual,Korean
CUST003318,Logan,Nakamura,31.0,Female,United States,,Phoenix,2021-01-18,Organic Search,Individual,English
CUST001417,Themba,Rahman,24.0,Female,United States,,Miami,2019-01-13,Organic Search,Student,English
CUST006074,Aoi,Banda,27.0,Male,Germany,,Hamburg,2024-12-29,Organic Search,Individual,English
CUST006559,Alexander,Mwangi,54.0,Male,South Africa,,Pretoria,2024-05-08,Referral,Student,Hindi
CUST004678,James,Suzuki,13.0,Male,India,,Delhi,2020-08-26,Paid Social,Individual,French
CUST003734,Naledi,Zhang,38.0,Female,India,,Bengaluru,2023-01-21,App Store,Individual,English
CUST002198,Ricardo,Robert,,Male,India,,Bengaluru,2019-11-27,Referral,Family,English
CUST003934,Kwame,Baig,26.0,Female,,,Houston,2025-08-18,Organic Search,Individual,Arabic
CUST005533,Alexander,Koch,38.0,Female,Nigeria,,Abuja,2023-09-23,Email Campaign,Corporate Bundle,Arabic
CUST007076,Alejandro,Weber,17.0,Female,India,,Kolkata,2020-08-23,Referral,Individual,
CUST000809,Ali,Singh,44.0,Male,India,,Chennai,2025-05-05,Organic Search,Individual,Hindi
CUST005510,Evelyn,Yang,23.0,Female,United States,,New York,2020-07-14,App Store,Individual,English
CUST000959,Mia,Cho,47.0,Male,Indonesia,,Jakarta,2024-04-04,Organic Search,Individual,Hindi
CUST002765,Riya,Alves,40.0,Other,India,,Kolkata,2023-08-03,Organic Search,Family,Portuguese
CUST005268,Daniela,Hussain,32.0,Female,United States,,Seattle,2020-04-05,Paid Social,Individual,Hindi
CUST000811,Yusuf,Kumar,32.0,Male,United States,,,2019-04-01,Paid Social,Student,Tagalog
CUST000835,Barbara,Cho,34.0,Male,United Kingdom,,Glasgow,2020-12-31,Email Campaign,Corporate Bundle,Indonesian
CUST003313,Aadhya,Li,23.0,Male,Argentina,,Buenos Aires,2023-07-07,Affiliate Partner,Individual,French
CUST007510,Ali,Diallo,44.0,Male,United States,,,2023-05-04,Affiliate Partner,Student,English
CUST001236,Juan,Kumar,15.0,Male,United States,,Seattle,2021-06-28,Organic Search,Student,English
CUST001226,Arjun,Rodriguez,44.0,Male,United States,,Houston,2022-06-15,Paid Social,Student,English
CUST005261,Diego,Banda,33.0,Male,Indonesia,,Jakarta,2025-02-08,App Store,Individual,Hindi
CUST006077,Riya,Singh,26.0,Female,United States,,,2024-02-19,Paid Social,Individual,German
CUST003044,Qiang,Schmidt,21.0,Female,Indonesia,,Jakarta,2019-05-29,Paid Social,Student,German
CUST007123,Zola,Wagner,24.0,Female,Germany,,Hamburg,2024-10-17,Referral,Family,German
CUST002808,Riku,Tanaka,36.0,Male,Germany,,Berlin,2025-02-11,Referral,Individual,Hindi
CUST007751,Sophia,Rodriguez,28.0,Male,Canada,,Ottawa,2022-01-20,App Store,Individual,English
CUST003071,Alejandro,Singh,29.0,Male,CA,,Montreal,2022-02-11,Partner Bundle (Telecom),Individual,Japanese
CUST006161,Jennifer,Adeyemi,42.0,Male,United States,,Austin,2023-01-21,App Store,Corporate Bundle,Indonesian
CUST001658,Jun,Jung,29.0,Male,Britain,,London,2022-03-19,Organic Search,Individual,English
CUST006861,Linda,Rahman,24.0,Other,Brazil,,Brasilia,2025-10-26,Partner Bundle (Telecom),Individual,English
CUST000453,Mohammed,Zhou,19.0,Male,,,Tokyo,2021-12-27,Partner Bundle (Telecom),Corporate Bundle,Tagalog
CUST004707,Naledi,Santos,45.0,Female,Canada,,Ottawa,2019-02-02,Organic Search,Individual,English
CUST003681,Yuto,Zhang,36.0,Female,France,,Toulouse,2025-05-24,Affiliate Partner,Corporate Bundle,English
CUST000423,Hassan,Richard,34.0,Female,South Africa,,Durban,2020-05-12,Organic Search,Family,Hindi
CUST001221,Chidi,Miller,38.0,Female,India,,Mumbai,2024-01-15,Email Campaign,Individual,Hindi
CUST007695,Yuto,Bernard,34.0,Male,France,,Paris,2025-06-03,Paid Social,Individual,French
CUST004303,Huda,Rodrigues,17.0,Male,France,,Marseille,2026-02-27,App Store,Family,Tagalog
CUST007507,Lucia,Ferreira,34.0,Female,India,,Kolkata,2019-08-06,Partner Bundle (Telecom),Individual,Spanish
CUST007568,Zara,Banda,43.0,Male,Nigeria,,Ibadan,2025-05-11,Email Campaign,Student,Hindi
CUST000103,Oliver,Nair,42.0,Female,United Arab Emirates,,Abu Dhabi,2021-10-05,Paid Social,Student,English
CUST004946,Joseph,Reddy,30.0,Male,Spain,,Valencia,2024-01-01,Paid Social,Individual,English
CUST003661,Camila,Ahmed,33.0,Male,United Kingdom,,,2021-11-20,Referral,Family,Hindi
CUST001581,George,Kobayashi,33.0,Female,United States,,Miami,2022-11-24,Partner Bundle (Telecom),Individual,Hindi
CUST003115,James,Richard,40.0,Male,United States,,Chicago,2023-02-08,Organic Search,Corporate Bundle,Hindi
CUST002207,Oliver,Almeida,34.0,Prefer not to say,Brazil,,,2019-08-03,Organic Search,Individual,French
CUST000171,Sakura,Johnson,46.0,Male,Mexico,,Guadalajara,2024-06-04,Paid Social,Family,Italian
CUST005954,Huda,Saito,26.0,Male,United States,,Houston,2024-11-08,Organic Search,Family,English
CUST000136,Logan,Mensah,14.0,Female,JP,,Tokyo,2025-02-09,Affiliate Partner,Family,Hindi
CUST006597,Miguel,Suzuki,62.0,Female,,,Los Angeles,2025-08-02,Affiliate Partner,Individual,Hindi
CUST004966,Elizabeth,Okafor,32.0,Other,France,,Marseille,2024-06-14,Organic Search,Student,Arabic
CUST001311,Ahmed,Huang,27.0,Female,India,,Ahmedabad,2019-06-14,Referral,Individual,English
CUST007241,Ren,Singh,40.0,Female,United States,,Austin,2021-06-10,Paid Social,Individual,Arabic
CUST002285,Ricardo,Richard,27.0,Prefer not to say,United States,,Miami,2024-12-18,Affiliate Partner,Student,English
CUST004421,Logan,Qureshi,51.0,Other,United States,,Austin,2026-03-19,Paid Social,Individual,Spanish
CUST006728,Juan,Mensah,32.0,Male,Poland,,,2025-06-11,Organic Search,Individual,English
CUST002865,Alexander,Adeyemi,25.0,Male,Philippines,,,2024-12-16,Paid Social,Individual,Hindi
CUST005504,Jessica,Zhou,26.0,Prefer not to say,United Kingdom,,London,2021-12-09,Paid Social,Individual,English
CUST001936,Alexander,Chen,28.0,Female,,,Durban,2023-11-20,Email Campaign,Individual,English
CUST002485,Sami,Rahman,14.0,Male,Germany,,Cologne,2025-04-12,Partner Bundle (Telecom),Individual,Korean
CUST002848,Aisha,Pereira,50.0,Female,India,,Kolkata,2024-04-25,Referral,Corporate Bundle,Korean
CUST003961,Layla,Mwangi,46.0,Male,India,,Ahmedabad,2026-05-26,Email Campaign,Corporate Bundle,English
CUST000808,Riku,Sheikh,32.0,Male,Brazil,,Fortaleza,2019-12-27,Email Campaign,Family,Arabic
CUST002046,Chidi,Schmidt,37.0,Female,South Korea,,Busan,2022-05-15,Organic Search,Family,English
CUST003922,Chidi,Bernard,21.0,Female,,,Mumbai,2020-05-20,Organic Search,Corporate Bundle,Indonesian
CUST000463,Lei,Kim,130.0,Male,AR,,,2025-10-18,Affiliate Partner,Individual,Korean
CUST001957,Jennifer,Oliveira,26.0,Male,France,,Toulouse,2019-02-23,Referral,Student,French
CUST003788,Sota,Sharma,35.0,Female,India,,Hyderabad,2021-08-08,Email Campaign,Family,English
CUST000800,Layla,Santos,36.0,Male,india,,Delhi,2024-09-26,Partner Bundle (Telecom),Individual,French
CUST002403,Hina,Liu,26.0,Female,Brazil,,,2022-04-27,Paid Social,Individual,Arabic
CUST003542,Jack,Petit,41.0,Male,South Korea,,Incheon,2020-11-10,Affiliate Partner,Individual,Portuguese
CUST001074,Mia,Lee,18.0,Male,Brazil,,Fortaleza,2024-10-17,Partner Bundle (Telecom),Family,Korean
CUST000145,Huda,Kobayashi,30.0,Female,Philippines,,,2020-10-04,Organic Search,Individual,English
CUST001341,Huda,Martin,31.0,Female,France,,Marseille,2020-09-15,App Store,Family,English
CUST005662,Sota,Wu,42.0,Female,India,,Mumbai,2023-08-31,Affiliate Partner,Individual,Spanish
CUST006623,Ahmed,Meyer,27.0,Male,Australia,,Perth,2019-06-06,Referral,Student,Hindi
CUST002092,Robert,Hussain,27.0,Other,India,,Pune,2023-01-31,Direct,Individual,English
CUST005007,Kwame,Wang,21.0,Female,Mexico,,Puebla,2019-03-20,Affiliate Partner,Individual,Arabic
CUST004468,Jose,Rahman,45.0,Male,United States,,Houston,2025-05-23,Paid Social,Individual,Spanish
CUST005563,John,Robert,28.0,Male,India,,Ahmedabad,2026-01-28,App Store,Individual,French
CUST004510,Charlie,Ito,31.0,Male,Brazil,,Brasilia,2023-05-12,App Store,Individual,Hindi
CUST004797,Khalid,Bernard,33.0,Female,USA,,Chicago,2020-11-15,Direct,Corporate Bundle,English
CUST002859,Harper,Sharma,38.0,Female,uae,,Sharjah,2026-03-17,Email Campaign,Individual,Spanish
CUST001004,Aarav,Kobayashi,32.0,Female,Philippines,,Cebu City,2019-10-24,Partner Bundle (Telecom),Individual,Korean
CUST004813,Haruto,Hoffmann,24.0,Male,Japan,,,2020-04-24,Organic Search,Individual,English
CUST005010,Jose,Becker,31.0,Female,India,,Hyderabad,2023-05-19,App Store,Individual,English
CUST000556,Themba,Choi,25.0,Male,United Kingdom,,Manchester,2024-07-30,Partner Bundle (Telecom),Corporate Bundle,German
CUST006780,Lucas,Souza,41.0,Male,United States,,Seattle,2025-12-18,App Store,Individual,English
CUST001486,Hao,Yamamoto,38.0,Female,Philippines,,Manila,2022-05-27,Organic Search,Individual,Portuguese
CUST005753,Nia,Iyer,62.0,Female,Indonesia,,Jakarta,2023-07-15,Partner Bundle (Telecom),Individual,English
CUST001273,Aisha,Martinez,26.0,Female,India,,Mumbai,2020-06-11,Email Campaign,Individual,French
CUST001412,Gabriela,Liu,57.0,Female,India,,Hyderabad,2024-05-02,Referral,Family,Hindi
CUST007725,Vihaan,Diallo,43.0,Female,United States,,New York,2020-01-03,Paid Social,Individual,English
CUST007357,Charlotte,Robert,,Male,Nigeria,,Lagos,2025-11-25,App Store,Family,Spanish
CUST001472,Jack,Lee,13.0,Male,Philippines,,Davao City,2026-02-25,Organic Search,Individual,Japanese
CUST006297,Lucas,Laurent,49.0,Female,India,,Chennai,2021-04-28,Paid Social,Student,Tagalog
CUST007779,Olivia,Yoon,23.0,Female,Argentina,,Rosario,2025-05-16,Email Campaign,Family,Tagalog
CUST005817,Pari,Zhang,58.0,Male,United States,,New York,2022-06-07,Partner Bundle (Telecom),Family,German
CUST004837,Harper,Banda,27.0,Male,FRANCE,,Marseille,2022-02-21,Organic Search,Family,Arabic
CUST006113,Matthew,Saito,19.0,Male,Philippines,,Cebu City,2023-10-28,Paid Social,Corporate Bundle,English
CUST004318,Emma,Cho,23.0,Other,South Africa,,Cape Town,2025-12-09,App Store,Individual,Hindi
CUST000982,Elena,Ahmed,28.0,Female,Poland,,Krakow,2023-10-29,Direct,Individual,Arabic
CUST006831,Matthew,Hoffmann,65.0,Female,United Kingdom,,Liverpool,2020-12-26,Paid Social,Individual,English
CUST004339,Liam,Park,47.0,Male,United States,,Los Angeles,2022-06-12,Paid Social,Individual,English
CUST007127,Sakura,Menon,45.0,Female,United States,,Chicago,2019-03-20,Affiliate Partner,Family,English
CUST001269,Isabella,Ali,34.0,Female,France,,,2025-05-12,Paid Social,Corporate Bundle,English
CUST005930,Huda,Oliveira,27.0,Male,Italy,,Rome,2023-07-30,Partner Bundle (Telecom),Individual,Indonesian
CUST000269,Ibrahim,Chikoti,26.0,Male,Mexico,,Puebla,2025-07-21,Direct,Individual,English
CUST000655,George,Robert,51.0,Male,South Korea,,,2025-04-22,Referral,Individual,English
CUST002649,Ahmed,Sheikh,31.0,Female,United States,,Chicago,2019-10-01,Organic Search,Individual,Hindi
CUST002885,Zola,Garcia,45.0,Female,UK,,,2023-10-25,Organic Search,Student,Spanish
CUST004605,Pedro,Johnson,37.0,Male,Nigeria,,Lagos,2020-12-30,App Store,Individual,Portuguese
CUST005200,Sara,Bernard,39.0,Male,United Arab Emirates,,Abu Dhabi,2025-07-19,Organic Search,Corporate Bundle,Spanish
CUST003195,Yuto,Dubois,42.0,Female,Mexico,,Puebla,2022-11-17,Organic Search,Family,English
CUST000590,Ibrahim,Lim,30.0,Female,United States,,New York,2024-03-05,Paid Social,Family,English
CUST006857,Ananya,Patel,36.0,Female,Indonesia,,Bandung,2020-10-06,Direct,Individual,German
CUST002761,Paula,Chowdhury,30.0,Male,Poland,,Krakow,2024-03-22,Direct,Student,Spanish
CUST002819,Noah,Schneider,,Male,India,,Mumbai,2020-04-19,Direct,Family,English
CUST005541,Diego,Weber,43.0,Male,U.K.,,Manchester,2022-06-26,Organic Search,Individual,English
CUST004249,Patricia,Brown,23.0,Female,Germany,,Berlin,2025-09-06,Affiliate Partner,Student,Korean
CUST005177,Sofia,Wang,34.0,Female,United States,,Austin,2022-09-06,Email Campaign,Individual,French
CUST006257,Olivia,Schmidt,36.0,Female,United States,,Chicago,2019-01-01,App Store,Individual,Italian
CUST001809,Yuto,Cho,38.0,Female,united states,,Seattle,2023-09-06,Organic Search,Individual,English
CUST006930,Sarah,Richard,15.0,Male,Bharat,,Ahmedabad,2021-12-01,Organic Search,Individual,Hindi
CUST006252,Nia,Zhang,24.0,Male,uae,,Sharjah,2023-04-21,Referral,Student,English
CUST006282,Linda,Almeida,33.0,Female,India,,Pune,2022-06-08,Organic Search,Individual,French
CUST000678,Chidi,Nair,31.0,Female,Indonesia,,Surabaya,2022-09-30,Partner Bundle (Telecom),Individual,Spanish
CUST007030,Yuto,Abara,13.0,Male,India,,Mumbai,2020-05-17,Paid Social,Individual,French
CUST005413,Amina,Wu,46.0,Male,India,,Pune,2024-07-07,Paid Social,Family,Portuguese
CUST003400,Matthew,Okafor,37.0,Female,United States,,Miami,2021-08-10,Affiliate Partner,Corporate Bundle,Korean
CUST003045,Riku,Verma,48.0,Male,India,,Ahmedabad,2020-10-08,Affiliate Partner,Student,English
CUST004709,Elizabeth,Richard,21.0,Male,Indonesia,,Bandung,2021-03-26,Affiliate Partner,Individual,Japanese
CUST006982,Vihaan,Watanabe,,Other,Mexico,,Monterrey,2022-12-26,Affiliate Partner,Individual,Spanish
CUST002433,Amelia,Wagner,23.0,Female,Britain,,Manchester,2021-04-06,Direct,Individual,English
CUST005551,Carlos,Petit,48.0,Female,United States,,New York,2020-08-19,Organic Search,Individual,English
CUST007143,Kiara,Ferreira,28.0,Female,Indonesia,,Surabaya,2020-08-11,Organic Search,Individual,Korean
CUST003908,Patricia,Banda,28.0,Female,,,Krakow,2021-11-18,Paid Social,Individual,French
CUST006116,Daniel,Martin,32.0,Male,Germany,,Frankfurt,2025-01-13,Organic Search,Individual,English
CUST004370,Yuto,Nakamura,27.0,Male,Indonesia,,Jakarta,2023-05-26,App Store,Family,German
CUST002590,Arjun,Koch,34.0,Male,CANADA,,Montreal,2024-02-29,Paid Social,Individual,Spanish
CUST001612,Reyansh,Chikoti,31.0,Male,Poland,,Wroclaw,2024-08-21,Paid Social,Individual,Hindi
CUST004288,Oscar,Wu,25.0,Female,Brazil,,Fortaleza,2019-08-04,Organic Search,Individual,Japanese
CUST006419,Oscar,Silva,52.0,Male,United Kingdom,,Liverpool,2022-09-21,Organic Search,Individual,Japanese
CUST007286,Saanvi,Santos,33.0,Female,France,,Nice,2022-09-18,Paid Social,Individual,Spanish
CUST002593,Patricia,Petit,31.0,Female,South Africa,,Pretoria,2019-03-02,Referral,Student,Arabic
CUST006657,Kiara,Chen,45.0,Female,Canada,,Toronto,2022-12-10,Email Campaign,Individual,French
CUST007988,Tao,Mensah,22.0,Female,South Korea,,Busan,2019-08-11,Referral,Corporate Bundle,English
CUST000606,Huda,Cho,21.0,Male,Australia,,Melbourne,2020-09-23,Partner Bundle (Telecom),Individual,Portuguese
CUST004330,Sami,Saito,,Male,JAPAN,,Tokyo,2022-09-02,Partner Bundle (Telecom),Individual,Japanese
CUST005431,Ethan,Malik,22.0,Male,United Kingdom,,Leeds,2021-12-23,Partner Bundle (Telecom),Family,Arabic
CUST001469,Oscar,Ali,30.0,Male,Indonesia,,Jakarta,2021-12-16,Organic Search,Family,English
CUST005937,Sami,Rahman,18.0,Male,IN,,Delhi,2019-12-13,Organic Search,Corporate Bundle,Hindi
CUST005412,Gabriela,Ahmed,32.0,Male,Italy,,Naples,2025-03-07,App Store,Individual,
CUST003802,Riku,Dubois,17.0,Male,Germany,,Frankfurt,2019-11-20,Paid Social,Family,English
CUST003685,Hassan,Petit,27.0,Male,nigeria,,Abuja,2021-03-16,Referral,Family,English
CUST004961,Susan,Mwangi,32.0,Female,United States,,New York,2024-01-07,Organic Search,Family,English
CUST006968,Jack,Reddy,28.0,Male,India,,,2023-07-16,Organic Search,Corporate Bundle,French
CUST002156,Sofia,Mwangi,42.0,Other,Canada,,Calgary,2022-07-12,Organic Search,Individual,Hindi
CUST005023,Aadhya,Hussain,41.0,Male,United States,,New York,2021-03-28,Paid Social,Family,English
CUST007706,Khalid,Laurent,28.0,Female,India,,Bengaluru,2020-03-22,Email Campaign,Family,Korean
CUST002078,Aoi,Alves,43.0,Female,Bharat,,Kolkata,2022-09-06,Organic Search,Family,Spanish
CUST004367,Noor,Iyer,35.0,Male,Philippines,,Cebu City,2019-02-09,Organic Search,Individual,English
CUST002836,Layla,Otieno,18.0,Male,S. Korea,,Seoul,2023-07-25,Referral,Individual,Hindi
CUST006044,Vihaan,Schmidt,31.0,Male,PHILIPPINES,,Davao City,2024-07-21,Paid Social,Corporate Bundle,Spanish
CUST004804,Andrew,Davis,39.0,Female,South Africa,,Pretoria,2025-02-21,Organic Search,Individual,English
CUST000585,Ali,Takahashi,37.0,Female,AU,,Sydney,2024-01-05,Partner Bundle (Telecom),Individual,French
CUST004521,Elizabeth,Adeyemi,32.0,Female,South Africa,,Johannesburg,2020-08-22,App Store,Student,Spanish
CUST006157,Ricardo,Cho,19.0,Female,United States,,Houston,2024-07-11,Email Campaign,Family,
CUST004632,Linda,Wu,42.0,Female,Spain,,Valencia,2022-01-28,Paid Social,Individual,Hindi
CUST003996,Saanvi,Adeyemi,51.0,Male,South Korea,,Incheon,2020-02-23,App Store,Individual,Hindi
CUST006238,Charlotte,Alves,36.0,Female,India,,Hyderabad,2025-11-04,Email Campaign,Family,Japanese
CUST005145,Sofia,Menon,41.0,Female,Brazil,,Sao Paulo,2019-06-06,Affiliate Partner,Individual,English
CUST004779,Jack,Sharma,24.0,Female,,,Ibadan,2023-10-11,Organic Search,Corporate Bundle,English
CUST004111,Daniela,Okafor,33.0,Female,US,,Houston,2023-05-09,Organic Search,Student,Indonesian
CUST002518,Harry,Williams,13.0,Female,Argentina,,Rosario,2024-08-07,Affiliate Partner,Family,Indonesian
CUST005016,Mason,Chowdhury,16.0,Other,France,,Toulouse,2026-05-17,Organic Search,Individual,
CUST007749,Matthew,Watanabe,,Female,India,,Kolkata,2026-05-08,Email Campaign,Individual,German
CUST005677,Elizabeth,Fischer,31.0,Male,INDIA,,Delhi,2022-06-03,Paid Social,Individual,Korean
CUST000345,Mariana,Becker,34.0,Female,India,,Chennai,2026-01-21,App Store,Family,English
CUST003380,Tendai,Santos,30.0,Female,United States,,,2020-08-05,Email Campaign,Student,Hindi
CUST004670,David,Nakamura,,Female,Mexico,,Mexico City,2020-09-29,Partner Bundle (Telecom),Family,Italian
CUST002629,Ricardo,Richard,33.0,Male,India,,Pune,2025-02-05,Paid Social,Individual,French
CUST007553,Miguel,Jung,28.0,Female,United States,,New York,2023-12-13,Organic Search,Family,Hindi
CUST004002,Alejandro,Kang,18.0,Female,Argentina,,,2021-08-18,Organic Search,Individual,Spanish
CUST006237,Charlotte,Kumar,41.0,Female,Spain,,Barcelona,2022-02-26,Affiliate Partner,Family,Hindi
CUST007263,Anika,Schneider,21.0,Male,United States,,New York,2026-02-09,Paid Social,Individual,Spanish
CUST002904,Elijah,Hoffmann,31.0,Female,Argentina,,Rosario,2026-02-04,Organic Search,Family,
CUST000091,Sarah,Meyer,33.0,Male,Japan,,Yokohama,2025-07-04,Email Campaign,Student,Hindi
CUST003834,Ananya,Johnson,35.0,Female,United Kingdom,,Manchester,2021-06-11,Organic Search,Individual,Hindi
CUST005427,Juan,Abara,40.0,Other,Indonesia,,Bandung,2025-07-05,Paid Social,Individual,Hindi
CUST004995,Jessica,Qureshi,37.0,Female,South Korea,,Seoul,2021-03-01,Direct,Individual,German
CUST007871,Navya,Choi,28.0,Female,India,,Mumbai,2019-09-17,Affiliate Partner,Individual,German
CUST002118,Tao,Watanabe,33.0,Male,Japan,,Tokyo,2020-03-08,Paid Social,Individual,English
CUST004268,Emma,Chikoti,30.0,Female,,,Mexico City,2019-12-04,Affiliate Partner,Individual,English
CUST007139,Charlotte,Huang,48.0,Other,India,,Kolkata,2022-07-11,Affiliate Partner,Family,Indonesian
CUST004618,Ming,Qureshi,26.0,Male,United States,,Los Angeles,2025-11-11,Referral,Family,English
CUST006181,Matthew,Ito,29.0,Female,Brazil,,Salvador,2025-03-23,Direct,Individual,English
CUST000948,Fernando,Patel,39.0,Female,Australia,,Melbourne,2023-10-01,App Store,Individual,English
CUST003132,Sai,Williams,26.0,Female,United States,,Austin,2020-03-22,Paid Social,Individual,English
CUST006588,Jose,Ito,13.0,Female,India,,Hyderabad,2019-06-13,Partner Bundle (Telecom),Corporate Bundle,Arabic
CUST004272,Ethan,Okafor,22.0,Female,India,,Hyderabad,2021-01-10,Paid Social,Individual,French
CUST000884,Omar,Otieno,26.0,Female,Argentina,,Rosario,2020-11-24,Organic Search,Individual,English
CUST004669,Mary,Adeyemi,24.0,Female,India,,Pune,2024-10-06,Organic Search,Individual,Polish
CUST006502,Ishaan,Okafor,13.0,Female,India,,Delhi,2020-04-22,Direct,Individual,Hindi
CUST004675,George,Kang,39.0,Male,India,,Kolkata,2021-07-13,Partner Bundle (Telecom),Family,English
CUST004101,Sara,Verma,30.0,Male,India,,Pune,2024-09-30,Direct,Family,Spanish
CUST007842,Ishaan,Richard,32.0,Female,Mexico,,Mexico City,2019-07-25,App Store,Student,Portuguese
CUST007381,Arjun,Okonkwo,18.0,Female,Canada,,Calgary,2019-01-15,Paid Social,Student,Korean
CUST005947,Aarav,Tanaka,24.0,Other,Mexico,,Mexico City,2021-05-18,Affiliate Partner,Family,English
CUST005379,Jessica,Abara,24.0,Female,United Kingdom,,Leeds,2026-02-26,Affiliate Partner,Individual,Spanish
CUST007069,Jessica,Moreau,45.0,Female,France,,Nice,2020-01-21,Direct,Individual,English
CUST005364,Anika,Davis,13.0,Female,Indonesia,,Jakarta,2022-06-26,Affiliate Partner,Individual,Japanese
CUST005768,Ananya,Okonkwo,43.0,Male,India,,,2021-09-21,App Store,Individual,German
CUST005650,Camila,Ahmed,35.0,Female,United States,,Chicago,2022-05-16,Paid Social,Individual,Hindi
CUST002416,Ahmed,Smith,53.0,Female,United States,,Chicago,2025-09-23,Referral,Individual,Arabic
CUST006796,Paula,Brown,28.0,Female,PH,,Cebu City,2022-09-27,Organic Search,Individual,French
CUST006107,Harry,Fischer,,Male,Japan,,Osaka,2023-07-07,Organic Search,Individual,German
CUST003863,Layla,Weber,36.0,Prefer not to say,Britain,,London,2023-03-17,Organic Search,Individual,Spanish
CUST005410,Anika,Gupta,23.0,Male,United States,,Phoenix,2023-04-26,Organic Search,Individual,Korean
CUST005630,Hina,Fischer,16.0,Male,France,,Marseille,2023-05-09,App Store,Family,
CUST005804,Anika,Dubois,45.0,Male,India,,Mumbai,2022-05-31,Affiliate Partner,Individual,Hindi
CUST002399,Wei,Adeyemi,29.0,Female,Canada,,Calgary,2021-05-11,Paid Social,Individual,English
CUST004085,Sakura,Qureshi,30.0,Female,,,,2023-12-24,App Store,Individual,English
CUST001711,Yong,Silva,19.0,Female,Bharat,,Bengaluru,2025-10-21,App Store,Individual,French
CUST003937,James,Ferreira,45.0,Female,United Kingdom,,Leeds,2023-08-12,Paid Social,Family,English
CUST004739,Emma,Mensah,34.0,Female,United States,,Seattle,2023-01-19,Email Campaign,Individual,English
CUST001187,Saanvi,Brown,27.0,Male,United States,,Los Angeles,2021-09-07,Paid Social,Family,German
CUST003883,Vivaan,Sheikh,25.0,Female,India,,Pune,2023-01-17,Paid Social,Individual,English
CUST007730,Elijah,Cho,41.0,Male,France,,Lyon,2021-10-05,App Store,Family,Spanish
CUST005886,Aarav,Santos,46.0,Female,France,,,2020-01-28,Paid Social,Family,Japanese
CUST006128,Yui,Koch,49.0,Female,United States,,Los Angeles,2025-06-19,App Store,Individual,English
CUST007933,Carlos,Pereira,25.0,Male,United Kingdom,,Manchester,2025-11-12,Paid Social,Individual,English
CUST000152,Valentina,Abara,45.0,Male,United States,,Houston,2024-06-14,Paid Social,Individual,Portuguese
CUST000916,Mohammed,Reddy,43.0,Male,Brazil,,Fortaleza,2020-12-27,Partner Bundle (Telecom),Student,English
CUST001306,Khalid,Pereira,,Male,Poland,,Warsaw,2022-03-20,App Store,Individual,Spanish
CUST002878,Harry,Verma,22.0,Female,united states,,Seattle,2021-12-06,App Store,Individual,German
CUST005236,Riya,Martin,29.0,Female,Canada,,Vancouver,2019-09-21,Email Campaign,Individual,Spanish
CUST005781,Barbara,Ahmed,34.0,Male,Brazil,,Brasilia,2023-01-13,Paid Social,Individual,English
CUST004746,Robert,Lim,32.0,Female,India,,Kolkata,2023-04-04,Organic Search,Individual,French
CUST005314,Jessica,Chen,23.0,Male,ZA,,Johannesburg,2023-08-18,Paid Social,Individual,English
CUST001399,Oliver,Leroy,39.0,Female,United Arab Emirates,,Sharjah,2021-12-19,App Store,Student,English
CUST002520,Olivia,Mwangi,39.0,Male,United States,,Phoenix,2019-08-12,Affiliate Partner,Individual,Portuguese
CUST000184,Sophia,Richard,38.0,Male,United States,,Seattle,2022-11-29,Paid Social,Family,Hindi
CUST006524,Amara,Leroy,33.0,Male,France,,Lyon,2022-10-29,Email Campaign,Family,English
CUST005014,Myra,Choi,35.0,Male,United Kingdom,,Manchester,2022-10-24,Email Campaign,Individual,Korean
CUST003591,Diego,Sheikh,20.0,Male,United States,,Austin,2021-06-23,Organic Search,Family,Hindi
CUST002418,Huda,Hoffmann,40.0,Male,Japan,,Nagoya,2019-05-17,Partner Bundle (Telecom),Individual,English
CUST000472,Jose,Zhou,25.0,Male,nigeria,,,2019-03-17,Paid Social,Family,Korean
CUST000968,Reyansh,Miller,37.0,Female,Germany,,Hamburg,2026-05-13,Paid Social,Individual,Japanese
CUST005370,Sophia,Almeida,28.0,Male,Canada,,Montreal,2024-10-11,Partner Bundle (Telecom),Corporate Bundle,French
CUST005305,Alfie,Sharma,45.0,Female,United Kingdom,,London,2022-02-24,Affiliate Partner,Student,English
CUST000210,Krishna,Mwangi,,Male,India,,Mumbai,2023-01-19,Referral,Corporate Bundle,German
CUST001962,Harper,Kumar,41.0,Male,United States,,Los Angeles,2022-08-17,Organic Search,Individual,Indonesian
CUST000897,Sai,Almeida,18.0,Female,INDIA,,Ahmedabad,2022-10-16,Organic Search,Individual,Spanish
CUST006105,Juan,Leroy,32.0,Female,India,,Mumbai,2024-12-17,Affiliate Partner,Individual,English
CUST007974,Ricardo,Watanabe,26.0,Female,Mexico,,,2023-10-24,Organic Search,Student,English
CUST004928,Jessica,Meyer,32.0,Female,Canada,,Toronto,2019-04-14,Paid Social,Individual,Hindi
CUST001774,Fatima,Lim,33.0,Male,United States,,Houston,2021-01-28,Email Campaign,Individual,Korean
CUST007387,Henry,Malik,45.0,Male,United Arab Emirates,,Abu Dhabi,2021-01-31,App Store,Family,English
CUST002300,Yui,Smith,36.0,Male,United Kingdom,,Liverpool,2023-01-31,Affiliate Partner,Family,English
CUST001210,Qiang,Almeida,22.0,Male,India,,Chennai,2022-02-12,Referral,Individual,Arabic
CUST004314,Amina,Okonkwo,24.0,Female,United States,,New York,2020-08-10,Partner Bundle (Telecom),Individual,Hindi
CUST005741,Carlos,Mwangi,30.0,Male,France,,Nice,2022-11-29,Organic Search,Family,English
CUST004036,James,Jones,25.0,Male,Canada,,Ottawa,2023-04-01,App Store,Family,Portuguese
CUST001252,Linda,Moreau,40.0,Male,Brazil,,Sao Paulo,2023-11-11,Email Campaign,Individual,English
CUST005913,Chidi,Suzuki,13.0,Male,South Africa,,Cape Town,2019-01-18,Organic Search,Individual,Hindi
CUST002717,Robert,Nair,14.0,Male,India,,Kolkata,2020-04-14,Referral,Individual,Hindi
CUST005959,Matthew,Okafor,25.0,Female,India,,Mumbai,2021-02-18,Organic Search,Family,English
CUST004857,Hao,Tanaka,15.0,Male,FRANCE,,Marseille,2019-01-01,Referral,Family,Indonesian
CUST004424,Barbara,Muller,48.0,Male,,,Seattle,2019-03-24,Email Campaign,Corporate Bundle,Portuguese
CUST000293,Riya,Ahmed,35.0,Other,Mexico,,Mexico City,2025-06-22,Paid Social,Individual,Hindi
CUST003025,Sai,Hoffmann,26.0,Female,japan,,Tokyo,2022-03-08,Partner Bundle (Telecom),Individual,Italian
CUST001052,Jack,Jones,30.0,Female,,,Delhi,2020-07-10,Paid Social,Student,German
CUST002795,Omar,Williams,19.0,Female,United Kingdom,,Liverpool,2020-01-21,Organic Search,Individual,German
CUST003329,Lucia,Mensah,46.0,Female,Australia,,Sydney,2026-04-18,Paid Social,Individual,English
CUST000273,Linda,Schneider,39.0,Male,South Africa,,Johannesburg,2022-05-16,Partner Bundle (Telecom),Corporate Bundle,Spanish
CUST002043,Valentina,Okafor,30.0,Male,CA,,Calgary,2024-05-24,Partner Bundle (Telecom),Individual,English
CUST004267,Omar,Okafor,19.0,Female,Brazil,,Sao Paulo,2019-02-19,Referral,Family,Korean
CUST006130,Ming,Mensah,37.0,Male,INDIA,,Kolkata,2024-07-05,Affiliate Partner,Individual,Hindi
CUST002933,Amelia,Garcia,38.0,Male,India,,Kolkata,2022-04-06,Organic Search,Individual,German
CUST006995,Myra,Costa,21.0,Female,United States,,Seattle,2023-08-01,Paid Social,Individual,French
CUST001087,Mohammed,Brown,34.0,Female,Mexico,,Guadalajara,2026-05-12,Partner Bundle (Telecom),Individual,Arabic
CUST005939,Robert,Schmidt,38.0,Male,United Kingdom,,,2021-04-15,Email Campaign,Student,Tagalog
CUST006664,William,Otieno,18.0,Male,United Arab Emirates,,Abu Dhabi,2024-03-12,Paid Social,Individual,
CUST006276,Aoi,Mensah,42.0,Female,Canada,,Vancouver,2025-12-24,App Store,Individual,Portuguese
CUST005770,Amara,Moreau,38.0,Male,,,Birmingham,2024-07-24,App Store,Family,Arabic
CUST006244,Maya,Rodrigues,16.0,Female,Nigeria,,Ibadan,2025-01-23,Affiliate Partner,Family,English
CUST003594,Aarav,Kobayashi,35.0,Male,U.K.,,Liverpool,2020-02-26,App Store,Individual,Arabic
CUST005118,Zara,Becker,29.0,Other,United States,,Chicago,2025-07-27,Organic Search,Individual,Portuguese
CUST005862,Harry,Reddy,45.0,Male,United States,,Chicago,2020-05-08,App Store,Individual,Hindi
CUST006108,Hina,Leroy,35.0,Male,Spain,,Seville,2020-08-17,Paid Social,Family,Korean
CUST003002,Elizabeth,Jang,26.0,Male,United States,,New York,2024-06-17,Paid Social,Individual,Hindi
CUST003783,Zara,Laurent,45.0,Male,United Kingdom,,Manchester,2023-11-08,App Store,Individual,English
CUST006724,Ethan,Zhao,67.0,Male,Poland,,Wroclaw,2020-04-12,Direct,Family,French
CUST000614,Mohammed,Choi,38.0,Female,United States,,Austin,2019-07-01,App Store,Corporate Bundle,Tagalog
CUST005311,Liam,Rodrigues,45.0,Female,United Kingdom,,Manchester,2020-03-09,Referral,Family,Hindi
CUST004429,Yusuf,Schneider,18.0,Male,Brazil,,Salvador,2024-02-20,Partner Bundle (Telecom),Student,German
CUST003553,Feng,Kobayashi,38.0,Female,Brazil,,Rio de Janeiro,2020-06-05,Referral,Individual,English
CUST004503,Andrew,Zhao,,Male,United States,,New York,2025-07-10,Organic Search,Individual,German
CUST004717,David,Ali,36.0,Female,Spain,,Valencia,2021-05-17,Paid Social,Student,Arabic
CUST001749,Lucia,Williams,30.0,Male,Japan,,Yokohama,2020-04-06,Email Campaign,Individual,Spanish
CUST007262,Jose,Smith,,Male,,,Incheon,2019-05-02,Organic Search,Individual,Arabic
CUST006163,Valentina,Mensah,42.0,Female,Indonesia,,Surabaya,2024-09-14,Partner Bundle (Telecom),Individual,English
CUST003218,Kofi,Wagner,58.0,Female,United States,,,2019-02-02,Paid Social,Individual,Japanese
CUST002652,Elizabeth,Becker,28.0,Male,Spain,,Valencia,2022-08-01,Affiliate Partner,Individual,English
CUST006587,Patricia,Kang,34.0,Male,India,,Ahmedabad,2024-11-08,Organic Search,Individual,English
CUST005706,Joseph,Schneider,50.0,Male,India,,Kolkata,2024-02-04,App Store,Corporate Bundle,Hindi
CUST006849,Jun,Zhang,23.0,Female,Brazil,,,2022-02-18,App Store,Family,English
CUST002155,Isabella,Hussain,25.0,Male,United States,,New York,2020-11-13,Affiliate Partner,Individual,Indonesian
CUST001345,Hassan,Khan,34.0,Female,Germany,,Hamburg,2023-02-18,Paid Social,Student,Spanish
CUST007780,Harry,Yamamoto,45.0,Female,Brazil,,Sao Paulo,2021-04-28,Organic Search,Individual,Korean
CUST006050,Ibrahim,Williams,39.0,Female,DE,,Cologne,2022-07-13,Paid Social,Individual,Spanish
CUST002974,Myra,Qureshi,,Male,Nigeria,,Abuja,2022-10-25,Organic Search,Family,Hindi
CUST000953,Diego,Liu,35.0,Prefer not to say,United Kingdom,,London,2021-06-16,Paid Social,Individual,Hindi
CUST003880,Freddie,Souza,24.0,Female,Spain,,Madrid,2023-08-08,Email Campaign,Family,English
CUST001505,Luis,Zhao,13.0,Male,GERMANY,,Frankfurt,2022-03-14,Paid Social,Student,Polish
CUST003356,Amina,Jung,31.0,Female,Philippines,,Manila,2025-10-15,Referral,Family,English
CUST007985,Huda,Tanaka,54.0,Male,Spain,,Seville,2025-08-30,Organic Search,Family,Hindi
CUST003173,George,Reddy,20.0,Male,India,,Ahmedabad,2021-07-08,Referral,Individual,English
CUST001122,Juan,Schmidt,17.0,Female,japan,,Tokyo,2019-04-16,Referral,Family,English
CUST004557,Krishna,Dubois,40.0,Male,philippines,,Cebu City,2024-02-04,Organic Search,Individual,English
CUST005771,Ayaan,Rahman,29.0,Male,India,,,2019-07-13,Referral,Family,Hindi
CUST007944,Omar,Souza,18.0,Male,Italy,,Naples,2019-11-22,Paid Social,Student,Hindi
CUST005119,Ananya,Kim,37.0,Male,Australia,,Perth,2026-01-15,Paid Social,Family,English
CUST006156,Sarah,Costa,52.0,Male,Mexico,,Mexico City,2020-08-09,Organic Search,Individual,Spanish
CUST007811,Lucas,Verma,23.0,Male,Mexico,,Mexico City,2022-04-21,App Store,Individual,Indonesian
CUST000417,Yong,Cho,39.0,Male,United States,,Seattle,2022-07-10,Referral,Corporate Bundle,English
CUST004773,Kiara,Wagner,19.0,Male,United States,,Seattle,2021-09-21,Organic Search,Individual,German
CUST002432,Henry,Hoffmann,27.0,Male,United States,,New York,2020-09-10,Referral,Family,German
CUST002944,Jessica,Leroy,50.0,Male,Argentina,,Rosario,2020-02-06,Organic Search,Corporate Bundle,Italian
CUST000565,Oscar,Jones,29.0,Female,India,,Delhi,2023-02-23,App Store,Individual,Arabic
CUST002527,Mason,Gupta,,Female,USA,,New York,2019-04-11,Referral,Individual,Hindi
CUST001225,Elena,Otieno,22.0,Male,India,,,2022-11-11,Referral,Individual,English
CUST000143,Aoi,Khan,30.0,Male,Canada,,Vancouver,2025-12-03,Organic Search,Family,English
CUST001491,Zara,Okonkwo,41.0,Prefer not to say,Brazil,,Rio de Janeiro,2022-07-07,App Store,Individual,English
CUST007125,Lucas,Kobayashi,62.0,Female,United Kingdom,,Glasgow,2021-08-14,Referral,Individual,Indonesian
CUST003306,Liam,Silva,38.0,Male,Indonesia,,Bandung,2022-04-27,Organic Search,Corporate Bundle,English
CUST002654,Ali,Sato,28.0,Male,Spain,,,2019-11-16,Direct,Individual,Korean
CUST002005,Aarav,Iyer,21.0,Female,United Kingdom,,Manchester,2020-05-22,Affiliate Partner,Family,Spanish
CUST001195,Daniela,Zhang,34.0,Male,India,,Mumbai,2024-01-02,Organic Search,Family,Arabic
CUST002909,Vivaan,Sharma,30.0,Female,Canada,,Montreal,2021-01-01,Affiliate Partner,Individual,Arabic
CUST006493,Sai,Reddy,43.0,Female,United States,,Houston,2025-03-23,Affiliate Partner,Individual,Tagalog
CUST001757,Sofia,Tanaka,42.0,Male,Nigeria,,Lagos,2023-08-29,Email Campaign,Student,
CUST000498,Alfie,Souza,40.0,Male,canada,,Calgary,2021-10-23,Referral,Individual,Hindi
CUST007559,Diya,Chikoti,35.0,Male,United Arab Emirates,,Dubai,2023-02-01,Organic Search,Individual,Korean
CUST006614,Harper,Richard,22.0,Female,United States,,Seattle,2025-01-26,Referral,Family,Hindi
CUST007865,Aoi,Sato,42.0,Female,United States,,Los Angeles,2021-01-15,Referral,Student,German
CUST000913,Layla,Ahmed,38.0,Female,germany,,Hamburg,2025-05-14,Organic Search,Individual,Portuguese
CUST000722,John,Ali,36.0,Male,France,,Toulouse,2022-03-01,Paid Social,Individual,English
CUST005864,Fatima,Gupta,40.0,Male,Australia,,,2022-07-09,Email Campaign,Family,Hindi
CUST004372,Ali,Mensah,47.0,Female,India,,Delhi,2019-12-26,Partner Bundle (Telecom),Family,Arabic
CUST001497,Tariq,Iyer,32.0,Male,Argentina,,Cordoba,2020-11-16,Organic Search,Individual,Spanish
CUST006580,Gabriela,Ali,31.0,Female,Germany,,Frankfurt,2020-06-02,Referral,Individual,Arabic
CUST001521,David,Martin,33.0,Male,Canada,,Ottawa,2022-08-07,Paid Social,Individual,Spanish
CUST006932,Luis,Davis,,Male,ZA,,Pretoria,2021-09-18,Organic Search,Family,Hindi
CUST006381,Ahmed,Baig,35.0,Male,Germany,,Cologne,2025-08-06,Organic Search,Individual,Hindi
CUST003940,Elizabeth,Wang,38.0,Male,India,,Kolkata,2020-04-19,Organic Search,Individual,Portuguese
CUST006649,Diya,Brown,48.0,Male,DE,,Munich,2026-03-07,Referral,Corporate Bundle,Tagalog
CUST006487,Mohammed,Yang,17.0,Male,United Arab Emirates,,Dubai,2022-11-23,Email Campaign,Family,English
CUST000109,Jian,Suzuki,13.0,Other,Philippines,,Manila,2020-01-26,Organic Search,Individual,Arabic
CUST001755,Zola,Jang,19.0,Female,Japan,,Tokyo,2020-08-15,App Store,Individual,Hindi
CUST007166,Krishna,Yang,40.0,Female,India,,Hyderabad,2019-12-17,Email Campaign,Family,English
CUST001352,Leo,Abara,52.0,Female,Brazil,,Brasilia,2021-10-13,Email Campaign,Individual,French
CUST005724,Logan,Watanabe,53.0,Female,Australia,,Melbourne,2025-12-15,Affiliate Partner,Student,Arabic
CUST005653,Nia,Liu,24.0,Male,Germany,,Hamburg,2025-12-11,Partner Bundle (Telecom),Individual,English
CUST005603,Karen,Kumar,20.0,Female,United States,,Seattle,2025-04-10,Paid Social,Student,English
CUST001974,Haruto,Adeyemi,,Male,South Africa,,Cape Town,2020-10-07,Paid Social,Corporate Bundle,English
CUST000337,Oscar,Yang,50.0,Female,germany,,Hamburg,2025-06-11,Paid Social,Individual,English
CUST005063,Ava,Menon,26.0,Female,United States,,New York,2024-03-04,Referral,Individual,French
CUST005673,Mason,Souza,28.0,Female,Spain,,Madrid,2021-08-29,Paid Social,Individual,Hindi
CUST003444,Feng,Almeida,13.0,Male,US,,Houston,2024-06-02,Organic Search,Corporate Bundle,Hindi
CUST005243,Isabella,Martinez,33.0,Female,United States,,Austin,2019-08-08,Direct,Individual,French
CUST007419,Naledi,Schneider,25.0,Male,South Korea,,Incheon,2020-06-09,Referral,Corporate Bundle,Korean
CUST003506,Rania,Okafor,39.0,Female,Mexico,,Puebla,2021-06-27,Referral,Individual,Tagalog
CUST004507,Diego,Tanaka,44.0,Male,Canada,,Ottawa,2020-06-17,Referral,Family,English
CUST000725,Paula,Wu,30.0,Female,United Arab Emirates,,Dubai,2024-11-10,Email Campaign,Individual,Tagalog
CUST000766,Carlos,Santos,17.0,Female,Mexico,,,2019-02-11,Partner Bundle (Telecom),Corporate Bundle,English
CUST004371,Vihaan,Sheikh,66.0,Female,Spain,,Madrid,2024-07-14,App Store,Individual,Arabic
CUST003928,Barbara,Ito,23.0,Male,Philippines,,Cebu City,2019-05-08,Referral,Individual,Polish
CUST004535,Sora,Durand,40.0,Male,,,Chennai,2022-10-17,Referral,Family,Spanish
CUST000308,Aadhya,Liu,27.0,Female,Italy,,Milan,2019-10-31,Organic Search,Individual,Portuguese
CUST001279,Salma,Choi,28.0,Female,Indonesia,,Jakarta,2024-06-15,Affiliate Partner,Family,English
CUST007668,Paula,Park,40.0,Male,United States,,New York,2024-05-30,Partner Bundle (Telecom),Individual,English
CUST004891,Hao,Durand,25.0,Female,Japan,,Tokyo,2020-08-30,Affiliate Partner,Student,Arabic
CUST006271,Camila,Diallo,32.0,Male,Philippines,,Cebu City,2025-01-22,App Store,Individual,Hindi
CUST003338,Evelyn,Silva,37.0,Male,Mexico,,Puebla,2025-03-06,Direct,Family,English
CUST007300,Amina,Menon,13.0,Female,United Kingdom,,Leeds,2021-06-09,App Store,Individual,Spanish
CUST001792,Riku,Yamamoto,43.0,Female,India,,,2024-12-02,Partner Bundle (Telecom),Individual,Hindi
CUST004193,Freddie,Bernard,43.0,Male,Canada,,Toronto,2023-01-15,Paid Social,Student,Hindi
CUST005310,Charlie,Petit,30.0,Male,USA,,Seattle,2026-03-19,Referral,Family,Arabic
CUST007946,William,Yang,23.0,Female,germany,,Cologne,2023-06-01,Paid Social,Individual,Spanish
CUST002054,Henry,Adeyemi,37.0,Male,France,,Paris,2020-05-13,Paid Social,Student,German
CUST005705,Robert,Mensah,20.0,Male,India,,Kolkata,2024-05-14,App Store,Individual,English
CUST003129,Naledi,Davis,16.0,Female,France,,Marseille,2020-03-21,Organic Search,Individual,Spanish
CUST000072,Mia,Williams,51.0,Male,Brazil,,,2020-02-20,Organic Search,Family,Korean
CUST003796,Ahmed,Yoon,16.0,Male,Australia,,Perth,2019-05-03,Referral,Corporate Bundle,English
CUST006651,Fernando,Li,40.0,Male,,,Valencia,2019-12-18,Referral,Individual,English
CUST006053,Liam,Choi,37.0,Male,,,Busan,2022-04-11,Direct,Individual,English
CUST002927,Daniel,Kang,35.0,Prefer not to say,Australia,,Brisbane,2021-03-07,Organic Search,Family,English
CUST004160,Khalid,Nakamura,24.0,Female,,,Osaka,2024-02-16,Paid Social,Family,Arabic
CUST001261,Fatima,Yang,51.0,Male,Australia,,Melbourne,2019-04-22,Paid Social,Family,French
CUST001667,Khalid,Menon,24.0,Male,,,Osaka,2021-06-09,Email Campaign,Individual,Japanese
CUST004818,Ava,Nakamura,30.0,Male,AR,,Buenos Aires,2020-06-15,Paid Social,Family,English
CUST005214,Jose,Brown,37.0,Female,United States,,New York,2024-05-13,Organic Search,Family,German
CUST007732,Aarav,Ali,13.0,Female,France,,Marseille,2020-07-30,Partner Bundle (Telecom),Student,Hindi
CUST006227,Lei,Nakamura,24.0,Male,United Kingdom,,London,2024-11-10,App Store,Family,French
CUST002168,Sarah,Petit,19.0,Female,Brazil,,Rio de Janeiro,2019-04-08,Organic Search,Corporate Bundle,Indonesian
CUST007663,Ethan,Saito,41.0,Female,France,,Toulouse,2023-09-11,Organic Search,Corporate Bundle,French
CUST002534,Sofia,Saito,22.0,Female,uae,,Sharjah,2024-12-15,Email Campaign,Individual,German
CUST001696,Naledi,Jung,25.0,Male,United Kingdom,,Manchester,2025-04-10,Organic Search,Individual,English
CUST001096,Kofi,Brown,21.0,Male,Argentina,,Rosario,2023-12-03,Paid Social,Individual,Arabic
CUST006063,Evelyn,Sharma,30.0,Female,IN,,Ahmedabad,2021-04-08,Email Campaign,Family,Japanese
CUST005898,Arjun,Muller,18.0,Female,Indonesia,,Surabaya,2021-08-21,Paid Social,Individual,German
CUST003804,Sara,Santos,40.0,Female,United States,,Phoenix,2021-02-23,Referral,Individual,French
CUST001631,Reyansh,Chikoti,37.0,Female,Japan,,Nagoya,2024-07-31,Organic Search,Individual,Italian
CUST004938,Harper,Malik,46.0,Male,India,,Hyderabad,2020-09-03,Direct,Individual,English
CUST001882,Hassan,Schneider,22.0,Male,Poland,,Krakow,2021-01-09,App Store,Family,Korean
CUST004336,Amina,Rodriguez,34.0,Female,Indonesia,,Jakarta,2021-01-18,Paid Social,Individual,English
CUST007930,Robert,Costa,27.0,Male,Spain,,Valencia,2022-07-08,Partner Bundle (Telecom),Corporate Bundle,Arabic
CUST001613,Harry,Hussain,33.0,Female,Australia,,Sydney,2022-11-17,Affiliate Partner,Student,Korean
CUST000979,Fatima,Brown,23.0,Male,Philippines,,Davao City,2019-05-13,Paid Social,Family,Spanish
CUST004051,Krishna,Saito,48.0,Male,Nigeria,,Abuja,2023-11-24,App Store,Student,Japanese
CUST005729,Lei,Nair,42.0,Male,Mexico,,Monterrey,2024-08-17,Affiliate Partner,Family,Tagalog
CUST003371,Mohammed,Martinez,17.0,Female,Germany,,Frankfurt,2019-10-05,Paid Social,Individual,English
CUST000849,Evelyn,Bernard,17.0,Female,France,,Nice,2025-01-05,Paid Social,Individual,English
CUST007744,Feng,Johnson,,Female,United Kingdom,,London,2022-01-07,Referral,Individual,English
CUST006914,Diya,Mensah,37.0,Female,United States,,Chicago,2025-01-10,Referral,Individual,English
CUST002272,Mia,Nair,24.0,Female,Mexico,,Puebla,2024-03-31,Referral,Family,Tagalog
CUST002393,Riku,Bernard,41.0,Other,India,,Chennai,2021-01-09,App Store,Corporate Bundle,Hindi
CUST006599,Miguel,Koch,23.0,Female,Indonesia,,Jakarta,2019-03-01,Email Campaign,Corporate Bundle,English
CUST001831,Aisha,Chowdhury,29.0,Female,South Korea,,Busan,2021-05-22,Organic Search,Family,English
CUST006905,Gabriela,Hussain,24.0,Male,Indonesia,,Surabaya,2021-05-31,Organic Search,Corporate Bundle,English
CUST000048,Hao,Alves,30.0,Male,Japan,,Yokohama,2025-06-15,Affiliate Partner,Family,Tagalog
CUST004234,Ayaan,Chikoti,38.0,Male,United States,,New York,2022-03-05,Email Campaign,Student,English
CUST001351,Daniela,Laurent,25.0,Female,Indonesia,,Surabaya,2024-05-06,Referral,Corporate Bundle,German
CUST007496,Noor,Nair,57.0,Female,South Korea,,,2020-04-16,Affiliate Partner,Student,
CUST005964,Hina,Zhou,39.0,Male,United Kingdom,,London,2025-10-27,Organic Search,Individual,German
CUST000447,Anika,Martin,16.0,Female,Poland,,Krakow,2020-05-12,Paid Social,Individual,English
CUST002249,Yong,Weber,37.0,Male,United Arab Emirates,,Dubai,2024-07-17,Affiliate Partner,Family,English
CUST001744,Anika,Okafor,15.0,Male,United States,,New York,2025-05-29,Email Campaign,Family,Hindi
CUST000845,Ren,Petit,43.0,Female,Philippines,,Davao City,2021-12-25,Paid Social,Individual,Hindi
CUST003952,Tao,Okafor,27.0,Female,United Kingdom,,Manchester,2019-05-12,Referral,Individual,English
CUST002900,Ricardo,Iyer,28.0,Male,Canada,,,2022-09-22,Referral,Individual,Japanese
CUST003155,Zola,Malik,34.0,Female,united states,,Miami,2023-07-20,Organic Search,Family,Spanish
CUST002441,Chidi,Qureshi,43.0,Male,United Kingdom,,London,2022-03-10,Affiliate Partner,Family,English
CUST000679,Alexander,Takahashi,22.0,Male,Italy,,Milan,2025-05-23,App Store,Individual,Spanish
CUST007175,Paula,Zhou,23.0,Male,United States,,,2020-12-17,Referral,Individual,Spanish
CUST004538,Layla,Davis,25.0,Female,Argentina,,Rosario,2023-07-31,Email Campaign,Family,English
CUST001295,Naledi,Wu,35.0,Female,Philippines,,Manila,2022-10-24,Organic Search,Family,Japanese
CUST002797,Mason,Yang,51.0,Male,United Kingdom,,Liverpool,2024-09-23,App Store,Family,English
CUST004254,Mariana,Silva,28.0,Female,United States,,Phoenix,2019-05-29,App Store,Individual,
CUST004568,Kiara,Nair,50.0,Female,India,,Pune,2025-10-19,Paid Social,Individual,English
CUST007522,Isabella,Oliveira,26.0,Male,Britain,,Liverpool,2022-03-17,Affiliate Partner,Student,Spanish
CUST005764,Khalid,Sheikh,36.0,Prefer not to say,,,Tokyo,2024-06-03,Affiliate Partner,Student,English
CUST006921,Pari,Leroy,28.0,Male,Bharat,,Pune,2020-11-17,Referral,Family,Arabic
CUST001113,Reyansh,Leroy,42.0,Male,Canada,,Vancouver,2025-09-26,Affiliate Partner,Individual,German
CUST000777,Diego,Choi,58.0,Male,INDIA,,Pune,2025-10-15,Referral,Individual,Indonesian
CUST007610,Harry,Chen,37.0,Female,United Kingdom,,London,2022-08-11,Organic Search,Student,Arabic
CUST002232,Logan,Tanaka,51.0,Male,Spain,,Madrid,2020-10-03,Paid Social,Student,Japanese
CUST002229,William,Okonkwo,24.0,Male,South Korea,,Incheon,2023-04-09,Affiliate Partner,Individual,English
CUST002154,Olivia,Okafor,44.0,Female,Spain,,Seville,2022-11-19,Referral,Individual,Portuguese
CUST005479,Aditya,Muller,35.0,Female,India,,Mumbai,2024-12-13,Direct,Family,English
CUST006277,Miguel,Schmidt,42.0,Female,Philippines,,Davao City,2025-12-20,Paid Social,Family,Korean
CUST003114,Lucas,Park,37.0,Other,Japan,,Osaka,2022-11-19,Partner Bundle (Telecom),Individual,Arabic
CUST007289,Freddie,Banda,,Female,Japan,,Osaka,2021-07-11,Partner Bundle (Telecom),Student,
CUST001367,Vivaan,Yang,44.0,Female,United States,,Phoenix,2023-02-01,App Store,Individual,
CUST001470,John,Chen,45.0,Male,South Africa,,Pretoria,2022-04-05,Organic Search,Family,Korean
CUST001852,Tendai,Smith,39.0,Male,germany,,Hamburg,2022-04-15,App Store,Individual,Portuguese
CUST001964,Ayaan,Rahman,19.0,Female,United States,,Phoenix,2021-05-19,Paid Social,Individual,Spanish
CUST007329,Sota,Huang,35.0,Female,Japan,,Osaka,2021-09-04,Organic Search,Family,Portuguese
CUST006471,Barbara,Martin,21.0,Female,INDIA,,Mumbai,2022-11-01,Referral,Individual,Portuguese
CUST007781,Mason,Wang,29.0,Female,United States,,Phoenix,2022-11-01,Email Campaign,Family,English
CUST006818,Mason,Chowdhury,46.0,Female,India,,Bengaluru,2025-01-15,App Store,Corporate Bundle,English
CUST000486,Chidi,Oliveira,20.0,Male,Poland,,Warsaw,2019-06-17,Paid Social,Individual,Indonesian
CUST002240,Kwame,Kobayashi,42.0,Female,India,,Pune,2021-03-07,Referral,Student,Hindi
CUST004102,Sami,Huang,43.0,Prefer not to say,Italy,,Milan,2021-11-04,App Store,Individual,Japanese
CUST003146,Liam,Kobayashi,20.0,Female,BR,,Rio de Janeiro,2025-12-22,Direct,Individual,Hindi
CUST007629,Haruto,Liu,30.0,Male,United Kingdom,,London,2023-03-28,Direct,Family,English
CUST006179,Naledi,Hussain,25.0,Male,United Arab Emirates,,Abu Dhabi,2020-08-10,Affiliate Partner,Family,Korean
CUST000031,Vivaan,Becker,40.0,Female,JAPAN,,Nagoya,2023-06-10,Direct,Individual,Polish
CUST001880,Ali,Robert,35.0,Female,France,,Toulouse,2025-11-14,App Store,Individual,German
CUST005843,Yui,Almeida,31.0,Male,India,,Chennai,2022-03-08,Direct,Individual,Hindi
CUST002993,Ananya,Schmidt,38.0,Male,India,,Chennai,2023-07-16,Paid Social,Individual,Hindi
CUST006862,Jack,Silva,40.0,Female,United States,,Los Angeles,2025-05-24,Affiliate Partner,Student,English
CUST006979,Robert,Singh,54.0,Female,United States,,Los Angeles,2022-01-06,Referral,Corporate Bundle,Spanish
CUST005202,George,Oliveira,30.0,Female,Italy,,Turin,2025-06-03,Organic Search,Individual,English
CUST005895,Andrew,Williams,23.0,Male,United States,,Phoenix,2024-08-08,Referral,Family,English
CUST001037,Liam,Weber,38.0,Male,Canada,,Vancouver,2019-03-24,Organic Search,Individual,English
CUST000637,Fatima,Laurent,46.0,Female,Italy,,Milan,2020-03-22,Email Campaign,Family,Spanish
CUST005121,Daniel,Malik,29.0,Female,Italy,,Turin,2025-08-12,Paid Social,Student,Arabic
CUST003092,Haruto,Garcia,39.0,Male,Nigeria,,Abuja,2022-06-22,Referral,Individual,Hindi
CUST001084,Isabella,Koch,33.0,Male,Canada,,Vancouver,2022-04-02,Paid Social,Family,Italian
CUST002616,Sota,Malik,35.0,Female,Spain,,Barcelona,2022-08-08,Referral,Individual,Hindi
CUST000862,Linda,Cho,39.0,Female,United States,,Austin,2021-09-16,App Store,Corporate Bundle,Hindi
CUST004092,Riku,Huang,35.0,Male,India,,Mumbai,2020-12-31,Partner Bundle (Telecom),Student,Hindi
CUST000904,Kofi,Moreau,40.0,Male,Australia,,Brisbane,2022-10-05,Partner Bundle (Telecom),Family,
CUST005657,Chidi,Qureshi,31.0,Male,Spain,,Valencia,2023-04-13,Affiliate Partner,Family,English
CUST000110,Aoi,Wang,49.0,Male,India,,Hyderabad,2025-08-22,Email Campaign,Family,German
CUST007739,Alfie,Suzuki,50.0,Male,united states,,Houston,2022-04-22,App Store,Family,Korean
CUST004513,Chidi,Lee,33.0,Male,Indonesia,,Jakarta,2022-12-02,Paid Social,Family,Arabic
CUST007787,Camila,Kim,34.0,Male,South Korea,,Busan,2021-06-04,Partner Bundle (Telecom),Individual,Spanish
CUST005836,Vihaan,Souza,33.0,Male,Poland,,Wroclaw,2024-09-04,Paid Social,Individual,Korean
CUST006760,Maya,Abara,59.0,Male,U.K.,,Leeds,2025-06-17,Organic Search,Corporate Bundle,English
CUST006335,Andrew,Qureshi,37.0,Female,United States,,Austin,2023-04-10,Email Campaign,Family,Hindi
CUST007834,Vivaan,Richard,40.0,Male,India,,Pune,2020-03-22,Affiliate Partner,Family,Spanish
CUST001832,Chidi,Suzuki,32.0,Male,Germany,,Frankfurt,2025-04-06,Paid Social,Individual,Hindi
CUST007332,Jian,Meyer,41.0,Female,United States,,,2023-08-15,App Store,Corporate Bundle,English
CUST003126,Navya,Petit,22.0,Female,Indonesia,,Jakarta,2019-08-23,Referral,Individual,German
CUST000783,Zara,Adeyemi,40.0,Female,Germany,,Munich,2021-01-22,Partner Bundle (Telecom),Family,English
CUST007852,Henry,Park,26.0,Female,Germany,,Cologne,2024-08-22,Email Campaign,Individual,Spanish
CUST004936,Khalid,Lim,26.0,Female,United States,,Phoenix,2025-07-28,Direct,Individual,
CUST004523,Sora,Meyer,30.0,Prefer not to say,Australia,,Melbourne,2024-01-31,Organic Search,Family,English
CUST005999,Riya,Silva,32.0,Female,Philippines,,Manila,2023-08-30,Direct,Family,Spanish
CUST002866,Noah,Chikoti,54.0,Female,Brazil,,Fortaleza,2021-06-26,Partner Bundle (Telecom),Individual,English
CUST004199,Amara,Chowdhury,,Other,India,,,2023-03-01,App Store,Individual,Spanish
CUST001826,Yui,Mwangi,40.0,Male,India,,Kolkata,2023-04-24,Paid Social,Corporate Bundle,English
CUST002618,Oscar,Schmidt,24.0,Male,Germany,,Cologne,2023-08-07,Referral,Family,Arabic
CUST005554,Lucas,Santos,42.0,Male,Mexico,,Guadalajara,2020-03-15,Partner Bundle (Telecom),Corporate Bundle,English
CUST001095,Reyansh,Yang,13.0,Male,United States,,Austin,2025-03-28,Organic Search,Individual,English
CUST005935,Barbara,Nakamura,34.0,Female,Germany,,Frankfurt,2022-06-08,Organic Search,Family,French
CUST007794,Ali,Chikoti,57.0,Male,Brazil,,Salvador,2025-04-26,Affiliate Partner,Individual,French
CUST003429,Kwame,Souza,20.0,Male,United States,,Miami,2023-05-25,Paid Social,Family,Arabic
CUST004906,Lucas,Okonkwo,33.0,Male,Canada,,Montreal,2022-03-07,Paid Social,Individual,English
CUST004585,Alejandro,Rahman,43.0,Female,Brazil,,Salvador,2023-11-30,Email Campaign,Student,French
CUST004241,George,Huang,38.0,Female,United States,,Los Angeles,2024-07-08,App Store,Student,Japanese
CUST002938,Amara,Qureshi,18.0,Prefer not to say,United States,,Los Angeles,2019-12-03,Email Campaign,Individual,Japanese
CUST001655,Sophia,Li,19.0,Female,United Kingdom,,Manchester,2023-07-06,Paid Social,Individual,Japanese
CUST006592,Valentina,Ito,51.0,Male,United States,,Houston,2019-02-20,Organic Search,Individual,English
CUST007376,Noah,Verma,29.0,Male,Poland,,Wroclaw,2019-11-18,Paid Social,Individual,
CUST002324,Qiang,Johnson,17.0,Female,,,Glasgow,2022-03-27,Affiliate Partner,Student,Spanish
CUST002414,Wei,Verma,41.0,Male,United States,,Phoenix,2026-02-11,Organic Search,Corporate Bundle,English
CUST006172,Elizabeth,Li,25.0,Male,United States,,New York,2020-11-13,Referral,Individual,Italian
CUST002655,Mason,Jung,,Female,Argentina,,Rosario,2023-02-26,Organic Search,Family,Spanish
CUST007829,Alexander,Okonkwo,33.0,Female,United States,,New York,2020-03-20,Email Campaign,Individual,French
CUST002679,Sami,Malik,,Male,Germany,,Frankfurt,2019-12-10,Email Campaign,Individual,Indonesian
CUST007633,Jennifer,Kang,36.0,Female,India,,Hyderabad,2025-01-16,Email Campaign,Individual,Hindi
CUST005245,Henry,Zhang,13.0,Male,United Kingdom,,Glasgow,2021-10-01,Paid Social,Individual,Hindi
CUST005485,Sakura,Mensah,50.0,Female,United States,,Seattle,2023-12-19,Paid Social,Family,English
CUST005041,Kwame,Robert,51.0,Female,France,,Paris,2023-12-11,Paid Social,Individual,English
CUST003479,Leo,Mensah,39.0,Female,Italy,,Naples,2021-07-26,Partner Bundle (Telecom),Individual,Polish
CUST000179,Noor,Takahashi,43.0,Male,Indonesia,,Jakarta,2021-03-03,Organic Search,Individual,German
CUST004408,Karen,Costa,20.0,Female,United Kingdom,,London,2021-12-17,Email Campaign,Family,Spanish
CUST006797,Ming,Zhou,23.0,Female,brazil,,Sao Paulo,2020-07-22,Paid Social,Family,English
CUST003535,Yuto,Mwangi,24.0,Male,United States,,Miami,2025-03-10,App Store,Family,Arabic
CUST001205,Ishaan,Gupta,37.0,Male,United Arab Emirates,,Dubai,2019-06-14,Email Campaign,Student,English
CUST002203,Noor,Durand,55.0,Female,Nigeria,,Lagos,2022-08-30,Organic Search,Individual,Portuguese
CUST005837,Aadhya,Iyer,,Male,Canada,,Vancouver,2019-08-02,Paid Social,Individual,Tagalog
CUST006534,Alfie,Diallo,22.0,Male,United Kingdom,,Glasgow,2024-07-21,Affiliate Partner,Individual,Hindi
CUST006349,Mia,Diallo,60.0,Other,IN,,Ahmedabad,2020-09-26,Organic Search,Family,Japanese
CUST003097,Alexander,Li,22.0,Male,Indonesia,,Surabaya,2025-03-23,Organic Search,Individual,French
CUST003753,Tao,Gupta,35.0,Female,Japan,,Yokohama,2020-02-02,Referral,Family,Arabic
CUST004909,Leo,Zhao,30.0,Male,Australia,,Sydney,2022-03-26,Direct,Family,English
CUST001771,Liam,Johnson,36.0,Female,Nigeria,,Abuja,2023-08-28,Direct,Corporate Bundle,German
CUST000830,Paula,Souza,39.0,Female,Japan,,Nagoya,2020-08-21,Affiliate Partner,Individual,English
CUST000942,Matthew,Muller,45.0,Female,U.K.,,Leeds,2023-12-08,Paid Social,Individual,Spanish
CUST003215,Sai,Moreau,44.0,Male,,,Miami,2022-12-27,Affiliate Partner,Individual,English
CUST002487,Aadhya,Alves,31.0,Male,Italy,,Turin,2024-05-27,Referral,Family,English
CUST000628,Themba,Singh,24.0,Male,united kingdom,,Glasgow,2022-09-23,Paid Social,Student,Hindi
CUST003054,Ananya,Jones,60.0,Male,IN,,Mumbai,2021-11-07,Referral,Family,English
CUST004748,Sota,Schmidt,15.0,Female,Brazil,,Brasilia,2024-06-09,Paid Social,Student,
CUST000926,Mohammed,Fischer,13.0,Other,South Africa,,Cape Town,2025-05-22,Organic Search,Individual,English
CUST000296,Daniel,Ali,44.0,Male,Nigeria,,Lagos,2025-08-03,Referral,Family,English
CUST001053,Arjun,Malik,23.0,Male,United States,,New York,2025-02-16,Organic Search,Individual,Polish
CUST002708,Sara,Cho,42.0,Female,France,,Lyon,2019-05-23,App Store,Individual,Korean
CUST003414,Aoi,Abara,23.0,Male,Germany,,Hamburg,2026-02-20,Affiliate Partner,Family,English
CUST004395,Diego,Iyer,21.0,Male,India,,Kolkata,2020-03-18,Organic Search,Family,Spanish
CUST003012,Andrew,Huang,23.0,Female,Germany,,Munich,2021-09-15,Referral,Individual,Korean
CUST002790,Noah,Zhou,,Other,United States,,Austin,2023-09-16,Organic Search,Family,French
CUST000945,Robert,Koch,37.0,Female,United States,,Phoenix,2025-10-07,Affiliate Partner,Individual,German
CUST006444,Leo,Leroy,43.0,Male,United States,,Chicago,2020-03-04,Direct,Individual,French
CUST006679,Juan,Okonkwo,28.0,Male,India,,Chennai,2024-11-01,Paid Social,Corporate Bundle,English
CUST000013,Pedro,Johnson,30.0,Other,Germany,,Munich,2023-05-24,App Store,Individual,French
CUST001118,George,Schneider,24.0,Male,Philippines,,Manila,2024-06-03,Email Campaign,Student,Japanese
CUST007421,Oliver,Gupta,47.0,Female,France,,Paris,2019-06-02,App Store,Family,
CUST007872,George,Iyer,22.0,Female,Brazil,,Rio de Janeiro,2020-02-06,Email Campaign,Family,Spanish
CUST003853,Arjun,Huang,30.0,Male,Indonesia,,Surabaya,2023-03-24,Paid Social,Individual,English
CUST003166,Daniel,Kim,19.0,Female,Japan,,Osaka,2021-08-09,Email Campaign,Family,Spanish
CUST004511,Alexander,Ito,50.0,Male,Nigeria,,Ibadan,2021-11-15,Paid Social,Individual,English
CUST001320,Carlos,Durand,22.0,Female,France,,Nice,2023-03-19,Email Campaign,Family,
CUST000780,Mia,Menon,29.0,Male,France,,Marseille,2024-08-01,Direct,Student,English
CUST007862,Themba,Moreau,35.0,Female,India,,Delhi,2022-09-16,Partner Bundle (Telecom),Individual,Polish
CUST007365,Karen,Sheikh,27.0,Female,United States,,New York,2022-10-31,Organic Search,Individual,Hindi
CUST003669,Anika,Lee,43.0,Male,United Kingdom,,Glasgow,2021-12-02,Organic Search,Individual,Portuguese
CUST003818,Sota,Laurent,45.0,Female,BRAZIL,,Sao Paulo,2023-06-26,Paid Social,Individual,Arabic
CUST000434,Reyansh,Ahmed,13.0,Female,Australia,,Sydney,2019-05-30,Paid Social,Individual,Indonesian
CUST000654,Jun,Singh,18.0,Female,United States,,Seattle,2023-07-01,Direct,Family,English
CUST002478,Aoi,Williams,23.0,Prefer not to say,United States,,Chicago,2026-02-07,App Store,Student,English
CUST003264,Daniel,Reddy,42.0,Male,,,Incheon,2026-01-24,Affiliate Partner,Individual,English
CUST004323,Miguel,Chikoti,23.0,Female,GERMANY,,Frankfurt,2019-05-22,Paid Social,Family,English
CUST004861,Amelia,Costa,32.0,Female,UK,,London,2022-07-05,Organic Search,Individual,Korean
CUST004654,Qiang,Rodrigues,27.0,Male,Brazil,,Rio de Janeiro,2025-04-03,Referral,Corporate Bundle,English
CUST007931,Harry,Rahman,24.0,Female,United States,,Phoenix,2021-03-05,Referral,Individual,English
CUST007843,Mason,Miller,,Female,Canada,,Calgary,2025-07-30,Referral,Individual,Portuguese
CUST007151,Aadhya,Rahman,45.0,Female,India,,Chennai,2021-09-20,Affiliate Partner,Family,Indonesian
CUST002887,Oliver,Petit,24.0,Male,Canada,,Vancouver,2024-05-30,Paid Social,Individual,English
CUST006495,Sara,Lee,26.0,Female,Germany,,Cologne,2021-01-12,Email Campaign,Student,English
CUST003160,Sarah,Verma,57.0,Male,Australia,,Sydney,2023-08-29,Organic Search,Student,Hindi
CUST006152,Chidi,Chikoti,29.0,Female,India,,Hyderabad,2021-04-24,App Store,Individual,French
CUST003015,Oliver,Miller,,Male,India,,Pune,2024-09-29,Referral,Student,English
CUST003027,Mohammed,Hussain,30.0,Female,,,Salvador,2025-10-26,App Store,Student,Tagalog
CUST005602,Naledi,Miller,35.0,Male,Indonesia,,Jakarta,2024-10-17,Partner Bundle (Telecom),Individual,Indonesian
CUST000517,Lucas,Abara,25.0,Male,India,,Chennai,2023-05-03,Organic Search,Individual,German
CUST000571,Ibrahim,Cho,32.0,Female,US,,Houston,2023-08-14,Email Campaign,Student,Portuguese
CUST001449,Riya,Miller,45.0,Male,India,,Chennai,2023-09-07,App Store,Family,Portuguese
CUST004214,Ava,Durand,36.0,Female,South Korea,,Seoul,2025-08-24,Paid Social,Individual,English
CUST005139,Navya,Santos,29.0,Female,Nigeria,,,2019-09-12,Organic Search,Family,Japanese
CUST004324,Michael,Martinez,32.0,Male,Brazil,,Salvador,2021-06-19,Direct,Individual,Portuguese
CUST003317,Zola,Iyer,28.0,Male,Japan,,Nagoya,2025-08-13,Direct,Individual,Spanish
CUST006627,Liam,Bernard,33.0,Male,australia,,Perth,2020-06-19,Affiliate Partner,Individual,Arabic
CUST001746,George,Rahman,34.0,Male,United States,,Austin,2025-12-02,Paid Social,Individual,Portuguese
CUST002742,Themba,Almeida,64.0,Male,,,Kolkata,2024-07-28,Organic Search,Individual,English
CUST001591,Ethan,Leroy,36.0,Female,,,,2022-09-16,Partner Bundle (Telecom),Corporate Bundle,English
CUST005642,Khalid,Verma,32.0,Female,United Kingdom,,London,2026-02-25,Organic Search,Family,German
CUST000288,Nia,Leroy,38.0,Male,United Kingdom,,Birmingham,2019-03-13,Organic Search,Individual,English
CUST001739,Elena,Baig,,Female,Japan,,Nagoya,2019-01-28,Email Campaign,Family,Spanish
CUST005055,Michael,Costa,32.0,Male,,,Chennai,2024-04-09,Email Campaign,Corporate Bundle,Hindi
CUST007110,Jian,Lee,32.0,Male,Mexico,,Monterrey,2021-07-28,Organic Search,Student,Polish
CUST003480,Evelyn,Richard,21.0,Female,NG,,Ibadan,2021-12-13,Organic Search,Individual,English
CUST004999,Aadhya,Patel,13.0,Female,United Kingdom,,Manchester,2020-10-28,Referral,Individual,Spanish
CUST004817,Salma,Jung,16.0,Female,brazil,,,2024-05-31,Organic Search,Family,Hindi
CUST003707,John,Santos,38.0,Female,Australia,,,2021-02-03,Direct,Individual,Korean
CUST006385,Ali,Kumar,34.0,Male,India,,Kolkata,2023-05-21,Email Campaign,Individual,Hindi
CUST002828,Hassan,Muller,26.0,Female,INDIA,,Kolkata,2023-03-28,Email Campaign,Family,Spanish
CUST001685,Jack,Smith,13.0,Female,India,,Ahmedabad,2020-12-13,Paid Social,Family,Spanish
CUST005565,Sai,Robert,34.0,Female,Australia,,Melbourne,2023-05-03,App Store,Student,Hindi
CUST001339,Chidi,Reddy,32.0,Female,Bharat,,,2023-08-04,App Store,Student,English
CUST005867,Noor,Qureshi,30.0,Female,Philippines,,Manila,2022-04-23,Organic Search,Student,English
CUST002743,Fernando,Choi,14.0,Female,UAE,,Dubai,2023-06-28,Paid Social,Individual,Indonesian
CUST007212,Vihaan,Mensah,18.0,Other,Canada,,Vancouver,2019-09-10,Paid Social,Individual,English
CUST006606,Miguel,Brown,28.0,Female,India,,Pune,2021-05-17,Direct,Family,
CUST003923,Luis,Jang,46.0,Male,United States,,Seattle,2021-08-25,Referral,Corporate Bundle,Indonesian
CUST004508,Oliver,Gupta,38.0,Male,United Kingdom,,Liverpool,2020-07-30,Email Campaign,Family,Japanese
CUST002903,Matthew,Davis,35.0,Male,France,,Toulouse,2020-02-21,Organic Search,Individual,Tagalog
CUST002259,Maya,Ali,20.0,Male,Spain,,Valencia,2025-03-07,App Store,Individual,Indonesian
CUST004672,Yuto,Williams,18.0,Male,PH,,Davao City,2026-05-07,Organic Search,Student,Spanish
CUST007608,Lucia,Yoon,42.0,Male,India,,Kolkata,2026-01-04,Organic Search,Corporate Bundle,Hindi
CUST004012,Luis,Becker,44.0,Female,Spain,,Madrid,2020-09-22,Referral,Individual,English
CUST006631,Harry,Sharma,32.0,Other,Japan,,Tokyo,2026-03-16,Organic Search,Individual,English
CUST007508,Emma,Reddy,49.0,Female,Philippines,,Cebu City,2025-03-17,Organic Search,Corporate Bundle,Spanish
CUST007720,Harper,Jones,18.0,Female,Japan,,Osaka,2021-08-21,Email Campaign,Individual,English
CUST001565,Riku,Kim,35.0,Male,United States,,Los Angeles,2020-11-05,Organic Search,Student,French
CUST006467,Arjun,Bernard,26.0,Female,Spain,,Valencia,2025-03-03,Organic Search,Individual,English
CUST004687,James,Suzuki,28.0,Male,ES,,Madrid,2025-04-06,Paid Social,Individual,English
CUST006988,Huda,Leroy,38.0,Male,United Kingdom,,London,2022-04-02,Paid Social,Student,Hindi
CUST004561,Karen,Okonkwo,29.0,Male,Bharat,,,2020-10-22,Paid Social,Individual,English
CUST002186,Fatima,Miller,36.0,Male,Japan,,Nagoya,2020-01-31,Organic Search,Corporate Bundle,English
CUST007869,Maya,Okafor,50.0,Male,U.S.A,,,2019-11-14,App Store,Individual,Hindi
CUST001232,Sora,Rodriguez,29.0,Male,United States,,Phoenix,2024-09-24,Referral,Individual,French
CUST005075,Olivia,Martin,22.0,Female,France,,Nice,2022-08-11,Paid Social,Individual,Hindi
CUST001259,Arjun,Banda,50.0,Male,Argentina,,Buenos Aires,2023-05-06,Referral,Family,English
CUST002255,Yong,Sheikh,,Female,United Kingdom,,Manchester,2024-11-23,Paid Social,Individual,French
CUST001952,Lei,Patel,23.0,Female,United States,,Chicago,2024-03-03,Direct,Individual,German
CUST007484,Daniel,Takahashi,53.0,Male,united states,,New York,2023-09-01,Referral,Individual,German
CUST000114,Sami,Sheikh,20.0,Male,United States,,Houston,2021-08-06,Email Campaign,Individual,French
CUST006833,Noah,Okonkwo,59.0,Female,France,,Toulouse,2019-07-02,Paid Social,Individual,Indonesian
CUST002510,Camila,Kang,27.0,Female,Italy,,Naples,2022-05-14,Affiliate Partner,Family,French
CUST005902,Gabriela,Ferreira,,Female,IN,,Mumbai,2024-10-27,Organic Search,Individual,English
CUST004100,Aarav,Diallo,47.0,Female,Argentina,,Buenos Aires,2019-04-17,App Store,Individual,Hindi
CUST003263,Evelyn,Alves,24.0,Female,Poland,,Krakow,2024-07-25,Paid Social,Family,English
CUST002549,Aoi,Kobayashi,37.0,Female,India,,Mumbai,2020-12-14,Organic Search,Individual,Spanish
CUST006856,Aarav,Zhang,42.0,Female,nigeria,,Abuja,2023-04-03,App Store,Corporate Bundle,English
CUST000508,Oliver,Weber,39.0,Male,Poland,,,2022-06-20,App Store,Individual,German
CUST004415,Mary,Fischer,19.0,Male,Canada,,Toronto,2025-10-26,App Store,Individual,English
CUST004123,Pari,Jones,23.0,Male,Nigeria,,Kano,2023-08-25,Paid Social,Individual,English
CUST007087,Kiara,Menon,21.0,Male,South Africa,,Pretoria,2021-11-18,Affiliate Partner,Family,French
CUST003287,Vihaan,Oliveira,36.0,Male,South Africa,,Durban,2020-04-14,Organic Search,Family,English
CUST005520,Logan,Martinez,43.0,Male,Poland,,Warsaw,2024-01-02,App Store,Family,Portuguese
CUST007839,Amara,Malik,34.0,Male,United States,,Houston,2019-06-04,App Store,Individual,English
CUST004950,Diego,Yoon,17.0,Male,Germany,,Hamburg,2022-10-09,Organic Search,Individual,Spanish
CUST002851,Susan,Pereira,27.0,Male,United States,,Chicago,2022-03-29,Affiliate Partner,Family,Italian
CUST006871,Vihaan,Yang,35.0,Female,Canada,,Ottawa,2020-02-07,Organic Search,Individual,English
CUST004295,Ayaan,Zhang,31.0,Male,India,,Mumbai,2019-09-05,Affiliate Partner,Individual,Arabic
CUST007574,Ishaan,Lim,24.0,Female,India,,Delhi,2022-09-30,Direct,Individual,English
CUST000351,Jose,Li,26.0,Male,,,Chicago,2023-05-05,Paid Social,Student,Portuguese
CUST004774,Paula,Zhou,40.0,Female,United States,,Los Angeles,2022-01-15,Partner Bundle (Telecom),Individual,English
CUST002907,James,Kim,40.0,Female,Germany,,Cologne,2026-05-15,Paid Social,Corporate Bundle,English
CUST004382,Emma,Lee,,Male,United States,,Houston,2022-03-15,Referral,Family,English
CUST007176,Linda,Muller,24.0,Female,Mexico,,Guadalajara,2021-10-06,Organic Search,Family,English
CUST002506,Maya,Smith,18.0,Female,United States,,New York,2024-10-21,Paid Social,Corporate Bundle,Hindi
CUST002621,Amara,Jones,27.0,Female,,,Sydney,2024-05-21,App Store,Student,Korean
CUST004368,Mohammed,Becker,32.0,Female,Italy,,Turin,2019-12-07,Referral,Family,Korean
CUST001115,Carlos,Okafor,31.0,Male,,,Abuja,2022-02-12,Email Campaign,Student,Korean
CUST002847,Susan,Koch,29.0,Male,United States,,Miami,2021-10-29,App Store,Individual,English
CUST007491,Charlotte,Petit,46.0,Female,Canada,,Montreal,2023-02-25,Partner Bundle (Telecom),Individual,English
CUST000299,Susan,Zhang,33.0,Female,Nigeria,,Abuja,2025-09-13,Affiliate Partner,Family,English
CUST001676,Luis,Zhang,55.0,Female,Italy,,Rome,2022-09-14,Paid Social,Individual,Hindi
CUST007752,Omar,Nakamura,21.0,Male,United Kingdom,,Manchester,2020-03-31,Direct,Individual,Arabic
CUST007626,Freddie,Wang,42.0,Other,U.A.E,,Abu Dhabi,2025-02-14,Affiliate Partner,Individual,German
CUST007590,Henry,Abara,27.0,Other,United States,,,2025-06-14,Direct,Family,English
CUST006141,Daniela,Menon,20.0,Male,JP,,Nagoya,2025-08-16,Organic Search,Corporate Bundle,Japanese
CUST006570,Omar,Lim,13.0,Female,Canada,,Montreal,2022-03-12,Email Campaign,Individual,Arabic
CUST006168,Fatima,Banda,30.0,Female,Poland,,Krakow,2020-09-08,Paid Social,Individual,Hindi
CUST003721,Luis,Durand,13.0,Male,India,,Chennai,2022-05-06,Paid Social,Individual,Indonesian
CUST000230,Carlos,Williams,24.0,Male,,,Chicago,2019-10-21,Organic Search,Individual,Spanish
CUST000077,Noah,Mwangi,35.0,Female,France,,Toulouse,2023-02-08,App Store,Individual,English
CUST007786,Wei,Petit,43.0,Male,India,,Bengaluru,2021-07-05,Organic Search,Family,French
CUST005595,Juan,Almeida,33.0,Female,United Kingdom,,Manchester,2019-09-19,Direct,Student,Hindi
CUST007837,David,Oliveira,22.0,Female,,,Manchester,2024-02-20,Paid Social,Individual,French
CUST005186,Olivia,Meyer,16.0,Female,Nigeria,,,2025-08-31,Email Campaign,Family,Hindi
CUST002104,Jennifer,Ferreira,19.0,Male,United States,,Chicago,2019-11-14,Email Campaign,Individual,English
CUST006334,Jian,Lee,34.0,Female,France,,Lyon,2020-06-13,App Store,Individual,Hindi
CUST004478,Arjun,Pereira,34.0,Male,France,,Toulouse,2024-02-03,Referral,Individual,Hindi
CUST007383,Tendai,Moreau,47.0,Female,Philippines,,Davao City,2022-05-28,Email Campaign,Individual,English
CUST007444,Alexander,Choi,,Female,United States,,Los Angeles,2020-09-28,Email Campaign,Individual,English
CUST005585,Diya,Zhao,31.0,Male,US,,Houston,2019-05-30,Email Campaign,Student,
CUST005385,Sakura,Koch,16.0,Female,Mexico,,Monterrey,2021-04-24,Referral,Individual,Japanese
CUST001615,Ali,Santos,41.0,Female,,,Mumbai,2021-07-02,App Store,Corporate Bundle,English
CUST000608,Qiang,Yang,21.0,Other,United Kingdom,,Leeds,2021-10-08,Paid Social,Family,Spanish
CUST003906,Omar,Park,42.0,Male,brazil,,Salvador,2025-08-14,App Store,Family,Portuguese
CUST006569,William,Alves,50.0,Male,Argentina,,Rosario,2024-01-15,Direct,Individual,Indonesian
CUST001094,Sofia,Zhang,42.0,Female,India,,Pune,2019-09-16,App Store,Family,Arabic
CUST003183,Amina,Okafor,34.0,Male,United Kingdom,,Manchester,2024-03-21,Email Campaign,Individual,English
CUST002623,Zara,Wu,38.0,Male,India,,Mumbai,2020-04-05,Paid Social,Individual,French
CUST006522,Hao,Schneider,15.0,Male,united states,,Phoenix,2021-07-12,Referral,Individual,English
CUST007903,Nia,Qureshi,39.0,Female,Brazil,,Fortaleza,2024-01-05,Affiliate Partner,Individual,English
CUST007641,James,Kobayashi,26.0,Male,India,,Hyderabad,2021-07-02,Referral,Individual,English
CUST000204,Jian,Davis,17.0,Male,Argentina,,Cordoba,2020-12-08,Referral,Student,
CUST002388,Charlotte,Liu,48.0,Male,United States,,Seattle,2022-08-01,Paid Social,Individual,Korean
CUST006895,William,Hussain,33.0,Male,Mexico,,Guadalajara,2023-08-08,Partner Bundle (Telecom),Individual,Indonesian
CUST004641,Oliver,Zhang,26.0,Male,,,Pune,2020-10-03,Paid Social,Student,English
CUST000838,Tariq,Menon,29.0,Female,France,,Marseille,2019-05-07,Email Campaign,Individual,Hindi
CUST002935,Nia,Brown,57.0,Female,India,,Mumbai,2020-03-21,Affiliate Partner,Individual,English
CUST007259,Aoi,Zhou,17.0,Male,United Kingdom,,Leeds,2024-11-18,Organic Search,Family,Arabic
CUST007982,Aarav,Park,32.0,Female,United States,,Phoenix,2025-10-10,Organic Search,Individual,French
CUST001231,James,Wu,30.0,Female,Indonesia,,Surabaya,2020-07-13,Referral,Family,Hindi
CUST006117,Elijah,Jang,44.0,Female,IN,,Kolkata,2025-04-11,Partner Bundle (Telecom),Family,Hindi
CUST005435,Andrew,Suzuki,51.0,Male,IN,,Kolkata,2025-11-07,Email Campaign,Individual,Hindi
CUST001610,Ethan,Alves,39.0,Male,United Kingdom,,Liverpool,2019-11-08,Affiliate Partner,Individual,English
CUST007531,Luis,Li,28.0,Male,,,London,2023-07-09,Partner Bundle (Telecom),Individual,Italian
CUST006783,Ahmed,Petit,54.0,Male,United Kingdom,,Leeds,2019-09-11,Referral,Family,Japanese
CUST005066,Henry,Muller,40.0,Female,Italy,,,2023-02-26,Paid Social,Individual,French
CUST007600,Amelia,Choi,34.0,Male,Australia,,,2025-09-20,Affiliate Partner,Individual,Hindi
CUST004317,Zola,Almeida,47.0,Other,United Kingdom,,London,2024-01-14,Partner Bundle (Telecom),Family,Tagalog
CUST002733,Pedro,Saito,21.0,Female,India,,Chennai,2021-12-13,Affiliate Partner,Family,English
CUST007039,Haruto,Ito,24.0,Female,India,,Pune,2022-05-12,App Store,Student,English
CUST003358,Aoi,Brown,39.0,Female,Nigeria,,Kano,2020-11-12,Paid Social,Family,English
CUST006187,Alejandro,Meyer,,Male,USA,,Austin,2025-05-21,Partner Bundle (Telecom),Individual,Hindi
CUST005663,Yui,Mwangi,19.0,Male,IN,,Delhi,2023-03-20,Referral,Individual,Hindi
CUST006353,Chidi,Zhao,33.0,Female,Germany,,Berlin,2020-03-07,Referral,Family,French
CUST003246,Tao,Oliveira,31.0,Male,USA,,Miami,2023-06-22,Email Campaign,Individual,French
CUST003784,Jose,Hoffmann,43.0,Female,Indonesia,,Jakarta,2022-03-27,Paid Social,Individual,English
CUST006146,Chidi,Sheikh,,Female,Japan,,Nagoya,2019-12-22,Email Campaign,Individual,Tagalog
CUST003186,Oliver,Sharma,23.0,Female,United States,,Chicago,2025-10-21,Organic Search,Individual,English
CUST007059,Michael,Santos,23.0,Male,,,Austin,2021-03-28,Paid Social,Family,Indonesian
CUST004104,Noah,Dubois,47.0,Male,United Kingdom,,Birmingham,2024-09-10,Paid Social,Family,English
CUST000658,Hao,Zhou,57.0,Male,United Kingdom,,Glasgow,2024-07-26,Referral,Individual,Spanish
CUST000791,Carlos,Oliveira,37.0,Male,,,Bengaluru,2024-01-10,Referral,Individual,Korean
CUST007117,Pari,Moreau,34.0,Female,France,,Paris,2024-10-17,Paid Social,Individual,English
CUST005831,Jennifer,Dubois,47.0,Female,Mexico,,Puebla,2026-01-09,Email Campaign,Individual,Tagalog
CUST006639,Vivaan,Rodriguez,27.0,Female,India,,Delhi,2023-04-04,Affiliate Partner,Individual,Arabic
CUST002562,Ethan,Johnson,29.0,Male,United Kingdom,,Liverpool,2020-10-29,Organic Search,Individual,English
CUST004023,Myra,Davis,38.0,Female,United Arab Emirates,,Dubai,2024-08-09,Paid Social,Corporate Bundle,English
CUST001360,Amelia,Lim,35.0,Female,Brazil,,Salvador,2023-09-03,Organic Search,Individual,Indonesian
CUST005915,Amelia,Huang,37.0,Female,Spain,,Seville,2024-11-10,Affiliate Partner,Individual,German
CUST002348,Charlie,Diallo,23.0,Female,Argentina,,Cordoba,2019-02-22,Referral,Corporate Bundle,French
CUST005465,Harry,Abara,,Male,United States,,Houston,2019-04-01,Organic Search,Corporate Bundle,Hindi
CUST004162,Yusuf,Kobayashi,29.0,Female,France,,Marseille,2024-05-21,Referral,Individual,English
CUST002782,Reyansh,Schneider,33.0,Female,United Kingdom,,Birmingham,2022-03-15,Paid Social,Student,English
CUST003296,Alexander,Singh,29.0,Other,United States,,Seattle,2019-11-14,Referral,Individual,Japanese
CUST007309,Vihaan,Yang,51.0,Male,India,,Mumbai,2019-06-15,App Store,Individual,French
CUST006119,Jack,Jung,17.0,Male,MX,,Monterrey,2019-12-13,Organic Search,Individual,English
CUST007037,Liam,Otieno,28.0,Male,Brazil,,Rio de Janeiro,2026-04-10,App Store,Individual,English
CUST004702,Charlie,Ferreira,27.0,Female,United Kingdom,,Leeds,2021-02-10,Referral,Individual,English
CUST000616,Reyansh,Ahmed,,Female,India,,Pune,2022-07-16,Referral,Family,Japanese
CUST002576,Diego,Abara,52.0,Male,United Arab Emirates,,Dubai,2019-06-28,Direct,Family,English
CUST006667,Wei,Koch,53.0,Male,United States,,Los Angeles,2019-05-18,Email Campaign,Individual,
CUST002315,Sophia,Miller,53.0,Male,U.S.A,,Seattle,2019-11-07,Partner Bundle (Telecom),Student,French
CUST001706,Sora,Miller,38.0,Female,Australia,,Brisbane,2019-07-20,Paid Social,Individual,Hindi
CUST005713,Ava,Zhang,27.0,Female,Argentina,,Rosario,2019-02-18,Paid Social,Individual,English
CUST005339,Sarah,Otieno,19.0,Female,Brazil,,Salvador,2026-05-25,App Store,Individual,English
CUST006873,Anika,Li,28.0,Female,,,Glasgow,2022-12-08,Organic Search,Family,Japanese
CUST001781,Elena,Qureshi,14.0,Female,Australia,,Brisbane,2023-02-08,Organic Search,Individual,Portuguese
CUST005818,Hina,Wang,27.0,Female,United States,,Austin,2025-09-18,Email Campaign,Family,Hindi
CUST000804,Ali,Kang,24.0,Female,United States,,Seattle,2023-11-28,Affiliate Partner,Family,French
CUST000858,Sarah,Singh,37.0,Male,South Africa,,Durban,2023-09-05,Referral,Family,Portuguese
CUST005258,Isabella,Dubois,,Female,U.S.A,,Chicago,2022-10-22,Direct,Family,English
CUST004710,David,Adeyemi,33.0,Female,South Korea,,Busan,2024-07-07,Email Campaign,Individual,English
CUST000991,Naledi,Jung,26.0,Male,JAPAN,,Tokyo,2025-10-28,Paid Social,Individual,English
CUST005417,Sakura,Costa,41.0,Prefer not to say,United States,,Phoenix,2021-02-26,Organic Search,Family,Hindi
CUST004992,Henry,Takahashi,44.0,Male,South Africa,,Cape Town,2026-04-16,Paid Social,Individual,English
CUST004594,David,Choi,51.0,Female,Indonesia,,Surabaya,2019-06-02,Partner Bundle (Telecom),Individual,English
CUST005695,Mohammed,Mwangi,13.0,Male,Australia,,Brisbane,2024-07-17,Paid Social,Family,Hindi
CUST000220,Leo,Rodriguez,32.0,Female,KR,,Incheon,2025-11-26,Referral,Student,French
CUST004114,Jessica,Muller,27.0,Male,Germany,,Berlin,2019-08-12,Email Campaign,Family,English
CUST001289,Diya,Yang,36.0,Female,US,,Seattle,2024-04-18,Organic Search,Family,Spanish
CUST000583,Feng,Richard,29.0,Male,United Kingdom,,Glasgow,2025-07-26,Organic Search,Individual,Hindi
CUST002619,Tendai,Adeyemi,44.0,Female,United States,,Houston,2019-11-27,Affiliate Partner,Family,English
CUST000044,Linda,Kang,48.0,Male,United Kingdom,,Leeds,2022-04-29,Partner Bundle (Telecom),Individual,English
CUST001235,Navya,Davis,41.0,Female,United States,,New York,2024-02-28,Paid Social,Student,French
CUST005681,Paula,Johnson,43.0,Female,India,,Chennai,2019-11-14,Partner Bundle (Telecom),Family,Indonesian
CUST004935,Elena,Tanaka,40.0,Female,United Arab Emirates,,,2022-11-08,App Store,Family,Spanish
CUST006510,Navya,Pereira,48.0,Female,Mexico,,Monterrey,2023-09-22,Email Campaign,Individual,English
CUST007784,Hassan,Ferreira,13.0,Male,Germany,,Berlin,2024-12-18,Organic Search,Student,English
CUST001893,Amara,Liu,16.0,Female,United States,,Austin,2019-09-03,Affiliate Partner,Student,German
CUST006671,Patricia,Kobayashi,27.0,Male,Nigeria,,Lagos,2022-07-26,Email Campaign,Family,Portuguese
CUST007050,Noor,Rodrigues,51.0,Female,United States,,New York,2022-02-15,App Store,Individual,English
CUST004616,Omar,Oliveira,38.0,Female,India,,Hyderabad,2023-07-02,Organic Search,Individual,English
CUST007525,Khalid,Dubois,13.0,Female,United Kingdom,,Manchester,2026-04-16,Paid Social,Individual,English
CUST001072,Salma,Zhao,19.0,Female,DE,,Hamburg,2024-08-22,Affiliate Partner,Family,Indonesian
CUST000719,Feng,Wagner,23.0,Female,MEXICO,,Monterrey,2025-07-05,Referral,Student,French
CUST002365,Olivia,Becker,37.0,Female,Philippines,,Manila,2023-08-29,Organic Search,Individual,English
CUST001506,Vihaan,Sharma,35.0,Male,Japan,,Yokohama,2023-10-05,Affiliate Partner,Student,English
CUST000671,Mia,Chowdhury,41.0,Female,Brazil,,Sao Paulo,2023-03-15,Referral,Individual,English
CUST004646,Sakura,Oliveira,34.0,Male,Australia,,Melbourne,2026-02-05,Partner Bundle (Telecom),Family,English
CUST002953,Aadhya,Rodriguez,31.0,Male,India,,Chennai,2022-12-31,Organic Search,Individual,English
CUST006176,Ricardo,Verma,41.0,Male,FR,,Toulouse,2019-01-15,Partner Bundle (Telecom),Individual,English
CUST006441,Elena,Yamamoto,28.0,Female,,,Rome,2023-01-19,Paid Social,Family,Spanish
CUST006038,Oliver,Suzuki,40.0,Female,Canada,,Montreal,2019-07-23,App Store,Student,Spanish
CUST000898,Noor,Zhang,22.0,Female,United States,,Phoenix,2024-08-17,Paid Social,Individual,Spanish
CUST006481,Noor,Ferreira,18.0,Male,United Kingdom,,,2021-10-15,Email Campaign,Student,English
CUST002667,Jun,Park,28.0,Female,India,,Chennai,2024-12-26,Referral,Family,English
CUST002891,Mohammed,Jung,15.0,Male,United States,,Austin,2022-10-05,Affiliate Partner,Family,English
CUST003972,Isabella,Otieno,47.0,Prefer not to say,United States,,Austin,2020-04-27,Paid Social,Family,French
CUST001531,Diya,Weber,41.0,Female,Brazil,,,2025-07-03,Direct,Family,Korean
CUST004394,Elena,Chikoti,31.0,Female,United Arab Emirates,,Sharjah,2023-02-24,Paid Social,Family,English
CUST006734,Matthew,Zhou,40.0,Female,India,,Hyderabad,2020-01-22,Direct,Student,English
CUST007008,Valentina,Iyer,24.0,Prefer not to say,United States,,Chicago,2025-02-10,App Store,Individual,English
CUST007607,Diego,Schneider,32.0,Male,United Kingdom,,Birmingham,2024-06-12,Paid Social,Family,English
CUST003876,Joseph,Williams,40.0,Female,United Kingdom,,Glasgow,2023-09-10,Paid Social,Individual,Hindi
CUST003690,Mariana,Okonkwo,32.0,Male,South Korea,,Seoul,2021-01-05,Organic Search,Individual,Hindi
CUST003816,Mohammed,Chikoti,44.0,Male,Canada,,Vancouver,2019-03-31,Organic Search,Family,English
CUST003419,Yui,Verma,145.0,Male,U.K.,,Liverpool,2022-10-09,Direct,Student,Hindi
CUST006145,Vihaan,Ferreira,22.0,Female,USA,,,2020-01-14,App Store,Student,English
CUST001875,Susan,Ahmed,45.0,Male,India,,Bengaluru,2019-02-01,Referral,Individual,Hindi
CUST002371,Mason,Kumar,25.0,Female,South Africa,,Durban,2021-12-22,Partner Bundle (Telecom),Individual,Tagalog
CUST001770,Sophia,Baig,32.0,Other,France,,Nice,2024-06-28,Affiliate Partner,Corporate Bundle,Arabic
CUST005859,Oscar,Zhao,13.0,Male,United Kingdom,,Liverpool,2020-11-30,Organic Search,Individual,Spanish
CUST005050,Haruto,Qureshi,47.0,Male,United Kingdom,,London,2021-06-05,App Store,Individual,English
CUST001984,Feng,Ali,24.0,Male,Britain,,Liverpool,2023-03-28,Email Campaign,Family,Italian
CUST000532,Linda,Zhao,14.0,Female,Spain,,Barcelona,2021-03-01,Organic Search,Corporate Bundle,English
CUST005946,Sami,Kumar,23.0,Prefer not to say,United States,,Austin,2023-12-24,Organic Search,Student,
CUST006079,Sami,Gupta,,Female,Japan,,Yokohama,2025-12-03,Paid Social,Corporate Bundle,English
CUST004082,Saanvi,Banda,22.0,Female,United States,,New York,2024-12-20,Partner Bundle (Telecom),Family,English
CUST002882,Zola,Miller,46.0,Female,United Arab Emirates,,Sharjah,2024-11-09,Direct,Individual,Hindi
CUST000082,Zola,Zhao,28.0,Male,South Korea,,Busan,2025-04-22,Organic Search,Individual,Japanese
CUST005509,Riku,Saito,45.0,Male,,,Seattle,2022-07-19,Referral,Individual,Portuguese
CUST006553,Logan,Qureshi,44.0,Male,Italy,,Naples,2025-10-21,Partner Bundle (Telecom),Individual,Hindi
CUST007836,Anika,Qureshi,37.0,Female,South Africa,,Johannesburg,2022-01-18,Referral,Family,Japanese
CUST002164,Mary,Weber,22.0,Male,IN,,Pune,2019-05-31,Organic Search,Individual,Tagalog
CUST000732,Navya,Nair,17.0,Female,Brazil,,Rio de Janeiro,2025-04-24,Partner Bundle (Telecom),Individual,Portuguese
CUST002340,Themba,Garcia,31.0,Male,United States,,Austin,2025-02-20,Paid Social,Family,English
CUST005861,Daniela,Nakamura,42.0,Female,India,,Kolkata,2024-03-17,App Store,Individual,Arabic
CUST002233,Tao,Tanaka,39.0,Other,,,Cologne,2020-06-26,Referral,Individual,Hindi
CUST007161,Amelia,Schneider,48.0,Female,USA,,New York,2020-11-03,Affiliate Partner,Individual,English
CUST003687,Yui,Nair,58.0,Male,Poland,,Krakow,2019-07-17,Referral,Family,Hindi
CUST007589,Elijah,Chowdhury,37.0,Female,United States,,Austin,2020-06-10,App Store,Family,Hindi
CUST005104,Matthew,Lim,43.0,Male,United Kingdom,,Manchester,2019-07-22,Referral,Individual,English
CUST004642,Sakura,Bernard,38.0,Other,Canada,,,2019-05-01,Paid Social,Family,English
CUST004516,Susan,Jones,27.0,Male,,,Austin,2024-08-01,Paid Social,Corporate Bundle,English
CUST003838,Zola,Jones,38.0,Female,Brazil,,Salvador,2023-10-05,Paid Social,Family,Portuguese
CUST006699,Huda,Bernard,52.0,Male,United States,,Houston,2023-06-25,Direct,Individual,German
CUST002706,Emma,Rahman,25.0,Male,United States,,Miami,2024-08-30,Organic Search,Individual,German
CUST001256,Elijah,Lee,48.0,Male,Philippines,,Manila,2019-10-14,App Store,Student,Hindi
CUST002105,Noah,Sheikh,26.0,Female,Mexico,,Puebla,2021-08-02,Paid Social,Individual,Korean
CUST007012,Valentina,Liu,59.0,Female,Mexico,,Puebla,2020-12-19,App Store,Individual,English
CUST004442,Oliver,Mwangi,30.0,Male,Nigeria,,Lagos,2021-10-02,Paid Social,Individual,English
CUST007170,Hao,Schmidt,32.0,Male,Germany,,Hamburg,2020-12-02,Referral,Corporate Bundle,Arabic
CUST000899,Sami,Robert,,Male,S. Korea,,Seoul,2026-04-18,Paid Social,Individual,German
CUST000429,Harper,Wang,50.0,Female,United States,,Houston,2021-10-08,Paid Social,Family,English
CUST005577,Arjun,Wagner,18.0,Male,United States,,Austin,2021-05-20,Paid Social,Individual,English
CUST006707,Reyansh,Garcia,36.0,Female,Mexico,,Guadalajara,2019-06-22,Organic Search,Family,Hindi
CUST006305,Tao,Martinez,23.0,Female,Australia,,Melbourne,2019-08-01,Partner Bundle (Telecom),Individual,Spanish
CUST007290,Jack,Santos,45.0,Female,Mexico,,Mexico City,2020-01-23,Organic Search,Individual,Korean
CUST001223,Layla,Chowdhury,41.0,Female,IN,,Bengaluru,2026-03-12,Affiliate Partner,Student,Hindi
CUST004583,Amelia,Ahmed,33.0,Male,united states,,Miami,2026-01-22,App Store,Individual,Japanese
CUST003533,Amara,Wang,20.0,Male,India,,Kolkata,2022-12-14,Organic Search,Corporate Bundle,Tagalog
CUST005786,Evelyn,Adeyemi,26.0,Male,Germany,,Berlin,2023-04-04,Organic Search,Individual,German
CUST006872,Jacob,Williams,33.0,Female,INDIA,,Pune,2021-11-27,Email Campaign,Family,Indonesian
CUST003323,George,Garcia,32.0,Male,France,,Paris,2023-05-30,Organic Search,Family,Japanese
CUST006084,Layla,Miller,16.0,Male,India,,Ahmedabad,2019-07-31,Paid Social,Individual,Spanish
CUST001622,Maya,Takahashi,41.0,Prefer not to say,Spain,,,2025-12-21,App Store,Individual,Tagalog
CUST007192,Elizabeth,Iyer,26.0,Female,India,,Ahmedabad,2022-10-21,Direct,Family,Spanish
CUST003165,Evelyn,Meyer,46.0,Female,India,,Kolkata,2023-12-19,Paid Social,Family,Portuguese
CUST005301,Ahmed,Watanabe,36.0,Male,ZA,,Cape Town,2024-01-03,Email Campaign,Family,French
CUST006429,Aarav,Baig,32.0,Male,South Korea,,Incheon,2019-05-15,Email Campaign,Student,Portuguese
CUST001097,Camila,Schmidt,39.0,Male,Indonesia,,Surabaya,2021-12-25,Partner Bundle (Telecom),Individual,English
CUST002716,Patricia,Chen,52.0,Female,Indonesia,,,2020-02-20,App Store,Family,German
CUST002073,Themba,Smith,29.0,Female,MX,,,2020-07-17,Organic Search,Corporate Bundle,Tagalog
CUST007274,Jennifer,Dubois,37.0,Female,germany,,Hamburg,2025-03-31,App Store,Corporate Bundle,French
CUST005275,Oscar,Cho,,Male,Japan,,Tokyo,2019-08-21,Organic Search,Individual,English
CUST004113,Gabriela,Hoffmann,48.0,Male,united states,,Chicago,2022-07-07,Affiliate Partner,Individual,French
CUST003289,Alexander,Jones,34.0,Male,United States,,New York,2020-09-18,Referral,Student,Korean
CUST006791,Naledi,Ferreira,13.0,Female,United States,,Phoenix,2022-02-13,App Store,Individual,Hindi
CUST002589,Sarah,Kobayashi,13.0,Female,india,,,2020-11-28,Partner Bundle (Telecom),Individual,Hindi
CUST001789,Yusuf,Sharma,26.0,Male,australia,,Brisbane,2022-02-20,Organic Search,Student,Portuguese
CUST005844,Diego,Koch,31.0,Male,India,,Bengaluru,2019-03-22,Referral,Family,Japanese
CUST004635,Navya,Pereira,15.0,Male,United States,,Los Angeles,2024-10-14,Referral,Corporate Bundle,English
CUST000529,Yui,Hoffmann,39.0,Female,India,,Bengaluru,2019-03-10,Organic Search,Individual,Hindi
CUST007588,Oliver,Okonkwo,30.0,Male,Germany,,Frankfurt,2020-02-13,Partner Bundle (Telecom),Family,English
CUST000193,Charlotte,Menon,21.0,Prefer not to say,Poland,,Krakow,2019-01-16,Organic Search,Student,Tagalog
CUST006992,William,Garcia,24.0,Male,GERMANY,,Frankfurt,2022-10-02,Direct,Individual,Korean
CUST001127,Sara,Bernard,28.0,Female,Brazil,,Rio de Janeiro,2021-08-23,App Store,Individual,Arabic
CUST003516,Isabella,Durand,26.0,Female,CANADA,,Calgary,2024-06-26,Partner Bundle (Telecom),Individual,English
CUST003455,Ren,Khan,26.0,Male,Japan,,,2023-07-19,Organic Search,Family,Portuguese
CUST004668,Isabella,Jung,31.0,Female,India,,Mumbai,2021-09-29,Organic Search,Student,Spanish
CUST000305,Hao,Gupta,28.0,Female,,,Guadalajara,2026-01-31,Organic Search,Corporate Bundle,Indonesian
CUST005448,Khalid,Li,45.0,Male,South Africa,,Durban,2020-02-12,App Store,Family,Spanish
CUST001293,Robert,Sharma,31.0,Male,united states,,New York,2025-05-09,Paid Social,Student,French
CUST000071,Miguel,Wu,33.0,Female,United States,,Austin,2019-07-01,Referral,Individual,German
CUST003606,Jun,Leroy,35.0,Female,United States,,Seattle,2023-03-05,App Store,Student,Portuguese
CUST004607,Aditya,Mensah,21.0,Male,United Arab Emirates,,,2023-09-10,Paid Social,Family,English
CUST002688,Charlie,Leroy,42.0,Female,United Kingdom,,,2022-07-20,Referral,Individual,Korean
CUST003423,Hina,Costa,29.0,Male,United Arab Emirates,,Abu Dhabi,2026-02-04,Paid Social,Student,Korean
CUST003704,Aditya,Reddy,22.0,Female,India,,Chennai,2021-05-03,Direct,Student,Japanese
CUST000832,Riya,Cho,46.0,Male,United Kingdom,,Birmingham,2024-01-03,Email Campaign,Individual,Hindi
CUST004040,Valentina,Otieno,41.0,Male,FR,,Marseille,2021-09-17,Organic Search,Student,German
CUST001457,Valentina,Yamamoto,,Male,Canada,,Ottawa,2026-03-01,Email Campaign,Individual,Spanish
CUST006143,Sakura,Alves,23.0,Male,Canada,,Vancouver,2021-12-31,Organic Search,Individual,Hindi
CUST007097,Yusuf,Yamamoto,15.0,Male,India,,Hyderabad,2022-02-26,Partner Bundle (Telecom),Individual,French
CUST000239,Oliver,Qureshi,51.0,Male,United States,,Los Angeles,2023-03-15,Affiliate Partner,Individual,Hindi
CUST000093,Robert,Schmidt,38.0,Male,GERMANY,,Munich,2019-12-18,Referral,Individual,Spanish
CUST002978,Sophia,Li,13.0,Female,Brazil,,Salvador,2023-03-16,Organic Search,Individual,Portuguese
CUST006996,Mia,Miller,27.0,Male,Italy,,Rome,2023-12-14,Organic Search,Individual,Hindi
CUST007734,Riya,Watanabe,26.0,Male,Brazil,,Sao Paulo,2025-01-15,Affiliate Partner,Individual,Italian
CUST005539,Zola,Menon,42.0,Other,South Korea,,Busan,2023-12-17,Referral,Family,Korean
CUST003979,Lucia,Qureshi,17.0,Male,Germany,,Frankfurt,2022-04-02,Organic Search,Individual,Arabic
CUST005521,Mohammed,Leroy,35.0,Male,United Arab Emirates,,Sharjah,2025-06-05,Paid Social,Corporate Bundle,English
CUST004435,Valentina,Martinez,27.0,Female,italy,,,2019-08-09,Paid Social,Family,English
CUST004255,Pari,Abara,27.0,Female,United States,,Seattle,2019-02-07,Partner Bundle (Telecom),Student,Hindi
CUST007323,Arjun,Banda,27.0,Male,United Arab Emirates,,Abu Dhabi,2021-07-09,Paid Social,Family,English
CUST001002,Saanvi,Ito,26.0,Female,India,,Hyderabad,2023-07-18,Partner Bundle (Telecom),Individual,Spanish
CUST007294,Oliver,Silva,28.0,Female,India,,Mumbai,2025-05-04,Organic Search,Corporate Bundle,English
CUST007712,Paula,Rodrigues,40.0,Male,Indonesia,,Surabaya,2025-12-09,App Store,Individual,English
CUST002378,Oliver,Qureshi,25.0,Female,India,,Chennai,2020-04-12,Organic Search,Family,
CUST004517,Sora,Koch,13.0,Female,Britain,,Leeds,2023-06-09,Paid Social,Individual,English
CUST003657,Harper,Yoon,38.0,Female,South Africa,,Durban,2024-09-05,Referral,Family,French
CUST006636,Robert,Yamamoto,38.0,Female,Italy,,Turin,2025-10-04,Paid Social,Family,English
CUST003247,Ricardo,Almeida,,Male,United States,,Chicago,2023-05-24,Paid Social,Individual,Hindi
CUST006059,Saanvi,Nakamura,40.0,Male,South Africa,,Johannesburg,2023-11-03,Affiliate Partner,Corporate Bundle,Korean
CUST001533,Freddie,Wang,38.0,Female,Nigeria,,Lagos,2026-03-29,Email Campaign,Individual,German
CUST002411,George,Cho,27.0,Female,India,,Hyderabad,2020-07-27,Email Campaign,Family,Japanese
CUST004895,Robert,Wang,17.0,Male,United States,,Seattle,2020-01-28,Partner Bundle (Telecom),Individual,Japanese
CUST000412,Hassan,Cho,,Male,,,Pretoria,2021-04-28,Organic Search,Corporate Bundle,Indonesian
CUST006747,Liam,Reddy,31.0,Male,United States,,Los Angeles,2024-04-21,Paid Social,Individual,Arabic
CUST007719,Aoi,Gupta,30.0,Female,INDIA,,Chennai,2026-02-28,Paid Social,Individual,Hindi
CUST004311,Amelia,Chikoti,41.0,Female,United States,,Houston,2019-07-15,Paid Social,Individual,English
CUST002806,Myra,Meyer,44.0,Male,Italy,,,2025-11-20,Organic Search,Corporate Bundle,German
CUST007436,Charlotte,Chen,42.0,Female,India,,Mumbai,2019-08-01,Email Campaign,Individual,English
CUST005929,Zara,Ali,47.0,Male,South Africa,,Johannesburg,2025-04-14,Paid Social,Individual,Hindi
CUST003083,Reyansh,Oliveira,54.0,Female,India,,Hyderabad,2024-07-23,Organic Search,Student,English
CUST007899,Noor,Nair,40.0,Male,United States,,Phoenix,2022-03-01,Paid Social,Individual,Hindi
CUST001737,Lucia,Reddy,33.0,Male,South Korea,,Busan,2020-04-26,Email Campaign,Family,Hindi
CUST004161,Oliver,Martin,49.0,Female,Poland,,Krakow,2022-12-24,Paid Social,Family,English
CUST005062,Kwame,Miller,32.0,Female,SOUTH AFRICA,,Pretoria,2026-05-16,Organic Search,Individual,French
CUST007346,James,Rodrigues,49.0,Female,United States,,Phoenix,2019-11-18,Organic Search,Individual,English
CUST006373,Zara,Kim,18.0,Other,,,Paris,2020-10-17,App Store,Corporate Bundle,Portuguese
CUST006140,Matthew,Wagner,32.0,Male,India,,Mumbai,2024-04-28,Partner Bundle (Telecom),Family,Japanese
CUST007622,Patricia,Weber,20.0,Female,india,,Pune,2020-09-24,Organic Search,Family,French
CUST000634,Fatima,Ali,37.0,Other,,,Los Angeles,2020-08-27,Paid Social,Individual,German
CUST003022,Zara,Nair,13.0,Male,India,,Mumbai,2024-09-15,Organic Search,Student,Arabic
CUST000499,Karen,Saito,26.0,Male,Brazil,,Fortaleza,2024-02-02,Organic Search,Corporate Bundle,Portuguese
CUST004715,Rania,Hussain,36.0,Male,Australia,,Sydney,2021-05-05,Partner Bundle (Telecom),Individual,French
CUST002464,Diego,Choi,21.0,Male,India,,Bengaluru,2024-09-22,Email Campaign,Individual,English
CUST004540,Pari,Banda,37.0,Female,United Kingdom,,London,2025-04-13,Paid Social,Individual,French
CUST000638,Oscar,Martinez,19.0,Female,Japan,,Nagoya,2024-05-27,Email Campaign,Family,English
CUST000721,Sota,Almeida,19.0,Male,United Arab Emirates,,Dubai,2023-07-03,Email Campaign,Individual,English
CUST000289,Ali,Sheikh,32.0,Female,United States,,Miami,2022-06-13,Paid Social,Individual,German
CUST000758,Diego,Costa,37.0,Male,,,Toronto,2024-12-05,Organic Search,Family,Hindi
CUST006022,Jessica,Schneider,32.0,Female,Spain,,Madrid,2020-10-13,Referral,Corporate Bundle,Arabic
CUST004565,Freddie,Pereira,41.0,Female,Germany,,Frankfurt,2025-09-20,Paid Social,Individual,English
CUST003090,Liam,Zhang,,Male,Indonesia,,,2020-08-06,Paid Social,Individual,Spanish
CUST004396,Elijah,Menon,32.0,Male,Germany,,Hamburg,2022-06-07,Direct,Individual,Hindi
CUST004790,Layla,Jung,43.0,Male,United Kingdom,,Liverpool,2020-02-01,Referral,Family,Korean
CUST007631,Jun,Cho,29.0,Female,,,Abu Dhabi,2019-07-02,Organic Search,Individual,English
CUST000450,Oliver,Hussain,35.0,Male,Philippines,,Davao City,2022-08-07,Referral,Student,English
CUST000597,Leo,Baig,33.0,Male,Japan,,Tokyo,2023-02-14,Referral,Individual,English
CUST003652,Robert,Zhang,,Female,Japan,,Osaka,2023-04-26,Direct,Individual,English
CUST001069,Linda,Davis,15.0,Male,United States,,Austin,2021-05-17,Email Campaign,Family,Hindi
CUST001943,Hina,Sato,18.0,Female,Philippines,,Cebu City,2024-06-23,Email Campaign,Individual,Tagalog
CUST001648,Kwame,Watanabe,23.0,Female,India,,Delhi,2022-03-01,Direct,Individual,Hindi
CUST006761,Noah,Fischer,54.0,Male,United States,,Seattle,2019-07-25,Affiliate Partner,Individual,English
CUST005303,Jessica,Lim,28.0,Male,AR,,Cordoba,2022-10-26,Paid Social,Individual,French
CUST002701,Oliver,Alves,35.0,Female,United States,,Houston,2021-10-13,Email Campaign,Family,Hindi
CUST001701,Mia,Yamamoto,52.0,Other,INDIA,,Kolkata,2022-10-19,Referral,Individual,French
CUST007220,Susan,Menon,19.0,Female,India,,Mumbai,2021-11-19,Affiliate Partner,Individual,Portuguese
CUST004787,Emma,Pereira,19.0,Male,indonesia,,Jakarta,2026-02-21,Direct,Student,English
CUST003785,Aisha,Wang,24.0,Male,india,,Ahmedabad,2019-01-19,App Store,Student,English
CUST002943,Themba,Wu,34.0,Female,United States,,Phoenix,2021-12-26,App Store,Family,Spanish
CUST006602,Jennifer,Richard,31.0,Other,Australia,,Sydney,2025-01-18,Paid Social,Student,English
CUST003525,Vivaan,Souza,25.0,Female,Canada,,Toronto,2024-09-04,Organic Search,Student,Hindi
CUST006378,Robert,Becker,24.0,Male,Spain,,Barcelona,2019-03-12,Affiliate Partner,Individual,English
CUST002124,Riku,Souza,48.0,Male,United States,,Houston,2019-12-28,Organic Search,Individual,
CUST004387,Lucia,Tanaka,24.0,Male,Germany,,Cologne,2024-06-18,Referral,Corporate Bundle,French
CUST000087,Barbara,Hoffmann,27.0,Female,ID,,Surabaya,2023-11-14,Paid Social,Student,German
CUST002309,Isabella,Schmidt,43.0,Male,united kingdom,,Liverpool,2024-01-13,Paid Social,Family,German
CUST002678,Hina,Santos,,Female,India,,Chennai,2020-10-16,Referral,Student,French
CUST005436,Khalid,Malik,37.0,Male,France,,Lyon,2020-04-27,Direct,Family,Spanish
CUST006616,Ayaan,Ferreira,28.0,Female,United Arab Emirates,,Sharjah,2025-10-25,App Store,Individual,Arabic
CUST006704,Aisha,Rodrigues,23.0,Male,Italy,,Naples,2023-07-08,Organic Search,Individual,Spanish
CUST002595,Khalid,Jones,23.0,Female,Argentina,,Buenos Aires,2025-12-29,Paid Social,Family,French
CUST003732,Rania,Saito,47.0,Male,India,,Kolkata,2025-04-11,Organic Search,Corporate Bundle,Indonesian
CUST003059,Isabella,Patel,31.0,Female,India,,Ahmedabad,2022-03-17,Referral,Family,Portuguese
CUST001030,Anika,Chikoti,20.0,Female,italy,,Milan,2021-11-23,Organic Search,Family,French
CUST004014,Huda,Kang,22.0,Female,Mexico,,Puebla,2020-06-01,App Store,Family,Spanish
CUST002877,Patricia,Kumar,29.0,Female,United States,,Phoenix,2021-09-02,Affiliate Partner,Individual,Korean
CUST007711,Elijah,Zhang,39.0,Male,South Africa,,Durban,2023-08-20,Organic Search,Family,Spanish
CUST003520,Karen,Martinez,32.0,Female,India,,Bengaluru,2022-10-28,App Store,Individual,French
CUST002145,Mohammed,Silva,21.0,Male,Japan,,Yokohama,2025-02-01,Organic Search,Corporate Bundle,English
CUST004039,Ava,Schneider,30.0,Female,France,,Paris,2023-11-06,Direct,Individual,
CUST006357,Amina,Gupta,34.0,Male,Philippines,,Cebu City,2022-03-02,App Store,Family,English
CUST005059,Sara,Jones,32.0,Female,Poland,,Krakow,2024-04-28,Paid Social,Student,Japanese
CUST001201,Khalid,Pereira,36.0,Male,France,,Toulouse,2025-01-19,App Store,Student,Polish
CUST002026,Riya,Gupta,38.0,Male,Canada,,Calgary,2021-03-17,Referral,Family,Japanese
CUST000622,Linda,Park,46.0,Male,United States,,Chicago,2023-08-25,Organic Search,Family,Hindi
CUST007324,Alfie,Leroy,36.0,Female,Germany,,Frankfurt,2026-02-18,Referral,Family,English
CUST000567,Evelyn,Sato,18.0,Male,United Arab Emirates,,Abu Dhabi,2024-09-05,Email Campaign,Family,English
CUST005490,Zola,Patel,28.0,Other,,,,2021-10-31,Email Campaign,Family,Portuguese
CUST001838,David,Li,33.0,Male,Philippines,,Cebu City,2020-02-15,Partner Bundle (Telecom),Individual,English
CUST001335,Robert,Baig,26.0,Male,Germany,,Munich,2024-04-05,Affiliate Partner,Corporate Bundle,Hindi
CUST006609,Harper,Yoon,13.0,Female,MX,,Mexico City,2019-05-07,Referral,Individual,French
CUST007654,Rania,Ahmed,16.0,Female,Japan,,,2024-02-13,Organic Search,Individual,Hindi
CUST002100,Isabella,Sharma,27.0,Female,Germany,,Berlin,2020-07-27,Partner Bundle (Telecom),Individual,German
CUST005628,Yusuf,Meyer,49.0,Male,Nigeria,,Ibadan,2024-11-27,Paid Social,Family,Hindi
CUST007778,Ali,Davis,,Male,Brazil,,Rio de Janeiro,2021-12-01,Paid Social,Corporate Bundle,Indonesian
CUST004360,Yuto,Verma,31.0,Female,United Kingdom,,London,2025-06-11,Paid Social,Family,Indonesian
CUST001689,Lucas,Lim,28.0,Other,Nigeria,,Kano,2019-01-18,Email Campaign,Individual,Arabic
CUST000746,Isabella,Garcia,19.0,Male,Indonesia,,Bandung,2021-03-17,Organic Search,Individual,English
CUST005515,Ibrahim,Lim,38.0,Other,Spain,,Seville,2021-02-20,Email Campaign,Student,Hindi
CUST006461,Ricardo,Mwangi,45.0,Male,INDIA,,Bengaluru,2020-07-17,Referral,Family,Indonesian
CUST002188,Matthew,Dubois,16.0,Male,Canada,,Vancouver,2023-05-01,Paid Social,Family,Hindi
CUST000196,Jun,Lim,29.0,Female,CA,,Ottawa,2023-01-04,Organic Search,Individual,English
CUST001153,Mary,Schneider,35.0,Female,USA,,Chicago,2024-03-06,Organic Search,Individual,Spanish
CUST003464,Khalid,Robert,41.0,Female,United States,,,2025-10-23,Referral,Corporate Bundle,Arabic
CUST005315,Aadhya,Iyer,13.0,Female,India,,,2022-05-06,Organic Search,Family,English
CUST000803,Tendai,Brown,,Male,United States,,Chicago,2019-04-24,Affiliate Partner,Individual,English
CUST007094,Oliver,Ferreira,31.0,Male,AR,,Buenos Aires,2021-11-14,Organic Search,Family,Portuguese
CUST002351,Omar,Meyer,26.0,Female,Philippines,,Cebu City,2026-04-16,App Store,Individual,English
CUST007293,Hassan,Kumar,22.0,Male,united states,,Phoenix,2023-02-27,Paid Social,Family,English
CUST003456,Camila,Chen,26.0,Male,,,Hyderabad,2022-03-28,Paid Social,Family,English
CUST007292,Anika,Williams,24.0,Female,United States,,Houston,2019-12-13,Referral,Individual,Indonesian
CUST007451,Gabriela,Okafor,17.0,Female,Germany,,Frankfurt,2020-04-14,Referral,Individual,Indonesian
CUST002069,Ming,Garcia,42.0,Female,United States,,Seattle,2025-06-29,Paid Social,Individual,Hindi
CUST002908,Sophia,Kobayashi,,Male,India,,Delhi,2020-06-16,Referral,Student,English
CUST003822,Logan,Chikoti,31.0,Male,United States,,Miami,2021-04-20,Organic Search,Individual,Hindi
CUST006222,Jun,Choi,44.0,Other,US,,Miami,2019-10-09,Paid Social,Individual,English
CUST000645,Patricia,Verma,31.0,Female,india,,Chennai,2021-06-19,Paid Social,Individual,Portuguese
CUST007120,Fatima,Rodrigues,37.0,Male,India,,Ahmedabad,2022-07-25,Referral,Family,French
CUST006042,Camila,Ali,13.0,Female,United Kingdom,,Manchester,2022-03-05,App Store,Individual,Portuguese
CUST005228,Karen,Abara,30.0,Male,,,Houston,2020-05-04,App Store,Corporate Bundle,English
CUST003983,Omar,Baig,23.0,Male,Mexico,,Puebla,2024-12-18,App Store,Individual,German
CUST006299,Riku,Takahashi,29.0,Female,India,,Bengaluru,2023-11-21,Partner Bundle (Telecom),Individual,Hindi
CUST000121,Daniela,Ferreira,24.0,Female,,,Abu Dhabi,2024-09-20,Organic Search,Individual,Spanish
CUST001778,Ren,Sato,20.0,Female,Germany,,Berlin,2020-01-04,Referral,Corporate Bundle,Hindi
CUST002982,Daniel,Fischer,13.0,Male,South Korea,,Busan,2020-10-04,Email Campaign,Family,Portuguese
CUST004304,Alejandro,Menon,25.0,Male,MEXICO,,Monterrey,2023-11-27,Referral,Family,English
CUST003075,Wei,Qureshi,19.0,Female,India,,Bengaluru,2020-11-18,Organic Search,Individual,Portuguese
CUST006809,Oliver,Saito,21.0,Male,Nigeria,,,2022-03-02,Paid Social,Individual,Hindi
CUST004824,Ishaan,Abara,35.0,Female,United Arab Emirates,,Dubai,2020-08-07,App Store,Family,French
CUST007032,Kiara,Leroy,39.0,Female,United States,,Los Angeles,2023-12-11,App Store,Corporate Bundle,English
CUST003036,Evelyn,Banda,50.0,Male,IN,,Kolkata,2024-05-01,Affiliate Partner,Student,Japanese
CUST002136,Anika,Oliveira,44.0,Female,Germany,,Hamburg,2019-12-26,Organic Search,Family,Korean
CUST005596,Qiang,Saito,41.0,Female,United States,,Houston,2019-08-06,Partner Bundle (Telecom),Corporate Bundle,Hindi
CUST007201,Camila,Fischer,42.0,Female,United States,,,2022-08-19,Email Campaign,Family,English
CUST000135,Ahmed,Park,21.0,Male,Mexico,,Puebla,2021-10-23,Paid Social,Corporate Bundle,English
CUST007113,Vivaan,Chikoti,24.0,Female,United Kingdom,,Liverpool,2021-04-14,Organic Search,Individual,Spanish
CUST004353,Oliver,Li,38.0,Female,Italy,,Turin,2021-07-02,App Store,Family,English
CUST004384,Noah,Ali,38.0,Male,Nigeria,,Lagos,2025-07-27,Direct,Corporate Bundle,English
CUST004281,Ananya,Khan,36.0,Male,France,,Paris,2022-06-07,App Store,Individual,Portuguese
CUST005737,Zola,Kobayashi,26.0,Female,Germany,,Cologne,2022-04-01,Direct,Individual,Tagalog
CUST007701,Lucia,Muller,13.0,Female,Brazil,,Rio de Janeiro,2022-01-23,Referral,Individual,Hindi
CUST002560,Camila,Saito,28.0,Female,Canada,,Calgary,2022-04-13,Partner Bundle (Telecom),Individual,Tagalog
CUST000063,Sarah,Ferreira,42.0,Female,Brazil,,Sao Paulo,2024-04-03,Email Campaign,Individual,Korean
CUST005264,Matthew,Martin,17.0,Female,Poland,,Wroclaw,2023-03-14,Affiliate Partner,Individual,Spanish
CUST007010,Logan,Ahmed,27.0,Male,,,Lyon,2022-11-09,Email Campaign,Individual,English
CUST004340,Myra,Wu,25.0,Male,Brazil,,Fortaleza,2025-07-29,Referral,Student,Arabic
CUST001643,Robert,Kumar,34.0,Female,United Kingdom,,Birmingham,2023-12-31,Referral,Individual,Indonesian
CUST004208,Susan,Saito,27.0,Male,France,,Nice,2019-11-11,Partner Bundle (Telecom),Corporate Bundle,Hindi
CUST002468,Amina,Jones,26.0,Male,United States,,Miami,2024-10-03,Referral,Individual,English
CUST000680,Diego,Moreau,20.0,Female,India,,Kolkata,2024-08-12,Referral,Individual,English
CUST004512,Feng,Almeida,41.0,Male,Canada,,Montreal,2024-03-23,App Store,Family,Hindi
CUST000742,Diego,Petit,30.0,Female,India,,Ahmedabad,2025-10-23,Paid Social,Individual,Hindi
CUST001212,Tariq,Rodrigues,31.0,Other,Canada,,Montreal,2025-06-11,Affiliate Partner,Individual,English
CUST002171,Ibrahim,Koch,25.0,Male,India,,Chennai,2021-03-24,Organic Search,Individual,Hindi
CUST006080,Pedro,Verma,13.0,Female,Nigeria,,Lagos,2019-01-28,Organic Search,Individual,Hindi
CUST005514,Fatima,Iyer,45.0,Female,United States,,Houston,2021-06-07,Referral,Student,Spanish
CUST005361,Ananya,Reddy,46.0,Male,India,,Bengaluru,2022-05-23,Referral,Individual,Portuguese
CUST002901,Jacob,Robert,38.0,Male,South Africa,,Durban,2021-01-03,Affiliate Partner,Student,Spanish
CUST003259,Sara,Hussain,36.0,Male,India,,Pune,2026-04-27,Paid Social,Student,Arabic
CUST000568,Ayaan,Verma,45.0,Male,Philippines,,Cebu City,2023-08-08,Organic Search,Family,Indonesian
CUST001874,John,Robert,38.0,Female,Spain,,Valencia,2025-04-29,Affiliate Partner,Individual,German
CUST000649,Charlotte,Ito,50.0,Male,United States,,Phoenix,2021-06-09,Affiliate Partner,Individual,English
CUST002597,Elijah,Huang,44.0,Other,Japan,,Yokohama,2021-12-10,Referral,Student,English
CUST001718,Amina,Weber,32.0,Female,Brazil,,Rio de Janeiro,2025-12-06,Paid Social,Individual,Indonesian
CUST006675,Jian,Meyer,48.0,Male,Brazil,,Rio de Janeiro,2022-10-31,Organic Search,Individual,Arabic
CUST002844,Miguel,Banda,46.0,Male,india,,Kolkata,2022-03-16,Direct,Family,Korean
CUST001393,Evelyn,Martinez,28.0,Female,India,,Ahmedabad,2023-06-15,Referral,Individual,Japanese
CUST006055,Salma,Jang,29.0,Female,United States,,Houston,2020-01-12,Organic Search,Individual,Arabic
CUST003694,Qiang,Williams,13.0,Female,Mexico,,Mexico City,2024-07-28,App Store,Student,German
CUST005367,Lei,Wu,25.0,Male,India,,Hyderabad,2019-02-08,Partner Bundle (Telecom),Family,English
CUST003510,Oliver,Durand,39.0,Male,United Arab Emirates,,Abu Dhabi,2022-03-10,Partner Bundle (Telecom),Individual,Japanese
CUST005912,Yusuf,Martinez,31.0,Female,United States,,New York,2020-02-07,Referral,Family,Spanish
CUST000490,Pari,Souza,33.0,Female,United Kingdom,,Manchester,2025-06-19,Organic Search,Family,English
CUST000494,Kwame,Smith,25.0,Male,United States,,New York,2022-10-13,Organic Search,Individual,English
CUST000691,Qiang,Lim,34.0,Female,,,,2023-02-04,App Store,Family,English
CUST005648,Charlie,Schneider,28.0,Female,Mexico,,Mexico City,2022-04-29,Paid Social,Individual,Hindi
CUST000603,Isabella,Chowdhury,55.0,Male,IN,,Chennai,2023-08-26,Organic Search,Individual,English
CUST001912,Fatima,Chikoti,49.0,Female,United States,,New York,2024-05-23,Email Campaign,Individual,Arabic
CUST005549,Anika,Durand,18.0,Female,Spain,,Barcelona,2025-11-02,Referral,Individual,Portuguese
CUST006994,Jessica,Ali,33.0,Female,Indonesia,,Surabaya,2021-04-12,Partner Bundle (Telecom),Individual,Spanish
CUST004055,Krishna,Takahashi,32.0,Male,Japan,,Yokohama,2019-06-15,Partner Bundle (Telecom),Individual,Spanish
CUST007152,Fatima,Weber,28.0,Female,United States,,Miami,2024-07-30,Affiliate Partner,Student,French
CUST003590,Jack,Nair,28.0,Male,India,,Pune,2020-09-28,App Store,Individual,
CUST003807,Hassan,Garcia,26.0,Male,Germany,,Munich,2020-08-08,App Store,Individual,English
CUST005524,Elijah,Richard,29.0,Male,United States,,Austin,2024-12-11,Partner Bundle (Telecom),Family,Indonesian
CUST002367,Miguel,Rodriguez,23.0,Male,FRANCE,,Toulouse,2023-05-31,Paid Social,Individual,English
CUST001188,Barbara,Choi,35.0,Male,Philippines,,Cebu City,2020-02-29,Organic Search,Individual,English
CUST000275,Susan,Huang,39.0,Female,United States,,Los Angeles,2019-03-31,Paid Social,Family,Tagalog
CUST006221,Andrew,Rahman,39.0,Female,South Africa,,Pretoria,2022-08-09,Paid Social,Individual,Japanese
CUST004653,Ali,Williams,38.0,Female,Indonesia,,Jakarta,2020-03-28,Paid Social,Corporate Bundle,Hindi
CUST001362,Harper,Brown,41.0,Male,,,,2020-11-11,Paid Social,Family,French
CUST003847,William,Yamamoto,32.0,Female,United States,,Austin,2023-09-12,Referral,Individual,French
CUST001527,Lucia,Patel,52.0,Male,United States,,Houston,2023-04-11,App Store,Corporate Bundle,Spanish
CUST007532,Alfie,Brown,49.0,Female,India,,Chennai,2021-06-10,Affiliate Partner,Individual,Indonesian
CUST005828,Diya,Richard,39.0,Female,india,,Pune,2019-08-16,App Store,Individual,English
CUST007928,Omar,Petit,23.0,Male,Canada,,Toronto,2022-06-13,Referral,Student,English
CUST001552,Amelia,Davis,23.0,Other,South Korea,,Seoul,2023-10-28,Paid Social,Individual,English
CUST000331,Lucas,Meyer,18.0,Female,South Africa,,Durban,2025-01-06,Referral,Individual,Hindi
CUST007570,Charlie,Otieno,29.0,Male,Mexico,,Mexico City,2024-02-10,App Store,Individual,French
CUST001338,Noor,Alves,34.0,Female,United States,,Seattle,2024-11-10,App Store,Individual,Arabic
CUST005077,Oliver,Banda,25.0,Female,Italy,,Naples,2025-02-24,Organic Search,Individual,English
CUST000946,Susan,Silva,25.0,Female,poland,,Krakow,2021-10-26,Organic Search,Family,Hindi
CUST006333,Michael,Dubois,20.0,Male,,,Hyderabad,2025-02-02,Email Campaign,Family,Hindi
CUST002251,Alexander,Sheikh,52.0,Female,United States,,Chicago,2025-10-18,Email Campaign,Family,Hindi
CUST006337,Lucia,Kim,43.0,Female,Britain,,Liverpool,2026-03-04,Email Campaign,Individual,Hindi
CUST000802,Carlos,Johnson,43.0,Female,South Africa,,Durban,2021-05-10,Organic Search,Individual,English
CUST003998,Sarah,Davis,44.0,Female,India,,Ahmedabad,2023-08-19,Email Campaign,Individual,English
CUST002347,Carlos,Mensah,26.0,Male,Poland,,Wroclaw,2019-07-12,Paid Social,Individual,Spanish
CUST000069,Reyansh,Petit,13.0,Female,,,Manila,2024-09-23,Paid Social,Family,German
CUST005905,Omar,Cho,38.0,Male,United States,,Los Angeles,2025-07-01,App Store,Individual,German
CUST007297,Harper,Miller,18.0,Female,United Kingdom,,Leeds,2024-08-05,Email Campaign,Individual,Hindi
CUST002785,Olivia,Zhao,15.0,Male,Philippines,,Davao City,2025-06-15,Affiliate Partner,Student,Hindi
CUST001599,Tao,Miller,15.0,Male,India,,Pune,2025-09-25,Email Campaign,Family,Spanish
CUST004238,Alfie,Becker,33.0,Male,Nigeria,,Abuja,2020-02-24,Referral,Family,Korean
CUST004754,Henry,Watanabe,16.0,Male,India,,Kolkata,2025-02-16,Organic Search,Individual,Hindi
CUST005229,David,Chen,34.0,Male,Japan,,,2020-09-26,Paid Social,Individual,Spanish
CUST001504,Leo,Gupta,29.0,Prefer not to say,Germany,,,2023-06-18,Organic Search,Individual,English
CUST003780,Elena,Reddy,37.0,Female,Germany,,Cologne,2026-02-13,Direct,Family,Korean
CUST000151,Navya,Durand,,Male,South Korea,,Seoul,2020-09-30,Affiliate Partner,Individual,Indonesian
CUST002805,Harper,Ferreira,45.0,Female,Australia,,Sydney,2019-06-22,Direct,Family,English
CUST005169,Jose,Ito,13.0,Male,JAPAN,,Tokyo,2020-03-04,Partner Bundle (Telecom),Individual,Japanese
CUST002087,Layla,Saito,18.0,Female,India,,Ahmedabad,2019-01-13,Organic Search,Family,Hindi
CUST007595,Sarah,Sharma,33.0,Female,germany,,Hamburg,2024-10-15,Referral,Individual,Hindi
CUST002260,Haruto,Johnson,39.0,Male,Mexico,,Monterrey,2022-03-06,Paid Social,Student,English
CUST004004,Mohammed,Adeyemi,37.0,Male,,,Jakarta,2024-07-19,Direct,Student,German
CUST003938,Juan,Koch,30.0,Male,India,,Ahmedabad,2020-03-18,Referral,Individual,Indonesian
CUST006212,Pari,Nair,48.0,Male,Argentina,,Buenos Aires,2022-09-25,Referral,Individual,Tagalog
CUST003718,Jessica,Baig,27.0,Male,South Africa,,Pretoria,2020-01-18,Organic Search,Individual,Spanish
CUST000860,Zara,Nakamura,35.0,Male,United States,,Phoenix,2020-10-15,Paid Social,Individual,Hindi
CUST003529,Alexander,Menon,50.0,Female,Indonesia,,Surabaya,2019-01-30,App Store,Student,Arabic
CUST005166,Oscar,Smith,17.0,Male,United States,,Chicago,2022-09-04,Referral,Individual,English
CUST004077,Tao,Otieno,20.0,Male,Mexico,,Puebla,2021-06-28,Referral,Individual,English
CUST004846,Karen,Almeida,51.0,Male,United Arab Emirates,,Sharjah,2023-03-17,Paid Social,Student,French
CUST004152,Charlotte,Yamamoto,39.0,Male,Argentina,,Buenos Aires,2020-05-31,Partner Bundle (Telecom),Individual,Portuguese
CUST005988,Patricia,Saito,17.0,Male,Nigeria,,Kano,2019-04-12,Organic Search,Individual,German
CUST000367,Sora,Patel,36.0,Female,Canada,,Calgary,2023-12-04,Affiliate Partner,Family,Korean
CUST001433,Oscar,Ahmed,27.0,Prefer not to say,Italy,,Turin,2019-01-30,Organic Search,Individual,English
CUST004334,Riya,Hoffmann,39.0,Male,South Korea,,Busan,2023-02-17,Organic Search,Individual,Arabic
CUST005651,Omar,Tanaka,53.0,Male,IN,,Mumbai,2025-01-22,Affiliate Partner,Individual,Arabic
CUST001780,Salma,Silva,38.0,Female,United Kingdom,,Leeds,2025-01-10,Referral,Individual,Portuguese
CUST003716,Jessica,Martin,39.0,Female,argentina,,Cordoba,2023-04-20,Affiliate Partner,Student,English
CUST004924,Charlie,Dubois,31.0,Female,United Kingdom,,London,2023-11-03,Affiliate Partner,Family,English
CUST006324,Sarah,Rodriguez,39.0,Male,United Kingdom,,Glasgow,2024-09-30,Organic Search,Individual,Indonesian
CUST001819,Khalid,Ferreira,,Male,MX,,Mexico City,2019-09-12,Referral,Individual,English
CUST005152,Patricia,Ahmed,33.0,Male,Philippines,,Manila,2026-03-07,Organic Search,Individual,Japanese
CUST000842,Elijah,Takahashi,33.0,Female,India,,Ahmedabad,2022-06-13,Affiliate Partner,Individual,English
CUST002705,Elijah,Li,22.0,Female,USA,,Miami,2020-08-19,Paid Social,Family,Indonesian
CUST001190,Mariana,Petit,30.0,Male,POLAND,,Krakow,2025-03-18,Referral,Individual,Hindi
CUST000176,Harry,Becker,24.0,Female,Mexico,,Mexico City,2020-11-05,Direct,Individual,
CUST004472,Luis,Rodrigues,32.0,Male,India,,Delhi,2022-08-24,Paid Social,Family,English
CUST007572,Myra,Yoon,,Female,United Arab Emirates,,Dubai,2025-06-05,Partner Bundle (Telecom),Individual,English
CUST000618,Pedro,Garcia,32.0,Female,Mexico,,Monterrey,2019-05-29,App Store,Student,Portuguese
CUST002094,John,Zhang,33.0,Male,Spain,,Valencia,2026-04-22,Referral,Individual,Japanese
CUST003309,Ming,Iyer,40.0,Female,United Kingdom,,Birmingham,2020-05-23,Email Campaign,Family,French
CUST007764,Ava,Okafor,32.0,Male,mexico,,Guadalajara,2026-04-03,Referral,Corporate Bundle,Hindi
CUST003492,Tariq,Suzuki,27.0,Female,Brazil,,Fortaleza,2026-01-09,Email Campaign,Corporate Bundle,Spanish
CUST003881,Ananya,Laurent,34.0,Prefer not to say,India,,Chennai,2025-05-22,Email Campaign,Individual,French
CUST000083,Alejandro,Kang,39.0,Male,India,,Mumbai,2020-09-12,Affiliate Partner,Individual,French
CUST003873,Harper,Baig,20.0,Female,Germany,,Cologne,2021-01-10,Email Campaign,Corporate Bundle,Hindi
CUST003209,Riku,Dubois,37.0,Other,,,Montreal,2022-12-20,Partner Bundle (Telecom),Family,Hindi
CUST000817,Aisha,Choi,21.0,Female,South Africa,,Johannesburg,2022-02-07,Paid Social,Corporate Bundle,English
CUST001031,Lei,Rahman,,Male,India,,Chennai,2021-05-28,Affiliate Partner,Individual,Tagalog
CUST004863,Patricia,Hussain,33.0,Male,Indonesia,,Jakarta,2022-07-28,Organic Search,Student,Hindi
CUST000301,Lei,Watanabe,43.0,Female,India,,Delhi,2023-07-15,App Store,Individual,Spanish
CUST006446,Sarah,Smith,44.0,Female,United States,,Seattle,2023-03-29,Partner Bundle (Telecom),Corporate Bundle,English
CUST001473,William,Davis,40.0,Male,India,,Ahmedabad,2024-06-04,Referral,Individual,English
CUST000284,Vihaan,Singh,39.0,Male,Argentina,,Cordoba,2019-05-11,Organic Search,Family,German
CUST002029,Jennifer,Dubois,55.0,Female,India,,Delhi,2021-08-14,Referral,Family,English
CUST007101,Tariq,Rodriguez,31.0,Female,India,,Ahmedabad,2023-11-21,Paid Social,Family,English
CUST004944,James,Takahashi,27.0,Female,USA,,,2023-06-30,Affiliate Partner,Individual,Arabic
CUST006387,Karen,Silva,16.0,Female,United States,,,2021-12-03,Affiliate Partner,Student,Indonesian
CUST002916,Pedro,Schneider,31.0,Female,United Kingdom,,Birmingham,2024-04-22,Organic Search,Student,English
CUST001814,Olivia,Okafor,38.0,Prefer not to say,SPAIN,,Valencia,2023-01-10,Organic Search,Student,English
CUST001272,Matthew,Ferreira,51.0,Male,United Kingdom,,Glasgow,2025-07-18,App Store,Individual,Tagalog
CUST005501,Mia,Jung,20.0,Female,Philippines,,Cebu City,2019-10-22,Referral,Individual,Arabic
CUST006370,Yui,Muller,18.0,Prefer not to say,Australia,,Brisbane,2024-08-24,Paid Social,Individual,Spanish
CUST007628,Jacob,Mensah,22.0,Female,Canada,,Ottawa,2021-10-26,Referral,Individual,Arabic
CUST007065,Jack,Brown,36.0,Male,India,,Hyderabad,2022-04-12,Email Campaign,Family,German
CUST005107,Vivaan,Kim,19.0,Female,Australia,,Sydney,2022-09-14,Direct,Individual,Arabic
CUST003705,Alfie,Ali,34.0,Female,Nigeria,,Abuja,2023-08-19,Paid Social,Individual,Spanish
CUST003151,Sofia,Schmidt,37.0,Female,Canada,,Vancouver,2024-08-04,Affiliate Partner,Individual,Spanish
CUST000821,Daniela,Fischer,33.0,Male,India,,Chennai,2024-11-07,Paid Social,Individual,
CUST002314,Yong,Wu,29.0,Other,South Africa,,Durban,2025-03-18,Affiliate Partner,Student,English
CUST002009,Haruto,Muller,18.0,Male,United Arab Emirates,,Dubai,2024-02-09,Partner Bundle (Telecom),Student,Spanish
CUST004864,Logan,Jones,22.0,Male,India,,Delhi,2022-03-19,Affiliate Partner,Family,English
CUST002643,Reyansh,Iyer,31.0,Female,Indonesia,,Bandung,2024-04-27,App Store,Individual,English
CUST004343,Ava,Petit,40.0,Female,Canada,,,2025-02-14,App Store,Individual,German
CUST003722,Fernando,Richard,42.0,Male,brazil,,Brasilia,2022-01-16,Organic Search,Family,Spanish
CUST007338,Jennifer,Menon,32.0,Male,Germany,,Frankfurt,2023-03-25,App Store,Family,English
CUST002306,Jose,Watanabe,13.0,Female,,,Manchester,2020-11-12,Organic Search,Individual,Hindi
CUST004308,Ananya,Okonkwo,40.0,Prefer not to say,Poland,,Krakow,2025-08-04,Referral,Student,English
CUST005803,Arjun,Li,43.0,Male,India,,Pune,2026-04-28,Organic Search,Family,Spanish
CUST000100,Huda,Hussain,37.0,Female,,,Birmingham,2022-09-27,Email Campaign,Individual,Portuguese
CUST007265,Logan,Ito,49.0,Female,United Kingdom,,Liverpool,2021-01-16,Organic Search,Corporate Bundle,English
CUST000745,Elijah,Reddy,25.0,Male,India,,Pune,2022-09-19,Email Campaign,Individual,Indonesian
CUST007731,Diego,Zhou,33.0,Female,,,,2020-02-22,Email Campaign,Family,English
CUST007449,Sofia,Garcia,43.0,Other,Canada,,Calgary,2021-01-02,Paid Social,Individual,English
CUST007809,Robert,Bernard,25.0,Female,PL,,Warsaw,2021-01-04,Referral,Corporate Bundle,English
CUST000481,Salma,Sheikh,41.0,Prefer not to say,India,,Delhi,2023-03-30,Referral,Individual,Indonesian
CUST005333,Hassan,Becker,20.0,Male,United States,,Austin,2019-06-24,Paid Social,Student,English
CUST007810,Daniela,Meyer,30.0,Female,United States,,Austin,2023-04-20,Partner Bundle (Telecom),Individual,French
CUST007845,Haruto,Suzuki,13.0,Male,India,,Pune,2022-12-26,Referral,Individual,Spanish
CUST001158,Sophia,Schmidt,47.0,Male,United Kingdom,,London,2025-12-06,Referral,Family,Italian
CUST006748,Alejandro,Robert,33.0,Male,United States,,Austin,2019-08-31,Referral,Individual,Hindi
CUST007234,Amina,Sheikh,33.0,Female,United Kingdom,,Birmingham,2022-07-08,Organic Search,Individual,Japanese
CUST005944,Tendai,Souza,42.0,Female,United States,,Houston,2022-01-31,Organic Search,Individual,German
CUST001438,Pedro,Almeida,38.0,Male,,,Hyderabad,2021-11-17,Paid Social,Corporate Bundle,English
CUST002415,Fernando,Chen,40.0,Other,Italy,,Rome,2020-10-10,Partner Bundle (Telecom),Individual,English
CUST003555,Sophia,Leroy,21.0,Male,Brazil,,Rio de Janeiro,2021-09-21,Paid Social,Family,Portuguese
CUST006101,William,Yoon,18.0,Female,Australia,,Perth,2021-06-10,Email Campaign,Individual,Portuguese
CUST000403,Wei,Yang,,Female,AUSTRALIA,,Brisbane,2024-07-25,Direct,Corporate Bundle,Hindi
CUST005475,Karen,Sheikh,37.0,Male,South Korea,,Busan,2024-11-03,Paid Social,Individual,English
CUST002196,Sami,Saito,48.0,Female,JAPAN,,Yokohama,2025-02-03,Organic Search,Family,Indonesian
CUST000950,Mason,Takahashi,33.0,Male,Spain,,Valencia,2024-05-25,App Store,Individual,German
CUST007984,Isabella,Schneider,,Male,United Kingdom,,Manchester,2022-01-11,Organic Search,Individual,German
CUST002068,Camila,Okonkwo,40.0,Female,BR,,Fortaleza,2023-10-31,Paid Social,Individual,Italian
CUST005094,Mason,Davis,37.0,Male,United Kingdom,,Liverpool,2021-01-24,Affiliate Partner,Individual,English
CUST007724,Charlotte,Muller,37.0,Male,United States,,Austin,2023-10-31,Organic Search,Family,English
CUST000669,Aoi,Oliveira,,Female,United Kingdom,,Liverpool,2021-09-04,App Store,Individual,English
CUST000219,Yui,Silva,29.0,Male,Italy,,Turin,2025-05-27,Partner Bundle (Telecom),Individual,Portuguese
CUST003367,George,Otieno,36.0,Female,United States,,Los Angeles,2023-07-08,Referral,Family,Hindi
CUST007750,Elijah,Petit,40.0,Male,Mexico,,Puebla,2024-02-09,Email Campaign,Individual,
CUST001963,Valentina,Johnson,38.0,Female,United States,,Houston,2019-10-14,Affiliate Partner,Corporate Bundle,Italian
CUST003946,Hina,Baig,24.0,Female,,,,2021-01-12,Affiliate Partner,Individual,Spanish
CUST005835,Vivaan,Mensah,31.0,Male,ITALY,,,2025-02-02,Organic Search,Family,English
CUST002214,Lucas,Baig,17.0,Male,BR,,Rio de Janeiro,2022-10-14,Partner Bundle (Telecom),Individual,Indonesian
CUST002634,Aarav,Dubois,49.0,Female,United States,,Austin,2022-04-07,App Store,Individual,Polish
CUST001660,Miguel,Almeida,39.0,Male,Spain,,Madrid,2022-07-25,Paid Social,Individual,Portuguese
CUST005945,Mia,Almeida,41.0,Female,France,,Paris,2021-11-12,App Store,Family,Spanish
CUST006432,Vihaan,Ali,42.0,Female,Spain,,Valencia,2020-05-22,App Store,Student,English
CUST005341,Aditya,Schmidt,36.0,Female,Spain,,Barcelona,2021-11-06,Affiliate Partner,Individual,English
CUST005522,Amina,Saito,37.0,Female,United States,,Seattle,2021-01-03,Affiliate Partner,Individual,English
CUST002146,Sophia,Lee,24.0,Male,Australia,,Perth,2023-04-22,Organic Search,Individual,Hindi
CUST000778,Emma,Durand,37.0,Male,Brazil,,Salvador,2019-06-11,Affiliate Partner,Corporate Bundle,English
CUST002435,Liam,Bernard,42.0,Male,Germany,,Berlin,2025-06-28,Direct,Individual,Spanish
CUST003067,Barbara,Ferreira,35.0,Male,United States,,Los Angeles,2021-04-03,Paid Social,Individual,German
CUST006207,Linda,Singh,28.0,Male,,,Krakow,2023-11-09,Referral,Family,Japanese
CUST005783,Haruto,Moreau,43.0,Female,,,Munich,2024-06-15,Paid Social,Corporate Bundle,French
CUST005788,Ava,Weber,40.0,Male,Mexico,,Mexico City,2023-03-18,Organic Search,Corporate Bundle,Hindi
CUST004902,Diya,Jones,28.0,Female,,,Los Angeles,2021-05-29,Paid Social,Family,Hindi
CUST001492,Vivaan,Diallo,41.0,Male,,,Pune,2021-03-08,Paid Social,Student,Spanish
CUST003546,George,Jones,28.0,Male,USA,,Chicago,2019-08-29,Referral,Student,English
CUST003154,Zara,Brown,23.0,Female,CA,,Montreal,2019-12-12,Paid Social,Student,English
CUST003827,Elijah,Saito,26.0,Female,France,,Toulouse,2022-05-02,App Store,Individual,Arabic
CUST004332,Nia,Santos,,Female,United States,,Chicago,2024-06-03,Paid Social,Individual,Hindi
CUST003640,Isabella,Iyer,33.0,Male,India,,Hyderabad,2022-04-10,Direct,Individual,Spanish
CUST006033,Ava,Zhao,49.0,Male,Mexico,,Monterrey,2021-11-23,App Store,Individual,English
CUST004673,Leo,Garcia,28.0,Male,United States,,Austin,2022-05-01,App Store,Individual,French
CUST000518,Alfie,Reddy,27.0,Female,United Kingdom,,Leeds,2021-01-20,Organic Search,Individual,Korean
CUST004509,Andrew,Jones,24.0,Male,India,,Chennai,2025-05-10,Paid Social,Individual,Hindi
CUST004190,Luis,Jung,27.0,Female,Mexico,,,2021-11-27,Email Campaign,Individual,English
CUST004560,Oscar,Saito,28.0,Male,India,,Kolkata,2021-07-17,Partner Bundle (Telecom),Corporate Bundle,French
CUST006808,Khalid,Singh,48.0,Male,United Arab Emirates,,Dubai,2024-11-30,Organic Search,Individual,Tagalog
CUST007830,Barbara,Zhang,31.0,Female,Bharat,,Hyderabad,2025-12-04,Organic Search,Student,Italian
CUST006166,Sami,Okonkwo,22.0,Female,India,,Bengaluru,2026-02-25,Partner Bundle (Telecom),Individual,Spanish
CUST001416,Liam,Yang,27.0,Female,India,,Ahmedabad,2021-11-12,Direct,Individual,Spanish
CUST000569,Jennifer,Moreau,27.0,Male,Brazil,,Fortaleza,2024-04-15,Direct,Student,Hindi
CUST000361,Chidi,Yoon,35.0,Male,Japan,,Osaka,2019-11-24,Organic Search,Family,Portuguese
CUST006430,Ricardo,Weber,21.0,Female,United States,,Chicago,2019-05-17,Email Campaign,Student,Spanish
CUST006936,Navya,Wang,36.0,Female,Mexico,,Puebla,2019-01-23,Email Campaign,Family,Spanish
CUST007911,Ming,Ferreira,31.0,Male,Nigeria,,Kano,2021-10-06,Direct,Individual,Hindi
CUST004197,Oliver,Abara,38.0,Male,United Kingdom,,Liverpool,2020-06-14,Paid Social,Individual,Hindi
CUST003101,Huda,Verma,23.0,Male,,,Toulouse,2021-02-20,Paid Social,Individual,English
CUST007359,Mary,Hussain,13.0,Male,ITALY,,Naples,2024-01-27,Organic Search,Individual,English
CUST000760,Andrew,Bernard,32.0,Female,India,,Bengaluru,2020-11-28,Organic Search,Individual,Portuguese
CUST003549,Kiara,Robert,31.0,Male,,,Davao City,2021-05-06,Paid Social,Family,English
CUST004411,Oscar,Chikoti,27.0,Male,IN,,Bengaluru,2025-08-31,Paid Social,Family,Spanish
CUST007567,Mary,Lee,45.0,Female,Indonesia,,Bandung,2021-10-21,Paid Social,Individual,Spanish
CUST007761,Zola,Chowdhury,27.0,Female,South Africa,,Cape Town,2021-04-25,Organic Search,Individual,English
CUST006536,Tendai,Nakamura,46.0,Female,Canada,,Toronto,2021-05-21,Paid Social,Family,English
CUST005262,George,Otieno,38.0,Male,Brazil,,Fortaleza,2019-09-11,Partner Bundle (Telecom),Family,Hindi
CUST000215,Jacob,Wagner,32.0,Female,Spain,,Valencia,2020-03-30,Affiliate Partner,Family,French
CUST003845,Leo,Schmidt,25.0,Male,Brazil,,Rio de Janeiro,2021-04-30,Paid Social,Individual,English
CUST005847,Elijah,Miller,28.0,Female,United States,,Los Angeles,2022-02-02,App Store,Student,English
CUST005757,Salma,Santos,48.0,Female,Canada,,Vancouver,2023-11-29,App Store,Individual,Korean
CUST004897,Tao,Sharma,35.0,Male,Germany,,Munich,2020-01-19,Paid Social,Individual,Korean
CUST006897,Mohammed,Oliveira,48.0,Female,,,Barcelona,2022-09-30,Organic Search,Individual,Arabic
CUST007528,Valentina,Chen,33.0,Prefer not to say,Mexico,,Monterrey,2021-05-28,Organic Search,Family,Indonesian
CUST001474,Jennifer,Smith,35.0,Male,United Kingdom,,Leeds,2021-08-12,Referral,Student,
CUST002245,Hao,Martin,13.0,Male,India,,Kolkata,2019-06-10,Partner Bundle (Telecom),Individual,English
CUST000726,Juan,Smith,31.0,Female,India,,Pune,2022-01-21,Referral,Individual,English
CUST004592,Mason,Santos,25.0,Male,Indonesia,,Surabaya,2022-02-07,Affiliate Partner,Individual,German
CUST003561,Mason,Martin,41.0,Male,Mexico,,Puebla,2024-09-30,Direct,Student,English
CUST000050,Paula,Li,26.0,Male,germany,,Cologne,2020-07-30,Paid Social,Individual,English
CUST006308,Ananya,Takahashi,40.0,Female,Mexico,,,2024-05-29,Email Campaign,Individual,English
CUST007304,Mary,Schneider,35.0,Male,United States,,,2021-11-27,Direct,Individual,English
CUST003131,Gabriela,Santos,,Female,,,Rosario,2025-01-17,Email Campaign,Corporate Bundle,Hindi
CUST000888,Mia,Durand,50.0,Male,,,Kolkata,2026-02-22,Affiliate Partner,Family,English
CUST007047,Chidi,Dubois,33.0,Male,India,,Delhi,2019-10-19,Email Campaign,Student,English
CUST004454,Ahmed,Dubois,43.0,Male,uae,,Abu Dhabi,2021-11-21,Email Campaign,Family,French
CUST002894,Patricia,Santos,32.0,Female,Indonesia,,Jakarta,2023-09-01,Paid Social,Family,English
CUST006822,Vihaan,Sheikh,31.0,Male,United States,,Chicago,2019-07-06,Referral,Family,English
CUST007273,Aoi,Muller,29.0,Female,united kingdom,,Birmingham,2021-04-29,Email Campaign,Corporate Bundle,French
CUST000517,Lucas,Abara,25.0,Male,India,,Chennai,2023-05-03,Organic Search,Individual,German
CUST003169,Ibrahim,Chen,31.0,Female,Canada,,Toronto,2019-08-07,Paid Social,Family,German
CUST002950,Aadhya,Menon,28.0,Female,South Korea,,Busan,2019-01-27,Organic Search,Family,Spanish
CUST003933,Olivia,Hoffmann,35.0,Male,United States,,Houston,2019-09-15,Paid Social,Individual,English
CUST000140,Krishna,Pereira,18.0,Male,India,,Hyderabad,2022-05-19,Paid Social,Individual,German
CUST006626,Luis,Rodrigues,13.0,Male,India,,Delhi,2024-01-09,App Store,Individual,Korean
CUST004375,Nia,Muller,26.0,Male,India,,Mumbai,2020-12-24,Organic Search,Individual,Hindi
CUST007902,Wei,Kim,45.0,Female,United Arab Emirates,,Sharjah,2021-11-18,Affiliate Partner,Individual,English
CUST007071,Hao,Hussain,,Prefer not to say,India,,Kolkata,2020-07-09,Affiliate Partner,Individual,English
CUST003198,Nia,Suzuki,,Female,Mexico,,Monterrey,2023-10-01,Organic Search,Student,Tagalog
CUST004280,Henry,Khan,13.0,Male,India,,Mumbai,2026-03-20,Affiliate Partner,Individual,Hindi
CUST000113,Matthew,Ahmed,36.0,Male,France,,Paris,2020-03-05,Organic Search,Corporate Bundle,Hindi
CUST003196,Daniela,Kobayashi,29.0,Male,United Arab Emirates,,Sharjah,2021-01-07,Organic Search,Individual,Hindi
CUST000464,Elena,Williams,40.0,Male,India,,Chennai,2019-09-21,Referral,Corporate Bundle,English
CUST004978,Zara,Oliveira,32.0,Female,Nigeria,,Abuja,2022-11-02,Referral,Family,English
CUST001234,Daniela,Muller,29.0,Male,Indonesia,,,2025-09-10,Organic Search,Individual,
CUST003251,Matthew,Nair,26.0,Female,Poland,,Warsaw,2025-03-28,Organic Search,Individual,Portuguese
CUST000595,Hao,Martin,41.0,Female,,,Cape Town,2024-12-24,App Store,Individual,Arabic
CUST004898,Wei,Schneider,41.0,Female,United States,,Miami,2019-09-19,Partner Bundle (Telecom),Individual,Hindi
CUST000451,Andrew,Menon,,Male,Mexico,,,2024-09-08,Paid Social,Individual,Hindi
CUST004527,Sota,Diallo,21.0,Male,Brazil,,Brasilia,2025-07-17,Email Campaign,Individual,English
CUST003278,Kiara,Choi,19.0,Male,Canada,,Ottawa,2025-04-02,Paid Social,Individual,Spanish
CUST004455,Tendai,Singh,36.0,Male,Mexico,,Monterrey,2026-02-10,Referral,Individual,English
CUST004723,Jose,Malik,30.0,Female,India,,Delhi,2024-10-14,Email Campaign,Family,Spanish
CUST000313,Joseph,Nakamura,48.0,Male,Brazil,,Rio de Janeiro,2025-01-06,Organic Search,Student,Hindi
CUST004048,Khalid,Meyer,32.0,Other,Argentina,,Buenos Aires,2024-05-06,Email Campaign,Family,Arabic
CUST007214,Layla,Nair,36.0,Male,United States,,Chicago,2026-02-03,Paid Social,Corporate Bundle,Spanish
CUST004693,Omar,Meyer,39.0,Prefer not to say,France,,Toulouse,2025-10-13,Email Campaign,Individual,Japanese
CUST007368,Sai,Ahmed,41.0,Female,india,,Kolkata,2022-05-09,Organic Search,Family,English
CUST007275,Logan,Tanaka,41.0,Female,Italy,,Naples,2024-06-20,Organic Search,Individual,English
CUST005429,Oscar,Pereira,45.0,Female,Spain,,Madrid,2021-04-22,Organic Search,Individual,Spanish
CUST000452,Myra,Jang,36.0,Female,Philippines,,,2022-11-25,Partner Bundle (Telecom),Family,Japanese
CUST003167,Hassan,Yamamoto,41.0,Female,Poland,,Warsaw,2022-12-29,Email Campaign,Individual,Arabic
CUST006139,Yong,Patel,28.0,Male,United States,,Seattle,2021-08-12,Organic Search,Individual,English
CUST006506,Charlotte,Malik,41.0,Male,Indonesia,,Bandung,2023-09-14,Organic Search,Family,English
CUST003627,Leo,Johnson,23.0,Male,India,,Chennai,2019-07-04,Email Campaign,Individual,
CUST000891,Kiara,Muller,38.0,Male,India,,Ahmedabad,2020-04-10,Referral,Individual,English
CUST006307,Isabella,Takahashi,22.0,Female,United States,,Houston,2024-01-28,Paid Social,Student,
CUST002764,Aarav,Rodrigues,45.0,Female,Italy,,Naples,2025-02-25,Paid Social,Individual,Portuguese
CUST000659,Charlotte,Lim,43.0,Female,Brazil,,Fortaleza,2019-10-26,Direct,Family,French
CUST001507,Vivaan,Davis,33.0,Other,Poland,,Krakow,2024-06-03,Affiliate Partner,Family,English
CUST007642,Linda,Ali,24.0,Male,India,,Hyderabad,2023-01-15,Organic Search,Individual,English
CUST006007,Jian,Koch,46.0,Female,United States,,Los Angeles,2026-02-23,Paid Social,Individual,German
CUST007534,Haruto,Nakamura,41.0,Female,Indonesia,,Surabaya,2020-12-28,Partner Bundle (Telecom),Individual,English
CUST001000,Sophia,Rodrigues,39.0,Male,GERMANY,,Cologne,2022-07-09,Organic Search,Individual,Spanish
CUST000390,Evelyn,Reddy,45.0,Female,france,,Paris,2021-06-23,Partner Bundle (Telecom),Individual,Portuguese
CUST003408,Tendai,Rodriguez,17.0,Male,India,,Pune,2022-12-31,Paid Social,Individual,English
CUST002331,Leo,Banda,14.0,Male,Germany,,Frankfurt,2023-11-05,Partner Bundle (Telecom),Student,Portuguese
CUST001477,Hassan,Robert,,Female,Spain,,Madrid,2021-07-08,Organic Search,Family,French
CUST002241,Amara,Malik,37.0,Female,AU,,Perth,2022-03-16,Direct,Family,German
CUST007236,James,Cho,14.0,Male,Germany,,Munich,2020-02-29,Email Campaign,Individual,Hindi
CUST007247,Jack,Santos,48.0,Female,Japan,,Nagoya,2026-02-09,Paid Social,Individual,French
CUST006716,Chidi,Huang,39.0,Male,US,,Los Angeles,2025-07-02,Organic Search,Individual,Arabic
CUST003993,Harry,Nakamura,26.0,Male,United Arab Emirates,,Sharjah,2026-04-21,Paid Social,Individual,French
CUST006788,Leo,Jang,44.0,Female,Japan,,Nagoya,2022-03-02,App Store,Individual,English
CUST002973,Ayaan,Diallo,,Male,Germany,,Berlin,2025-10-03,Direct,Family,Hindi
CUST003387,Carlos,Zhao,13.0,Female,Brazil,,Salvador,2020-05-15,Affiliate Partner,Corporate Bundle,Arabic
CUST002776,Robert,Reddy,47.0,Male,Indonesia,,Surabaya,2023-09-29,App Store,Student,English
CUST001924,Harper,Malik,32.0,Male,Argentina,,Buenos Aires,2022-12-07,Referral,Student,English
CUST000759,Juan,Okafor,25.0,Male,Italy,,,2023-11-01,Organic Search,Family,Hindi
CUST000701,Michael,Kumar,34.0,Female,United Kingdom,,London,2022-05-20,Organic Search,Corporate Bundle,English
CUST007049,Jacob,Abara,41.0,Female,India,,Pune,2022-06-14,Email Campaign,Corporate Bundle,Portuguese
CUST001294,Hao,Miller,40.0,Female,United States,,Miami,2024-10-26,App Store,Student,Korean
CUST007999,Ren,Chowdhury,13.0,Female,South Korea,,Incheon,2019-03-26,Organic Search,Individual,English
CUST002874,Susan,Adeyemi,52.0,Male,Brazil,,Fortaleza,2025-02-11,Referral,Individual,English
CUST006735,Saanvi,Richard,26.0,Female,United States,,Seattle,2022-10-11,Paid Social,Individual,German
CUST002536,Liam,Pereira,37.0,Male,United States,,Los Angeles,2026-05-01,Organic Search,Individual,Spanish
CUST006766,Andrew,Abara,25.0,Female,South Korea,,Busan,2021-08-18,Referral,Student,Hindi
CUST001908,Elizabeth,Silva,42.0,Female,United States,,Seattle,2026-04-08,App Store,Individual,
CUST005559,Layla,Koch,62.0,Female,United Kingdom,,Glasgow,2019-10-09,Organic Search,Family,Arabic
CUST003328,Michael,Jones,38.0,Female,INDIA,,Bengaluru,2026-04-10,Email Campaign,Individual,Korean
CUST000369,Noah,Qureshi,40.0,Male,United Arab Emirates,,Sharjah,2020-11-18,Paid Social,Individual,Japanese
CUST001938,Jian,Yamamoto,42.0,Other,Germany,,Cologne,2026-01-19,Organic Search,Individual,English
CUST007723,Juan,Sato,38.0,Male,Philippines,,Cebu City,2019-03-26,Referral,Corporate Bundle,English
CUST001152,Mason,Petit,36.0,Female,United Kingdom,,London,2024-05-29,Referral,Individual,English
CUST007717,Alejandro,Tanaka,49.0,Female,Germany,,Hamburg,2024-12-06,App Store,Family,German
CUST005122,Harper,Alves,13.0,Male,South Africa,,Johannesburg,2020-05-27,Paid Social,Family,German
CUST004223,Emma,Adeyemi,33.0,Female,France,,Toulouse,2025-03-03,Email Campaign,Family,Spanish
CUST004310,Kiara,Nair,28.0,Female,Germany,,Munich,2024-04-01,Email Campaign,Individual,English
CUST003011,Jennifer,Ito,46.0,Female,India,,Kolkata,2021-05-02,Partner Bundle (Telecom),Individual,Hindi
CUST007914,Yui,Saito,35.0,Female,United States,,,2023-04-21,Paid Social,Individual,Hindi
CUST000192,Robert,Davis,45.0,Prefer not to say,United Kingdom,,Glasgow,2026-03-17,Referral,Individual,English
CUST006285,Alfie,Ahmed,40.0,Female,,,Seoul,2025-08-11,Direct,Student,Japanese
CUST004626,Ahmed,Martin,25.0,Other,Brazil,,Brasilia,2023-01-07,Organic Search,Family,Spanish
CUST000175,Jack,Fischer,17.0,Male,India,,Hyderabad,2019-01-27,Referral,Individual,Hindi
CUST001904,Charlotte,Schneider,30.0,Male,United States,,New York,2020-02-03,Paid Social,Individual,
CUST001100,Evelyn,Rodrigues,24.0,Female,India,,Pune,2021-09-19,App Store,Corporate Bundle,Hindi
CUST005345,Kwame,Menon,40.0,Female,South Korea,,Busan,2024-12-14,Paid Social,Individual,English
CUST003647,Aisha,Durand,37.0,Male,United States,,Austin,2022-09-04,Organic Search,Individual,Hindi
CUST003409,Valentina,Diallo,39.0,Female,,,Busan,2024-12-29,Organic Search,Student,French
CUST003839,Isabella,Muller,13.0,Male,Poland,,Wroclaw,2023-10-04,Direct,Individual,German
CUST002293,Yong,Silva,28.0,Female,United States,,Los Angeles,2022-07-09,Referral,Family,English
CUST007013,Charlie,Banda,35.0,Male,Mexico,,Mexico City,2025-09-27,Paid Social,Individual,French
CUST007823,Zara,Li,52.0,Female,India,,Bengaluru,2020-06-07,Organic Search,Individual,
CUST006037,Linda,Sharma,22.0,Female,Japan,,Nagoya,2020-03-05,Organic Search,Family,English
CUST001138,Aditya,Mensah,37.0,Female,Italy,,Naples,2022-11-12,Organic Search,Individual,
CUST001165,Noah,Park,47.0,Male,U.S.A,,Los Angeles,2020-01-19,Paid Social,Individual,Hindi
CUST004526,Ali,Rodrigues,19.0,Male,India,,Pune,2019-07-24,Organic Search,Individual,English
CUST007666,Juan,Miller,65.0,Female,,,Austin,2025-04-16,Partner Bundle (Telecom),Family,English
CUST007237,Wei,Park,62.0,Male,Germany,,Frankfurt,2020-07-01,Referral,Individual,Portuguese
CUST006162,Valentina,Martin,26.0,Female,United States,,Los Angeles,2023-11-25,Referral,Individual,Hindi
CUST006223,Huda,Diallo,36.0,Female,India,,Delhi,2022-03-18,Direct,Family,Hindi
CUST003665,Reyansh,Costa,28.0,Male,,,Munich,2024-09-28,Direct,Individual,English
CUST005709,Patricia,Miller,32.0,Female,IN,,Chennai,2025-05-14,Organic Search,Individual,Arabic
CUST001662,Lucas,Weber,35.0,Female,USA,,Phoenix,2020-03-03,Affiliate Partner,Individual,Spanish
CUST000509,Lucia,Johnson,44.0,Female,India,,Hyderabad,2023-12-11,Paid Social,Individual,Indonesian
CUST000167,Aarav,Menon,30.0,Male,Indonesia,,Bandung,2021-05-31,Paid Social,Individual,Hindi
CUST007138,Amara,Chikoti,29.0,Male,South Africa,,Cape Town,2020-10-15,Organic Search,Student,Arabic
CUST005550,Alejandro,Wu,23.0,Male,India,,Kolkata,2020-11-08,Direct,Student,Spanish
CUST001007,Layla,Muller,40.0,Prefer not to say,United Kingdom,,,2024-07-06,Paid Social,Individual,Korean
CUST005629,Oscar,Bernard,24.0,Male,FR,,Lyon,2021-05-29,Referral,Family,English
CUST003270,Arjun,Meyer,26.0,Male,germany,,Hamburg,2025-02-15,Paid Social,Individual,Spanish
CUST005846,Yuto,Leroy,33.0,Female,Brazil,,Salvador,2020-11-14,Email Campaign,Student,English
CUST003495,Michael,Liu,13.0,Male,India,,Pune,2022-09-10,App Store,Individual,Portuguese
CUST004274,Tao,Gupta,33.0,Female,Argentina,,Buenos Aires,2022-10-01,App Store,Individual,Arabic
CUST000104,Wei,Yang,47.0,Female,United States,,Miami,2022-01-14,Paid Social,Corporate Bundle,Spanish
CUST003266,George,Okonkwo,33.0,Male,United States,,Austin,2025-11-21,Paid Social,Individual,Hindi
CUST001112,Kofi,Watanabe,15.0,Female,United States,,Miami,2026-05-16,Direct,Family,Japanese
CUST004900,Tariq,Watanabe,36.0,Male,India,,Ahmedabad,2022-04-21,Affiliate Partner,Family,Portuguese
CUST002537,Gabriela,Petit,29.0,Male,,,Pune,2022-01-26,Email Campaign,Corporate Bundle,English
CUST001105,Alfie,Oliveira,27.0,Other,Indonesia,,Surabaya,2020-04-22,Email Campaign,Individual,Portuguese
CUST005072,Ming,Ferreira,27.0,Female,France,,Marseille,2025-09-25,Affiliate Partner,Individual,Portuguese
CUST001753,Jack,Moreau,17.0,Female,India,,Ahmedabad,2023-01-08,Organic Search,Family,German
CUST007191,Yusuf,Jones,37.0,Male,United States,,Phoenix,2022-06-09,Paid Social,Individual,English
CUST004539,Gabriela,Yamamoto,50.0,Prefer not to say,Germany,,Berlin,2019-01-18,Email Campaign,Family,French
CUST004252,Chidi,Jones,30.0,Male,United States,,Austin,2023-05-13,Partner Bundle (Telecom),Individual,Portuguese
CUST004120,Robert,Leroy,31.0,Male,U.A.E,,Dubai,2020-06-27,Partner Bundle (Telecom),Individual,German
CUST002917,Harper,Petit,42.0,Male,,,Sharjah,2026-03-15,Organic Search,Corporate Bundle,Korean
CUST006026,Ricardo,Adeyemi,36.0,Female,AR,,Rosario,2025-02-15,Organic Search,Individual,Portuguese
CUST001659,Harry,Jung,47.0,Male,Canada,,Ottawa,2023-09-07,Referral,Individual,English
CUST000153,Sai,Patel,30.0,Male,United States,,Chicago,2025-10-19,Referral,Individual,English
CUST005026,Qiang,Abara,26.0,Male,Mexico,,Monterrey,2022-04-20,Paid Social,Individual,English
CUST002484,Ren,Garcia,36.0,Female,india,,Chennai,2023-08-03,Email Campaign,Student,Hindi
CUST001584,Mia,Malik,13.0,Female,India,,,2021-10-21,Paid Social,Student,English
CUST006772,Reyansh,Reddy,35.0,Female,argentina,,Buenos Aires,2024-11-30,Organic Search,Individual,English
CUST002553,Patricia,Huang,29.0,Female,DE,,Munich,2025-04-27,Referral,Individual,Portuguese
CUST007877,Hina,Rodriguez,17.0,Male,Brazil,,Brasilia,2019-10-15,App Store,Individual,Portuguese
CUST007310,Robert,Zhang,13.0,Female,,,Manchester,2021-06-18,Organic Search,Individual,Spanish
CUST003552,Isabella,Kobayashi,34.0,Female,United States,,Chicago,2020-12-10,App Store,Individual,Hindi
CUST003723,George,Otieno,32.0,Male,United States,,Austin,2022-12-11,Email Campaign,Individual,Hindi
CUST004402,Yuto,Yoon,21.0,Female,Brazil,,Fortaleza,2024-10-07,Referral,Family,Arabic
CUST005923,Feng,Davis,47.0,Female,United States,,Seattle,2021-09-27,App Store,Individual,English
CUST003857,Wei,Lim,35.0,Male,United States,,Phoenix,2022-07-12,Affiliate Partner,Individual,English
CUST007034,Pari,Davis,28.0,Female,Brazil,,Salvador,2020-08-29,Paid Social,Family,English
CUST002210,Lucia,Adeyemi,50.0,Female,Australia,,Sydney,2025-11-29,Paid Social,Individual,French
CUST004479,Ren,Watanabe,37.0,Male,Nigeria,,Lagos,2023-08-31,Organic Search,Student,
CUST004867,Aarav,Kang,47.0,Female,United Arab Emirates,,Abu Dhabi,2023-06-30,Referral,Individual,English
CUST004499,Freddie,Yoon,41.0,Male,,,Mexico City,2020-03-19,Partner Bundle (Telecom),Individual,English
CUST002986,Daniel,Fischer,27.0,Male,United States,,Chicago,2024-05-07,Organic Search,Family,Hindi
CUST001823,Valentina,Kobayashi,38.0,Male,South Korea,,Busan,2022-06-26,Paid Social,Student,Japanese
CUST006472,Ahmed,Yang,32.0,Male,Nigeria,,Abuja,2021-02-26,Partner Bundle (Telecom),Family,English
CUST006216,Hassan,Koch,38.0,Male,Argentina,,Buenos Aires,2025-04-11,Organic Search,Individual,German
CUST005028,Jun,Wang,33.0,Male,Italy,,Turin,2021-06-28,Paid Social,Individual,Arabic
CUST004852,Jian,Bernard,37.0,Male,United States,,Seattle,2021-11-17,Paid Social,Family,French
CUST005114,Robert,Watanabe,34.0,Male,Brazil,,Brasilia,2019-12-23,Organic Search,Individual,English
CUST000310,Noor,Alves,23.0,Male,,,Pune,2021-10-04,Organic Search,Family,Hindi
CUST000213,Ren,Mwangi,27.0,Male,India,,Hyderabad,2019-09-23,App Store,Individual,English
CUST007621,Olivia,Yang,45.0,Male,Spain,,Valencia,2023-08-14,Referral,Individual,English
CUST006218,Mia,Williams,32.0,Male,India,,Chennai,2019-05-14,Paid Social,Family,Spanish
CUST003600,Mariana,Ito,33.0,Female,United States,,Chicago,2021-04-10,App Store,Individual,Spanish
CUST003623,Freddie,Wagner,43.0,Female,United States,,Houston,2025-04-12,Referral,Family,English
CUST004417,Lei,Wagner,44.0,Female,philippines,,Davao City,2026-01-07,App Store,Family,Spanish
CUST007424,Fernando,Moreau,47.0,Female,Brazil,,Brasilia,2019-06-09,Organic Search,Individual,Tagalog
CUST003451,Mia,Iyer,38.0,Male,Australia,,Melbourne,2025-11-16,Referral,Individual,English
CUST000496,Oliver,Liu,29.0,Other,Brazil,,Sao Paulo,2019-11-21,Partner Bundle (Telecom),Corporate Bundle,English
CUST005785,Lucia,Nakamura,26.0,Female,IN,,Pune,2021-02-09,Referral,Student,Arabic
CUST003257,Arjun,Yang,34.0,Female,,,Abuja,2023-06-30,Email Campaign,Individual,Spanish
CUST000206,Gabriela,Baig,39.0,Male,Nigeria,,Ibadan,2026-03-30,Paid Social,Individual,French
CUST001435,Kwame,Moreau,62.0,Female,India,,Ahmedabad,2025-11-11,Email Campaign,Corporate Bundle,Japanese
CUST001136,Lucas,Tanaka,28.0,Female,united kingdom,,Birmingham,2020-11-05,Paid Social,Individual,French
CUST002585,Paula,Becker,30.0,Female,United States,,New York,2024-01-11,Paid Social,Family,Spanish
CUST000869,Aoi,Wang,28.0,Female,Canada,,Vancouver,2020-11-07,Organic Search,Student,Spanish
CUST002750,Diego,Ferreira,13.0,Female,Brazil,,Fortaleza,2023-08-12,Partner Bundle (Telecom),Family,Portuguese
CUST003614,Mia,Richard,16.0,Female,United States,,Miami,2022-12-22,App Store,Family,Japanese
CUST000306,Ananya,Lee,29.0,Female,India,,Kolkata,2025-10-22,Organic Search,Corporate Bundle,Spanish
CUST001850,Mason,Brown,28.0,Female,Poland,,Warsaw,2025-11-23,Partner Bundle (Telecom),Corporate Bundle,Spanish
CUST004271,Ahmed,Ferreira,33.0,Male,INDONESIA,,Bandung,2022-11-23,Partner Bundle (Telecom),Student,Korean
CUST005526,Lucia,Nair,34.0,Female,Canada,,Vancouver,2025-08-24,Partner Bundle (Telecom),Individual,French
CUST001989,Vihaan,Williams,33.0,Female,France,,Toulouse,2024-09-17,Affiliate Partner,Individual,Korean
CUST003241,George,Liu,25.0,Female,South Africa,,Pretoria,2020-05-17,App Store,Individual,Hindi
CUST002799,Charlotte,Martinez,20.0,Female,Germany,,Munich,2021-06-30,Organic Search,Individual,Portuguese
CUST004783,Leo,Silva,44.0,Female,India,,Bengaluru,2023-06-25,Partner Bundle (Telecom),Individual,French
CUST001535,Karen,Okafor,44.0,Male,SOUTH AFRICA,,Durban,2020-08-25,Organic Search,Student,Spanish
CUST003110,Lucia,Zhang,28.0,Female,Italy,,Turin,2024-10-24,Affiliate Partner,Individual,Arabic
CUST000844,Barbara,Robert,46.0,Female,United States,,Los Angeles,2021-05-16,Paid Social,Student,Spanish
CUST001988,Isabella,Nakamura,32.0,Male,Brazil,,Brasilia,2020-05-09,Organic Search,Student,Hindi
CUST005547,Oliver,Meyer,33.0,Male,France,,Marseille,2025-01-26,Partner Bundle (Telecom),Individual,English
CUST005419,Arjun,Miller,40.0,Female,Germany,,Hamburg,2020-04-09,Referral,Individual,English
CUST001715,Sofia,Jang,27.0,Female,India,,Mumbai,2025-07-15,Affiliate Partner,Individual,English
CUST000384,Aoi,Smith,44.0,Male,United States,,Seattle,2021-05-14,Partner Bundle (Telecom),Student,Hindi
CUST001539,Camila,Sheikh,32.0,Male,,,,2024-02-21,Organic Search,Family,English
CUST000212,Alejandro,Jones,31.0,Male,United States,,Chicago,2022-10-04,App Store,Family,Portuguese
CUST003389,Ming,Pereira,34.0,Other,Philippines,,Manila,2022-08-04,App Store,Individual,Portuguese
CUST006463,Aadhya,Okafor,38.0,Female,Brazil,,Fortaleza,2025-09-25,Affiliate Partner,Individual,Hindi
CUST001958,Logan,Zhao,,Female,Australia,,Perth,2024-12-02,Referral,Family,Korean
CUST005278,Reyansh,Davis,29.0,Female,United States,,Miami,2021-06-06,Email Campaign,Individual,Spanish
CUST002439,Tariq,Fischer,14.0,Female,Argentina,,Cordoba,2025-02-19,Direct,Family,English
CUST002728,Ananya,Kobayashi,46.0,Female,U.S.A,,Houston,2021-10-14,Organic Search,Family,French
CUST006937,Oliver,Baig,24.0,Female,Canada,,Calgary,2022-10-10,Paid Social,Individual,Tagalog
CUST006135,Omar,Petit,24.0,Female,India,,Hyderabad,2022-06-12,Partner Bundle (Telecom),Corporate Bundle,English
CUST001350,Anika,Smith,,Male,United Kingdom,,Leeds,2023-03-09,App Store,Student,Hindi
CUST005058,Vihaan,Qureshi,44.0,Female,France,,,2019-12-25,Direct,Corporate Bundle,Japanese
CUST007366,Fernando,Baig,21.0,Female,India,,Delhi,2024-10-04,Partner Bundle (Telecom),Family,English
CUST003833,Elizabeth,Sheikh,,Male,Japan,,Tokyo,2024-04-25,Organic Search,Individual,Arabic
CUST003581,Wei,Li,39.0,Male,United States,,Chicago,2022-04-08,Affiliate Partner,Corporate Bundle,
CUST006644,Valentina,Smith,14.0,Male,CANADA,,Ottawa,2020-08-30,Referral,Individual,Polish
CUST000681,Ishaan,Wu,34.0,Female,United States,,Seattle,2021-12-30,App Store,Individual,English
CUST000181,Tariq,Gupta,40.0,Male,United Kingdom,,Manchester,2021-03-08,Organic Search,Individual,Indonesian
CUST007660,Ahmed,Miller,24.0,Male,,,Chicago,2024-05-23,App Store,Individual,Japanese
CUST004079,Liam,Garcia,26.0,Female,Germany,,Cologne,2019-10-28,Direct,Corporate Bundle,
CUST007439,Linda,Iyer,49.0,Prefer not to say,France,,Marseille,2026-03-04,Affiliate Partner,Family,English
CUST004831,Sai,Zhou,27.0,Other,Poland,,Wroclaw,2023-12-30,Email Campaign,Individual,Japanese
CUST000279,Oliver,Banda,32.0,Female,United Kingdom,,Glasgow,2022-07-06,Partner Bundle (Telecom),Family,Hindi
CUST005188,Zara,Ali,27.0,Female,India,,Kolkata,2020-10-25,Email Campaign,Corporate Bundle,Spanish
CUST003320,Elijah,Iyer,19.0,Female,Mexico,,Monterrey,2024-03-30,Organic Search,Individual,Hindi
CUST003253,Evelyn,Yamamoto,46.0,Female,United States,,Seattle,2019-05-26,Email Campaign,Individual,French
CUST002519,John,Yang,28.0,Male,Japan,,Yokohama,2021-03-29,Organic Search,Student,Arabic
CUST002481,George,Adeyemi,35.0,Female,South Africa,,Cape Town,2020-04-12,Email Campaign,Corporate Bundle,English
CUST000290,Daniel,Gupta,14.0,Female,United States,,Austin,2025-10-16,App Store,Individual,Arabic
CUST003076,Amara,Alves,36.0,Female,India,,Delhi,2022-11-05,Email Campaign,Family,Portuguese
CUST005022,Amara,Saito,25.0,Female,Indonesia,,Surabaya,2024-01-16,Organic Search,Individual,English
CUST004246,Sami,Rahman,29.0,Male,PL,,Krakow,2023-12-25,App Store,Individual,Spanish
CUST006057,Salma,Menon,31.0,Male,India,,Ahmedabad,2024-11-09,Referral,Family,English
CUST000994,Elena,Jang,35.0,Male,United States,,Los Angeles,2024-11-21,Referral,Family,Portuguese
CUST003236,Daniela,Durand,31.0,Female,Italy,,Naples,2019-09-07,Organic Search,Individual,English
CUST002237,Oliver,Martin,29.0,Male,United States,,Miami,2022-05-14,Paid Social,Student,Spanish
CUST007975,William,Brown,38.0,Female,South Korea,,Incheon,2026-05-16,App Store,Family,English
CUST000040,Sakura,Tanaka,26.0,Female,South Korea,,,2024-07-24,Organic Search,Individual,Hindi
CUST007612,Riya,Choi,13.0,Female,Germany,,Hamburg,2024-06-11,Organic Search,Individual,French
CUST005599,Harry,Kim,35.0,Male,United States,,Miami,2020-10-26,Email Campaign,Individual,Japanese
CUST005697,Riku,Tanaka,17.0,Female,United Arab Emirates,,Abu Dhabi,2025-12-20,Organic Search,Individual,Hindi
CUST002755,Fatima,Chen,37.0,Male,United Kingdom,,Manchester,2023-08-13,Organic Search,Student,German
CUST006454,Mary,Rodriguez,25.0,Female,United States,,Miami,2019-05-23,Organic Search,Student,Korean
CUST004013,Sarah,Rahman,26.0,Male,United Kingdom,,Birmingham,2024-02-07,Referral,Student,French
CUST000271,Isabella,Banda,40.0,Female,United States,,Phoenix,2021-04-29,Affiliate Partner,Corporate Bundle,English
CUST003935,Ishaan,Menon,26.0,Female,mexico,,Mexico City,2025-10-10,Paid Social,Individual,Tagalog
CUST002884,Arjun,Park,44.0,Male,Italy,,Turin,2024-03-14,Email Campaign,Family,Arabic
CUST006579,Diya,Wagner,39.0,Male,Germany,,,2026-01-26,Email Campaign,Corporate Bundle,English
CUST006948,Ren,Takahashi,27.0,Male,United States,,Houston,2022-10-29,Partner Bundle (Telecom),Individual,Portuguese
CUST005282,Michael,Baig,25.0,Female,Argentina,,Buenos Aires,2023-09-23,Organic Search,Individual,Spanish
CUST007541,Freddie,Martinez,30.0,Male,Brazil,,Rio de Janeiro,2021-02-14,Affiliate Partner,Individual,German
CUST007118,Sara,Nakamura,49.0,Male,South Africa,,Cape Town,2024-03-11,Referral,Individual,English
CUST006260,Luis,Iyer,34.0,Male,japan,,Osaka,2024-08-28,App Store,Individual,Hindi
CUST000112,Paula,Lee,32.0,Male,Poland,,Warsaw,2021-01-13,Affiliate Partner,Family,Hindi
CUST003219,Isabella,Silva,31.0,Female,Canada,,Ottawa,2022-06-18,Partner Bundle (Telecom),Individual,English
CUST001392,James,Mensah,33.0,Female,IN,,Mumbai,2021-02-19,Referral,Family,English
CUST002601,Khalid,Becker,25.0,Male,indonesia,,Bandung,2023-11-07,Referral,Family,Hindi
CUST000221,Michael,Robert,36.0,Male,NIGERIA,,Lagos,2022-06-17,Paid Social,Individual,Japanese
CUST005387,Hassan,Suzuki,24.0,Male,,,Brasilia,2022-07-28,Paid Social,Student,English
CUST007024,Charlie,Oliveira,37.0,Female,,,Kolkata,2019-11-11,Affiliate Partner,Family,English
CUST006705,Noah,Adeyemi,13.0,Male,Brazil,,Salvador,2020-06-15,App Store,Individual,English
CUST004921,Haruto,Almeida,33.0,Male,Italy,,Turin,2020-09-04,Affiliate Partner,Individual,English
CUST000084,Riya,Sharma,57.0,Male,France,,,2023-08-29,Paid Social,Individual,English
CUST000874,Feng,Schmidt,15.0,Female,JAPAN,,Yokohama,2025-05-08,App Store,Individual,Hindi
CUST007460,Paula,Robert,28.0,Male,Indonesia,,Bandung,2023-04-25,Organic Search,Student,French
CUST005047,Layla,Malik,55.0,Female,U.K.,,Leeds,2025-06-05,Affiliate Partner,Individual,Spanish
CUST000462,Alexander,Richard,47.0,Male,mexico,,Guadalajara,2019-01-12,Organic Search,Family,Hindi
CUST007081,Kofi,Martinez,46.0,Male,Spain,,Seville,2020-03-16,Affiliate Partner,Family,English
CUST004140,Freddie,Ahmed,13.0,Male,,,Kano,2021-09-17,Direct,Family,Portuguese
CUST000552,Henry,Schmidt,37.0,Male,United States,,Chicago,2019-10-15,Email Campaign,Family,English
CUST004052,Juan,Almeida,42.0,Male,United Kingdom,,Leeds,2026-01-05,Affiliate Partner,Student,English
CUST002375,Aarav,Singh,32.0,Female,India,,Kolkata,2024-11-13,App Store,Individual,Hindi
CUST006767,Karen,Santos,42.0,Female,Canada,,Vancouver,2021-02-11,Paid Social,Family,English
CUST004236,Mason,Yang,43.0,Female,,,Salvador,2026-01-16,Direct,Family,Hindi
CUST002247,Sophia,Souza,2.0,Female,,,Cordoba,2023-10-26,App Store,Individual,English
CUST007578,Charlotte,Schneider,45.0,Male,France,,Paris,2023-01-10,Email Campaign,Individual,English
CUST004588,Sophia,Okonkwo,38.0,Female,South Korea,,Busan,2024-05-18,App Store,Family,English
CUST002451,Yusuf,Leroy,46.0,Male,FR,,,2021-05-15,Paid Social,Corporate Bundle,English
CUST002330,Diya,Schmidt,28.0,Female,United States,,Chicago,2022-05-17,Organic Search,Individual,Arabic
CUST006753,Ethan,Li,44.0,Male,Spain,,Madrid,2020-03-22,Paid Social,Individual,German
CUST002147,Khalid,Durand,28.0,Male,US,,Los Angeles,2022-10-01,Organic Search,Individual,English
CUST007483,Matthew,Yoon,32.0,Female,Mexico,,Guadalajara,2024-12-01,Organic Search,Family,Indonesian
CUST004447,Feng,Bernard,24.0,Female,MX,,Guadalajara,2020-01-23,Organic Search,Individual,English
CUST007107,Rania,Mensah,23.0,Male,Philippines,,Cebu City,2020-09-02,Referral,Individual,English
CUST000651,Arjun,Baig,22.0,Male,,,Calgary,2021-11-13,Direct,Individual,German
CUST007569,Lucas,Martinez,33.0,Female,Germany,,Cologne,2019-06-30,Affiliate Partner,Corporate Bundle,English
CUST000709,Sakura,Li,17.0,Male,Bharat,,Delhi,2022-09-01,Paid Social,Individual,
CUST006881,Sakura,Yang,43.0,Female,India,,Hyderabad,2019-12-28,App Store,Family,Portuguese
CUST004300,Karen,Kang,41.0,Female,Argentina,,Buenos Aires,2024-01-14,Paid Social,Family,Indonesian
CUST005564,Karen,Davis,59.0,Male,Germany,,Hamburg,2026-02-09,Referral,Individual,Hindi
CUST007747,Ayaan,Fischer,33.0,Male,India,,Kolkata,2020-01-31,Organic Search,Corporate Bundle,French
CUST003064,Jose,Wu,46.0,Female,United States,,Phoenix,2022-04-30,Affiliate Partner,Individual,English
CUST005411,Luis,Durand,,Female,United Kingdom,,Leeds,2022-03-19,Affiliate Partner,Individual,Hindi
CUST003350,Huda,Jung,17.0,Female,Nigeria,,Abuja,2023-11-19,App Store,Family,Japanese
CUST001425,Navya,Leroy,55.0,Male,France,,Lyon,2022-04-20,Paid Social,Individual,Korean
CUST001217,Isabella,Choi,36.0,Female,United States,,Austin,2026-04-27,Direct,Individual,Hindi
CUST006153,Salma,Sharma,24.0,Female,United States,,New York,2023-10-09,App Store,Individual,English
CUST001925,Nia,Bernard,16.0,Male,France,,Toulouse,2020-03-31,Partner Bundle (Telecom),Family,English
CUST000105,Olivia,Kim,37.0,Female,Germany,,Hamburg,2021-10-20,Partner Bundle (Telecom),Individual,English
CUST001065,Arjun,Davis,41.0,Female,United States,,Chicago,2025-04-29,Affiliate Partner,Individual,English
CUST003787,Sai,Khan,27.0,Female,India,,Chennai,2024-09-19,Paid Social,Family,English
CUST000315,James,Suzuki,44.0,Male,United States,,Houston,2023-01-03,Email Campaign,Family,English
CUST001290,Olivia,Kobayashi,47.0,Female,India,,Hyderabad,2025-11-28,Paid Social,Individual,English
CUST005378,Sami,Alves,37.0,Female,United Arab Emirates,,Dubai,2021-02-04,Affiliate Partner,Individual,Korean
CUST004487,Ricardo,Diallo,30.0,Female,Germany,,Cologne,2025-01-21,App Store,Individual,Hindi
CUST001428,James,Diallo,29.0,Male,United States,,Seattle,2024-05-17,Email Campaign,Individual,Portuguese
CUST004483,William,Becker,36.0,Female,United Kingdom,,Leeds,2024-04-17,Paid Social,Individual,Hindi
CUST006340,Vivaan,Leroy,30.0,Male,,,Abu Dhabi,2026-01-30,Referral,Individual,Japanese
CUST003130,Themba,Gupta,26.0,Other,Japan,,Tokyo,2022-09-11,Paid Social,Individual,Korean
CUST007841,Sophia,Banda,,Male,Japan,,Tokyo,2020-08-18,Organic Search,Corporate Bundle,Spanish
CUST006516,Sofia,Dubois,37.0,Female,INDIA,,,2024-01-30,Organic Search,Student,English
CUST003009,Alejandro,Schmidt,38.0,Male,India,,Delhi,2026-01-09,Partner Bundle (Telecom),Individual,German
CUST006662,Jian,Wu,32.0,Female,India,,Hyderabad,2023-06-02,Affiliate Partner,Individual,Spanish
CUST001106,Mohammed,Huang,22.0,Female,CANADA,,Calgary,2024-05-06,Referral,Individual,Spanish
CUST004610,Nia,Takahashi,33.0,Male,Mexico,,,2023-02-02,Paid Social,Individual,Arabic
CUST005936,Amara,Suzuki,29.0,Female,Italy,,Milan,2019-07-18,Organic Search,Individual,English
CUST005969,Linda,Nakamura,38.0,Male,Australia,,Sydney,2022-12-10,App Store,Family,English
CUST007670,Camila,Davis,31.0,Male,Indonesia,,Bandung,2024-01-02,App Store,Family,French
CUST004377,Lucas,Qureshi,18.0,Male,India,,Mumbai,2026-02-21,Partner Bundle (Telecom),Individual,Arabic
CUST000685,Linda,Otieno,,Female,United Kingdom,,Manchester,2026-04-12,Referral,Individual,English
CUST005909,Sora,Petit,28.0,Male,Nigeria,,Abuja,2020-06-18,App Store,Individual,English
CUST006691,John,Smith,34.0,Female,United States,,Houston,2019-07-01,Organic Search,Individual,Arabic
CUST002766,Lucas,Wang,54.0,Female,Australia,,Melbourne,2024-06-23,Referral,Individual,Portuguese
CUST003930,Alexander,Smith,27.0,Prefer not to say,Japan,,Osaka,2021-09-21,Partner Bundle (Telecom),Family,Arabic
CUST004729,Jack,Santos,39.0,Male,,,Kano,2025-02-28,App Store,Family,English
CUST006209,Paula,Zhao,49.0,Female,United Arab Emirates,,Dubai,2023-09-07,Email Campaign,Family,Tagalog
CUST004975,Oliver,Mwangi,31.0,Female,Brazil,,Brasilia,2019-07-26,Partner Bundle (Telecom),Student,Hindi
CUST003683,William,Menon,23.0,Male,India,,Mumbai,2021-09-03,App Store,Individual,Hindi
CUST007377,Yusuf,Wu,26.0,Male,United States,,Miami,2021-01-20,Paid Social,Individual,Hindi
CUST005207,Elena,Rodriguez,43.0,Male,Canada,,Toronto,2020-07-05,Referral,Individual,Korean
CUST006275,Hina,Moreau,20.0,Female,United Kingdom,,Leeds,2023-02-14,Email Campaign,Individual,Arabic
CUST002452,Olivia,Reddy,41.0,Male,India,,Bengaluru,2025-02-25,Referral,Individual,French
CUST007129,Olivia,Tanaka,15.0,Female,United States,,Seattle,2020-06-02,Organic Search,Family,Korean
CUST004809,Joseph,Davis,24.0,Female,United States,,Austin,2025-09-02,Email Campaign,Individual,English
CUST003825,Aadhya,Ferreira,24.0,Male,United States,,Chicago,2024-08-31,App Store,Individual,Polish
CUST000327,Mason,Yamamoto,50.0,Female,Japan,,Nagoya,2022-02-02,Referral,Family,Portuguese
CUST002653,Carlos,Nakamura,13.0,Female,Spain,,Seville,2021-04-10,Paid Social,Individual,German
CUST007258,Jennifer,Iyer,58.0,Other,united states,,Austin,2023-12-02,Organic Search,Student,English
CUST007790,Camila,Jang,13.0,Male,India,,Pune,2025-11-21,Organic Search,Family,Spanish
CUST002177,Sara,Sharma,36.0,Female,Mexico,,Monterrey,2019-08-05,Affiliate Partner,Individual,English
CUST006208,Oliver,Weber,33.0,Male,United Arab Emirates,,Dubai,2020-11-16,Paid Social,Student,Hindi
CUST004772,Ava,Davis,61.0,Female,United States,,New York,2020-03-25,Organic Search,Individual,Portuguese
CUST006969,Paula,Miller,28.0,Male,Philippines,,Cebu City,2022-09-12,Organic Search,Individual,English
CUST003319,Ming,Garcia,28.0,Female,indonesia,,Surabaya,2024-12-27,Organic Search,Corporate Bundle,Spanish
CUST006959,Sami,Verma,26.0,Male,India,,Ahmedabad,2020-11-14,Organic Search,Individual,French
CUST004211,Lucia,Verma,26.0,Female,Indonesia,,Surabaya,2019-09-12,Paid Social,Individual,Arabic
CUST005625,Riku,Zhou,49.0,Male,United States,,Miami,2023-08-04,App Store,Student,Hindi
CUST002788,Linda,Chen,30.0,Female,,,Frankfurt,2024-08-09,Paid Social,Family,English
CUST005495,Diya,Yang,42.0,Male,France,,Paris,2024-04-12,Paid Social,Student,English
CUST004751,Joseph,Baig,22.0,Male,CANADA,,Montreal,2023-07-13,Email Campaign,Individual,Hindi
CUST001677,Valentina,Johnson,15.0,Male,Poland,,Krakow,2019-02-09,Partner Bundle (Telecom),Individual,English
CUST003948,Themba,Zhou,34.0,Male,Italy,,Rome,2024-04-14,Paid Social,Individual,English
CUST007211,Patricia,Kang,36.0,Female,India,,Pune,2023-11-08,Organic Search,Student,French
CUST000349,Aditya,Liu,25.0,Female,Canada,,Calgary,2019-07-09,Organic Search,Family,Spanish
CUST005888,Charlie,Bernard,17.0,Male,India,,Chennai,2023-05-14,Organic Search,Individual,Japanese
CUST003227,Valentina,Durand,38.0,Female,,,Chicago,2021-03-07,Affiliate Partner,Individual,Portuguese
CUST004419,Ava,Martinez,47.0,Female,Indonesia,,Bandung,2019-09-16,App Store,Individual,English
CUST005131,Ethan,Meyer,24.0,Male,Mexico,,Guadalajara,2021-01-15,Affiliate Partner,Individual,Arabic
CUST001627,Lei,Gupta,20.0,Female,Poland,,Wroclaw,2021-06-06,Affiliate Partner,Corporate Bundle,Hindi
CUST006708,Jian,Tanaka,49.0,Female,South Africa,,Pretoria,2023-08-18,Organic Search,Individual,English
CUST002504,Tao,Yoon,53.0,Male,Germany,,Frankfurt,2024-03-08,Organic Search,Individual,
CUST005820,Oliver,Patel,31.0,Male,Australia,,Brisbane,2020-01-09,Organic Search,Family,Portuguese
CUST002370,Yong,Koch,46.0,Male,United States,,Seattle,2019-09-25,Organic Search,Family,French
CUST000872,Layla,Hoffmann,51.0,Male,South Africa,,Cape Town,2021-06-21,Email Campaign,Individual,Hindi
CUST004735,Wei,Mwangi,36.0,Male,Mexico,,Monterrey,2025-06-06,Partner Bundle (Telecom),Individual,English
CUST002218,Kofi,Suzuki,42.0,Female,,,Abuja,2025-05-02,Organic Search,Individual,English
CUST004216,Amina,Hoffmann,32.0,Male,India,,Kolkata,2021-01-28,Direct,Corporate Bundle,Korean
CUST002219,Chidi,Saito,26.0,Male,Nigeria,,Lagos,2019-05-11,Direct,Individual,Spanish
CUST003327,Amara,Silva,20.0,Male,Brazil,,Fortaleza,2025-01-28,Direct,Individual,English
CUST004181,Yuto,Silva,30.0,Male,India,,Chennai,2024-08-08,Organic Search,Individual,Hindi
CUST003584,Omar,Ali,13.0,Female,South Africa,,Johannesburg,2021-08-19,Organic Search,Corporate Bundle,English
CUST006318,Daniela,Banda,16.0,Male,,,Jakarta,2019-08-04,Referral,Individual,Portuguese
CUST005406,Sora,Sharma,28.0,Male,USA,,New York,2024-07-15,Direct,Family,Arabic
CUST002122,Charlotte,Saito,41.0,Male,India,,Delhi,2026-05-21,Organic Search,Family,English
CUST006035,Mason,Robert,25.0,Female,United States,,Miami,2024-04-21,Partner Bundle (Telecom),Individual,Hindi
CUST000137,Saanvi,Koch,42.0,Male,Germany,,Berlin,2023-03-26,Paid Social,Individual,German
CUST006811,Navya,Patel,28.0,Male,United States,,Phoenix,2024-01-14,Affiliate Partner,Student,Portuguese
CUST000086,Sarah,Martin,35.0,Male,Canada,,Calgary,2025-11-21,Organic Search,Individual,English
CUST004624,Rania,Wang,32.0,Female,India,,Kolkata,2024-12-30,Referral,Student,French
CUST001878,William,Almeida,18.0,Female,uae,,Sharjah,2026-03-24,Referral,Individual,English
CUST002802,Patricia,Smith,22.0,Other,US,,New York,2024-09-22,Organic Search,Student,French
CUST003672,Tariq,Jones,31.0,Male,MEXICO,,Monterrey,2024-09-05,Partner Bundle (Telecom),Individual,Hindi
CUST003668,Qiang,Mensah,30.0,Male,Nigeria,,Kano,2019-05-13,Referral,Student,Arabic
CUST006358,Camila,Verma,29.0,Male,South Africa,,Durban,2025-12-31,Partner Bundle (Telecom),Corporate Bundle,English
CUST002641,Diya,Nakamura,42.0,Male,United Arab Emirates,,Dubai,2022-08-23,Email Campaign,Family,Spanish
CUST006892,Sota,Baig,33.0,Male,USA,,Miami,2022-07-26,App Store,Individual,Spanish
CUST007371,Olivia,Koch,49.0,Male,India,,Kolkata,2021-05-16,Paid Social,Individual,English
CUST002881,Sara,Zhao,56.0,Female,South Africa,,Pretoria,2023-04-02,Organic Search,Individual,English
CUST006762,James,Liu,33.0,Female,GERMANY,,Berlin,2021-04-08,Referral,Individual,French
CUST000495,Luis,Takahashi,21.0,Female,India,,Ahmedabad,2019-08-10,Referral,Individual,English
CUST002020,Mason,Okonkwo,23.0,Male,United States,,Los Angeles,2024-01-22,Paid Social,Individual,Hindi
CUST006253,Naledi,Brown,30.0,Female,Canada,,Ottawa,2024-04-22,Paid Social,Individual,German
CUST002526,Valentina,Zhang,28.0,Male,United States,,Austin,2021-08-03,Organic Search,Individual,English
CUST006451,Haruto,Li,18.0,Female,United Kingdom,,Liverpool,2022-05-04,Organic Search,Corporate Bundle,Italian
CUST004130,Tariq,Mensah,37.0,Male,United States,,New York,2022-11-05,Affiliate Partner,Individual,German
CUST006888,Hina,Rodrigues,36.0,Male,Bharat,,Delhi,2020-03-25,Paid Social,Student,French
CUST005943,Ibrahim,Oliveira,17.0,Male,India,,Pune,2021-09-14,Affiliate Partner,Individual,Arabic
CUST001271,Henry,Smith,33.0,Female,India,,Kolkata,2022-12-04,Direct,Family,French
CUST007863,Omar,Martinez,,Male,Brazil,,Salvador,2020-02-01,Paid Social,Individual,English
CUST006558,Barbara,Koch,32.0,Male,United States,,Chicago,2024-10-19,App Store,Individual,Korean
CUST002896,Huda,Petit,17.0,Female,India,,Delhi,2023-01-21,App Store,Individual,Portuguese
CUST006219,Emma,Rodrigues,52.0,Male,united states,,Houston,2021-05-18,Paid Social,Student,Japanese
CUST006654,Wei,Zhang,40.0,Male,Poland,,Krakow,2024-07-27,App Store,Family,Hindi
CUST000619,Aditya,Bernard,35.0,Male,Japan,,Tokyo,2024-06-01,Affiliate Partner,Individual,English
CUST006890,Elizabeth,Santos,42.0,Female,United Arab Emirates,,Abu Dhabi,2023-03-03,Partner Bundle (Telecom),Individual,Portuguese
CUST003426,Alexander,Mwangi,29.0,Male,India,,Chennai,2023-08-07,Paid Social,Individual,English
CUST004467,Yuto,Oliveira,22.0,Female,Indonesia,,Bandung,2022-08-28,Affiliate Partner,Individual,Hindi
CUST004604,Aarav,Mensah,,Female,United Kingdom,,Liverpool,2026-03-12,Affiliate Partner,Family,French
CUST004462,Alfie,Wu,21.0,Female,United States,,Miami,2021-02-23,Direct,Individual,Spanish
CUST004398,Themba,Liu,20.0,Male,IN,,Delhi,2021-10-04,Organic Search,Student,French
CUST004087,Camila,Qureshi,44.0,Female,United States,,Chicago,2022-05-14,Referral,Individual,English
CUST006645,William,Chen,36.0,Female,Italy,,,2020-02-23,Referral,Individual,English
CUST001414,Tariq,Costa,38.0,Male,Australia,,Perth,2019-06-03,Email Campaign,Individual,Hindi
CUST002202,Charlotte,Watanabe,45.0,Male,Philippines,,Manila,2021-08-10,Affiliate Partner,Individual,English
CUST002002,Arjun,Moreau,43.0,Male,Brazil,,Sao Paulo,2024-11-09,Affiliate Partner,Family,German
CUST006019,Sami,Oliveira,13.0,Female,,,Montreal,2021-09-02,Paid Social,Individual,English
CUST000870,Mia,Malik,23.0,Female,Japan,,Tokyo,2019-08-19,Organic Search,Family,English
CUST002359,Michael,Oliveira,45.0,Male,India,,Mumbai,2022-08-27,App Store,Family,Hindi
CUST002007,Myra,Rodriguez,65.0,Female,South Africa,,Johannesburg,2025-11-06,Affiliate Partner,Individual,English
CUST003091,Amelia,Martin,44.0,Male,Mexico,,Puebla,2019-02-14,Organic Search,Individual,Hindi
CUST002322,Yong,Abara,42.0,Male,France,,Nice,2020-07-04,Paid Social,Individual,Korean
CUST005594,Robert,Khan,23.0,Prefer not to say,France,,Nice,2020-04-21,Referral,Individual,English
CUST000357,John,Martinez,23.0,Female,United States,,Chicago,2019-11-30,Organic Search,Individual,English
CUST001163,Kofi,Fischer,13.0,Male,JP,,Tokyo,2023-02-13,Partner Bundle (Telecom),Individual,Portuguese
CUST006126,Harry,Kumar,,Female,France,,Marseille,2020-06-20,Partner Bundle (Telecom),Individual,Spanish
CUST003065,Fernando,Patel,43.0,Male,,,Miami,2022-06-03,Paid Social,Individual,English
CUST005398,Joseph,Takahashi,44.0,Male,United States,,Austin,2022-12-22,Referral,Individual,English
CUST003162,Isabella,Sheikh,24.0,Male,Philippines,,Davao City,2022-09-19,Referral,Individual,Hindi
CUST003771,Amara,Wang,31.0,Male,Nigeria,,Kano,2025-10-16,App Store,Family,German
CUST005073,Pari,Hussain,29.0,Female,Germany,,Munich,2026-01-16,Organic Search,Family,Japanese
CUST005087,Susan,Suzuki,25.0,Prefer not to say,Mexico,,Monterrey,2019-05-02,Organic Search,Family,Hindi
CUST002608,Chidi,Koch,39.0,Female,Germany,,Munich,2021-02-02,Referral,Individual,
CUST007935,Isabella,Petit,29.0,Male,Mexico,,Mexico City,2023-07-10,Email Campaign,Individual,Japanese
CUST001891,Luis,Silva,13.0,Prefer not to say,United Kingdom,,Manchester,2022-03-21,Affiliate Partner,Corporate Bundle,Hindi
CUST000580,Daniel,Abara,42.0,Female,India,,Kolkata,2026-04-14,Email Campaign,Individual,Hindi
CUST002320,Ricardo,Mwangi,13.0,Male,NIGERIA,,,2024-07-17,Affiliate Partner,Family,French
CUST006228,Aditya,Hoffmann,30.0,Male,U.K.,,Leeds,2025-09-11,Paid Social,Family,English
CUST006850,Evelyn,Jung,48.0,Male,Poland,,Warsaw,2024-01-20,Organic Search,Family,English
CUST003564,Elijah,Ali,36.0,Male,India,,Delhi,2020-04-13,Organic Search,Corporate Bundle,Hindi
CUST001692,Qiang,Petit,38.0,Female,Poland,,Warsaw,2023-03-30,Affiliate Partner,Individual,German
CUST000863,Matthew,Almeida,34.0,Male,CA,,Vancouver,2022-10-14,Referral,Individual,English
CUST005466,Diego,Williams,34.0,Male,India,,Bengaluru,2020-09-17,Organic Search,Individual,English
CUST004976,Aoi,Rodrigues,51.0,Male,United States,,Houston,2023-03-05,App Store,Individual,English
CUST002381,Ethan,Li,13.0,Male,Philippines,,Davao City,2023-11-09,Organic Search,Individual,Arabic
CUST002379,Themba,Park,36.0,Female,Mexico,,Mexico City,2024-07-29,Organic Search,Individual,Spanish
CUST006986,Paula,Dubois,26.0,Male,United Kingdom,,Leeds,2020-06-25,Partner Bundle (Telecom),Individual,Hindi
CUST003793,Arjun,Weber,16.0,Female,Canada,,Vancouver,2023-03-20,Referral,Family,English
CUST006310,Jacob,Miller,18.0,Female,united kingdom,,Liverpool,2022-02-18,Direct,Family,German
CUST005694,Ananya,Park,43.0,Female,Germany,,Munich,2024-12-26,Partner Bundle (Telecom),Individual,Arabic
CUST003307,Mary,Choi,33.0,Other,India,,Mumbai,2025-12-26,Paid Social,Individual,Spanish
CUST007020,Charlie,Nakamura,40.0,Male,India,,Mumbai,2021-10-11,Partner Bundle (Telecom),Individual,German
CUST003500,Elijah,Martinez,,Male,India,,Pune,2021-02-19,Organic Search,Individual,English
CUST004422,Harry,Banda,36.0,Female,India,,Pune,2026-02-03,Affiliate Partner,Individual,English
CUST001117,Alexander,Patel,36.0,Male,Australia,,Sydney,2022-12-01,Organic Search,Individual,Japanese
CUST001542,Charlie,Baig,28.0,Male,France,,Marseille,2021-02-01,Organic Search,Corporate Bundle,Spanish
CUST004575,Ali,Ali,,Female,United Kingdom,,Glasgow,2022-10-01,Referral,Student,Hindi
CUST006204,Fernando,Chowdhury,17.0,Female,INDONESIA,,Bandung,2021-10-07,Email Campaign,Individual,German
CUST007408,Navya,Wang,29.0,Female,Nigeria,,Abuja,2025-06-07,Organic Search,Family,Portuguese
CUST006268,Myra,Pereira,36.0,Male,United States,,Austin,2026-03-18,Email Campaign,Family,English
CUST004451,Gabriela,Chikoti,35.0,Female,IN,,Delhi,2024-07-30,Paid Social,Student,German
CUST005449,Henry,Miller,14.0,Male,United Kingdom,,Birmingham,2021-02-15,Paid Social,Individual,Spanish
CUST005260,Noor,Brown,42.0,Male,United States,,Phoenix,2024-06-27,Partner Bundle (Telecom),Individual,Japanese
CUST007883,Ibrahim,Jones,34.0,Male,Mexico,,Puebla,2025-10-10,Affiliate Partner,Individual,Arabic
CUST002501,Khalid,Chen,13.0,Female,Britain,,,2022-08-08,Partner Bundle (Telecom),Individual,English
CUST004315,Oliver,Adeyemi,36.0,Male,United States,,Phoenix,2025-01-28,Organic Search,Individual,Hindi
CUST007149,Tendai,Williams,22.0,Female,Brazil,,Fortaleza,2024-10-29,Affiliate Partner,Individual,Polish
CUST003810,Myra,Martinez,27.0,Female,S. Korea,,Busan,2019-11-24,Affiliate Partner,Family,Spanish
CUST004392,Aadhya,Dubois,19.0,Female,,,New York,2020-05-11,Partner Bundle (Telecom),Individual,English
CUST006073,Alexander,Smith,56.0,Male,Italy,,Naples,2025-04-30,Organic Search,Family,English
CUST005163,Oliver,Kim,33.0,Male,United States,,Phoenix,2019-04-02,Referral,Individual,Spanish
CUST007669,Susan,Abara,24.0,Female,United Arab Emirates,,Sharjah,2021-10-01,Partner Bundle (Telecom),Student,Indonesian
CUST004756,Sarah,Verma,20.0,Female,GERMANY,,Berlin,2024-04-26,Partner Bundle (Telecom),Individual,
CUST002053,Paula,Menon,53.0,Female,Brazil,,Fortaleza,2019-05-05,Partner Bundle (Telecom),Individual,English
CUST001777,Noah,Pereira,40.0,Male,Poland,,Wroclaw,2021-01-03,Organic Search,Individual,English
CUST004349,Freddie,Schneider,26.0,Male,Japan,,Tokyo,2025-01-19,App Store,Individual,French
CUST003314,Sami,Choi,34.0,Female,India,,Bengaluru,2022-03-21,Referral,Individual,Korean
CUST005793,Diya,Hussain,38.0,Female,Brazil,,Rio de Janeiro,2019-12-02,Paid Social,Individual,English
CUST004501,Huda,Mensah,,Male,Germany,,Frankfurt,2019-06-19,Affiliate Partner,Family,English
CUST001593,Omar,Weber,39.0,Male,INDIA,,Bengaluru,2025-10-18,Organic Search,Individual,Spanish
CUST001724,Jian,Alves,31.0,Male,Canada,,Montreal,2021-09-09,Affiliate Partner,Family,French
CUST006504,Sara,Diallo,30.0,Female,Japan,,Osaka,2021-10-13,Organic Search,Family,Japanese
CUST005897,Noor,Hussain,34.0,Female,Germany,,Frankfurt,2025-07-21,Paid Social,Individual,German
CUST005489,Ahmed,Cho,37.0,Female,France,,Lyon,2024-11-05,Organic Search,Individual,English
CUST000491,Logan,Martinez,35.0,Male,Philippines,,Cebu City,2025-04-24,Direct,Individual,French
CUST006770,Charlie,Sato,23.0,Female,Brazil,,Rio de Janeiro,2021-09-22,App Store,Family,English
CUST003484,Oliver,Tanaka,20.0,Female,United Kingdom,,Birmingham,2023-10-21,Paid Social,Individual,English
CUST003432,Ren,Ali,49.0,Female,Philippines,,Manila,2024-12-23,Organic Search,Corporate Bundle,English
CUST006343,Liam,Zhou,53.0,Female,,,New York,2024-06-18,App Store,Individual,English
CUST007431,Valentina,Jones,,Male,Germany,,Hamburg,2020-09-29,Partner Bundle (Telecom),Corporate Bundle,Korean
CUST000026,Carlos,Laurent,13.0,Male,united states,,,2025-11-30,Organic Search,Individual,
CUST007335,Yui,Diallo,35.0,Female,Philippines,,Manila,2020-01-27,Referral,Individual,Hindi
CUST002410,Elizabeth,Meyer,46.0,Male,Canada,,Montreal,2020-07-31,App Store,Family,English
CUST003271,Joseph,Sheikh,44.0,Male,Brazil,,Brasilia,2024-03-13,Direct,Individual,Hindi
CUST001553,Tariq,Malik,25.0,Female,India,,Delhi,2022-11-15,Paid Social,Individual,Korean
CUST006879,Karen,Ahmed,39.0,Male,United States,,New York,2025-07-02,Organic Search,Student,English
CUST006027,Amina,Jung,29.0,Male,,,Bandung,2023-10-08,Partner Bundle (Telecom),Individual,Spanish
CUST003872,Navya,Meyer,,Female,Japan,,Tokyo,2023-07-21,Affiliate Partner,Corporate Bundle,English
CUST003403,Feng,Suzuki,51.0,Female,United Kingdom,,Birmingham,2025-03-10,Paid Social,Individual,Portuguese
CUST000980,Lucas,Meyer,28.0,Female,Bharat,,Chennai,2026-05-05,App Store,Family,English
CUST002656,Anika,Malik,15.0,Female,France,,Marseille,2021-06-15,Organic Search,Individual,Portuguese
CUST001848,Henry,Zhang,23.0,Male,USA,,Austin,2021-10-28,Paid Social,Individual,
CUST007906,Jun,Alves,13.0,Female,France,,Toulouse,2023-11-27,Affiliate Partner,Individual,German
CUST005472,Alfie,Petit,33.0,Female,,,Los Angeles,2019-11-13,App Store,Individual,Tagalog
CUST004957,Alexander,Singh,26.0,Female,India,,Delhi,2023-12-01,Organic Search,Family,Portuguese
CUST007888,Ananya,Choi,37.0,Female,Germany,,Berlin,2020-12-08,Paid Social,Individual,Korean
CUST004777,Lucas,Bernard,,Female,India,,Delhi,2019-10-10,Referral,Individual,English
CUST001103,Zola,Zhao,25.0,Male,France,,Lyon,2022-12-26,Paid Social,Corporate Bundle,Spanish
CUST003277,Aisha,Takahashi,13.0,Male,Philippines,,Cebu City,2019-03-12,Email Campaign,Family,English
CUST004886,Hina,Suzuki,33.0,Male,United Kingdom,,Glasgow,2023-05-28,Paid Social,Individual,German
CUST006720,Layla,Mwangi,13.0,Female,Japan,,Tokyo,2021-08-27,Organic Search,Individual,French
CUST005611,Salma,Jang,44.0,Male,France,,Toulouse,2019-06-02,Paid Social,Individual,Japanese
CUST003997,Andrew,Rodriguez,24.0,Female,United States,,Chicago,2024-06-04,Referral,Individual,Japanese
CUST000195,Tao,Suzuki,39.0,Female,united states,,Los Angeles,2023-07-20,Referral,Student,Korean
CUST000644,Alexander,Brown,34.0,Male,,,Davao City,2023-05-17,Organic Search,Family,English
CUST003286,Valentina,Schneider,26.0,Male,India,,Kolkata,2020-12-15,Organic Search,Individual,Korean
CUST003117,John,Jang,22.0,Male,United States,,Miami,2021-05-26,Organic Search,Individual,Hindi
CUST003576,Nia,Malik,34.0,Female,Philippines,,,2019-04-28,Direct,Family,Spanish
CUST006603,Aadhya,Silva,34.0,Male,India,,Hyderabad,2023-06-30,App Store,Individual,German
CUST002208,Carlos,Leroy,33.0,Male,Spain,,Seville,2020-05-08,Affiliate Partner,Family,English
CUST003719,Hao,Laurent,,Male,Spain,,Seville,2022-03-23,Paid Social,Family,French
CUST000973,Arjun,Chowdhury,31.0,Female,Indonesia,,Surabaya,2021-06-19,Email Campaign,Individual,
CUST000720,Vivaan,Dubois,56.0,Female,India,,,2019-07-03,App Store,Individual,Hindi
CUST007206,Ethan,Singh,29.0,Male,India,,,2026-04-19,App Store,Individual,English
CUST003897,Diya,Khan,23.0,Male,United States,,Los Angeles,2025-12-04,Email Campaign,Individual,Korean
CUST002804,Matthew,Mwangi,21.0,Male,United States,,Houston,2024-07-11,Organic Search,Student,English
CUST002567,Charlotte,Choi,52.0,Male,Germany,,Munich,2024-03-08,Organic Search,Individual,French
CUST004026,Themba,Martinez,45.0,Female,Canada,,Vancouver,2024-05-28,Direct,Family,Portuguese
CUST000033,Logan,Okonkwo,32.0,Female,United States,,Seattle,2022-03-30,Email Campaign,Individual,Japanese
CUST006339,Harry,Pereira,26.0,Male,japan,,Yokohama,2019-06-07,Organic Search,Individual,English
CUST004064,Mason,Kumar,35.0,Male,Philippines,,Manila,2022-05-09,Affiliate Partner,Family,English
CUST006497,Jose,Baig,41.0,Female,Italy,,Turin,2026-04-18,Direct,Individual,Hindi
CUST001698,Isabella,Santos,33.0,Female,United States,,Austin,2021-12-02,Direct,Student,English
CUST002793,Sota,Oliveira,47.0,Female,Philippines,,Cebu City,2019-01-07,Affiliate Partner,Individual,Hindi
CUST002223,Alexander,Zhao,21.0,Male,Canada,,Ottawa,2024-12-18,Organic Search,Student,Tagalog
CUST003765,Khalid,Otieno,32.0,Male,India,,Ahmedabad,2022-11-25,Organic Search,Individual,Japanese
CUST003867,Elizabeth,Baig,27.0,Female,,,Kano,2026-03-02,Email Campaign,Student,English
CUST006194,Andrew,Wagner,,Female,India,,Mumbai,2020-01-08,App Store,Individual,English
CUST006484,Sarah,Zhao,25.0,Male,India,,Bengaluru,2024-11-09,Paid Social,Family,Japanese
CUST004428,Zola,Muller,35.0,Male,India,,Kolkata,2024-01-16,Partner Bundle (Telecom),Individual,Hindi
CUST004697,Charlotte,Hoffmann,44.0,Male,US,,Austin,2020-11-05,Paid Social,Individual,Hindi
CUST003759,Charlotte,Miller,31.0,Female,India,,Delhi,2020-02-20,Organic Search,Family,Hindi
CUST005669,Ava,Zhou,31.0,Female,India,,Mumbai,2020-12-25,Direct,Individual,Hindi
CUST003228,Salma,Koch,44.0,Female,United States,,Phoenix,2025-01-25,Paid Social,Family,French
CUST006563,Alejandro,Richard,25.0,Female,India,,Hyderabad,2022-08-22,Paid Social,Individual,Portuguese
CUST003905,Salma,Takahashi,31.0,Male,NIGERIA,,Kano,2019-04-13,Affiliate Partner,Individual,German
CUST002278,Hassan,Schneider,30.0,Female,Brazil,,Fortaleza,2019-02-13,Partner Bundle (Telecom),Individual,Japanese
CUST006067,Miguel,Muller,49.0,Female,united states,,Austin,2026-01-01,Referral,Corporate Bundle,Spanish
CUST001402,Yusuf,Abara,29.0,Male,Mexico,,Puebla,2022-03-18,Affiliate Partner,Individual,Tagalog
CUST000740,Ahmed,Choi,50.0,Female,United Kingdom,,London,2021-04-18,App Store,Individual,Japanese
CUST005736,Miguel,Patel,43.0,Female,India,,Delhi,2020-05-11,App Store,Individual,Portuguese
CUST007317,Ming,Liu,26.0,Female,India,,Bengaluru,2020-06-20,Paid Social,Individual,English
CUST006047,James,Pereira,15.0,Male,Mexico,,Monterrey,2025-10-20,Referral,Individual,
CUST005660,Sara,Rahman,15.0,Male,United States,,New York,2023-05-29,Direct,Corporate Bundle,German
CUST005100,Omar,Kumar,38.0,Female,Germany,,Frankfurt,2019-08-29,App Store,Corporate Bundle,Arabic
CUST004546,Luis,Ferreira,44.0,Female,United States,,Phoenix,2025-11-20,Organic Search,Family,English
CUST000675,John,Gupta,24.0,Male,Nigeria,,Ibadan,2019-10-13,Organic Search,Individual,Japanese
CUST004225,Linda,Diallo,32.0,Female,Mexico,,Monterrey,2024-09-17,Email Campaign,Individual,Indonesian
CUST003842,Naledi,Iyer,35.0,Male,Indonesia,,Jakarta,2019-03-02,Organic Search,Individual,English
CUST001816,Sora,Martin,37.0,Male,Germany,,Berlin,2021-04-06,Organic Search,Individual,Hindi
CUST005608,Sai,Wu,23.0,Male,United States,,Seattle,2021-06-28,Affiliate Partner,Individual,French
CUST007797,Zara,Durand,54.0,Male,,,Berlin,2021-02-26,Organic Search,Individual,Indonesian
CUST006884,Alexander,Chen,24.0,Male,United States,,Houston,2024-11-02,Organic Search,Individual,Tagalog
CUST004843,Nia,Rahman,,Male,United States,,Seattle,2022-05-07,Direct,Individual,Portuguese
CUST002101,Amina,Zhao,13.0,Male,United Kingdom,,Leeds,2024-07-15,Affiliate Partner,Family,English
CUST006782,Oliver,Koch,48.0,Female,India,,Kolkata,2022-07-27,Paid Social,Individual,Hindi
CUST002102,Hassan,Choi,39.0,Male,United States,,Houston,2022-08-29,Partner Bundle (Telecom),Family,English
CUST004619,Sofia,Otieno,15.0,Female,India,,Mumbai,2026-02-11,Organic Search,Individual,Indonesian
CUST001549,Barbara,Wu,29.0,Female,United States,,Seattle,2025-05-29,App Store,Individual,German
CUST004248,Kwame,Williams,21.0,Male,United States,,Seattle,2025-06-01,Partner Bundle (Telecom),Individual,Hindi
CUST003324,Logan,Costa,35.0,Female,Italy,,Rome,2026-02-08,Affiliate Partner,Individual,Hindi
CUST004811,Sami,Petit,30.0,Female,India,,Ahmedabad,2021-03-16,App Store,Individual,English
CUST000356,Yuto,Silva,26.0,Female,Japan,,Tokyo,2019-01-18,Organic Search,Individual,English
CUST001462,Riya,Jung,36.0,Male,Argentina,,Buenos Aires,2019-02-16,Referral,Family,English
CUST007135,Ricardo,Brown,53.0,Female,Japan,,Yokohama,2024-10-11,Referral,Family,English
CUST003221,Isabella,Meyer,,Female,Germany,,Hamburg,2020-01-16,Affiliate Partner,Student,Hindi
CUST005754,Riya,Patel,36.0,Male,INDIA,,Delhi,2023-04-28,Organic Search,Corporate Bundle,Spanish
CUST005891,William,Li,,Male,India,,Mumbai,2019-03-08,Paid Social,Individual,Spanish
CUST001752,Paula,Abara,49.0,Male,Indonesia,,Surabaya,2025-07-29,Referral,Family,French
CUST005287,Oliver,Dubois,31.0,Female,Philippines,,Davao City,2022-09-27,App Store,Family,English
CUST005021,Paula,Hussain,24.0,Female,United Kingdom,,Liverpool,2022-07-04,Organic Search,Corporate Bundle,Polish
CUST001773,Juan,Fischer,25.0,Male,United Kingdom,,Manchester,2021-04-01,Organic Search,Family,Spanish
CUST001197,Mia,Takahashi,21.0,Female,Brazil,,,2024-03-25,Organic Search,Individual,
CUST001879,Pari,Reddy,28.0,Male,South Africa,,Johannesburg,2024-05-25,Email Campaign,Corporate Bundle,German
CUST002669,Omar,Sheikh,31.0,Male,Canada,,Montreal,2023-10-02,Affiliate Partner,Individual,French
CUST002696,Hassan,Martin,13.0,Male,south africa,,Johannesburg,2022-04-16,App Store,Corporate Bundle,English
CUST002017,Navya,Zhou,33.0,Male,Brazil,,Brasilia,2023-06-14,Organic Search,Individual,German
CUST002006,Arjun,Brown,23.0,Female,south africa,,Pretoria,2022-11-12,Referral,Family,German
CUST003894,Ava,Ito,27.0,Female,Italy,,Turin,2025-01-24,App Store,Individual,English
CUST003238,Evelyn,Wang,31.0,Prefer not to say,United States,,Miami,2023-06-11,Paid Social,Individual,Arabic
CUST002079,Linda,Kang,36.0,Male,United States,,Houston,2021-07-01,Affiliate Partner,Corporate Bundle,Spanish
CUST000397,Charlotte,Schneider,31.0,Male,Poland,,Krakow,2020-12-15,Email Campaign,Individual,Spanish
CUST002789,Zola,Otieno,26.0,Male,India,,Mumbai,2022-04-21,Email Campaign,Family,Italian
CUST004959,Diego,Yang,21.0,Female,Indonesia,,Bandung,2024-06-01,Affiliate Partner,Family,English
CUST004073,Jack,Lee,41.0,Male,United States,,Phoenix,2023-06-13,App Store,Individual,English
CUST005654,Amara,Nair,23.0,Female,Mexico,,Puebla,2019-02-04,Organic Search,Individual,English
CUST004795,Lei,Costa,47.0,Female,United States,,Los Angeles,2022-02-22,App Store,Family,English
CUST001520,Tendai,Rodrigues,19.0,Male,United States,,Seattle,2019-03-23,Direct,Individual,Spanish
CUST005403,Alejandro,Johnson,31.0,Male,Japan,,Yokohama,2020-04-15,Referral,Individual,Indonesian
CUST001379,Yusuf,Davis,14.0,Female,,,Pune,2023-10-06,Affiliate Partner,Student,
CUST001024,Sami,Choi,,Female,Brazil,,Brasilia,2024-02-08,App Store,Corporate Bundle,Korean
CUST002588,Sai,Garcia,46.0,Female,India,,Ahmedabad,2022-09-30,Paid Social,Individual,Korean
CUST005049,Ahmed,Martin,27.0,Female,Poland,,Krakow,2021-02-18,Affiliate Partner,Individual,English
CUST002858,Sota,Qureshi,13.0,Other,United States,,New York,2019-12-07,Organic Search,Corporate Bundle,English
CUST005486,Tendai,Watanabe,26.0,Male,India,,Ahmedabad,2023-08-25,Affiliate Partner,Individual,English
CUST001630,Riku,Cho,2.0,Female,South Korea,,Seoul,2022-09-25,Paid Social,Student,English
CUST003524,Mohammed,Okonkwo,,Female,Brazil,,Fortaleza,2025-01-03,Organic Search,Individual,English
CUST005141,Mason,Almeida,,Male,India,,Pune,2019-04-07,Paid Social,Family,English
CUST003608,Henry,Otieno,47.0,Prefer not to say,United States,,New York,2022-11-21,Organic Search,Individual,Spanish
CUST007299,Matthew,Chen,34.0,Male,,,Kano,2021-12-23,Partner Bundle (Telecom),Corporate Bundle,English
CUST000235,Jun,Weber,44.0,Male,Italy,,Turin,2025-10-16,Affiliate Partner,Individual,Hindi
CUST005124,Diya,Mwangi,38.0,Female,United States,,Los Angeles,2022-02-15,Referral,Corporate Bundle,Japanese
CUST003797,Leo,Dubois,21.0,Female,United Kingdom,,Leeds,2020-03-05,Paid Social,Individual,Korean
CUST004119,Pari,Chen,32.0,Female,Japan,,Osaka,2021-03-16,App Store,Individual,French
CUST003801,Maya,Huang,28.0,Male,Canada,,Calgary,2025-08-23,Affiliate Partner,Individual,French
CUST005553,Amara,Meyer,,Other,France,,Lyon,2020-01-30,Paid Social,Family,German
CUST005934,Qiang,Saito,18.0,Other,Philippines,,Manila,2019-12-03,Partner Bundle (Telecom),Individual,English
CUST001949,Riku,Rahman,24.0,Male,India,,Kolkata,2021-06-10,Partner Bundle (Telecom),Student,English
CUST007153,Ricardo,Tanaka,32.0,Female,Australia,,Sydney,2020-02-16,Organic Search,Student,English
CUST004991,Jian,Nakamura,,Male,ZA,,Johannesburg,2022-06-01,Email Campaign,Individual,English
CUST003493,Anika,Jang,13.0,Male,poland,,Wroclaw,2026-02-20,Paid Social,Individual,
CUST002672,Diya,Huang,39.0,Female,India,,Bengaluru,2021-05-02,Email Campaign,Student,Portuguese
CUST006702,Andrew,Lim,33.0,Female,Japan,,Tokyo,2023-12-03,Paid Social,Individual,Korean
CUST002225,Elena,Ahmed,54.0,Male,Canada,,Toronto,2019-05-18,Email Campaign,Individual,English
CUST001107,Alfie,Baig,,Male,United States,,Miami,2022-09-22,Affiliate Partner,Individual,Portuguese
CUST006637,Layla,Alves,25.0,Female,India,,,2021-07-21,Email Campaign,Corporate Bundle,Spanish
CUST000819,Sami,Hussain,26.0,Male,Canada,,Calgary,2024-07-01,App Store,Individual,English
CUST006274,Ricardo,Leroy,20.0,Male,U.K.,,London,2019-09-09,Referral,Student,English
CUST007306,Ali,Rodrigues,26.0,Female,japan,,Osaka,2023-09-16,App Store,Family,English
CUST007144,Tariq,Schmidt,33.0,Prefer not to say,argentina,,Rosario,2026-02-14,App Store,Family,Arabic
CUST000889,Alejandro,Otieno,33.0,Male,Brazil,,Sao Paulo,2020-04-05,Paid Social,Individual,French
CUST002438,Elena,Yoon,30.0,Female,India,,,2021-06-30,Paid Social,Corporate Bundle,English
CUST000818,Noah,Singh,29.0,Male,United States,,Chicago,2020-06-21,App Store,Individual,English
CUST003415,Hao,Wu,16.0,Female,United States,,,2019-07-20,Organic Search,Individual,Indonesian
CUST002342,Fernando,Robert,16.0,Male,INDONESIA,,Surabaya,2022-10-09,Organic Search,Individual,Spanish
CUST006613,Themba,Sheikh,47.0,Male,India,,,2020-07-04,Direct,Individual,Arabic
CUST003168,Mohammed,Singh,39.0,Female,France,,Toulouse,2024-08-06,Organic Search,Individual,Japanese
CUST005953,Oliver,Moreau,20.0,Male,US,,Chicago,2019-11-08,Organic Search,Individual,Japanese
CUST007218,Aditya,Santos,45.0,Male,Mexico,,Guadalajara,2021-02-18,Organic Search,Family,English
CUST001265,Ricardo,Muller,30.0,Male,USA,,,2019-01-11,Direct,Individual,Hindi
CUST007427,Vivaan,Silva,23.0,Female,Germany,,Hamburg,2020-05-09,Organic Search,Individual,English
CUST005814,Myra,Durand,39.0,Male,Germany,,Frankfurt,2021-06-27,App Store,Family,English
CUST005675,Luis,Oliveira,36.0,Male,United States,,Chicago,2019-01-07,Paid Social,Family,English
CUST001229,Omar,Martinez,37.0,Male,United Kingdom,,Leeds,2023-11-06,Paid Social,Family,English
CUST004819,Nia,Ahmed,30.0,Female,United States,,Chicago,2025-08-23,Paid Social,Individual,French
CUST000053,Olivia,Chowdhury,45.0,Female,Canada,,Montreal,2019-01-21,Direct,Individual,English
CUST004849,Kofi,Schneider,13.0,Female,Canada,,Vancouver,2025-06-20,Organic Search,Individual,Portuguese
CUST005690,Oliver,Kim,47.0,Male,United States,,Los Angeles,2021-06-20,Referral,Individual,Spanish
CUST000160,Sakura,Robert,31.0,Male,USA,,Chicago,2025-06-15,Email Campaign,Individual,English
CUST004988,Alfie,Davis,37.0,Male,India,,Ahmedabad,2024-04-13,Direct,Individual,Indonesian
CUST001588,Feng,Patel,31.0,Male,United Kingdom,,Leeds,2019-01-19,Partner Bundle (Telecom),Student,Arabic
CUST001590,Emma,Kang,,Male,Germany,,Frankfurt,2021-03-04,Direct,Individual,Portuguese
CUST004603,Anika,Huang,35.0,Female,South Korea,,Incheon,2023-04-27,Paid Social,Family,Spanish
CUST004376,Ahmed,Huang,21.0,Male,India,,Mumbai,2025-12-25,Affiliate Partner,Individual,English
CUST005494,Mohammed,Li,38.0,Male,United States,,Miami,2022-08-28,Referral,Family,Arabic
CUST003859,Hina,Garcia,39.0,Male,,,,2025-12-22,Organic Search,Family,Japanese
CUST004440,Kiara,Choi,,Male,AU,,Sydney,2024-04-28,Organic Search,Individual,English
CUST002829,Evelyn,Huang,20.0,Male,AU,,Perth,2022-09-09,Email Campaign,Student,Portuguese
CUST000437,Tao,Moreau,21.0,Female,Poland,,Warsaw,2025-05-15,Referral,Student,German
CUST005381,Ricardo,Gupta,13.0,Female,United Kingdom,,Manchester,2023-10-18,Organic Search,Individual,English
CUST003879,Karen,Takahashi,36.0,Female,INDIA,,Pune,2025-07-29,Paid Social,Family,Portuguese
CUST001589,Mia,Okonkwo,28.0,Female,Australia,,Perth,2023-01-16,App Store,Family,
CUST002781,Harry,Khan,23.0,Female,Nigeria,,Abuja,2021-03-20,Organic Search,Family,French
CUST007948,Fatima,Hoffmann,57.0,Female,France,,Marseille,2022-01-10,Organic Search,Individual,English
CUST005941,Fatima,Ali,13.0,Female,Brazil,,,2021-08-20,Affiliate Partner,Individual,Korean
CUST005927,Patricia,Laurent,24.0,Female,,,Abuja,2025-10-23,Paid Social,Family,English
CUST000974,Miguel,Takahashi,33.0,Female,,,Berlin,2022-11-24,Email Campaign,Individual,Portuguese
CUST001239,Vivaan,Williams,43.0,Female,Mexico,,Mexico City,2019-12-08,Affiliate Partner,Student,Hindi
CUST002952,Nia,Okonkwo,19.0,Male,United States,,Seattle,2019-02-11,App Store,Corporate Bundle,English
CUST002343,Anika,Sheikh,49.0,Female,Japan,,Osaka,2024-01-17,App Store,Family,Hindi
CUST004841,Fernando,Becker,21.0,Male,Japan,,Osaka,2020-12-13,Paid Social,Family,English
CUST006876,Ming,Iyer,54.0,Female,United States,,Austin,2022-10-11,Paid Social,Individual,Spanish
CUST001498,Karen,Robert,23.0,Female,Australia,,Melbourne,2025-08-31,Affiliate Partner,Individual,Korean
CUST004258,Karen,Takahashi,47.0,Male,Indonesia,,Surabaya,2025-10-28,App Store,Student,German
CUST002423,George,Durand,30.0,Female,US,,Phoenix,2021-06-30,Affiliate Partner,Family,English
CUST007146,Oliver,Fischer,26.0,Female,United States,,Phoenix,2026-05-20,Direct,Individual,English
CUST006779,Ricardo,Garcia,32.0,Male,Canada,,Vancouver,2024-03-19,Email Campaign,Individual,English
CUST007438,Sami,Souza,59.0,Male,,,Berlin,2022-03-11,Direct,Corporate Bundle,Arabic
CUST002093,Emma,Hoffmann,32.0,Male,India,,Kolkata,2023-07-22,App Store,Individual,Spanish
CUST002016,Chidi,Adeyemi,36.0,Female,South Korea,,Seoul,2019-08-23,Organic Search,Family,Arabic
CUST006660,Jennifer,Smith,28.0,Female,United States,,Seattle,2022-12-19,Organic Search,Individual,French
CUST005875,Diego,Kumar,31.0,Female,india,,Chennai,2024-01-15,Paid Social,Individual,Tagalog
CUST000188,Reyansh,Okonkwo,28.0,Female,Australia,,Sydney,2022-08-02,Email Campaign,Individual,Spanish
CUST004555,Aditya,Jones,19.0,Female,Germany,,Munich,2025-01-06,Partner Bundle (Telecom),Family,English
CUST003656,Anika,Ahmed,30.0,Male,UK,,Manchester,2026-01-21,Paid Social,Individual,Italian
CUST003427,Navya,Souza,43.0,Male,Brazil,,Rio de Janeiro,2026-05-01,Direct,Family,Hindi
CUST005473,Harry,Schmidt,,Female,United States,,Seattle,2020-12-17,Paid Social,Family,German
CUST001382,David,Koch,50.0,Male,United States,,Austin,2021-12-25,Affiliate Partner,Family,Hindi
CUST004933,Omar,Ferreira,34.0,Female,US,,New York,2020-03-07,Organic Search,Individual,English
CUST000414,Daniel,Rodriguez,50.0,Male,india,,Ahmedabad,2020-09-21,Direct,Individual,English
CUST003337,Fernando,Hussain,46.0,Male,Mexico,,Puebla,2019-04-06,Referral,Individual,Hindi
CUST003607,Ethan,Okonkwo,29.0,Male,,,Krakow,2019-11-25,Paid Social,Individual,Tagalog
CUST007546,Huda,Moreau,41.0,Male,France,,Toulouse,2025-07-18,Organic Search,Individual,Portuguese
CUST006903,Haruto,Adeyemi,31.0,Male,United States,,Miami,2022-08-01,Paid Social,Family,Korean
CUST005150,Oliver,Martin,43.0,Female,,,Chicago,2024-01-25,Affiliate Partner,Individual,English
CUST000257,Sakura,Muller,38.0,Male,Japan,,Osaka,2021-01-27,App Store,Family,English
CUST004875,Khalid,Iyer,37.0,Male,Poland,,Warsaw,2025-06-08,Affiliate Partner,Student,English
CUST007891,Diego,Dubois,37.0,Female,India,,Pune,2019-09-09,Paid Social,Individual,Hindi
CUST002236,Sami,Mensah,,Male,BRAZIL,,Fortaleza,2022-05-16,Email Campaign,Individual,German
CUST001768,Oliver,Muller,36.0,Other,United Kingdom,,Manchester,2020-10-30,Organic Search,Individual,English
CUST004237,Huda,Martinez,24.0,Male,Spain,,,2022-04-23,Paid Social,Individual,English
CUST005762,Liam,Park,41.0,Female,Philippines,,Cebu City,2023-11-03,Paid Social,Individual,English
CUST001573,Jacob,Bernard,33.0,Male,United Kingdom,,Liverpool,2022-10-26,App Store,Individual,English
CUST000025,Alejandro,Nakamura,24.0,Male,Germany,,Cologne,2025-09-04,Email Campaign,Individual,German
CUST006367,Tendai,Jones,45.0,Other,United Kingdom,,London,2025-08-15,Organic Search,Corporate Bundle,English
CUST001089,Yuto,Ito,23.0,Male,United Kingdom,,London,2023-05-12,Direct,Individual,German
CUST002695,Michael,Reddy,16.0,Female,south korea,,Incheon,2019-12-14,Paid Social,Individual,English
CUST005481,Oscar,Souza,22.0,Male,FR,,Marseille,2020-06-20,Paid Social,Individual,Korean
CUST003399,Luis,Ito,37.0,Other,India,,Delhi,2024-10-17,Organic Search,Family,Hindi
CUST003560,Olivia,Costa,30.0,Female,south africa,,Johannesburg,2023-08-13,Paid Social,Student,German
CUST007260,Barbara,Jones,18.0,Female,South Africa,,Cape Town,2019-06-11,Email Campaign,Individual,Arabic
CUST002842,George,Sharma,,Female,Spain,,Madrid,2019-10-01,Referral,Student,English
CUST002312,Chidi,Brown,26.0,Female,United States,,Miami,2019-08-25,Email Campaign,Family,Spanish
CUST005604,Khalid,Sheikh,36.0,Female,India,,Bengaluru,2026-01-01,Organic Search,Individual,English
CUST007646,Aditya,Saito,32.0,Male,United Kingdom,,Leeds,2026-02-22,Paid Social,Individual,Hindi
CUST004153,Tendai,Durand,33.0,Male,India,,Ahmedabad,2022-08-05,Direct,Individual,Arabic
CUST001310,Yusuf,Lee,42.0,Female,India,,Ahmedabad,2023-07-16,Direct,Individual,English
CUST000696,Jose,Wagner,37.0,Female,United States,,Miami,2019-09-12,Email Campaign,Family,Spanish
CUST006466,Daniela,Suzuki,38.0,Male,India,,Hyderabad,2021-11-03,App Store,Family,Spanish
CUST003753,Tao,Gupta,35.0,Female,Japan,,Yokohama,2020-02-02,Referral,Family,Arabic
CUST001228,Valentina,Diallo,41.0,Male,Canada,,Ottawa,2020-01-22,App Store,Individual,English
CUST002000,Rania,Suzuki,36.0,Male,South Korea,,Incheon,2019-07-28,Paid Social,Student,Hindi
CUST000277,Mariana,Kang,25.0,Female,India,,Chennai,2023-07-09,Organic Search,Individual,English
CUST004652,Aadhya,Mwangi,23.0,Male,ZA,,Cape Town,2026-01-08,Referral,Family,Hindi
CUST004694,Aadhya,Muller,26.0,Female,,,Perth,2024-10-05,Organic Search,Corporate Bundle,English
CUST006383,Tariq,Lim,24.0,Male,United States,,Los Angeles,2026-05-27,Paid Social,Individual,Arabic
CUST007156,Andrew,Gupta,29.0,Male,Brazil,,,2019-08-17,App Store,Family,English
CUST005455,Anika,Hussain,38.0,Male,Nigeria,,Abuja,2026-02-20,Partner Bundle (Telecom),Individual,German
CUST007584,Jian,Martinez,41.0,Male,South Africa,,Durban,2022-06-23,Direct,Family,English
CUST002877,Patricia,Kumar,29.0,Female,United States,,Phoenix,2021-09-02,Affiliate Partner,Individual,Korean
CUST006598,Emma,Robert,32.0,Male,Australia,,Melbourne,2019-09-16,Paid Social,Individual,English
CUST001138,Aditya,Mensah,37.0,Female,Italy,,Naples,2022-11-12,Organic Search,Individual,
CUST002768,James,Ahmed,28.0,Male,,,Manila,2025-04-27,Organic Search,Corporate Bundle,Arabic
CUST005404,Fernando,Weber,44.0,Female,United States,,Miami,2021-03-23,Affiliate Partner,Student,Polish
CUST007577,Daniela,Moreau,32.0,Female,Argentina,,Rosario,2023-12-06,Organic Search,Individual,Indonesian
CUST000943,Sota,Laurent,34.0,Female,Germany,,Munich,2021-11-10,Referral,Family,English
CUST006489,Jessica,Leroy,32.0,Female,United Kingdom,,Liverpool,2019-12-02,Paid Social,Individual,Hindi
CUST003936,Hassan,Zhang,40.0,Male,Brazil,,Sao Paulo,2019-12-03,Affiliate Partner,Family,Arabic
CUST002385,James,Zhao,13.0,Female,India,,,2019-07-08,Paid Social,Individual,French
CUST000116,Salma,Petit,34.0,Female,France,,Paris,2019-04-13,Organic Search,Individual,Spanish
CUST006652,Sora,Abara,41.0,Male,Poland,,Krakow,2020-01-12,Organic Search,Individual,English
CUST001479,Camila,Martin,24.0,Other,South Korea,,Busan,2019-11-05,App Store,Family,French
CUST003120,Themba,Dubois,42.0,Female,U.S.A,,Seattle,2023-09-30,Partner Bundle (Telecom),Individual,English
CUST004259,Naledi,Tanaka,25.0,Female,United Kingdom,,Leeds,2023-09-07,Referral,Individual,English
CUST007468,Jun,Robert,28.0,Female,Mexico,,Guadalajara,2019-01-27,Organic Search,Family,Hindi
CUST007169,Daniela,Verma,32.0,Female,,,Bandung,2023-01-28,Organic Search,Individual,English
CUST002820,Tendai,Garcia,58.0,Female,United States,,Miami,2022-04-18,Paid Social,Family,English
CUST003823,Linda,Rahman,46.0,Male,United States,,Austin,2025-08-27,Organic Search,Individual,English
CUST006703,Aditya,Reddy,41.0,Male,Poland,,Wroclaw,2022-12-14,Affiliate Partner,Family,Japanese
CUST006456,Amelia,Ito,13.0,Male,India,,Ahmedabad,2021-02-10,Referral,Individual,English
CUST003803,Ethan,Becker,,Female,Japan,,Tokyo,2025-08-12,Paid Social,Individual,English
CUST003537,Daniela,Schmidt,38.0,Male,Japan,,Tokyo,2023-01-14,Affiliate Partner,Family,Japanese
CUST003826,Miguel,Wu,44.0,Male,Germany,,Cologne,2019-09-10,Affiliate Partner,Individual,Spanish
CUST006069,Vivaan,Schneider,35.0,Male,South Africa,,Johannesburg,2025-01-22,Paid Social,Family,Japanese
CUST001947,Sakura,Sato,36.0,Female,United States,,Austin,2019-02-20,Affiliate Partner,Individual,Portuguese
CUST004731,Logan,Santos,52.0,Male,United States,,,2021-01-24,Organic Search,Corporate Bundle,Japanese
CUST003489,Ishaan,Martin,54.0,Female,South Korea,,Busan,2023-07-01,App Store,Individual,Portuguese
CUST001611,Aoi,Johnson,27.0,Female,Poland,,Krakow,2020-02-24,Affiliate Partner,Individual,Hindi
CUST006256,Oliver,Yamamoto,13.0,Male,philippines,,Cebu City,2026-04-08,Partner Bundle (Telecom),Corporate Bundle,German
CUST002195,Amina,Rodriguez,36.0,Male,Nigeria,,Abuja,2020-09-04,Paid Social,Individual,Arabic
CUST005373,Yusuf,Schneider,,Female,India,,Chennai,2024-09-26,Paid Social,Individual,English
CUST000558,Hassan,Sheikh,45.0,Female,,,,2020-07-14,Organic Search,Corporate Bundle,French
CUST005319,Mohammed,Watanabe,,Female,MX,,Puebla,2020-11-09,Paid Social,Family,English
CUST001208,Hina,Menon,53.0,Female,India,,Delhi,2022-10-17,App Store,Corporate Bundle,French
CUST005963,Freddie,Jones,31.0,Female,United Kingdom,,Liverpool,2021-06-03,Organic Search,Individual,Hindi
CUST005231,Tariq,Garcia,31.0,Female,Indonesia,,Jakarta,2021-11-15,App Store,Family,English
CUST001511,Riku,Wagner,15.0,Female,United States,,Miami,2023-03-29,Paid Social,Individual,
CUST003830,Alejandro,Zhang,,Male,Australia,,Melbourne,2023-03-20,App Store,Individual,Hindi
CUST003733,Joseph,Reddy,26.0,Female,,,,2023-03-02,Referral,Individual,English
CUST005256,Vihaan,Abara,21.0,Other,United Kingdom,,Manchester,2025-01-11,Organic Search,Family,Spanish
CUST003212,Valentina,Dubois,18.0,Male,South Africa,,Pretoria,2022-12-12,Paid Social,Individual,Tagalog
CUST003631,Harper,Cho,30.0,Female,United States,,Seattle,2021-01-13,Paid Social,Student,English
CUST005503,Elizabeth,Ferreira,22.0,Male,India,,Pune,2019-03-15,App Store,Family,English
CUST005965,Daniela,Ahmed,19.0,Female,France,,Paris,2025-12-08,Referral,Family,Korean
CUST000267,Haruto,Garcia,32.0,Female,Indonesia,,Surabaya,2022-09-06,Organic Search,Individual,German
CUST001141,Noor,Yoon,33.0,Male,Italy,,Rome,2025-07-06,App Store,Family,Hindi
CUST003163,Mia,Hussain,37.0,Female,India,,Chennai,2019-05-28,Paid Social,Individual,Spanish
CUST006912,George,Schneider,34.0,Female,Italy,,Turin,2023-02-23,App Store,Individual,Korean
CUST007397,Fernando,Wagner,47.0,Female,South Korea,,Seoul,2024-11-23,Partner Bundle (Telecom),Individual,Portuguese
CUST001910,Wei,Zhang,20.0,Female,mexico,,Monterrey,2023-09-04,Partner Bundle (Telecom),Individual,English
CUST004839,Harry,Malik,29.0,Male,Indonesia,,Jakarta,2022-04-26,Affiliate Partner,Individual,French
CUST006867,Sai,Richard,52.0,Male,Australia,,Perth,2023-03-10,Direct,Family,English
CUST000657,Gabriela,Mensah,25.0,Female,Bharat,,Pune,2025-03-12,Paid Social,Student,Spanish
CUST005707,Daniel,Suzuki,,Male,India,,Mumbai,2025-09-02,App Store,Individual,English
CUST005175,Ali,Sato,,Male,Canada,,Toronto,2026-02-13,Paid Social,Individual,English
CUST000999,Oscar,Hoffmann,44.0,Male,ID,,Jakarta,2022-06-17,App Store,Corporate Bundle,English
CUST007636,Kiara,Becker,31.0,Female,United States,,Miami,2024-05-18,Affiliate Partner,Family,English
CUST002835,Zola,Park,48.0,Male,Nigeria,,Abuja,2025-06-20,Referral,Individual,Indonesian
CUST006842,Daniela,Meyer,37.0,Female,France,,Marseille,2023-02-13,Organic Search,Family,Korean
CUST001238,Vivaan,Hussain,21.0,Female,United Kingdom,,London,2024-08-08,App Store,Corporate Bundle,Polish
CUST006706,Riku,Leroy,34.0,Male,FRANCE,,Paris,2022-05-03,Paid Social,Student,Arabic
CUST006517,Vihaan,Okonkwo,32.0,Female,ZA,,Johannesburg,2019-10-16,Referral,Individual,Hindi
CUST006155,Amina,Leroy,27.0,Male,South Africa,,,2023-11-07,Paid Social,Student,French
CUST002187,Ethan,Zhou,38.0,Female,Australia,,Sydney,2024-08-02,Referral,Individual,German
CUST001135,Ren,Okonkwo,,Male,India,,Delhi,2021-06-16,Referral,Corporate Bundle,Hindi
CUST001304,Jian,Meyer,16.0,Female,India,,Delhi,2020-06-11,Referral,Individual,Japanese
CUST001628,Gabriela,Chowdhury,45.0,Male,United States,,Seattle,2019-05-17,Direct,Corporate Bundle,Japanese
CUST005196,Sota,Lim,38.0,Female,India,,Kolkata,2023-09-19,App Store,Family,Korean
CUST001523,Paula,Ali,47.0,Female,India,,Ahmedabad,2019-11-14,Email Campaign,Student,English
CUST000359,Wei,Oliveira,26.0,Female,Italy,,Turin,2019-01-20,App Store,Individual,Spanish
CUST000139,Haruto,Lim,18.0,Female,Mexico,,Puebla,2022-04-26,Organic Search,Individual,Japanese
CUST000300,Daniela,Bernard,33.0,Male,United States,,Seattle,2020-03-04,Organic Search,Student,Arabic
CUST001557,Pari,Huang,27.0,Male,France,,Paris,2026-05-18,Organic Search,Corporate Bundle,Korean
CUST000383,Emma,Cho,27.0,Male,United Arab Emirates,,Abu Dhabi,2019-01-16,Organic Search,Student,Arabic
CUST007801,Lucia,Santos,48.0,Female,United States,,Chicago,2025-07-23,Organic Search,Family,English
CUST007079,Sai,Yamamoto,26.0,Female,India,,Bengaluru,2024-07-17,App Store,Individual,Hindi
CUST007493,Olivia,Khan,51.0,Female,India,,Pune,2022-11-06,App Store,Student,German
CUST007932,Freddie,Fischer,32.0,Male,India,,Bengaluru,2023-12-15,Organic Search,Individual,Spanish
CUST004728,Hina,Abara,37.0,Female,United States,,Chicago,2024-06-07,Email Campaign,Family,English
CUST006513,Ethan,Adeyemi,42.0,Male,India,,Chennai,2025-09-11,Referral,Individual,French
CUST005557,Susan,Chowdhury,33.0,Male,United States,,Austin,2024-01-13,Email Campaign,Family,Japanese
CUST007073,Maya,Abara,25.0,Female,Brazil,,Salvador,2023-07-08,Paid Social,Individual,English
CUST002722,Reyansh,Rahman,41.0,Female,Canada,,Calgary,2022-06-06,Organic Search,Individual,English
CUST001933,Qiang,Alves,32.0,Female,United States,,Los Angeles,2021-03-30,Direct,Individual,English
CUST004907,Kofi,Hussain,16.0,Female,United Kingdom,,Leeds,2023-02-15,Paid Social,Family,English
CUST007238,Ibrahim,Verma,38.0,Female,Canada,,Toronto,2020-05-08,Organic Search,Student,Arabic
CUST007283,Zola,Liu,34.0,Male,United Kingdom,,Leeds,2021-12-14,App Store,Individual,English
CUST004164,Ming,Ferreira,27.0,Male,SOUTH AFRICA,,Cape Town,2019-07-13,Referral,Student,Spanish
CUST006413,Barbara,Garcia,25.0,Male,Philippines,,Manila,2025-09-11,Paid Social,Individual,Korean
CUST003808,Maya,Sharma,,Female,United States,,Los Angeles,2025-09-23,Referral,Individual,
CUST006878,Amina,Richard,39.0,Female,Argentina,,,2024-11-19,Referral,Individual,Arabic
CUST004631,Ahmed,Suzuki,37.0,Female,United States,,,2024-05-12,Email Campaign,Student,English
CUST004155,William,Verma,40.0,Female,Indonesia,,Jakarta,2025-10-29,Partner Bundle (Telecom),Individual,English
CUST004173,Ava,Mensah,38.0,Male,Italy,,Turin,2020-10-01,Organic Search,Individual,Hindi
CUST000797,Vihaan,Qureshi,43.0,Male,South Africa,,Johannesburg,2024-08-18,Email Campaign,Individual,French
CUST002417,Sarah,Singh,31.0,Female,South Africa,,Cape Town,2023-04-17,Organic Search,Individual,Spanish
CUST000786,Mariana,Lim,18.0,Male,Japan,,Osaka,2026-05-14,Email Campaign,Individual,Arabic
CUST003159,Yong,Santos,34.0,Male,Italy,,Milan,2025-04-03,Referral,Individual,Spanish
CUST000124,Fatima,Yamamoto,47.0,Female,South Korea,,Seoul,2024-03-25,Referral,Family,Portuguese
CUST002173,Miguel,Meyer,35.0,Male,U.A.E,,Sharjah,2026-04-11,Email Campaign,Student,English
CUST005821,Noah,Mensah,46.0,Female,United Kingdom,,Leeds,2020-01-17,Organic Search,Individual,Indonesian
CUST005772,Sai,Gupta,41.0,Prefer not to say,philippines,,Cebu City,2021-05-23,Organic Search,Individual,Portuguese
CUST004341,Karen,Diallo,24.0,Male,MEXICO,,Puebla,2023-02-03,App Store,Individual,Spanish
CUST000911,Fernando,Ali,47.0,Other,United Kingdom,,Manchester,2021-11-12,Referral,Student,Japanese
CUST002310,James,Kobayashi,26.0,Female,Germany,,Frankfurt,2023-06-20,Direct,Corporate Bundle,Indonesian
CUST007537,Ren,Gupta,15.0,Male,australia,,Perth,2021-01-24,App Store,Individual,Spanish
CUST003635,Huda,Chowdhury,31.0,Female,United States,,,2020-12-31,Direct,Family,German
CUST001258,Ali,Hoffmann,43.0,Female,India,,Mumbai,2020-06-27,Organic Search,Family,English
CUST004459,Hao,Fischer,32.0,Female,Spain,,Barcelona,2021-05-25,App Store,Individual,Hindi
CUST001179,Lucas,Almeida,43.0,Male,,,Rosario,2025-10-19,Organic Search,Family,Portuguese
CUST003651,Noor,Malik,,Male,United Kingdom,,Birmingham,2025-02-08,Organic Search,Family,Arabic
CUST000443,Lei,Menon,40.0,Female,Australia,,Sydney,2022-08-31,Affiliate Partner,Individual,Japanese
CUST006180,Sora,Martin,26.0,Male,Italy,,Rome,2022-05-06,Organic Search,Individual,Hindi
CUST001400,Krishna,Saito,29.0,Male,United States,,Houston,2021-12-10,Referral,Family,English
CUST001458,Saanvi,Zhou,67.0,Prefer not to say,United States,,Phoenix,2023-06-28,Organic Search,Family,Hindi
CUST004971,Ayaan,Menon,49.0,Female,United Kingdom,,Leeds,2019-09-21,Paid Social,Individual,German
CUST001055,Barbara,Martin,30.0,Male,South Korea,,Incheon,2022-05-27,Partner Bundle (Telecom),Individual,Arabic
CUST003276,Amina,Schneider,38.0,Female,South Africa,,Johannesburg,2019-11-08,Paid Social,Corporate Bundle,Spanish
CUST007618,Mariana,Becker,36.0,Male,United Kingdom,,Birmingham,2020-02-02,App Store,Student,Hindi
CUST003700,Robert,Otieno,39.0,Female,France,,Toulouse,2020-12-01,Affiliate Partner,Family,English
CUST003760,Themba,Nair,23.0,Female,United States,,New York,2024-01-20,App Store,Individual,
CUST000930,Zola,Oliveira,29.0,Female,United Kingdom,,Birmingham,2024-02-23,App Store,Student,German
CUST005708,Karen,Banda,34.0,Female,India,,Kolkata,2024-06-28,Organic Search,Individual,Italian
CUST001830,Jack,Leroy,42.0,Female,Argentina,,Rosario,2021-06-02,Partner Bundle (Telecom),Individual,Japanese
CUST006823,Elijah,Malik,27.0,Prefer not to say,India,,Chennai,2020-11-24,App Store,Individual,Hindi
CUST004222,Anika,Gupta,38.0,Female,Mexico,,Monterrey,2024-12-12,Direct,Individual,German
CUST007382,Ahmed,Mensah,30.0,Male,United States,,New York,2021-07-31,Email Campaign,Individual,English
CUST006483,Elizabeth,Nair,29.0,Male,United States,,Phoenix,2021-07-06,Organic Search,Individual,Spanish
CUST005352,Aditya,Kobayashi,27.0,Male,uae,,Dubai,2023-10-09,Organic Search,Individual,English
CUST002012,Isabella,Kumar,39.0,Male,Germany,,Frankfurt,2023-12-16,Organic Search,Individual,Spanish
CUST006111,Daniela,Oliveira,40.0,Male,IN,,Delhi,2021-08-01,App Store,Individual,Japanese
CUST005483,Amina,Laurent,54.0,Male,France,,Nice,2022-01-22,Organic Search,Corporate Bundle,English
CUST007718,Aadhya,Suzuki,13.0,Female,Japan,,Nagoya,2024-09-14,Email Campaign,Individual,Korean
CUST002607,Andrew,Leroy,18.0,Male,United States,,Seattle,2026-01-09,Paid Social,Individual,Tagalog
CUST003265,Ren,Gupta,35.0,Female,United States,,Chicago,2026-03-04,Email Campaign,Individual,English
CUST006093,Amina,Schmidt,49.0,Female,Canada,,Calgary,2023-05-09,App Store,Individual,English
CUST005355,Jessica,Moreau,17.0,Female,,,,2023-07-02,Paid Social,Individual,Hindi
CUST000007,Sami,Sato,26.0,Male,Canada,,Ottawa,2025-10-30,Direct,Individual,Hindi
CUST002981,Jessica,Leroy,29.0,Male,India,,Hyderabad,2019-06-01,Organic Search,Individual,Hindi
CUST003362,Oliver,Davis,24.0,Other,Germany,,Hamburg,2019-02-21,Email Campaign,Individual,English
CUST001944,Wei,Malik,40.0,Male,Germany,,Munich,2021-03-12,Referral,Student,French
CUST004923,Zara,Wang,43.0,Female,Indonesia,,Bandung,2023-03-14,Paid Social,Family,Arabic
CUST007410,Zola,Wu,41.0,Male,South Korea,,Incheon,2019-10-29,Organic Search,Individual,Indonesian
CUST007319,Saanvi,Williams,28.0,Male,United Kingdom,,,2021-09-09,Partner Bundle (Telecom),Family,Hindi
CUST006189,Sophia,Petit,13.0,Female,india,,Bengaluru,2021-11-01,Affiliate Partner,Student,Spanish
CUST005167,Haruto,Watanabe,40.0,Female,United States,,Seattle,2024-04-17,Direct,Individual,Hindi
CUST007406,Maya,Oliveira,32.0,Male,philippines,,Davao City,2024-10-30,Affiliate Partner,Individual,Korean
CUST003135,John,Mensah,37.0,Female,Brazil,,Brasilia,2023-10-22,Email Campaign,Corporate Bundle,Hindi
CUST007142,Diya,Souza,33.0,Male,France,,Toulouse,2019-01-17,Partner Bundle (Telecom),Individual,Hindi
CUST002243,Kiara,Park,33.0,Female,Canada,,Montreal,2022-06-16,Organic Search,Individual,Hindi
CUST001475,Rania,Williams,32.0,Male,United Kingdom,,Liverpool,2023-11-10,Paid Social,Individual,Portuguese
CUST005983,Rania,Nakamura,23.0,Other,India,,Kolkata,2019-11-03,Organic Search,Individual,Tagalog
CUST001890,Carlos,Moreau,44.0,Male,United States,,Phoenix,2026-03-26,Partner Bundle (Telecom),Family,Portuguese
CUST003436,Oscar,Martinez,37.0,Male,India,,Bengaluru,2025-07-30,Direct,Individual,Tagalog
CUST005019,Charlie,Ali,19.0,Female,Japan,,Osaka,2022-08-11,Organic Search,Individual,Hindi
CUST003706,Michael,Nakamura,26.0,Male,,,Osaka,2019-09-07,Referral,Family,German
CUST002022,Mariana,Koch,65.0,Female,United Kingdom,,Leeds,2025-11-09,Email Campaign,Corporate Bundle,English
CUST004021,Matthew,Dubois,27.0,Female,Canada,,Montreal,2022-09-02,Paid Social,Individual,Hindi
CUST006338,Jian,Chikoti,13.0,Other,,,Pune,2025-09-30,Paid Social,Individual,Japanese
CUST007121,Sophia,Adeyemi,24.0,Female,Australia,,Brisbane,2026-04-20,Affiliate Partner,Individual,Tagalog
CUST006203,Ayaan,Diallo,13.0,Female,Argentina,,Cordoba,2021-12-07,Email Campaign,Individual,Spanish
CUST002659,Aadhya,Ali,47.0,Male,United States,,Seattle,2025-03-29,Paid Social,Individual,Indonesian
CUST001131,Karen,Becker,38.0,Male,india,,Chennai,2023-08-02,Organic Search,Individual,English
CUST005101,Jose,Yoon,30.0,Male,united states,,Austin,2024-10-14,Organic Search,Individual,Japanese
CUST007291,Hao,Banda,34.0,Male,United States,,Los Angeles,2021-06-28,Organic Search,Individual,English
CUST007288,Barbara,Robert,25.0,Female,India,,Chennai,2021-11-04,Organic Search,Student,English
CUST004319,Carlos,Yoon,39.0,Female,India,,Bengaluru,2022-03-25,Email Campaign,Corporate Bundle,Portuguese
CUST007459,Amara,Ito,34.0,Female,united states,,Phoenix,2020-10-07,Organic Search,Family,German
CUST004145,Luis,Costa,40.0,Male,US,,Los Angeles,2021-04-18,Partner Bundle (Telecom),Family,French
CUST001237,Kwame,Nair,21.0,Female,Canada,,Vancouver,2020-01-11,App Store,Student,Italian
CUST007792,Kofi,Qureshi,,Female,Japan,,Yokohama,2025-12-01,Partner Bundle (Telecom),Individual,English
CUST007232,Yui,Okonkwo,35.0,Male,ZA,,Cape Town,2024-12-28,Paid Social,Individual,English
CUST002283,Sai,Fischer,19.0,Male,IN,,Delhi,2021-08-24,Paid Social,Individual,Arabic
CUST007140,Ricardo,Choi,13.0,Male,United Kingdom,,London,2021-06-22,Affiliate Partner,Individual,Arabic
CUST007044,Charlie,Kim,47.0,Male,Brazil,,Sao Paulo,2024-12-02,Organic Search,Family,English
CUST004094,Yusuf,Nakamura,13.0,Male,Mexico,,Puebla,2019-02-02,Organic Search,Family,Spanish
CUST004685,Mariana,Jang,44.0,Female,United States,,Los Angeles,2019-06-01,Direct,Individual,Hindi
CUST006846,Sai,Chen,21.0,Male,India,,,2021-03-04,Organic Search,Individual,Indonesian
CUST000387,Mariana,Wagner,39.0,Male,Spain,,Seville,2020-11-05,Referral,Family,German
CUST001629,Amina,Patel,40.0,Male,Italy,,Rome,2022-05-15,Partner Bundle (Telecom),Corporate Bundle,English
CUST003586,Andrew,Kim,30.0,Male,United States,,Chicago,2025-03-24,Paid Social,Individual,Portuguese
CUST002715,Aoi,Rahman,41.0,Male,Philippines,,Cebu City,2023-05-17,Organic Search,Corporate Bundle,Spanish
CUST004752,Gabriela,Kobayashi,27.0,Male,India,,Bengaluru,2019-04-11,App Store,Family,Arabic
CUST005739,Linda,Pereira,24.0,Male,United Kingdom,,Liverpool,2025-07-24,App Store,Family,English
CUST007046,Pedro,Menon,38.0,Male,S. Korea,,Busan,2024-09-08,Direct,Family,German
CUST003190,Ricardo,Becker,31.0,Male,United Kingdom,,,2021-03-10,Email Campaign,Individual,Indonesian
CUST004306,Sota,Weber,15.0,Female,Italy,,Naples,2019-04-13,Affiliate Partner,Corporate Bundle,German
CUST000910,Aarav,Koch,30.0,Female,India,,Hyderabad,2021-08-19,Referral,Student,English
CUST006089,Charlotte,Mwangi,23.0,Male,United Kingdom,,London,2019-12-29,Email Campaign,Individual,English
CUST001867,Wei,Khan,27.0,Female,Canada,,Ottawa,2025-06-02,Email Campaign,Student,Hindi
CUST001843,Charlotte,Okonkwo,38.0,Female,U.S.A,,,2025-05-08,Affiliate Partner,Individual,Arabic
CUST002498,Sarah,Silva,19.0,Male,India,,Delhi,2023-04-11,Paid Social,Family,German
CUST006591,Linda,Khan,27.0,Male,United Kingdom,,London,2019-07-06,Paid Social,Individual,Japanese
CUST005224,Ava,Williams,,Female,Japan,,Osaka,2019-12-19,Affiliate Partner,Individual,Portuguese
CUST005103,Harper,Huang,30.0,Female,INDIA,,Mumbai,2019-07-16,Direct,Student,Hindi
CUST004007,Mariana,Rodrigues,40.0,Female,Mexico,,Guadalajara,2020-09-22,Organic Search,Individual,Hindi
CUST002703,Juan,Leroy,35.0,Male,United Kingdom,,Leeds,2024-10-30,Referral,Family,French
CUST007203,Sora,Cho,25.0,Female,CANADA,,Vancouver,2025-02-20,Partner Bundle (Telecom),Family,German
CUST000332,Isabella,Chikoti,22.0,Female,,,Austin,2026-04-11,Affiliate Partner,Individual,Tagalog
CUST004732,Aoi,Jang,38.0,Female,Japan,,Osaka,2021-05-08,Paid Social,Individual,Spanish
CUST004757,Gabriela,Yang,28.0,Female,Indonesia,,Surabaya,2024-04-27,Referral,Individual,Spanish
CUST002460,Gabriela,Verma,20.0,Male,,,Warsaw,2025-07-18,Partner Bundle (Telecom),Corporate Bundle,Hindi
CUST001775,Sara,Bernard,21.0,Male,India,,Kolkata,2021-02-28,App Store,Individual,French
CUST005020,Alexander,Kobayashi,16.0,Other,India,,Mumbai,2019-12-19,Organic Search,Family,Indonesian
CUST005271,Emma,Ahmed,53.0,Female,United Kingdom,,Leeds,2021-07-26,Email Campaign,Corporate Bundle,German
CUST002687,Ali,Park,19.0,Male,Brazil,,Fortaleza,2019-09-04,App Store,Family,Portuguese
CUST006955,Wei,Yang,21.0,Male,United States,,Austin,2023-08-26,Partner Bundle (Telecom),Individual,English
CUST006537,Maya,Yoon,15.0,Male,United States,,Los Angeles,2026-03-12,Affiliate Partner,Individual,English
CUST005621,Aditya,Hoffmann,31.0,Male,United States,,Chicago,2022-01-23,Referral,Individual,Korean
CUST005925,Sofia,Santos,26.0,Male,FRANCE,,Paris,2020-07-05,Paid Social,Individual,
CUST006205,Kwame,Zhao,30.0,Female,,,,2020-04-29,Organic Search,Family,Indonesian
CUST006158,Zara,Tanaka,49.0,Male,United Kingdom,,Manchester,2023-11-23,Organic Search,Individual,Arabic
CUST005748,Logan,Yang,40.0,Male,United States,,Austin,2022-01-30,Email Campaign,Student,Hindi
CUST006064,Pari,Adeyemi,49.0,Female,Japan,,Nagoya,2022-11-29,Partner Bundle (Telecom),Family,Tagalog
CUST000174,Sora,Lim,28.0,Female,United States,,Seattle,2026-05-25,Organic Search,Individual,French
CUST003322,Harry,Dubois,35.0,Male,Philippines,,Manila,2021-09-09,Referral,Individual,Japanese
CUST004686,Sophia,Weber,13.0,Male,Canada,,Toronto,2023-07-12,Referral,Corporate Bundle,Indonesian
CUST003373,Sophia,Alves,20.0,Female,Italy,,Rome,2020-07-11,App Store,Individual,Korean
CUST003312,Carlos,Ito,37.0,Female,United States,,Houston,2020-05-25,Email Campaign,Individual,Hindi
CUST004833,Daniel,Sato,35.0,Male,India,,Ahmedabad,2019-07-26,Organic Search,Family,English
CUST005012,Jose,Ali,41.0,Male,Brazil,,Brasilia,2020-09-23,Referral,Corporate Bundle,Hindi
CUST006315,Jun,Pereira,17.0,Prefer not to say,India,,Hyderabad,2024-11-16,Email Campaign,Individual,Korean
CUST005376,Feng,Schneider,22.0,Male,US,,Seattle,2024-07-09,Partner Bundle (Telecom),Family,Portuguese
CUST003404,Ava,Liu,22.0,Male,Nigeria,,,2020-01-26,Direct,Individual,Japanese
CUST000019,Ethan,Santos,34.0,Male,,,Pretoria,2020-06-25,Paid Social,Student,English
CUST003692,Krishna,Park,35.0,Female,United Kingdom,,London,2022-09-19,Organic Search,Individual,English
CUST006083,James,Ali,30.0,Male,Germany,,Frankfurt,2021-06-07,App Store,Family,Portuguese
CUST004097,Ali,Yoon,29.0,Male,United States,,Miami,2023-10-27,Organic Search,Corporate Bundle,
CUST003629,Ren,Rodriguez,24.0,Female,IT,,Rome,2025-01-03,Referral,Individual,English
CUST006376,Sota,Baig,23.0,Female,Japan,,Yokohama,2020-06-06,Organic Search,Corporate Bundle,Spanish
CUST002175,Ethan,Nakamura,21.0,Male,United States,,Seattle,2026-02-03,App Store,Family,English
CUST001357,Krishna,Leroy,48.0,Female,India,,Kolkata,2020-12-22,Organic Search,Individual,English
CUST007925,Luis,Hoffmann,39.0,Female,united states,,,2023-07-10,Referral,Individual,Spanish
CUST007301,Ren,Ahmed,23.0,Female,Philippines,,Manila,2019-03-11,Paid Social,Individual,German
CUST003113,Vivaan,Khan,31.0,Male,United States,,Seattle,2022-05-31,Paid Social,Individual,English
CUST000183,Andrew,Smith,27.0,Female,India,,Mumbai,2020-04-12,App Store,Individual,English
CUST006292,Mason,Schneider,28.0,Other,United States,,Miami,2023-02-22,Organic Search,Individual,English
CUST006369,Luis,Miller,27.0,Male,Philippines,,Manila,2020-09-09,Email Campaign,Corporate Bundle,English
CUST001813,Fatima,Bernard,35.0,Male,South Africa,,Pretoria,2022-06-04,Organic Search,Individual,English
CUST005203,Lucia,Ali,33.0,Female,,,Seattle,2023-06-16,Organic Search,Individual,Hindi
CUST001801,Barbara,Miller,44.0,Female,PH,,Manila,2019-01-26,Affiliate Partner,Student,English
CUST002430,Elena,Weber,43.0,Female,Indonesia,,Surabaya,2024-02-28,Affiliate Partner,Individual,German
CUST006220,Lei,Oliveira,42.0,Male,India,,Bengaluru,2025-02-02,Affiliate Partner,Family,Hindi
CUST004963,Ayaan,Wang,44.0,Female,,,Toulouse,2025-04-24,Direct,Corporate Bundle,Spanish
CUST006949,Joseph,Zhao,46.0,Female,United States,,New York,2025-04-28,Referral,Individual,Spanish
CUST005613,Huda,Li,38.0,Male,Japan,,Osaka,2021-02-01,App Store,Individual,Japanese
CUST005362,Evelyn,Banda,46.0,Female,Argentina,,Rosario,2024-01-13,Organic Search,Individual,English
CUST007673,Ethan,Weber,35.0,Male,South Africa,,Pretoria,2020-11-12,Paid Social,Student,Spanish
CUST001160,Omar,Patel,45.0,Male,,,Durban,2022-07-20,Organic Search,Individual,English
CUST001214,Chidi,Rahman,42.0,Male,MEXICO,,Puebla,2023-09-09,Paid Social,Student,English
CUST001326,Zola,Martin,37.0,Male,Nigeria,,Kano,2021-01-31,Organic Search,Individual,Hindi
CUST004964,Aisha,Mwangi,24.0,Male,France,,Toulouse,2021-01-04,Partner Bundle (Telecom),Student,English
CUST001456,Arjun,Zhao,48.0,Female,Mexico,,Monterrey,2023-07-14,Referral,Family,French
CUST005386,Ren,Okonkwo,51.0,Male,United States,,Seattle,2021-01-17,Email Campaign,Corporate Bundle,Indonesian
CUST006164,Ananya,Ali,13.0,Male,Japan,,Yokohama,2025-06-08,Affiliate Partner,Individual,English
CUST001645,Rania,Rodriguez,30.0,Male,United States,,Miami,2021-03-23,Partner Bundle (Telecom),Individual,French
CUST002141,Qiang,Sharma,52.0,Male,France,,Marseille,2023-01-06,Direct,Individual,English
CUST004537,Elijah,Yoon,57.0,Male,United States,,Miami,2020-11-03,App Store,Individual,English
CUST004458,Susan,Rodrigues,,Male,Italy,,Milan,2025-03-01,Affiliate Partner,Individual,English
CUST006503,Hina,Li,40.0,Male,,,Ahmedabad,2020-01-27,Organic Search,Student,Arabic
CUST004379,Hassan,Zhou,25.0,Female,Mexico,,Mexico City,2024-01-18,Referral,Individual,Hindi
CUST000730,Jessica,Williams,57.0,Female,canada,,Calgary,2019-05-16,Referral,Family,English
CUST004358,Diya,Kobayashi,43.0,Female,MX,,Monterrey,2020-11-01,Email Campaign,Family,Spanish
CUST001937,Khalid,Ali,31.0,Male,Mexico,,Puebla,2022-12-30,Referral,Family,Korean
CUST003794,Charlie,Chowdhury,30.0,Female,France,,Nice,2024-09-16,Organic Search,Individual,English
CUST007511,Pedro,Meyer,29.0,Female,Brazil,,Salvador,2026-05-15,Referral,Individual,English
CUST006941,Pari,Richard,52.0,Male,United Arab Emirates,,Abu Dhabi,2019-06-04,Affiliate Partner,Family,Spanish
CUST005749,Liam,Singh,14.0,Female,India,,Kolkata,2024-12-01,App Store,Individual,English
CUST001111,Sora,Chen,29.0,Male,Mexico,,Guadalajara,2024-05-04,Referral,Corporate Bundle,English
CUST006540,Liam,Zhao,24.0,Male,U.K.,,London,2019-05-28,Referral,Family,Korean
CUST002999,Mariana,Martinez,30.0,Male,Mexico,,Monterrey,2021-05-05,Email Campaign,Family,Indonesian
CUST002395,Vihaan,Singh,38.0,Female,Philippines,,Manila,2021-04-20,App Store,Student,Tagalog
CUST001186,Alejandro,Wu,46.0,Male,Japan,,Osaka,2024-06-24,Affiliate Partner,Individual,Hindi
CUST002008,Tariq,Nakamura,46.0,Female,Italy,,Milan,2024-11-06,Organic Search,Individual,Portuguese
CUST000194,Themba,Ferreira,39.0,Other,France,,Toulouse,2021-04-10,App Store,Family,English
CUST006434,Isabella,Nakamura,32.0,Female,US,,Phoenix,2019-04-21,Organic Search,Corporate Bundle,Spanish
CUST000579,George,Mwangi,49.0,Male,United States,,Miami,2019-06-03,Direct,Family,Hindi
CUST000772,George,Banda,39.0,Female,United Kingdom,,Leeds,2026-04-18,Organic Search,Individual,English
CUST002396,Harper,Rodrigues,76.0,Female,India,,Ahmedabad,2024-11-15,Organic Search,Individual,English
CUST007968,Anika,Muller,48.0,Male,Australia,,Perth,2023-04-25,Direct,Individual,Portuguese
CUST001847,Michael,Yamamoto,27.0,Female,Argentina,,Cordoba,2026-05-24,Email Campaign,Individual,Hindi
CUST006733,Mason,Baig,35.0,Female,United States,,New York,2023-01-23,Direct,Individual,Indonesian
CUST004275,Mohammed,Choi,13.0,Male,United States,,Austin,2019-07-18,Affiliate Partner,Individual,Korean
CUST003741,Jose,Ali,13.0,Male,Nigeria,,Ibadan,2024-09-20,Direct,Family,Japanese
CUST004601,Jacob,Garcia,44.0,Female,FR,,Lyon,2023-01-06,Direct,Family,Indonesian
CUST007498,Aisha,Tanaka,23.0,Female,United States,,Miami,2023-09-22,App Store,Individual,
CUST006889,Ren,Zhou,37.0,Female,India,,Kolkata,2025-10-30,Organic Search,Student,English
CUST002074,Kofi,Alves,32.0,Male,United Arab Emirates,,Abu Dhabi,2021-06-15,Paid Social,Individual,
CUST001897,Juan,Yang,22.0,Female,India,,Mumbai,2021-09-03,Organic Search,Family,English
CUST005931,William,Singh,26.0,Female,United Kingdom,,Manchester,2026-01-12,Affiliate Partner,Individual,Tagalog
CUST003660,Ricardo,Nair,33.0,Male,South Africa,,Durban,2021-03-28,Email Campaign,Individual,Hindi
CUST002380,Reyansh,Rodriguez,30.0,Male,Germany,,Berlin,2020-06-21,App Store,Student,English
CUST001448,John,Watanabe,32.0,Female,India,,Mumbai,2024-03-12,Paid Social,Family,Arabic
CUST000343,George,Koch,20.0,Male,Nigeria,,Lagos,2020-08-02,Organic Search,Student,English
CUST007969,Navya,Rodrigues,,Male,Brazil,,Rio de Janeiro,2020-01-09,App Store,Individual,German
CUST002528,Maya,Jones,37.0,Male,United Kingdom,,Leeds,2025-02-06,Paid Social,Individual,English
CUST000728,Oscar,Watanabe,31.0,Male,Nigeria,,Lagos,2022-08-15,Organic Search,Family,English
CUST004578,Ibrahim,Singh,44.0,Female,FRANCE,,Marseille,2019-08-24,Email Campaign,Student,Hindi
CUST000977,Vihaan,Johnson,31.0,Female,United States,,,2024-10-13,Email Campaign,Individual,Portuguese
CUST005683,Nia,Sato,13.0,Female,India,,Chennai,2020-08-10,Organic Search,Individual,Arabic
CUST003517,Olivia,Menon,27.0,Female,Australia,,Sydney,2022-11-23,Paid Social,Individual,English
CUST007067,Ming,Laurent,29.0,Male,Canada,,,2024-03-30,Partner Bundle (Telecom),Individual,Korean
CUST007721,Oliver,Zhang,14.0,Female,India,,Delhi,2023-12-01,Paid Social,Family,Spanish
CUST003941,Tariq,Koch,18.0,Male,Germany,,Berlin,2019-01-27,Organic Search,Family,Hindi
CUST001300,William,Li,33.0,Female,Nigeria,,Abuja,2021-07-24,Paid Social,Individual,Arabic
CUST007392,Mia,Menon,,Female,South Korea,,Incheon,2021-09-17,Affiliate Partner,Individual,Korean
CUST000661,Riya,Souza,13.0,Prefer not to say,United Kingdom,,Birmingham,2024-08-07,Organic Search,Family,Korean
CUST001493,Diya,Li,,Male,ZA,,Cape Town,2020-11-13,Paid Social,Family,German
CUST007688,Carlos,Johnson,39.0,Male,mexico,,Mexico City,2019-07-16,Referral,Family,Hindi
CUST005607,Mary,Pereira,58.0,Male,U.S.A,,Houston,2025-01-18,Direct,Family,English
CUST005894,Ricardo,Suzuki,25.0,Male,India,,Kolkata,2025-05-01,Referral,Individual,French
CUST002316,Freddie,Chowdhury,41.0,Male,Poland,,Warsaw,2021-02-14,App Store,Student,Hindi
CUST007473,Kofi,Suzuki,25.0,Male,United Kingdom,,Liverpool,2020-08-24,Partner Bundle (Telecom),Individual,French
CUST007413,Pedro,Costa,30.0,Male,India,,Ahmedabad,2019-10-29,App Store,Family,Korean
CUST001086,Maya,Zhou,40.0,Female,Brazil,,Fortaleza,2021-07-06,App Store,Family,German
CUST007592,Miguel,Souza,42.0,Male,Germany,,Berlin,2024-03-11,Referral,Individual,English
CUST003199,Evelyn,Sato,43.0,Female,United States,,New York,2023-10-08,Partner Bundle (Telecom),Corporate Bundle,Hindi
CUST005453,Aadhya,Leroy,25.0,Male,AUSTRALIA,,Brisbane,2022-02-12,Partner Bundle (Telecom),Family,Hindi
CUST005467,Sara,Abara,42.0,Female,United Kingdom,,Birmingham,2020-05-07,Referral,Student,Hindi
CUST000068,Ayaan,Dubois,21.0,Female,France,,Paris,2021-01-08,Affiliate Partner,Individual,Japanese
CUST006399,Yong,Saito,32.0,Male,Indonesia,,Surabaya,2022-11-28,Paid Social,Family,Spanish
CUST002270,Riya,Moreau,30.0,Male,South Africa,,Durban,2025-10-30,App Store,Individual,French
CUST005689,Myra,Wu,32.0,Male,Germany,,Hamburg,2020-04-13,Organic Search,Family,French
CUST004858,Vihaan,Sharma,23.0,Male,France,,Paris,2021-07-23,Direct,Corporate Bundle,
CUST006345,Themba,Verma,,Male,Italy,,Turin,2019-03-23,Referral,Family,Japanese
CUST003448,Myra,Nair,37.0,Male,United States,,Houston,2022-05-06,Paid Social,Family,German
CUST002368,Wei,Pereira,23.0,Male,Nigeria,,Abuja,2021-12-27,Direct,Student,Hindi
CUST006217,Patricia,Miller,44.0,Male,Canada,,Montreal,2019-11-20,Email Campaign,Individual,Indonesian
CUST005380,Vivaan,Park,36.0,Male,India,,Delhi,2025-08-23,Referral,Individual,
CUST002513,Ayaan,Hussain,18.0,Male,United States,,Houston,2022-02-06,App Store,Individual,French
CUST002724,Noah,Richard,40.0,Male,Brazil,,Rio de Janeiro,2024-08-01,Referral,Family,English
CUST006854,Maya,Suzuki,45.0,Male,Canada,,Vancouver,2024-12-27,Organic Search,Individual,Hindi
CUST005961,Paula,Baig,28.0,Male,Nigeria,,Abuja,2023-07-08,Partner Bundle (Telecom),Family,English
CUST001144,Charlotte,Malik,37.0,Male,United States,,,2025-03-21,Email Campaign,Family,French
CUST007638,Jacob,Costa,39.0,Male,Canada,,Toronto,2019-03-23,Organic Search,Student,
CUST006368,Matthew,Becker,24.0,Other,united states,,New York,2020-07-15,Direct,Corporate Bundle,Arabic
CUST006902,Aisha,Hoffmann,39.0,Male,Mexico,,Guadalajara,2020-10-04,Organic Search,Family,English
CUST004996,Oliver,Mensah,18.0,Female,Indonesia,,Jakarta,2021-07-01,Referral,Individual,French
CUST003790,Pedro,Davis,39.0,Male,IT,,Turin,2025-08-22,Organic Search,Individual,Korean
CUST002221,Zara,Jang,54.0,Male,United Kingdom,,Liverpool,2022-12-04,Organic Search,Family,Spanish
CUST002332,Oscar,Dubois,22.0,Male,India,,Ahmedabad,2023-02-12,App Store,Family,Arabic
CUST004916,Fernando,Choi,40.0,Male,GERMANY,,Munich,2021-02-10,Organic Search,Family,English
CUST007740,Daniel,Malik,22.0,Male,Canada,,Montreal,2020-03-31,Referral,Family,English
CUST007068,Jacob,Garcia,19.0,Female,,,Phoenix,2025-04-22,Paid Social,Family,German
CUST004089,Haruto,Diallo,27.0,Female,South Korea,,Incheon,2020-11-04,Organic Search,Individual,English
CUST001968,Karen,Alves,33.0,Male,Japan,,Tokyo,2022-08-17,Organic Search,Individual,Arabic
CUST006300,Oliver,Mwangi,46.0,Male,Canada,,Vancouver,2021-03-23,Referral,Individual,Japanese
CUST007434,Yui,Ali,47.0,Female,India,,Ahmedabad,2024-04-01,Paid Social,Individual,French
CUST004366,Diya,Cho,14.0,Female,Canada,,Montreal,2019-03-22,Paid Social,Family,Portuguese
CUST000424,Mariana,Robert,25.0,Female,US,,Chicago,2022-07-15,App Store,Student,Hindi
CUST006973,John,Wu,19.0,Prefer not to say,Indonesia,,Surabaya,2025-07-22,Organic Search,Family,Hindi
CUST001905,Haruto,Chen,51.0,Male,United States,,Austin,2026-03-22,Affiliate Partner,Individual,Korean
CUST007305,Fatima,Lee,31.0,Male,United States,,Miami,2023-10-03,Organic Search,Family,Tagalog
CUST003918,Ishaan,Rodrigues,13.0,Female,Canada,,Ottawa,2024-05-14,Partner Bundle (Telecom),Family,Indonesian
CUST003619,Olivia,Richard,27.0,Male,PL,,Warsaw,2025-07-02,App Store,Individual,Korean
CUST000840,Zola,Alves,34.0,Female,Poland,,Krakow,2025-08-18,Paid Social,Individual,Hindi
CUST004597,Joseph,Rodrigues,42.0,Female,Italy,,Rome,2024-03-23,Referral,Corporate Bundle,English
CUST004954,Tariq,Chowdhury,20.0,Female,India,,Ahmedabad,2025-10-09,Organic Search,Individual,English
CUST000142,Ethan,Baig,51.0,Female,United States,,Austin,2025-09-22,Affiliate Partner,Individual,Japanese
CUST006647,Carlos,Nakamura,39.0,Female,South Africa,,Durban,2026-01-31,Affiliate Partner,Individual,English
CUST001378,Isabella,Meyer,30.0,Male,,,Delhi,2022-04-29,Organic Search,Individual,English
CUST003675,Aarav,Moreau,31.0,Male,PH,,Davao City,2020-03-06,Organic Search,Family,Portuguese
CUST006262,Riya,Ito,30.0,Female,,,Kolkata,2022-04-29,Paid Social,Individual,Portuguese
CUST007884,Michael,Garcia,46.0,Male,Australia,,Brisbane,2023-11-02,Paid Social,Individual,German
CUST003809,Zara,Nair,30.0,Female,Canada,,Calgary,2021-12-28,Affiliate Partner,Individual,Hindi
CUST001139,Jacob,Ali,55.0,Female,Germany,,Berlin,2024-09-22,Referral,Student,English
CUST002258,Linda,Iyer,24.0,Male,United States,,Seattle,2019-04-01,Email Campaign,Student,English
CUST001788,Charlotte,Iyer,30.0,Male,indonesia,,Bandung,2025-12-24,Paid Social,Individual,English
CUST003939,Harry,Wu,29.0,Female,United States,,Chicago,2025-07-07,Paid Social,Family,Spanish
CUST005221,Vihaan,Saito,28.0,Female,CA,,Calgary,2020-11-06,Organic Search,Individual,Indonesian
CUST007411,Yui,Santos,36.0,Male,United Kingdom,,Liverpool,2025-04-04,Referral,Individual,Polish
CUST000460,Anika,Khan,37.0,Female,,,Manchester,2026-01-21,Paid Social,Individual,English
CUST007360,Joseph,Yang,38.0,Male,,,Houston,2021-11-13,Referral,Individual,Hindi
CUST000949,Jian,Patel,46.0,Female,Mexico,,Guadalajara,2022-01-10,Paid Social,Family,English
CUST003701,Valentina,Fischer,35.0,Male,ITALY,,Turin,2023-06-15,Partner Bundle (Telecom),Individual,Indonesian
CUST001337,Michael,Kim,20.0,Female,,,Seville,2025-04-11,Referral,Family,Korean
CUST004629,Naledi,Saito,34.0,Male,US,,Miami,2025-12-12,Paid Social,Individual,Hindi
CUST006410,Ishaan,Li,23.0,Male,Poland,,Warsaw,2026-02-03,Partner Bundle (Telecom),Individual,Portuguese
CUST001603,Olivia,Banda,23.0,Female,India,,Kolkata,2023-01-06,Partner Bundle (Telecom),Individual,English
CUST002239,Omar,Zhao,50.0,Female,United Kingdom,,Liverpool,2019-11-09,Organic Search,Family,English
CUST000640,Amara,Zhao,40.0,Other,Canada,,Vancouver,2022-09-23,Partner Bundle (Telecom),Individual,Korean
CUST007765,Yui,Wagner,13.0,Male,India,,Ahmedabad,2021-08-17,Paid Social,Student,Portuguese
CUST003831,Jun,Robert,5.0,Female,South Korea,,Busan,2021-12-04,Referral,Individual,English
CUST005270,Amelia,Cho,15.0,Male,France,,Nice,2023-08-03,App Store,Individual,English
CUST005571,Tendai,Garcia,39.0,Female,United States,,Chicago,2023-05-17,App Store,Family,Arabic
CUST007198,Layla,Pereira,17.0,Other,Brazil,,Fortaleza,2021-02-28,Organic Search,Family,Portuguese
CUST001071,Naledi,Rodrigues,41.0,Male,South Korea,,Incheon,2024-06-26,Email Campaign,Individual,Japanese
CUST000156,Wei,Ferreira,33.0,Male,United Kingdom,,Birmingham,2020-11-01,Email Campaign,Family,English
CUST002296,Jack,Singh,23.0,Female,U.K.,,Manchester,2022-05-11,App Store,Individual,
CUST007246,Luis,Chowdhury,24.0,Male,Japan,,Tokyo,2019-12-14,Organic Search,Individual,Hindi
CUST004579,Isabella,Garcia,36.0,Female,India,,Pune,2019-12-03,Referral,Individual,Spanish
CUST001090,Amara,Kang,33.0,Female,Australia,,Brisbane,2021-03-11,Paid Social,Student,Hindi
CUST002941,Matthew,Chen,34.0,Male,France,,Toulouse,2020-09-21,Direct,Individual,Portuguese
CUST006805,Alejandro,Oliveira,38.0,Male,,,Ottawa,2021-06-07,Affiliate Partner,Student,Arabic
CUST004385,Sara,Sharma,39.0,Female,Spain,,Valencia,2021-12-05,Email Campaign,Individual,Korean
CUST000931,Aadhya,Smith,36.0,Female,Australia,,Brisbane,2023-09-14,Email Campaign,Individual,Korean
CUST002910,Andrew,Hoffmann,55.0,Male,,,Bengaluru,2022-01-17,Organic Search,Individual,Japanese
CUST005185,Ren,Zhao,26.0,Male,Italy,,Turin,2024-06-26,Partner Bundle (Telecom),Individual,Arabic
CUST007384,Sora,Sheikh,32.0,Male,United States,,Houston,2025-06-26,Email Campaign,Family,English
CUST003248,Jacob,Saito,34.0,Female,India,,Chennai,2019-11-03,App Store,Individual,German
CUST007313,Logan,Laurent,34.0,Female,Italy,,Naples,2023-11-24,Organic Search,Family,English
CUST005984,Isabella,Sato,29.0,Female,ITALY,,Milan,2023-10-08,App Store,Individual,English
CUST005906,Arjun,Huang,47.0,Male,Mexico,,Mexico City,2024-03-09,Affiliate Partner,Individual,Korean
CUST007132,Reyansh,Takahashi,23.0,Female,United States,,Houston,2026-02-13,Paid Social,Family,English
CUST007022,Luis,Huang,15.0,Male,South Africa,,Cape Town,2019-05-03,Organic Search,Individual,German
CUST007502,Feng,Costa,27.0,Male,France,,Lyon,2022-12-12,Organic Search,Individual,English
CUST001699,Elizabeth,Adeyemi,25.0,Female,,,Tokyo,2023-06-19,App Store,Corporate Bundle,English
CUST007573,Freddie,Yamamoto,26.0,Prefer not to say,United States,,Houston,2025-11-14,Paid Social,Corporate Bundle,English
CUST008000,Emma,Muller,44.0,Female,United States,,New York,2024-11-22,Affiliate Partner,Individual,Indonesian
CUST005447,Susan,Silva,26.0,Female,India,,Mumbai,2025-07-27,Organic Search,Student,Spanish
CUST003832,Ayaan,Ali,20.0,Male,United States,,Seattle,2023-03-22,App Store,Individual,Hindi
CUST007336,Aarav,Becker,23.0,Male,south korea,,Seoul,2022-12-15,App Store,Individual,Korean
CUST007325,Mason,Okonkwo,43.0,Female,AUSTRALIA,,Sydney,2022-08-17,App Store,Family,English
CUST000986,Karen,Nakamura,,Other,United States,,New York,2021-07-21,Paid Social,Individual,Hindi
CUST001822,Zara,Chowdhury,41.0,Female,United Kingdom,,Birmingham,2023-04-12,Partner Bundle (Telecom),Student,Spanish
CUST007078,Leo,Suzuki,32.0,Female,Australia,,Brisbane,2022-10-29,Paid Social,Student,
CUST000588,Sami,Sato,35.0,Male,Brazil,,Fortaleza,2020-02-26,Partner Bundle (Telecom),Individual,Japanese
CUST007674,Tao,Fischer,24.0,Male,UK,,Leeds,2024-01-14,Affiliate Partner,Individual,Portuguese
CUST007656,Anika,Souza,28.0,Male,Nigeria,,Ibadan,2021-07-28,Affiliate Partner,Individual,English
CUST007330,Noah,Martin,20.0,Female,India,,Bengaluru,2022-02-10,Email Campaign,Family,French
CUST007995,Yong,Ito,22.0,Other,France,,Toulouse,2024-02-20,Organic Search,Individual,English
CUST007851,Ava,Malik,16.0,Male,South Korea,,Incheon,2019-05-30,Email Campaign,Individual,Tagalog
CUST006390,Arjun,Abara,31.0,Female,India,,Delhi,2025-10-31,Partner Bundle (Telecom),Student,Spanish
CUST003558,Mariana,Silva,37.0,Female,Poland,,Wroclaw,2022-10-09,Partner Bundle (Telecom),Family,Portuguese
CUST001396,Elijah,Kumar,28.0,Male,Poland,,Krakow,2023-04-13,Affiliate Partner,Corporate Bundle,Arabic
CUST000265,Sai,Zhao,45.0,Male,United States,,Chicago,2025-03-21,Email Campaign,Individual,Spanish
CUST003548,Sophia,Adeyemi,63.0,Female,,,Cape Town,2026-03-16,Email Campaign,Family,Hindi
CUST005042,Diego,Tanaka,51.0,Female,United States,,New York,2021-03-02,Referral,Individual,Indonesian
CUST007348,Krishna,Kumar,33.0,Male,Germany,,Cologne,2020-03-11,Paid Social,Student,Arabic
CUST006175,Aisha,Weber,43.0,Female,India,,Mumbai,2022-09-17,Organic Search,Individual,French
CUST003865,Isabella,Becker,26.0,Male,Brazil,,Rio de Janeiro,2025-12-01,Organic Search,Corporate Bundle,Indonesian
CUST006681,Patricia,Menon,36.0,Male,South Africa,,Cape Town,2020-10-25,Paid Social,Family,Arabic
CUST002401,Feng,Gupta,32.0,Female,South Korea,,Seoul,2026-04-09,Organic Search,Corporate Bundle,Hindi
CUST005824,Vihaan,Gupta,47.0,Male,,,Delhi,2019-05-18,Affiliate Partner,Individual,English
CUST003712,Sofia,Petit,27.0,Female,Canada,,Toronto,2026-02-25,Email Campaign,Individual,English
CUST000247,Oliver,Laurent,35.0,Male,Spain,,Madrid,2023-05-25,App Store,Individual,English
CUST001595,Luis,Malik,44.0,Other,Indonesia,,Surabaya,2019-01-03,Email Campaign,Individual,Korean
CUST007819,Aisha,Kang,23.0,Male,Nigeria,,Abuja,2025-10-03,Organic Search,Student,Spanish
CUST005556,Matthew,Yang,49.0,Male,,,Buenos Aires,2022-02-11,Paid Social,Family,German
CUST000924,Sakura,Sheikh,23.0,Female,Canada,,Montreal,2026-05-26,App Store,Individual,Portuguese
CUST004989,Tariq,Chowdhury,25.0,Male,Canada,,Toronto,2021-10-28,Paid Social,Individual,French
CUST004957,Alexander,Singh,26.0,Female,India,,Delhi,2023-12-01,Organic Search,Family,Portuguese
CUST000670,Carlos,Qureshi,42.0,Female,Germany,,Hamburg,2024-11-17,Partner Bundle (Telecom),Family,English
CUST003605,Aarav,Chikoti,32.0,Male,France,,Lyon,2022-09-15,Paid Social,Student,Spanish
CUST001911,Chidi,Becker,42.0,Female,Japan,,Osaka,2025-02-08,Partner Bundle (Telecom),Individual,English
CUST005618,Alejandro,Bernard,23.0,Female,India,,Ahmedabad,2020-10-04,Referral,Individual,French
CUST003959,Qiang,Cho,15.0,Male,INDIA,,Delhi,2021-09-06,Direct,Individual,English
CUST002697,Daniel,Brown,40.0,Male,United Kingdom,,,2020-03-10,Organic Search,Family,English
CUST002592,Jessica,Qureshi,41.0,Female,United Kingdom,,Manchester,2023-09-26,Affiliate Partner,Individual,Hindi
CUST001782,George,Singh,25.0,Female,United States,,Los Angeles,2020-01-18,Email Campaign,Individual,English
CUST003014,Mariana,Ferreira,13.0,Male,IN,,Kolkata,2021-04-16,Affiliate Partner,Individual,German
CUST002308,Harper,Williams,23.0,Female,South Africa,,Pretoria,2021-01-01,Organic Search,Individual,Hindi
CUST006989,Hassan,Jang,35.0,Male,France,,,2024-12-28,App Store,Individual,Hindi
CUST003691,Elijah,Ahmed,37.0,Male,Mexico,,Guadalajara,2024-10-11,Organic Search,Individual,German
CUST000688,Myra,Rodrigues,30.0,Female,Poland,,Krakow,2024-10-19,Affiliate Partner,Individual,Arabic
CUST000613,Isabella,Suzuki,42.0,Male,United Kingdom,,Birmingham,2025-08-03,Referral,Student,German
CUST003201,Emma,Schneider,44.0,Male,United States,,Miami,2021-01-24,Organic Search,Individual,English
CUST002268,Diego,Wagner,38.0,Female,Canada,,Calgary,2024-11-10,Partner Bundle (Telecom),Individual,
CUST007713,Sarah,Laurent,24.0,Female,,,Monterrey,2022-04-03,Email Campaign,Corporate Bundle,German
CUST006122,Alfie,Ahmed,35.0,Female,India,,Chennai,2024-05-23,Direct,Family,Polish
CUST001899,Jessica,Iyer,35.0,Male,DE,,Cologne,2021-07-27,Partner Bundle (Telecom),Student,Japanese
CUST005098,Jian,Kim,29.0,Male,Germany,,Frankfurt,2020-01-10,Referral,Individual,English
CUST000259,Aditya,Banda,23.0,Female,United States,,Austin,2023-09-03,Paid Social,Corporate Bundle,Hindi
CUST002925,Diego,Okafor,13.0,Female,India,,Chennai,2019-02-09,Referral,Individual,Korean
CUST002823,Jack,Zhao,15.0,Female,Canada,,Calgary,2022-11-04,Affiliate Partner,Corporate Bundle,Portuguese
CUST003340,Sami,Ali,29.0,Male,Mexico,,Mexico City,2024-11-26,Affiliate Partner,Individual,Portuguese
CUST003526,Lei,Silva,29.0,Female,Australia,,Sydney,2023-02-06,Organic Search,Individual,Arabic
CUST004564,Kwame,Reddy,18.0,Female,South Korea,,Incheon,2024-02-08,Partner Bundle (Telecom),Student,Portuguese
CUST002286,Zola,Miller,29.0,Male,United States,,New York,2023-10-01,Organic Search,Family,German
CUST007478,Karen,Silva,40.0,Female,United States,,Houston,2019-07-15,Paid Social,Family,English
CUST000485,Noor,Chen,32.0,Female,United States,,Phoenix,2024-05-28,Organic Search,Individual,English
CUST002212,Yusuf,Saito,49.0,Male,NG,,Lagos,2023-05-07,App Store,Family,Indonesian
CUST004997,Khalid,Huang,31.0,Male,India,,Ahmedabad,2023-12-31,Organic Search,Individual,
CUST002556,Isabella,Li,23.0,Male,Mexico,,Guadalajara,2020-08-07,Email Campaign,Individual,English
CUST000008,Kiara,Tanaka,23.0,Female,Japan,,Nagoya,2023-08-21,App Store,Individual,Korean
CUST003658,Tariq,Hussain,27.0,Female,Australia,,Sydney,2021-05-31,Paid Social,Individual,Hindi
CUST006821,Sophia,Laurent,39.0,Female,Germany,,Hamburg,2022-11-06,Paid Social,Family,
CUST004403,Susan,Tanaka,21.0,Female,United Kingdom,,Manchester,2023-09-16,App Store,Individual,German
CUST002427,Tendai,Martin,31.0,Male,Brazil,,Sao Paulo,2020-12-22,Email Campaign,Student,English
CUST001815,Lei,Wagner,40.0,Female,,,Cape Town,2024-11-15,Paid Social,Family,Arabic
CUST002275,Ricardo,Jang,27.0,Male,India,,Delhi,2020-02-11,Organic Search,Corporate Bundle,Indonesian
CUST001012,Oliver,Schneider,30.0,Other,United States,,Chicago,2023-09-05,Email Campaign,Family,Hindi
CUST007753,Evelyn,Watanabe,13.0,Female,Nigeria,,Ibadan,2024-10-08,Email Campaign,Family,Hindi
CUST001068,Arjun,Smith,38.0,Female,India,,Ahmedabad,2025-04-03,App Store,Individual,Japanese
CUST001992,Logan,Yamamoto,25.0,Male,India,,Mumbai,2026-01-12,App Store,Family,French
CUST003971,Jennifer,Kobayashi,36.0,Male,Mexico,,Puebla,2021-05-24,Organic Search,Individual,Korean
CUST005730,Aditya,Mensah,26.0,Male,Mexico,,Monterrey,2023-07-15,Referral,Individual,English
CUST007015,Jacob,Wang,20.0,Female,Poland,,,2024-06-05,Paid Social,Corporate Bundle,Tagalog
CUST003868,Feng,Meyer,33.0,Male,Poland,,Warsaw,2020-06-08,Direct,Corporate Bundle,Spanish
CUST007183,Paula,Tanaka,30.0,Female,ES,,Seville,2024-09-23,Paid Social,Individual,Portuguese
CUST003049,Jose,Reddy,20.0,Female,India,,Hyderabad,2022-08-31,Organic Search,Individual,English
CUST000782,Karen,Rodrigues,31.0,Male,United States,,New York,2020-06-12,Affiliate Partner,Individual,Hindi
CUST007807,Ricardo,Yoon,17.0,Male,Australia,,Perth,2019-05-26,Paid Social,Individual,English
CUST001750,Pari,Moreau,43.0,Male,United Kingdom,,Manchester,2024-06-07,Organic Search,Individual,English
CUST002792,Noor,Schmidt,13.0,Female,Japan,,Tokyo,2023-01-24,Referral,Family,English
CUST001092,Ethan,Suzuki,13.0,Male,Nigeria,,Lagos,2022-08-26,Affiliate Partner,Individual,English
CUST006697,Olivia,Schmidt,37.0,Male,United States,,Houston,2019-03-06,Organic Search,Corporate Bundle,German
CUST006803,Alfie,Ali,,Female,,,Frankfurt,2025-11-05,Referral,Student,English
CUST006852,Charlotte,Reddy,34.0,Female,Germany,,Munich,2019-10-02,Direct,Individual,English
CUST007196,Camila,Mwangi,49.0,Female,uae,,Sharjah,2021-01-05,Paid Social,Individual,Hindi
CUST002609,Riku,Kumar,37.0,Female,Germany,,Cologne,2020-12-07,Referral,Student,Portuguese
CUST006600,Diya,Wagner,17.0,Female,Argentina,,Rosario,2022-10-30,Paid Social,Student,
CUST002291,Tendai,Choi,39.0,Male,Spain,,Valencia,2024-12-02,Email Campaign,Student,Arabic
CUST001728,Wei,Yamamoto,2.0,Female,Indonesia,,Bandung,2022-05-13,Paid Social,Family,
CUST000611,Elena,Pereira,30.0,Male,United States,,Houston,2019-07-04,App Store,Individual,English
CUST004667,Barbara,Jones,27.0,Prefer not to say,France,,Nice,2022-10-31,Paid Social,Student,Hindi
CUST000344,Matthew,Abara,37.0,Female,United States,,Chicago,2023-03-27,Affiliate Partner,Individual,Tagalog
CUST005634,Mia,Mensah,33.0,Male,United Kingdom,,Liverpool,2024-12-20,Paid Social,Individual,Hindi
CUST006280,Evelyn,Cho,31.0,Female,Nigeria,,Ibadan,2025-02-25,Direct,Individual,English
CUST003751,Huda,Mwangi,44.0,Female,Italy,,Naples,2026-01-12,Referral,Individual,English
CUST005767,Ethan,Chen,33.0,Male,poland,,Warsaw,2024-03-07,Affiliate Partner,Student,English
CUST007026,Khalid,Hoffmann,24.0,Female,South Korea,,Seoul,2020-11-19,App Store,Individual,Portuguese
CUST003216,Huda,Qureshi,31.0,Female,United States,,Houston,2024-11-27,Paid Social,Individual,Tagalog
CUST000098,Saanvi,Becker,22.0,Male,,,Dubai,2021-01-24,Organic Search,Family,French
CUST005065,Navya,Wagner,33.0,Female,Australia,,Sydney,2019-09-29,Organic Search,Individual,Spanish
CUST001538,Zola,Zhang,27.0,Male,India,,Kolkata,2020-04-22,App Store,Family,Spanish
CUST003589,Tendai,Sato,45.0,Female,India,,Ahmedabad,2023-09-12,Direct,Corporate Bundle,Spanish
CUST003649,Amelia,Gupta,27.0,Female,USA,,,2019-02-11,Direct,Student,Spanish
CUST006407,Karen,Moreau,20.0,Female,Canada,,Calgary,2020-02-16,Affiliate Partner,Family,English
CUST004990,Diya,Muller,28.0,Male,India,,Chennai,2019-12-17,Paid Social,Individual,Hindi
CUST001518,Naledi,Liu,13.0,Male,Argentina,,Rosario,2025-07-13,Organic Search,Individual,Indonesian
CUST007085,Yuto,Takahashi,40.0,Female,India,,Mumbai,2020-11-24,Paid Social,Student,English
CUST004625,Sora,Reddy,40.0,Female,United States,,New York,2025-11-04,Referral,Family,Spanish
CUST004273,Fernando,Okafor,40.0,Male,germany,,Hamburg,2024-11-04,Referral,Individual,English
CUST003670,Ren,Brown,25.0,Male,nigeria,,Lagos,2022-10-18,Paid Social,Individual,Hindi
CUST002091,Alexander,Alves,46.0,Male,United States,,Seattle,2019-05-13,App Store,Individual,Hindi
CUST000573,Amara,Laurent,33.0,Female,,,,2020-07-20,Referral,Student,Hindi
CUST007320,Pedro,Rahman,35.0,Female,United States,,Miami,2021-11-10,App Store,Family,Hindi
CUST006102,Noor,Patel,33.0,Male,united kingdom,,Liverpool,2024-05-24,Paid Social,Corporate Bundle,Hindi
CUST006683,Jennifer,Jones,41.0,Male,United States,,,2020-09-12,Partner Bundle (Telecom),Individual,Korean
CUST003063,Alfie,Sheikh,13.0,Male,India,,Hyderabad,2022-07-10,Direct,Individual,Arabic
CUST005108,Vivaan,Kumar,28.0,Female,United States,,Chicago,2020-04-26,Affiliate Partner,Family,Portuguese
CUST005833,Jian,Alves,28.0,Male,,,Manila,2021-06-07,Organic Search,Family,Portuguese
CUST007185,Joseph,Zhou,43.0,Female,Canada,,Vancouver,2024-08-21,App Store,Individual,English
CUST005220,Ahmed,Pereira,,Other,Spain,,Madrid,2023-09-13,Paid Social,Individual,Spanish
CUST005392,Themba,Otieno,40.0,Female,,,Kolkata,2020-09-13,Referral,Family,Japanese
CUST004480,Camila,Schneider,13.0,Prefer not to say,united states,,Chicago,2025-07-30,Direct,Family,Arabic
CUST000371,Elizabeth,Watanabe,31.0,Male,United Kingdom,,Manchester,2025-09-18,Email Campaign,Individual,English
CUST001939,Sofia,Iyer,28.0,Female,,,Pune,2020-12-09,Paid Social,Corporate Bundle,Hindi
CUST005702,Ibrahim,Garcia,20.0,Female,United States,,Phoenix,2020-05-20,Organic Search,Family,French
CUST006947,Hassan,Wu,41.0,Female,France,,Toulouse,2024-03-19,Organic Search,Individual,English
CUST003671,Anika,Alves,16.0,Female,Germany,,Munich,2024-10-20,Affiliate Partner,Individual,Italian
CUST003653,Wei,Ito,33.0,Female,India,,Pune,2020-12-24,Email Campaign,Individual,English
CUST002362,Sofia,Zhou,38.0,Other,India,,Delhi,2021-12-22,Direct,Individual,English
CUST004261,Charlie,Tanaka,19.0,Female,India,,Ahmedabad,2026-03-01,Direct,Individual,Portuguese
CUST005024,Evelyn,Jung,26.0,Male,United States,,Houston,2026-03-04,Referral,Family,Spanish
CUST007430,Ali,Qureshi,16.0,Male,Philippines,,Davao City,2023-04-25,Organic Search,Individual,French
CUST003738,Zara,Adeyemi,29.0,Male,France,,Lyon,2022-07-19,Affiliate Partner,Individual,Hindi
CUST004968,Fernando,Ahmed,35.0,Male,indonesia,,Bandung,2019-05-18,Paid Social,Family,Spanish
CUST005558,Sota,Abara,,Female,United States,,Phoenix,2020-01-29,Referral,Student,Polish
CUST005592,Vihaan,Wu,,Male,United Kingdom,,Manchester,2021-11-04,Organic Search,Individual,Hindi
CUST001172,Aisha,Moreau,28.0,Male,United States,,Austin,2025-11-17,Organic Search,Individual,German
CUST005247,Wei,Jones,28.0,Male,USA,,Austin,2021-09-02,Paid Social,Corporate Bundle,English
CUST001423,Andrew,Ito,21.0,Male,,,London,2025-02-17,Affiliate Partner,Family,English
CUST007223,Sai,Reddy,34.0,Male,Nigeria,,Lagos,2022-06-26,Email Campaign,Family,
CUST007086,Mariana,Tanaka,23.0,Female,Mexico,,Mexico City,2023-05-26,Affiliate Partner,Individual,Hindi
CUST005293,Sora,Wagner,36.0,Male,United States,,New York,2026-02-08,Affiliate Partner,Corporate Bundle,German
CUST000875,Logan,Miller,49.0,Male,Mexico,,Mexico City,2019-02-05,Paid Social,Family,Hindi
CUST002298,Haruto,Meyer,13.0,Female,Mexico,,Monterrey,2025-09-11,Organic Search,Student,English
CUST002644,Michael,Qureshi,26.0,Male,S. Korea,,Incheon,2023-07-30,Partner Bundle (Telecom),Individual,Arabic
CUST006974,Salma,Kang,47.0,Male,Nigeria,,Kano,2024-02-21,App Store,Family,Tagalog
CUST000841,Valentina,Suzuki,34.0,Female,South Korea,,Busan,2021-02-02,Email Campaign,Student,German
CUST000582,Fernando,Santos,29.0,Male,Canada,,,2020-05-10,Organic Search,Family,German
CUST000205,Rania,Wang,15.0,Female,Brazil,,,2026-03-14,Paid Social,Family,Hindi
CUST001642,Vihaan,Fischer,33.0,Female,Poland,,Wroclaw,2025-05-29,Affiliate Partner,Family,Arabic
CUST002015,Hassan,Yoon,31.0,Male,India,,Kolkata,2026-05-08,Partner Bundle (Telecom),Individual,Portuguese
CUST003254,Ishaan,Schneider,28.0,Female,India,,Ahmedabad,2020-07-10,Paid Social,Individual,French
CUST004980,Diya,Qureshi,45.0,Female,United States,,Miami,2024-11-12,Paid Social,Individual,Spanish
CUST000906,Noah,Huang,24.0,Male,POLAND,,Warsaw,2022-06-04,App Store,Individual,English
CUST000632,Elena,Davis,37.0,Female,Argentina,,Buenos Aires,2020-05-10,Referral,Family,German
CUST005716,Daniel,Fischer,14.0,Female,India,,Mumbai,2022-11-07,Affiliate Partner,Individual,English
CUST005171,Zara,Kang,60.0,Male,India,,Hyderabad,2021-02-07,Referral,Individual,French
CUST001975,Riku,Nakamura,36.0,Female,United States,,Houston,2020-10-09,Referral,Family,Japanese
CUST000163,Emma,Zhang,32.0,Female,United Kingdom,,,2023-12-29,Email Campaign,Individual,Japanese
CUST005499,Valentina,Wang,38.0,Male,United States,,Los Angeles,2022-04-28,Paid Social,Family,English
CUST007907,Aoi,Otieno,55.0,Female,,,Barcelona,2023-06-24,Partner Bundle (Telecom),Student,Portuguese
CUST005129,Patricia,Ito,24.0,Male,Germany,,Berlin,2026-03-28,Direct,Student,
CUST004714,Valentina,Laurent,37.0,Female,India,,Hyderabad,2024-10-18,Organic Search,Individual,Spanish
CUST000876,Zara,Rodriguez,30.0,Female,Brazil,,Salvador,2019-07-04,Organic Search,Individual,Portuguese
CUST001432,Diego,Oliveira,38.0,Male,United States,,Seattle,2019-09-19,Affiliate Partner,Individual,English
CUST004644,Omar,Zhang,28.0,Female,United Kingdom,,Birmingham,2025-01-11,Paid Social,Individual,Indonesian
CUST007808,Elena,Weber,,Male,India,,,2021-12-28,Organic Search,Individual,Korean
CUST006575,Mason,Rodrigues,41.0,Male,India,,Delhi,2020-02-19,Affiliate Partner,Individual,English
CUST005126,Jennifer,Tanaka,31.0,Female,Philippines,,Manila,2021-08-04,Organic Search,Individual,Japanese
CUST002857,Myra,Kim,33.0,Female,United States,,Austin,2025-03-07,Organic Search,Individual,Arabic
CUST001862,Zara,Mwangi,18.0,Male,India,,Pune,2020-12-29,Paid Social,Student,Italian
CUST002660,Logan,Leroy,36.0,Female,INDIA,,Chennai,2019-04-26,Affiliate Partner,Family,Japanese
CUST003385,Freddie,Wagner,32.0,Female,philippines,,Manila,2022-10-30,App Store,Family,English
CUST007389,Aarav,Baig,39.0,Female,India,,Hyderabad,2026-05-05,Referral,Individual,Korean
CUST007707,Charlie,Liu,39.0,Male,United States,,Austin,2023-06-25,Referral,Family,Spanish
CUST005330,Isabella,Santos,47.0,Male,,,Birmingham,2019-05-25,App Store,Individual,Hindi
CUST004734,Kiara,Huang,30.0,Female,United States,,Houston,2023-08-19,App Store,Individual,Indonesian
CUST003332,Fernando,Hussain,27.0,Male,S. Korea,,Incheon,2019-08-16,Paid Social,Individual,English
CUST006583,Jose,Okonkwo,24.0,Male,Germany,,,2020-11-26,Organic Search,Family,German
CUST006060,Mason,Hoffmann,48.0,Female,FRANCE,,,2024-10-11,Affiliate Partner,Individual,French
CUST007905,Susan,Hussain,47.0,Male,Canada,,Montreal,2024-04-18,Paid Social,Corporate Bundle,Korean
CUST002097,Sota,Smith,26.0,Male,United Kingdom,,London,2021-04-17,App Store,Individual,English
CUST002004,Harry,Jung,26.0,Other,United Kingdom,,Glasgow,2023-11-01,Email Campaign,Family,English
CUST005647,Maya,Martin,33.0,Female,Mexico,,Monterrey,2020-11-08,Partner Bundle (Telecom),Individual,Portuguese
CUST000547,Camila,Lee,40.0,Female,,,Los Angeles,2025-03-09,Affiliate Partner,Student,Portuguese
CUST001450,Aarav,Qureshi,32.0,Male,India,,Ahmedabad,2020-09-29,Paid Social,Individual,English
CUST006961,Aisha,Zhou,26.0,Male,Germany,,Frankfurt,2024-09-04,App Store,Individual,English
CUST002611,Jose,Dubois,20.0,Male,India,,Kolkata,2020-03-11,Paid Social,Individual,English
CUST001901,Oscar,Meyer,25.0,Female,United States,,Seattle,2019-08-07,Referral,Individual,English
CUST006344,George,Qureshi,23.0,Female,Philippines,,Cebu City,2022-12-19,Organic Search,Family,English
CUST002758,Qiang,Rodriguez,25.0,Female,United Kingdom,,Manchester,2020-10-11,Email Campaign,Individual,Portuguese
CUST001886,Mia,Moreau,24.0,Female,ES,,Barcelona,2021-06-08,Organic Search,Individual,English
CUST007774,Tao,Ali,28.0,Female,Australia,,Perth,2023-04-13,Organic Search,Individual,Portuguese
CUST002098,William,Mensah,35.0,Female,India,,Chennai,2024-04-17,Paid Social,Family,Indonesian
CUST007002,Michael,Schmidt,34.0,Prefer not to say,Brazil,,Rio de Janeiro,2024-03-29,App Store,Corporate Bundle,English
CUST007230,Ananya,Zhang,34.0,Female,United States,,Houston,2023-03-22,Paid Social,Individual,English
CUST000837,Elena,Hoffmann,26.0,Male,United Kingdom,,Manchester,2022-06-03,Email Campaign,Individual,Korean
CUST003472,Mariana,Meyer,20.0,Male,ID,,Jakarta,2019-03-19,Paid Social,Individual,Spanish
CUST004698,Amina,Chen,29.0,Male,United States,,Seattle,2024-07-29,Email Campaign,Individual,Arabic
CUST006404,Aditya,Mensah,27.0,Female,United Kingdom,,Liverpool,2023-03-05,App Store,Individual,English
CUST002172,Ibrahim,Schneider,39.0,Other,Brazil,,Rio de Janeiro,2020-05-04,Referral,Individual,English
CUST006917,Aoi,Suzuki,41.0,Male,CANADA,,Montreal,2020-01-09,Paid Social,Family,German
CUST006851,Ishaan,Dubois,22.0,Male,United States,,Austin,2025-05-09,App Store,Individual,English
CUST000399,Diya,Schmidt,46.0,Female,Canada,,Toronto,2021-09-17,Organic Search,Individual,Korean
CUST002011,Ananya,Schmidt,38.0,Male,United States,,Miami,2022-10-15,Email Campaign,Corporate Bundle,Spanish
CUST007727,Emma,Hussain,28.0,Female,Indonesia,,Jakarta,2020-05-07,Email Campaign,Family,Indonesian
CUST001284,Qiang,Jung,41.0,Female,Italy,,Milan,2023-12-03,Referral,Individual,English
CUST005682,Harper,Zhao,29.0,Male,Spain,,Madrid,2022-02-25,Affiliate Partner,Family,French
CUST005889,Susan,Oliveira,42.0,Female,United Kingdom,,Liverpool,2024-10-08,Organic Search,Individual,Arabic
CUST004257,Tendai,Schmidt,16.0,Female,Argentina,,Rosario,2024-06-07,Referral,Student,English
CUST001837,Noor,Fischer,38.0,Female,India,,Hyderabad,2019-05-02,Direct,Individual,German
CUST001020,Lucia,Jones,53.0,Male,Bharat,,Chennai,2021-06-03,Email Campaign,Family,English
CUST001327,Sara,Ahmed,21.0,Female,ZA,,Durban,2021-04-14,App Store,Family,English
CUST004998,Noor,Meyer,25.0,Male,Bharat,,Mumbai,2025-09-11,Referral,Student,Hindi
CUST000476,Leo,Yamamoto,13.0,Female,Philippines,,Manila,2024-11-03,Organic Search,Family,Hindi
CUST002811,Jacob,Williams,19.0,Male,India,,Mumbai,2023-12-03,Paid Social,Individual,Portuguese
CUST006049,Daniela,Chowdhury,37.0,Male,United States,,Phoenix,2022-02-13,Referral,Individual,German
CUST001652,Susan,Miller,51.0,Other,Nigeria,,Kano,2019-02-03,Affiliate Partner,Family,English
CUST007469,Liam,Abara,28.0,Female,Philippines,,Davao City,2023-05-20,Paid Social,Individual,Spanish
CUST006877,Aarav,Sharma,38.0,Male,Germany,,Berlin,2019-10-05,Email Campaign,Family,Korean
CUST002529,Yusuf,Nair,27.0,Female,Spain,,Barcelona,2019-11-15,Direct,Corporate Bundle,Hindi
CUST001207,Joseph,Ahmed,40.0,Female,FR,,Paris,2020-01-01,Paid Social,Corporate Bundle,French
CUST006674,Oliver,Abara,39.0,Female,Indonesia,,Bandung,2019-07-25,Email Campaign,Individual,English
CUST007131,Lucas,Schmidt,44.0,Female,India,,Chennai,2020-01-29,Organic Search,Family,English
CUST006196,Anika,Almeida,21.0,Male,India,,Mumbai,2021-02-23,Email Campaign,Individual,Korean
CUST005083,Pedro,Watanabe,51.0,Male,United Arab Emirates,,Abu Dhabi,2025-01-16,Affiliate Partner,Individual,French
CUST000868,Noah,Kang,22.0,Female,India,,Chennai,2022-04-03,Referral,Individual,English
CUST002975,Yuto,Choi,25.0,Male,Italy,,Turin,2026-01-01,Organic Search,Family,
CUST000542,Fernando,Schmidt,27.0,Female,France,,Lyon,2023-02-15,Affiliate Partner,Individual,English
CUST001133,Ishaan,Pereira,25.0,Male,Australia,,Perth,2020-01-21,Email Campaign,Corporate Bundle,English
CUST007793,Jennifer,Richard,41.0,Male,United States,,Los Angeles,2023-11-20,Affiliate Partner,Student,Portuguese
CUST007962,Reyansh,Banda,13.0,Female,United States,,,2026-03-24,Organic Search,Individual,Portuguese
CUST003391,Wei,Chen,40.0,Male,United States,,Seattle,2025-11-26,Affiliate Partner,Family,English
CUST005794,Arjun,Brown,37.0,Male,INDIA,,Bengaluru,2019-01-08,Organic Search,Individual,English
CUST002963,Sarah,Ito,34.0,Female,Italy,,,2025-11-17,Organic Search,Individual,Korean
CUST004156,Daniela,Menon,56.0,Female,United States,,,2023-07-21,Email Campaign,Individual,English
CUST003260,George,Kang,32.0,Other,Indonesia,,Surabaya,2023-05-17,Paid Social,Individual,French
CUST005232,Ishaan,Mensah,33.0,Female,India,,Delhi,2020-11-16,Organic Search,Individual,Japanese
CUST007945,Zola,Qureshi,35.0,Male,India,,Delhi,2022-10-07,Paid Social,Student,Spanish
CUST002584,Olivia,Leroy,20.0,Male,United States,,Phoenix,2024-10-13,Direct,Individual,English
CUST002814,Andrew,Santos,21.0,Female,United Kingdom,,London,2019-11-28,Email Campaign,Individual,Portuguese
CUST006248,Sora,Martin,38.0,Female,United States,,New York,2022-03-03,Paid Social,Individual,Indonesian
CUST006975,Ali,Garcia,31.0,Other,India,,Bengaluru,2025-05-23,Paid Social,Individual,Spanish
CUST005548,Saanvi,Chen,49.0,Male,South Africa,,Pretoria,2021-07-23,Paid Social,Individual,English
CUST003587,Sarah,Diallo,42.0,Male,South Korea,,Incheon,2022-08-02,App Store,Family,German
CUST006913,Jessica,Saito,30.0,Female,United States,,New York,2021-05-28,Organic Search,Individual,English
CUST005273,Zara,Garcia,40.0,Male,Indonesia,,Jakarta,2026-05-25,Organic Search,Individual,German
CUST006847,Elizabeth,Liu,23.0,Female,Indonesia,,,2019-06-15,Organic Search,Individual,Japanese
CUST002631,Ren,Jang,32.0,Male,JAPAN,,Yokohama,2022-07-27,App Store,Individual,Arabic
CUST006447,Alexander,Petit,13.0,Female,South Korea,,Seoul,2026-03-24,Organic Search,Student,English
CUST005138,Jessica,Diallo,21.0,Male,philippines,,Davao City,2023-06-07,App Store,Family,Portuguese
CUST001081,Yuto,Leroy,35.0,Female,India,,Kolkata,2024-03-12,Paid Social,Individual,German
CUST004284,Kiara,Martin,22.0,Male,Mexico,,Monterrey,2020-02-16,Paid Social,Individual,French
CUST002086,Aditya,Liu,26.0,Male,Canada,,Ottawa,2019-10-08,App Store,Student,English
CUST002453,Paula,Weber,38.0,Female,Indonesia,,Bandung,2019-08-03,Referral,Individual,Hindi
CUST004967,Jacob,Liu,36.0,Male,United Arab Emirates,,Dubai,2020-05-04,Organic Search,Family,English
CUST002024,Barbara,Zhao,29.0,Female,United Kingdom,,Liverpool,2025-07-10,Affiliate Partner,Individual,English
CUST005323,Sofia,Banda,20.0,Male,South Africa,,Pretoria,2022-06-15,App Store,Individual,English
CUST006188,Sara,Choi,22.0,Other,United Arab Emirates,,Abu Dhabi,2026-01-06,App Store,Student,German
CUST000227,Myra,Oliveira,33.0,Male,AUSTRALIA,,Sydney,2023-03-09,Organic Search,Student,Japanese
CUST001014,Sofia,Oliveira,13.0,Male,India,,Hyderabad,2024-05-27,Paid Social,Family,Korean
CUST001930,Saanvi,Souza,29.0,Male,India,,Kolkata,2019-07-03,Paid Social,Individual,English
CUST007766,Haruto,Sharma,30.0,Female,Germany,,Hamburg,2023-08-03,App Store,Individual,English
CUST001405,Kiara,Sharma,31.0,Male,Britain,,Liverpool,2021-10-24,Organic Search,Individual,Hindi
CUST002180,Elizabeth,Diallo,,Male,Argentina,,Rosario,2025-08-08,Referral,Student,German
CUST000698,Karen,Lim,39.0,Prefer not to say,India,,Mumbai,2023-03-19,App Store,Individual,Hindi
CUST001125,Barbara,Miller,53.0,Female,Germany,,Berlin,2026-03-09,Partner Bundle (Telecom),Family,Hindi
CUST003896,Aadhya,Mensah,18.0,Female,South Korea,,Busan,2024-04-02,Partner Bundle (Telecom),Student,Japanese
CUST001779,Elena,Nair,40.0,Male,India,,Mumbai,2020-08-12,Paid Social,Individual,Hindi
CUST005144,David,Becker,47.0,Female,United States,,Houston,2022-05-05,Affiliate Partner,Family,English
CUST002635,Harper,Malik,33.0,Female,India,,Bengaluru,2019-10-16,Paid Social,Family,English
CUST003490,Miguel,Miller,24.0,Male,United States,,Houston,2026-01-03,Partner Bundle (Telecom),Family,Indonesian
CUST001038,Karen,Zhao,27.0,Female,Brazil,,Sao Paulo,2023-11-29,App Store,Individual,English
CUST002257,William,Souza,35.0,Male,Indonesia,,Surabaya,2023-01-17,Organic Search,Family,English
CUST006229,Tao,Dubois,,Female,United Kingdom,,Leeds,2026-01-16,Organic Search,Family,Arabic
CUST007953,Hina,Kumar,23.0,Female,U.S.A,,Miami,2024-11-13,Paid Social,Individual,Tagalog
CUST000314,Arjun,Banda,35.0,Female,United Kingdom,,Leeds,2026-03-02,Email Campaign,Individual,English
CUST002650,Ren,Becker,23.0,Male,France,,Lyon,2024-03-03,App Store,Individual,Portuguese
CUST002282,Camila,Chikoti,25.0,Male,India,,,2022-05-17,Paid Social,Corporate Bundle,English
CUST005775,Wei,Rodrigues,28.0,Female,United States,,Miami,2022-05-31,Paid Social,Family,French
CUST002548,Charlotte,Martin,29.0,Female,Japan,,Yokohama,2024-03-06,Referral,Individual,English
CUST002160,Linda,Huang,39.0,Male,Germany,,Hamburg,2021-08-17,Paid Social,Student,Indonesian
CUST003138,Harry,Chikoti,37.0,Male,IN,,Mumbai,2019-02-17,Affiliate Partner,Family,Spanish
CUST006690,Miguel,Leroy,13.0,Male,Germany,,Hamburg,2019-12-29,Partner Bundle (Telecom),Individual,English
CUST003968,Hassan,Chowdhury,37.0,Male,United States,,Seattle,2024-01-18,App Store,Individual,French
CUST001429,Aisha,Rodrigues,45.0,Male,United States,,Chicago,2025-01-13,Referral,Family,Hindi
CUST005756,Krishna,Okonkwo,13.0,Female,India,,Ahmedabad,2019-12-11,Referral,Corporate Bundle,Hindi
CUST002521,Harry,Verma,46.0,Male,South Africa,,Pretoria,2020-12-29,Email Campaign,Corporate Bundle,French
CUST006498,Fernando,Kim,27.0,Male,Indonesia,,Bandung,2019-12-04,App Store,Individual,French
CUST005830,Mohammed,Iyer,34.0,Other,Canada,,Vancouver,2019-06-12,Organic Search,Corporate Bundle,English
CUST005957,Jack,Bernard,19.0,Female,Mexico,,Mexico City,2022-04-13,App Store,Family,Arabic
CUST000449,Freddie,Martinez,32.0,Female,United States,,Austin,2020-07-27,Referral,Family,Hindi
CUST006267,Charlie,Li,56.0,Female,India,,Delhi,2020-11-10,Referral,Family,Hindi
CUST001285,Zara,Ahmed,33.0,Other,united states,,Miami,2021-03-31,App Store,Family,Hindi
CUST003728,Fernando,Wu,37.0,Male,Mexico,,Monterrey,2024-09-14,App Store,Student,Korean
CUST000362,Aarav,Rodrigues,16.0,Female,Brazil,,Brasilia,2022-10-25,Partner Bundle (Telecom),Individual,Portuguese
CUST007412,Luis,Laurent,39.0,Male,united kingdom,,Leeds,2020-06-25,Email Campaign,Corporate Bundle,
CUST006416,Diya,Nakamura,18.0,Female,India,,Hyderabad,2020-08-17,Email Campaign,Individual,English
CUST002461,Haruto,Martinez,23.0,Male,Indonesia,,Bandung,2019-01-19,Organic Search,Corporate Bundle,French
CUST000023,Wei,Patel,25.0,Male,Indonesia,,Bandung,2026-04-13,Referral,Student,English
CUST002067,Camila,Koch,22.0,Male,Canada,,Calgary,2019-02-13,Organic Search,Family,German
CUST001654,Mary,Becker,35.0,Female,United States,,Austin,2019-10-06,Organic Search,Family,Portuguese
CUST000703,Reyansh,Johnson,34.0,Male,Brazil,,Fortaleza,2025-02-15,Email Campaign,Individual,English
CUST005832,Daniel,Okafor,18.0,Male,India,,Ahmedabad,2024-07-25,Organic Search,Individual,English
CUST002744,Kiara,Iyer,44.0,Female,South Korea,,Incheon,2021-07-01,App Store,Family,Spanish
CUST001377,Sara,Johnson,26.0,Male,Japan,,Osaka,2022-03-10,App Store,Individual,German
CUST006543,Ava,Adeyemi,,Female,United Arab Emirates,,Sharjah,2020-12-10,Paid Social,Individual,English
CUST002469,Amelia,Yang,,Male,Japan,,Yokohama,2024-03-16,Affiliate Partner,Individual,English
CUST003755,Elena,Fischer,35.0,Male,Germany,,Frankfurt,2024-09-13,Organic Search,Corporate Bundle,German
CUST002326,Harry,Moreau,51.0,Male,USA,,New York,2025-04-10,Paid Social,Family,German
CUST000461,Jennifer,Chen,,Female,France,,Nice,2021-11-14,Organic Search,Family,English
CUST004184,Diego,Zhou,25.0,Female,Canada,,Montreal,2019-07-05,App Store,Individual,English
CUST004083,Karen,Suzuki,32.0,Male,Spain,,Madrid,2020-12-12,App Store,Individual,Korean
CUST001487,Sota,Kumar,40.0,Female,United States,,Phoenix,2022-09-04,Organic Search,Individual,English
CUST003679,Juan,Liu,52.0,Male,Poland,,Krakow,2023-03-02,Affiliate Partner,Individual,Portuguese
CUST000283,Fernando,Santos,37.0,Female,Brazil,,Rio de Janeiro,2022-04-04,Paid Social,Family,French
CUST004559,Ming,Jung,31.0,Male,Argentina,,Cordoba,2024-06-19,Affiliate Partner,Family,Portuguese
CUST004309,Harper,Okonkwo,48.0,Male,United States,,Houston,2019-06-04,Referral,Individual,English
CUST004866,Oliver,Schmidt,16.0,Female,United States,,Austin,2022-03-30,Direct,Individual,English
CUST003538,Oliver,Costa,30.0,Male,South Africa,,Cape Town,2025-10-31,Direct,Family,English
CUST005665,Yong,Martinez,50.0,Male,Canada,,Montreal,2025-11-28,Paid Social,Individual,Italian
CUST002582,Joseph,Chowdhury,34.0,Female,United Kingdom,,Leeds,2020-06-08,Direct,Student,
CUST001369,Jennifer,Kumar,130.0,Female,Argentina,,Buenos Aires,2021-04-27,Organic Search,Individual,Korean
CUST007261,Kofi,Dubois,47.0,Male,Mexico,,Puebla,2019-04-16,Organic Search,Family,Portuguese
CUST005408,Riku,Yoon,13.0,Male,Germany,,Berlin,2024-10-18,Direct,Corporate Bundle,Spanish
CUST000598,Ava,Souza,13.0,Female,UAE,,Abu Dhabi,2024-11-09,App Store,Individual,Spanish
CUST004352,Zara,Cho,61.0,Male,France,,Nice,2022-05-28,Email Campaign,Student,Tagalog
CUST006539,Freddie,Nair,13.0,Male,Philippines,,Manila,2019-09-21,Paid Social,Student,Hindi
CUST004759,Krishna,Wang,15.0,Female,japan,,Osaka,2020-04-16,App Store,Individual,Arabic
CUST007987,Andrew,Rodriguez,37.0,Female,Canada,,Vancouver,2023-01-03,Referral,Individual,German
CUST003515,Aarav,Zhao,32.0,Female,Italy,,Milan,2020-08-22,Organic Search,Individual,Hindi
CUST005254,Gabriela,Robert,18.0,Male,Canada,,Vancouver,2020-03-22,Email Campaign,Individual,Arabic
CUST003469,Sami,Li,55.0,Male,Indonesia,,Bandung,2019-09-21,Direct,Family,Spanish
CUST006068,Oliver,Ito,30.0,Male,France,,Marseille,2023-04-22,App Store,Individual,Korean
CUST002991,Valentina,Singh,29.0,Female,United States,,Chicago,2022-05-01,Affiliate Partner,Family,English
CUST007163,Daniela,Chen,25.0,Male,India,,Delhi,2023-05-25,Referral,Student,
CUST007889,Zara,Muller,26.0,Female,India,,Pune,2025-09-23,Direct,Individual,English
CUST002545,Robert,Richard,40.0,Male,U.S.A,,Austin,2022-03-27,Email Campaign,Corporate Bundle,Spanish
CUST007331,Feng,Wagner,30.0,Female,India,,Hyderabad,2022-06-03,Direct,Family,English
CUST005901,Ali,Bernard,36.0,Male,Indonesia,,Surabaya,2023-05-29,Partner Bundle (Telecom),Family,Japanese
CUST004067,Jack,Chowdhury,42.0,Female,FR,,Toulouse,2019-12-07,Direct,Individual,French
CUST003989,Oliver,Meyer,42.0,Male,South Korea,,Incheon,2024-03-05,App Store,Individual,Tagalog
CUST007770,Khalid,Patel,41.0,Male,Spain,,Valencia,2024-01-14,Affiliate Partner,Individual,Arabic
CUST000686,Ali,Kumar,43.0,Male,United Arab Emirates,,Abu Dhabi,2021-12-20,Organic Search,Corporate Bundle,Hindi
CUST005142,Miguel,Garcia,26.0,Male,Nigeria,,Lagos,2022-04-26,App Store,Family,English
CUST003244,Mary,Johnson,34.0,Female,India,,Delhi,2021-08-10,Referral,Individual,English
CUST006798,Vivaan,Alves,21.0,Male,India,,Pune,2024-05-29,Partner Bundle (Telecom),Family,German
CUST004084,Jun,Ito,41.0,Male,Brazil,,Brasilia,2025-02-06,Affiliate Partner,Individual,Tagalog
CUST002838,Layla,Costa,31.0,Male,Brazil,,Salvador,2025-07-27,Affiliate Partner,Family,Portuguese
CUST003698,John,Singh,15.0,Female,U.S.A,,New York,2022-04-07,Organic Search,Individual,Hindi
CUST004942,Lucas,Menon,26.0,Other,US,,Chicago,2025-07-18,Referral,Family,French
CUST007253,Alejandro,Santos,41.0,Female,United States,,Chicago,2022-03-26,Organic Search,Corporate Bundle,Arabic
CUST004041,Rania,Wu,,Male,FRANCE,,Nice,2020-08-17,App Store,Corporate Bundle,English
CUST002231,Amara,Ahmed,46.0,Male,Philippines,,Cebu City,2020-12-16,Paid Social,Individual,Japanese
CUST005880,Lucas,Yamamoto,33.0,Female,United States,,Houston,2021-07-02,Organic Search,Individual,Arabic
CUST002321,Vivaan,Robert,29.0,Female,Australia,,Brisbane,2024-04-26,Partner Bundle (Telecom),Student,Indonesian
CUST004879,William,Chowdhury,39.0,Other,United States,,Miami,2019-12-02,Referral,Individual,
CUST000522,Hao,Davis,26.0,Female,United Kingdom,,,2023-01-15,Paid Social,Individual,Arabic
CUST000523,Krishna,Miller,32.0,Female,Brazil,,Brasilia,2021-08-08,Partner Bundle (Telecom),Individual,English
CUST006287,Themba,Qureshi,43.0,Male,United States,,New York,2023-07-27,App Store,Family,Spanish
CUST006479,Myra,Smith,50.0,Female,United States,,Miami,2022-08-18,Referral,Individual,German
CUST006476,Harry,Takahashi,33.0,Male,Nigeria,,Kano,2019-07-30,Referral,Corporate Bundle,English
CUST007671,Jennifer,Koch,27.0,Other,Brazil,,,2020-07-07,Organic Search,Individual,English
CUST000781,Ibrahim,Durand,34.0,Female,Bharat,,Kolkata,2022-10-01,Organic Search,Family,Japanese
CUST007051,Arjun,Yamamoto,36.0,Male,,,Hamburg,2023-04-20,Organic Search,Individual,English
CUST005459,Saanvi,Diallo,28.0,Female,United States,,Austin,2020-04-12,Direct,Individual,Hindi
CUST000652,Ethan,Leroy,13.0,Female,U.S.A,,Chicago,2020-05-07,Email Campaign,Student,English
CUST006009,Myra,Wang,19.0,Male,India,,Ahmedabad,2025-03-27,Partner Bundle (Telecom),Family,Portuguese
CUST002197,James,Patel,44.0,Female,Britain,,Glasgow,2025-07-18,Referral,Family,English
CUST000370,Mariana,Adeyemi,55.0,Prefer not to say,United Kingdom,,Liverpool,2019-04-23,Paid Social,Student,Arabic
CUST005283,Nia,Laurent,38.0,Male,France,,Toulouse,2021-08-08,Email Campaign,Family,Hindi
CUST004215,Ming,Zhang,33.0,Female,JP,,Yokohama,2019-12-31,Email Campaign,Individual,Hindi
CUST000378,Sami,Iyer,35.0,Male,South Korea,,Busan,2023-01-18,Affiliate Partner,Individual,French
CUST005666,Jun,Liu,26.0,Female,United Kingdom,,Liverpool,2021-02-01,Paid Social,Student,English
CUST002217,Alfie,Qureshi,39.0,Male,Spain,,Valencia,2019-09-07,Direct,Family,Japanese
CUST006132,Oliver,Jung,38.0,Male,Nigeria,,Ibadan,2022-05-27,Paid Social,Corporate Bundle,German
CUST001614,Emma,Jones,21.0,Male,United States,,Miami,2024-04-17,Paid Social,Family,Korean
CUST007224,Ayaan,Sharma,33.0,Female,Spain,,Madrid,2023-10-13,Organic Search,Family,English
CUST003633,Ali,Liu,44.0,Female,Japan,,Nagoya,2023-05-31,Organic Search,Individual,Portuguese
CUST000963,Olivia,Leroy,30.0,Female,,,Lyon,2022-10-09,App Store,Individual,Portuguese
CUST007244,Khalid,Martin,39.0,Female,United Kingdom,,Leeds,2026-04-27,Paid Social,Student,Portuguese
CUST007552,Evelyn,Jones,20.0,Female,indonesia,,Jakarta,2020-11-16,Email Campaign,Family,Portuguese
CUST006138,Nia,Durand,18.0,Male,United States,,Chicago,2019-10-06,Referral,Individual,English
CUST005460,Emma,Bernard,55.0,Female,USA,,Los Angeles,2025-10-02,Email Campaign,Individual,English
CUST000360,Sakura,Nair,39.0,Male,Canada,,Calgary,2024-02-17,Paid Social,Individual,Indonesian
CUST003840,Reyansh,Liu,29.0,Female,Spain,,Madrid,2021-07-21,Organic Search,Family,Japanese
CUST006746,Amara,Oliveira,26.0,Female,INDIA,,Mumbai,2020-01-20,Organic Search,Individual,Arabic
CUST001247,Amina,Dubois,43.0,Male,Australia,,Brisbane,2020-08-16,App Store,Family,Korean
CUST005622,Susan,Ferreira,34.0,Female,United States,,Los Angeles,2020-02-14,Email Campaign,Family,English
CUST005088,Myra,Baig,13.0,Male,India,,Bengaluru,2026-05-10,App Store,Individual,Hindi
CUST003695,Navya,Rodriguez,13.0,Male,USA,,Los Angeles,2021-05-30,Paid Social,Individual,Hindi
CUST006795,Chidi,Durand,34.0,Male,DE,,Frankfurt,2020-08-05,Email Campaign,Student,Spanish
CUST002568,Noor,Reddy,33.0,Female,Canada,,Toronto,2023-09-22,Referral,Family,Indonesian
CUST003424,Themba,Miller,15.0,Female,Indonesia,,Surabaya,2025-01-04,Email Campaign,Individual,German
CUST002038,Tariq,Yoon,43.0,Male,France,,Toulouse,2020-12-27,Direct,Corporate Bundle,English
CUST000773,Chidi,Petit,20.0,Male,India,,Ahmedabad,2019-08-22,Organic Search,Individual,Spanish
CUST007396,Riya,Menon,26.0,Female,IN,,Mumbai,2024-04-15,Organic Search,Individual,Arabic
CUST003563,Karen,Becker,22.0,Male,Brazil,,Salvador,2019-02-23,Partner Bundle (Telecom),Individual,Spanish
CUST007615,Jacob,Robert,23.0,Male,Germany,,Frankfurt,2020-07-21,App Store,Individual,English
CUST007358,Haruto,Ferreira,23.0,Male,India,,Chennai,2024-04-13,App Store,Individual,English
CUST005332,Noah,Durand,31.0,Female,India,,Kolkata,2025-05-16,Affiliate Partner,Individual,English
CUST004532,Ishaan,Menon,46.0,Female,India,,Bengaluru,2023-02-28,Organic Search,Family,French
CUST001675,Lucia,Souza,23.0,Male,Indonesia,,,2026-04-10,Organic Search,Family,Japanese
CUST000366,Ethan,Petit,28.0,Female,United Kingdom,,,2023-04-02,Organic Search,Family,English
CUST007312,Navya,Verma,31.0,Male,POLAND,,Wroclaw,2026-02-05,Affiliate Partner,Individual,English
CUST005215,Elijah,Wang,37.0,Female,INDIA,,Ahmedabad,2024-11-01,Affiliate Partner,Individual,Hindi
CUST004328,Ren,Moreau,41.0,Female,United States,,Miami,2023-01-02,Organic Search,Individual,Hindi
CUST000148,Robert,Koch,32.0,Female,South Korea,,Seoul,2020-07-13,Partner Bundle (Telecom),Family,Spanish
CUST007075,Ming,Meyer,24.0,Male,Australia,,Perth,2026-02-04,Paid Social,Corporate Bundle,English
CUST003089,Elena,Sheikh,46.0,Female,United States,,Houston,2025-09-29,Affiliate Partner,Individual,English
CUST006352,Anika,Choi,24.0,Male,South Korea,,,2022-01-31,Organic Search,Student,
CUST000408,Alfie,Yoon,41.0,Male,United States,,Seattle,2022-09-30,Referral,Corporate Bundle,
CUST007432,Maya,Almeida,47.0,Female,Australia,,Perth,2024-11-07,Affiliate Partner,Individual,English
CUST003457,Ishaan,Garcia,31.0,Female,,,Leeds,2021-03-11,App Store,Family,English
CUST004183,Robert,Adeyemi,49.0,Female,Germany,,Cologne,2020-09-10,Email Campaign,Student,Arabic
CUST003577,Saanvi,Reddy,29.0,Female,,,Los Angeles,2020-03-24,Partner Bundle (Telecom),Individual,English
CUST003272,Aarav,Williams,27.0,Male,Mexico,,Guadalajara,2021-11-01,Email Campaign,Family,French
CUST004941,Valentina,Okonkwo,26.0,Female,germany,,Hamburg,2020-08-28,Email Campaign,Individual,Korean
CUST001032,Aarav,Sharma,13.0,Male,Germany,,Berlin,2022-01-14,Organic Search,Family,Hindi
CUST007929,Noor,Yang,13.0,Other,United Kingdom,,London,2019-05-26,App Store,Individual,Indonesian
CUST000856,Saanvi,Johnson,13.0,Female,CA,,Calgary,2024-05-25,Email Campaign,Family,Portuguese
CUST003927,Zara,Yang,36.0,Male,United Arab Emirates,,Abu Dhabi,2019-06-26,Affiliate Partner,Individual,Spanish
CUST000079,Elena,Kumar,16.0,Female,India,,Hyderabad,2025-07-16,Paid Social,Individual,Japanese
CUST002248,Michael,Zhou,20.0,Female,India,,Bengaluru,2023-09-09,Referral,Individual,Hindi
CUST005968,Tariq,Durand,27.0,Male,United States,,New York,2026-01-23,Affiliate Partner,Individual,Polish
CUST007352,Paula,Kobayashi,29.0,Female,U.K.,,Manchester,2021-10-04,Organic Search,Family,English
CUST007679,Lei,Sato,41.0,Male,USA,,,2020-09-30,Affiliate Partner,Individual,English
CUST002095,Salma,Fischer,42.0,Male,Brazil,,Sao Paulo,2021-05-01,Paid Social,Individual,Indonesian
CUST005725,Amina,Menon,38.0,Male,Italy,,Milan,2023-05-19,Organic Search,Student,English
CUST000789,Ayaan,Sato,20.0,Other,South Africa,,Cape Town,2022-02-23,Referral,Individual,English
CUST002280,Pari,Schmidt,38.0,Male,South Africa,,Cape Town,2022-05-10,Email Campaign,Individual,Polish
CUST004096,Aoi,Petit,34.0,Male,Australia,,Perth,2023-06-12,Affiliate Partner,Individual,German
CUST003898,Reyansh,Chikoti,22.0,Male,Philippines,,Cebu City,2019-01-01,Partner Bundle (Telecom),Corporate Bundle,English
CUST005418,Mohammed,Kobayashi,13.0,Female,,,Ottawa,2025-08-07,Paid Social,Individual,Spanish
CUST006686,Ava,Cho,40.0,Male,India,,Bengaluru,2022-09-23,Partner Bundle (Telecom),Individual,Portuguese
CUST003632,Tendai,Kumar,33.0,Male,United States,,Chicago,2025-07-14,Direct,Individual,English
CUST006978,Sai,Rodriguez,35.0,Male,Italy,,Naples,2023-04-29,Affiliate Partner,Individual,Hindi
CUST000425,Harry,Brown,46.0,Male,United States,,Los Angeles,2021-03-22,Partner Bundle (Telecom),Family,Portuguese
CUST000393,Robert,Meyer,44.0,Male,United Kingdom,,Leeds,2024-05-25,Email Campaign,Family,English
CUST006015,Matthew,Nakamura,34.0,Male,United Kingdom,,Liverpool,2023-06-08,App Store,Family,Portuguese
CUST007967,Diya,Kobayashi,39.0,Female,Canada,,Vancouver,2022-10-14,Referral,Student,Arabic
CUST004201,Alfie,Okafor,22.0,Prefer not to say,Argentina,,Rosario,2021-03-05,App Store,Student,Spanish
CUST002673,John,Johnson,18.0,Female,United States,,,2020-07-04,Referral,Individual,Hindi
CUST007363,Sophia,Kumar,17.0,Male,India,,Bengaluru,2020-06-08,Email Campaign,Student,English
CUST005445,Barbara,Baig,38.0,Male,United States,,Chicago,2019-09-23,App Store,Family,Portuguese
CUST003494,Harper,Wu,41.0,Male,United States,,Los Angeles,2024-06-10,Organic Search,Corporate Bundle,English
CUST001460,Ethan,Banda,35.0,Female,United States,,Houston,2023-06-17,App Store,Individual,Portuguese
CUST005815,Camila,Koch,45.0,Female,Japan,,Tokyo,2024-12-06,Affiliate Partner,Corporate Bundle,English
CUST005441,John,Becker,18.0,Male,United Kingdom,,Birmingham,2021-12-04,Direct,Individual,Portuguese
CUST005342,Sakura,Iyer,19.0,Male,India,,,2024-01-17,Partner Bundle (Telecom),Student,Korean
CUST003836,Linda,Chowdhury,25.0,Female,Germany,,Hamburg,2025-02-11,Affiliate Partner,Family,Korean
CUST007035,Oliver,Souza,27.0,Female,United States,,Austin,2022-01-11,Affiliate Partner,Individual,English
CUST006235,Jun,Alves,39.0,Male,Brazil,,Rio de Janeiro,2026-05-05,Paid Social,Student,Arabic
CUST007657,Arjun,Davis,35.0,Female,Brazil,,Sao Paulo,2023-10-25,Referral,Individual,English
CUST004725,Hao,Fischer,2.0,Male,Philippines,,Davao City,2023-04-08,Referral,Individual,Spanish
CUST006251,Vihaan,Otieno,42.0,Female,Canada,,Vancouver,2022-03-27,Direct,Student,English
CUST002356,Daniela,Baig,27.0,Male,Philippines,,Manila,2024-06-07,Affiliate Partner,Individual,Hindi
CUST007949,Mia,Singh,24.0,Male,India,,Mumbai,2023-01-26,Partner Bundle (Telecom),Family,English
CUST002443,Jian,Okonkwo,40.0,Male,India,,Chennai,2021-03-11,Paid Social,Student,Spanish
CUST006999,Andrew,Santos,13.0,Male,United Kingdom,,London,2025-01-02,Partner Bundle (Telecom),Family,Korean
CUST007385,Michael,Bernard,34.0,Male,Germany,,Cologne,2024-08-31,Referral,Individual,French
CUST006264,Salma,Ali,,Other,United States,,Miami,2023-12-12,App Store,Individual,
CUST000465,Susan,Abara,32.0,Female,South Korea,,Seoul,2024-06-29,Organic Search,Individual,English
CUST000164,Saanvi,Park,27.0,Female,South Africa,,Cape Town,2019-04-21,Partner Bundle (Telecom),Student,English
CUST007479,Leo,Diallo,33.0,Female,India,,Pune,2024-05-02,Email Campaign,Individual,Hindi
CUST007210,Jun,Yoon,23.0,Female,United Arab Emirates,,Dubai,2022-10-04,App Store,Family,English
CUST007709,Lucia,Nair,21.0,Male,United Kingdom,,Leeds,2026-03-01,Organic Search,Student,English
CUST007978,Amina,Yoon,15.0,Female,Canada,,Ottawa,2021-11-12,Email Campaign,Family,Portuguese
CUST002010,Ren,Saito,18.0,Female,indonesia,,Bandung,2025-01-21,Organic Search,Family,English
CUST003085,Riku,Menon,33.0,Male,United States,,Houston,2023-11-04,Referral,Family,Portuguese
CUST000901,Ananya,Wagner,21.0,Male,Spain,,Seville,2024-12-27,Referral,Individual,English
CUST006302,Sara,Wu,,Male,United States,,Houston,2024-10-28,Affiliate Partner,Individual,English
CUST004838,Emma,Souza,24.0,Female,United States,,Phoenix,2019-01-09,Direct,Family,Korean
CUST002294,Leo,Moreau,22.0,Female,India,,Delhi,2025-10-17,Organic Search,Family,English
CUST004482,Jennifer,Reddy,42.0,Other,United States,,Austin,2023-05-27,App Store,Family,English
CUST004606,Juan,Wang,35.0,Male,United States,,Austin,2022-06-09,Paid Social,Family,Hindi
CUST003717,Sakura,Jang,53.0,Female,United Kingdom,,Birmingham,2025-09-04,Direct,Family,French
CUST006680,Salma,Lee,25.0,Female,India,,Chennai,2022-12-15,Referral,Individual,Arabic
CUST001765,Zara,Rodrigues,40.0,Male,Argentina,,Cordoba,2022-08-26,Email Campaign,Individual,Hindi
CUST001550,Pari,Cho,34.0,Female,South Korea,,Incheon,2020-02-28,Referral,Family,French
CUST003030,Ethan,Iyer,21.0,Female,Argentina,,Buenos Aires,2020-02-29,Organic Search,Family,French
CUST006082,Lucia,Jang,35.0,Female,U.S.A,,Miami,2023-10-05,Organic Search,Individual,Arabic
CUST002045,Riku,Nair,59.0,Male,Nigeria,,Kano,2019-03-26,App Store,Family,German
CUST000768,Riya,Patel,23.0,Male,India,,Ahmedabad,2024-06-16,Email Campaign,Student,Korean
CUST001509,Myra,Singh,40.0,Female,Japan,,Tokyo,2025-12-06,Paid Social,Individual,
CUST007815,Elena,Mwangi,42.0,Other,United States,,Austin,2024-02-16,Organic Search,Individual,French
CUST004518,Fatima,Garcia,55.0,Male,Germany,,Hamburg,2020-05-27,Partner Bundle (Telecom),Family,Spanish
CUST004220,Tao,Reddy,34.0,Female,South Korea,,Seoul,2025-02-26,Organic Search,Individual,Japanese
CUST006689,Jack,Yamamoto,29.0,Male,Japan,,Osaka,2025-12-01,Partner Bundle (Telecom),Individual,Hindi
CUST005274,Elizabeth,Zhao,23.0,Female,Germany,,Hamburg,2022-04-15,Partner Bundle (Telecom),Individual,Indonesian
CUST003293,Oliver,Ferreira,35.0,Male,,,,2025-06-03,Organic Search,Individual,Spanish
CUST000820,Qiang,Jang,30.0,Female,United States,,,2024-10-31,Email Campaign,Corporate Bundle,English
CUST001404,Ahmed,Santos,,Female,united kingdom,,London,2023-07-30,Email Campaign,Individual,Hindi
CUST001383,Daniel,Kumar,19.0,Female,India,,Kolkata,2025-12-08,Partner Bundle (Telecom),Family,Spanish
CUST002149,Elizabeth,Patel,33.0,Male,United Kingdom,,London,2020-02-24,App Store,Individual,Hindi
CUST001639,Linda,Garcia,19.0,Male,India,,Bengaluru,2023-08-12,Direct,Student,Spanish
CUST007994,Leo,Nair,26.0,Female,United Kingdom,,London,2021-09-05,Organic Search,Family,Hindi
CUST000400,Tariq,Martin,24.0,Prefer not to say,INDIA,,Ahmedabad,2019-08-10,Organic Search,Student,Portuguese
CUST000883,Paula,Johnson,56.0,Female,United States,,Phoenix,2025-09-21,Partner Bundle (Telecom),Family,Hindi
CUST003566,Tariq,Verma,26.0,Male,India,,Pune,2020-10-29,Organic Search,Individual,
CUST007280,Aadhya,Meyer,22.0,Female,NG,,,2022-01-11,Paid Social,Family,English
CUST001180,Jack,Bernard,28.0,Female,Philippines,,Cebu City,2020-12-28,Referral,Family,Spanish
CUST004245,Amina,Yang,50.0,Female,UK,,Manchester,2023-12-16,Organic Search,Individual,English
CUST005219,Karen,Zhao,39.0,Male,BR,,Sao Paulo,2021-09-25,Referral,Individual,Korean
CUST006396,Sami,Mensah,27.0,Female,Indonesia,,Jakarta,2024-02-26,Organic Search,Student,German
CUST002131,Sakura,Koch,36.0,Female,India,,Hyderabad,2019-12-15,Partner Bundle (Telecom),Individual,Tagalog
CUST005079,Valentina,Suzuki,18.0,Female,India,,Bengaluru,2023-03-28,Paid Social,Student,Hindi
CUST000457,Camila,Wang,36.0,Other,Bharat,,Mumbai,2019-03-01,App Store,Individual,Spanish
CUST007089,Kwame,Park,37.0,Female,India,,Pune,2019-09-09,Affiliate Partner,Individual,Korean
CUST001951,Ming,Choi,22.0,Male,France,,Toulouse,2021-04-26,App Store,Family,English
CUST000690,Zola,Rodriguez,22.0,Female,Philippines,,Cebu City,2019-12-13,Referral,Individual,English
CUST006362,Noor,Banda,53.0,Male,France,,Toulouse,2025-03-08,Organic Search,Family,Japanese
CUST007768,Feng,Zhao,21.0,Female,United States,,Miami,2023-06-11,Paid Social,Individual,English
CUST001954,Matthew,Okafor,25.0,Male,United Arab Emirates,,Dubai,2026-01-02,App Store,Student,Arabic
CUST002711,Aisha,Banda,46.0,Female,Spain,,Seville,2021-06-18,Paid Social,Individual,Spanish
CUST006740,Henry,Laurent,22.0,Male,,,Seoul,2020-04-25,App Store,Family,Portuguese
CUST005982,Aisha,Iyer,13.0,Female,Brazil,,Brasilia,2024-02-20,Paid Social,Family,
CUST004350,Ricardo,Robert,38.0,Female,,,Brisbane,2019-03-15,Paid Social,Student,English
CUST006987,Karen,Mensah,46.0,Female,Brazil,,Rio de Janeiro,2024-10-14,App Store,Individual,Indonesian
CUST001885,Harper,Laurent,33.0,Female,Germany,,Frankfurt,2023-12-21,Direct,Family,English
CUST007704,Riku,Okonkwo,24.0,Male,United States,,Chicago,2025-03-05,Email Campaign,Family,English
CUST007116,Oliver,Diallo,21.0,Female,Poland,,Wroclaw,2023-11-12,App Store,Individual,Portuguese
CUST002495,Luis,Menon,22.0,Male,Germany,,Munich,2019-04-23,Affiliate Partner,Student,Hindi
CUST003037,Noor,Qureshi,40.0,Male,indonesia,,Surabaya,2019-06-02,Affiliate Partner,Individual,French
CUST003604,Juan,Liu,42.0,Female,Spain,,Seville,2019-01-30,Organic Search,Family,English
CUST000846,Tendai,Richard,16.0,Female,Australia,,Brisbane,2023-12-08,Paid Social,Family,Hindi
CUST000543,Ricardo,Khan,44.0,Female,argentina,,Cordoba,2019-11-01,Organic Search,Family,Indonesian
CUST003725,Kofi,Costa,17.0,Female,South Africa,,Cape Town,2022-06-24,Referral,Individual,Hindi
CUST004188,Diego,Brown,22.0,Female,JP,,Osaka,2025-06-02,Referral,Family,Spanish
CUST003680,John,Meyer,29.0,Male,US,,Seattle,2025-09-07,Organic Search,Student,English
CUST006427,Sami,Okonkwo,33.0,Male,United States,,Chicago,2024-08-07,Organic Search,Corporate Bundle,Italian
CUST006584,Ibrahim,Zhou,25.0,Male,Spain,,Seville,2021-05-24,Partner Bundle (Telecom),Individual,Korean
CUST007702,Emma,Bernard,46.0,Female,United States,,New York,2021-08-30,Paid Social,Corporate Bundle,English
CUST002965,Yui,Watanabe,34.0,Female,Indonesia,,Bandung,2024-04-16,App Store,Individual,English
CUST002530,Themba,Dubois,33.0,Female,Canada,,Calgary,2024-11-20,App Store,Corporate Bundle,Portuguese
CUST001049,Sai,Richard,41.0,Male,India,,Chennai,2022-10-01,Referral,Individual,English
CUST001961,Aadhya,Alves,33.0,Female,Brazil,,Salvador,2019-01-07,Email Campaign,Individual,Indonesian
CUST002531,Ricardo,Sharma,13.0,Female,France,,Paris,2022-06-09,Email Campaign,Individual,English
CUST005932,Yui,Meyer,13.0,Female,CANADA,,Toronto,2024-12-05,Direct,Student,Spanish
CUST000238,Daniela,Ali,43.0,Female,United Arab Emirates,,Abu Dhabi,2022-05-02,Organic Search,Family,English
CUST004918,Ibrahim,Laurent,13.0,Male,United States,,Austin,2024-06-05,Paid Social,Student,Hindi
CUST001134,Ibrahim,Almeida,44.0,Other,India,,Delhi,2023-02-24,Referral,Individual,Portuguese
CUST006658,Hao,Souza,24.0,Male,United Kingdom,,Birmingham,2022-01-28,Organic Search,Student,English
CUST004260,Freddie,Jang,40.0,Female,US,,Phoenix,2025-06-04,Email Campaign,Individual,Indonesian
CUST007194,Andrew,Bernard,31.0,Female,United States,,Austin,2021-05-30,App Store,Individual,Hindi
CUST006054,Jian,Richard,24.0,Male,South Korea,,Incheon,2023-03-14,App Store,Student,Spanish
CUST006211,Reyansh,Iyer,44.0,Male,,,Phoenix,2024-08-01,App Store,Student,English
CUST002979,James,Iyer,45.0,Female,FR,,Marseille,2021-10-28,Paid Social,Corporate Bundle,English
CUST007617,Henry,Suzuki,21.0,Female,Germany,,Munich,2019-01-20,Partner Bundle (Telecom),Family,Korean
CUST006192,Salma,Muller,25.0,Female,South Korea,,Incheon,2021-06-28,Organic Search,Family,Indonesian
CUST005439,Jack,Rahman,46.0,Female,Italy,,Rome,2020-02-17,Organic Search,Individual,English
CUST006006,Gabriela,Singh,30.0,Female,United States,,Miami,2024-07-12,App Store,Individual,
CUST003920,Sai,Okafor,,Prefer not to say,United Kingdom,,Manchester,2020-05-10,Paid Social,Student,Arabic
CUST003139,Jose,Petit,31.0,Male,Mexico,,Puebla,2026-05-31,Paid Social,Individual,English
CUST007184,Jian,Zhang,49.0,Male,Bharat,,Mumbai,2023-01-03,Paid Social,Family,English
CUST004074,Amina,Wu,26.0,Male,United States,,Miami,2021-05-02,Paid Social,Student,Portuguese
CUST006916,Riku,Tanaka,13.0,Female,Poland,,Wroclaw,2026-04-17,Organic Search,Individual,Hindi
CUST003230,Sota,Zhang,13.0,Female,United States,,Seattle,2024-06-01,App Store,Individual,Spanish
CUST001827,Diego,Robert,20.0,Male,Spain,,Valencia,2022-12-09,Referral,Corporate Bundle,English
CUST000594,Sophia,Oliveira,33.0,Female,DE,,Cologne,2022-07-02,Organic Search,Individual,English
CUST002726,Sota,Yang,22.0,Male,India,,,2025-09-01,Organic Search,Corporate Bundle,English
CUST004138,Yuto,Yoon,19.0,Female,Germany,,Munich,2021-04-20,Affiliate Partner,Student,Tagalog
CUST000561,Fatima,Meyer,41.0,Male,United States,,Austin,2025-03-04,Organic Search,Corporate Bundle,German
CUST006309,Charlotte,Souza,28.0,Male,India,,Chennai,2021-10-13,Partner Bundle (Telecom),Individual,English
CUST005674,Leo,Saito,18.0,Other,United Kingdom,,Glasgow,2020-07-31,Partner Bundle (Telecom),Family,English
CUST000244,Myra,Muller,33.0,Male,Canada,,Montreal,2025-07-10,Organic Search,Family,English
CUST004438,Anika,Rodrigues,46.0,Female,United Kingdom,,Leeds,2022-10-08,Email Campaign,Individual,Spanish
CUST005588,Lucas,Yang,15.0,Female,CANADA,,Calgary,2021-12-25,Organic Search,Student,English
CUST000406,Saanvi,Choi,33.0,Male,U.S.A,,Phoenix,2023-09-07,Referral,Family,Spanish
CUST001443,Lucas,Mensah,35.0,Female,United Arab Emirates,,Dubai,2023-08-24,Email Campaign,Student,English
CUST000262,Omar,Johnson,34.0,Female,,,Hyderabad,2025-01-09,Affiliate Partner,Individual,German
CUST005401,Chidi,Brown,32.0,Other,United Kingdom,,Liverpool,2020-03-07,Referral,Corporate Bundle,Spanish
CUST007343,Valentina,Schneider,40.0,Female,India,,Ahmedabad,2023-11-14,Paid Social,Family,Japanese
CUST001690,Ming,Wang,39.0,Female,Argentina,,Cordoba,2022-08-18,Referral,Student,Tagalog
CUST001726,Alexander,Chikoti,47.0,Female,United States,,New York,2025-09-29,Organic Search,Family,Arabic
CUST006721,Andrew,Lim,45.0,Male,IN,,Kolkata,2019-01-24,Organic Search,Family,English
CUST004931,Jack,Ahmed,25.0,Other,India,,Ahmedabad,2022-08-15,Referral,Individual,Hindi
CUST002497,Karen,Banda,35.0,Male,South Africa,,Pretoria,2022-01-26,Organic Search,Individual,Korean
CUST005415,Paula,Laurent,30.0,Male,India,,Delhi,2020-01-21,Organic Search,Individual,Portuguese
CUST000341,Emma,Kim,32.0,Female,United States,,Phoenix,2024-10-31,App Store,Corporate Bundle,French
CUST005624,Charlotte,Qureshi,35.0,Female,United States,,Seattle,2026-01-14,App Store,Individual,Spanish
CUST001602,Valentina,Schneider,23.0,Male,Australia,,Melbourne,2025-10-14,Affiliate Partner,Individual,English
CUST004577,Kiara,Ahmed,33.0,Male,,,Pune,2020-08-06,Paid Social,Individual,English
CUST003726,Tendai,Davis,38.0,Female,United States,,Phoenix,2025-11-20,Partner Bundle (Telecom),Family,Indonesian
CUST007966,Alexander,Garcia,28.0,Male,South Korea,,Seoul,2021-11-03,Direct,Individual,English
CUST002786,Diya,Nair,49.0,Female,United States,,Houston,2023-09-02,Direct,Family,German
CUST001524,Ren,Oliveira,18.0,Female,Brazil,,Sao Paulo,2020-09-22,Organic Search,Individual,German
CUST006004,Jessica,Khan,17.0,Male,India,,Pune,2023-05-12,Partner Bundle (Telecom),Family,Portuguese
CUST007148,Sofia,Zhang,55.0,Female,Italy,,Naples,2019-12-26,Paid Social,Individual,French
CUST007457,Matthew,Okafor,32.0,Male,South Korea,,Incheon,2021-09-11,App Store,Individual,German
CUST005678,Sota,Suzuki,19.0,Female,India,,Kolkata,2025-02-20,Paid Social,Student,German
CUST006508,Patricia,Malik,47.0,Female,Canada,,,2023-01-07,Organic Search,Individual,Indonesian
CUST001767,Kofi,Fischer,13.0,Male,India,,Kolkata,2025-10-31,Organic Search,Family,Hindi
CUST007938,Zola,Verma,35.0,Male,South Africa,,Cape Town,2021-05-15,Organic Search,Corporate Bundle,English
CUST004038,Aoi,Silva,29.0,Female,Philippines,,Manila,2024-11-18,App Store,Individual,Indonesian
CUST005511,Huda,Robert,32.0,Female,Spain,,Valencia,2019-06-05,App Store,Individual,English
CUST006363,Kofi,Takahashi,54.0,Female,India,,Hyderabad,2020-06-11,Paid Social,Family,Hindi
CUST006525,Robert,Sato,45.0,Female,Canada,,,2019-01-28,Referral,Individual,English
CUST007803,Jack,Okafor,25.0,Male,Brazil,,Fortaleza,2024-06-29,Email Campaign,Individual,English
CUST000364,Amara,Wang,52.0,Male,Philippines,,Manila,2020-03-16,Paid Social,Individual,German
CUST005368,Mia,Rodrigues,25.0,Male,,,Liverpool,2025-03-08,Organic Search,Family,English
CUST007958,Maya,Williams,33.0,Male,Philippines,,Davao City,2023-12-31,Email Campaign,Individual,English
CUST007240,Liam,Sharma,39.0,Male,Spain,,Seville,2024-05-10,Email Campaign,Individual,Spanish
CUST004726,Ali,Dubois,21.0,Female,USA,,Los Angeles,2025-08-09,Email Campaign,Individual,Portuguese
CUST004444,Jessica,Adeyemi,24.0,Male,Indonesia,,Jakarta,2022-11-25,Organic Search,Family,English
CUST006417,Ming,Robert,21.0,Female,Germany,,Cologne,2020-04-05,Paid Social,Family,English
CUST007433,Ava,Jones,31.0,Male,South Korea,,Seoul,2019-02-08,Paid Social,Student,Arabic
CUST002563,Valentina,Kang,31.0,Female,France,,Lyon,2021-11-18,App Store,Individual,Japanese
CUST005637,Luis,Brown,44.0,Prefer not to say,India,,Mumbai,2019-11-10,Paid Social,Individual,French
CUST007379,Aisha,Banda,26.0,Female,India,,Delhi,2025-12-05,Paid Social,Corporate Bundle,Spanish
CUST007471,Leo,Gupta,50.0,Female,India,,Pune,2020-05-15,Organic Search,Individual,Japanese
CUST003084,Saanvi,Santos,19.0,Female,United Kingdom,,Glasgow,2020-05-30,App Store,Individual,English
CUST007416,Elizabeth,Malik,33.0,Female,Canada,,Vancouver,2022-11-19,Partner Bundle (Telecom),Individual,Arabic
CUST002103,Sami,Lee,26.0,Female,India,,Pune,2026-02-08,Organic Search,Individual,English
CUST000633,Patricia,Wang,50.0,Male,FR,,Toulouse,2024-06-01,App Store,Family,Korean
CUST002494,Vivaan,Hussain,30.0,Male,Indonesia,,Jakarta,2021-07-31,Referral,Individual,Spanish
CUST002666,Sofia,Ali,,Male,United Kingdom,,Birmingham,2024-11-04,Email Campaign,Individual,Tagalog
CUST005839,Kofi,Rodrigues,34.0,Female,United States,,Phoenix,2026-02-20,Affiliate Partner,Individual,Portuguese
CUST004407,Elena,Moreau,27.0,Female,Poland,,Wroclaw,2021-06-11,Organic Search,Student,English
CUST005921,Sakura,Becker,20.0,Male,United States,,Seattle,2020-08-23,Affiliate Partner,Individual,Hindi
CUST005721,Saanvi,Martin,46.0,Male,United States,,Seattle,2021-11-29,Partner Bundle (Telecom),Individual,English
CUST002335,Saanvi,Yoon,30.0,Male,United States,,New York,2021-11-27,Organic Search,Individual,Spanish
CUST006177,Yong,Almeida,33.0,Male,Philippines,,Davao City,2020-02-01,Referral,Individual,English
CUST003620,Elena,Qureshi,21.0,Female,United Kingdom,,Manchester,2023-05-28,Affiliate Partner,Individual,English
CUST003884,Amara,Rahman,35.0,Male,United Kingdom,,Birmingham,2026-02-17,Affiliate Partner,Individual,Indonesian
CUST005471,Yong,Chikoti,43.0,Other,United Kingdom,,Leeds,2022-06-18,App Store,Individual,French
CUST004212,Sakura,Yang,39.0,Male,,,Krakow,2021-01-03,Paid Social,Individual,Indonesian
CUST001495,Oliver,Verma,36.0,Male,Japan,,Tokyo,2024-11-23,Organic Search,Family,Indonesian
CUST002402,Jessica,Kobayashi,28.0,Female,Philippines,,Davao City,2023-12-14,Paid Social,Family,Portuguese
CUST003875,Alexander,Oliveira,43.0,Female,India,,Ahmedabad,2020-09-26,Organic Search,Corporate Bundle,English
CUST001233,Sakura,Huang,32.0,Male,India,,,2020-12-03,Paid Social,Student,
CUST002662,Mariana,Liu,38.0,Female,India,,Kolkata,2023-01-02,Organic Search,Family,English
CUST002818,Daniel,Sato,22.0,Male,united states,,,2020-05-09,Affiliate Partner,Individual,Hindi
CUST007812,Navya,Iyer,62.0,Female,India,,Chennai,2023-10-15,App Store,Corporate Bundle,Portuguese
CUST007355,Ming,Wu,21.0,Male,United States,,Phoenix,2021-04-13,Organic Search,Individual,English
CUST007759,Olivia,Hoffmann,29.0,Female,United Kingdom,,Glasgow,2020-11-01,App Store,Family,English
CUST006393,Noor,Iyer,,Male,Japan,,Nagoya,2021-10-07,App Store,Family,Polish
CUST004154,Maya,Qureshi,39.0,Male,United States,,Los Angeles,2023-10-03,Organic Search,Student,English
CUST006005,Sara,Weber,44.0,Female,United States,,Seattle,2019-03-05,Partner Bundle (Telecom),Family,Spanish
CUST003062,Sora,Jones,24.0,Male,NIGERIA,,Kano,2020-04-02,Paid Social,Corporate Bundle,English
CUST006880,Omar,Lee,37.0,Female,Canada,,Toronto,2025-04-12,Partner Bundle (Telecom),Individual,Hindi
CUST007959,David,Fischer,23.0,Male,South Korea,,Busan,2023-06-25,Paid Social,Individual,French
CUST001736,Noor,Jang,41.0,Female,United Arab Emirates,,Dubai,2022-11-29,Partner Bundle (Telecom),Corporate Bundle,Polish
CUST002824,James,Qureshi,35.0,Male,United States,,Los Angeles,2024-07-14,Partner Bundle (Telecom),Individual,English
CUST006144,Chidi,Singh,25.0,Male,Nigeria,,Lagos,2021-09-29,App Store,Individual,Polish
CUST007800,Nia,Oliveira,44.0,Male,IN,,Bengaluru,2022-05-14,Referral,Individual,English
CUST002476,Alexander,Nakamura,34.0,Male,United Arab Emirates,,Sharjah,2025-12-05,Organic Search,Corporate Bundle,English
CUST002565,Sofia,Tanaka,16.0,Male,United States,,Miami,2022-02-27,App Store,Corporate Bundle,French
CUST001766,Arjun,Okonkwo,46.0,Female,Spain,,Seville,2022-05-05,Paid Social,Individual,Italian
CUST006964,Elizabeth,Robert,20.0,Female,,,Seoul,2024-09-27,Organic Search,Individual,English
CUST006501,Jessica,Sato,,Male,India,,Chennai,2022-06-10,App Store,Individual,Italian
CUST000708,Elijah,Alves,25.0,Male,Germany,,Frankfurt,2022-05-23,Organic Search,Individual,Indonesian
CUST003047,Fernando,Jang,40.0,Male,Brazil,,Fortaleza,2021-09-21,Paid Social,Individual,Japanese
CUST006868,Rania,Banda,27.0,Female,Brazil,,Brasilia,2023-01-03,Email Campaign,Individual,French
CUST005190,Naledi,Saito,31.0,Female,Philippines,,Davao City,2025-09-11,Partner Bundle (Telecom),Student,Portuguese
CUST006150,Juan,Schmidt,35.0,Female,India,,Delhi,2019-05-08,Email Campaign,Individual,French
CUST000073,Aisha,Souza,36.0,Male,Canada,,Ottawa,2021-06-30,Referral,Individual,English
CUST004449,Mia,Pereira,28.0,Female,MX,,Mexico City,2023-09-07,Paid Social,Family,Arabic
CUST004840,Ali,Schmidt,41.0,Male,Spain,,Barcelona,2025-08-10,Organic Search,Individual,Hindi
CUST007530,Lei,Davis,33.0,Female,United States,,Phoenix,2024-01-11,Affiliate Partner,Family,Korean
CUST005102,Ahmed,Oliveira,31.0,Prefer not to say,United Kingdom,,Glasgow,2024-11-04,Organic Search,Student,Korean
CUST001191,Emma,Huang,39.0,Female,France,,Nice,2021-10-06,Referral,Individual,German
CUST002602,Elijah,Mwangi,42.0,Male,Japan,,Yokohama,2023-01-06,Email Campaign,Individual,English
CUST001126,Wei,Sheikh,44.0,Female,Japan,,Tokyo,2021-07-11,Referral,Family,Arabic
CUST001242,Feng,Nair,31.0,Female,KR,,Incheon,2022-09-05,Affiliate Partner,Family,English
CUST007213,Emma,Jang,30.0,Male,Canada,,Toronto,2023-12-02,Paid Social,Individual,Polish
CUST007583,Gabriela,Sheikh,27.0,Male,Poland,,Krakow,2025-06-13,Organic Search,Individual,Japanese
CUST006045,Henry,Rodriguez,33.0,Other,Germany,,Munich,2023-08-01,Direct,Family,
CUST003352,Luis,Moreau,38.0,Female,Japan,,,2025-06-12,App Store,Individual,Portuguese
CUST005095,Aarav,Dubois,45.0,Female,Spain,,Valencia,2022-09-12,Partner Bundle (Telecom),Individual,English
CUST004009,Fernando,Petit,40.0,Female,,,Delhi,2024-04-22,Affiliate Partner,Family,Spanish
CUST001578,Emma,Abara,46.0,Male,India,,Hyderabad,2025-04-08,Paid Social,Individual,Hindi
CUST003907,Hao,Liu,31.0,Female,Philippines,,Manila,2026-04-26,Referral,Individual,English
CUST003730,Freddie,Abara,33.0,Prefer not to say,United Kingdom,,Manchester,2025-07-05,Organic Search,Corporate Bundle,Spanish
CUST004359,Aisha,Mensah,34.0,Female,France,,,2024-09-13,Affiliate Partner,Individual,
CUST001344,Mary,Garcia,34.0,Male,United States,,Houston,2024-11-10,Referral,Family,Portuguese
CUST001212,Tariq,Rodrigues,31.0,Other,Canada,,Montreal,2025-06-11,Affiliate Partner,Individual,English
CUST006127,Jessica,Lim,37.0,Male,Nigeria,,Abuja,2022-06-20,Partner Bundle (Telecom),Family,Spanish
CUST000441,Evelyn,Mwangi,18.0,Female,Mexico,,Monterrey,2023-01-17,Organic Search,Individual,French
CUST001101,Elijah,Watanabe,30.0,Male,Indonesia,,Bandung,2023-10-29,Paid Social,Student,English
CUST002638,Jun,Gupta,21.0,Male,Australia,,Sydney,2023-10-10,Referral,Student,
CUST005688,Isabella,Chowdhury,45.0,Male,France,,Marseille,2025-11-24,Organic Search,Family,Indonesian
CUST000650,Riku,Rahman,23.0,Female,India,,Mumbai,2023-12-04,App Store,Individual,Arabic
CUST001547,Kwame,Miller,33.0,Male,India,,Bengaluru,2022-11-15,App Store,Student,English
CUST006129,Tendai,Miller,26.0,Female,United States,,Houston,2026-03-09,Organic Search,Family,Italian
CUST007904,Jose,Choi,31.0,Other,Philippines,,Davao City,2022-02-25,Paid Social,Corporate Bundle,Hindi
CUST002853,Salma,Almeida,37.0,Male,United States,,Austin,2022-11-08,Email Campaign,Individual,Portuguese
CUST003504,Haruto,Baig,38.0,Female,Philippines,,Cebu City,2023-01-18,Direct,Individual,Spanish
CUST007653,George,Leroy,,Male,Japan,,Tokyo,2019-04-12,Partner Bundle (Telecom),Family,English
CUST000631,Sara,Durand,36.0,Female,Brazil,,Salvador,2020-05-20,Paid Social,Individual,Arabic
CUST004769,Aisha,Singh,18.0,Male,United States,,Miami,2026-04-20,Organic Search,Individual,Korean
CUST001250,Carlos,Oliveira,44.0,Male,United Kingdom,,Liverpool,2020-03-05,Organic Search,Family,English
CUST005518,Leo,Johnson,35.0,Female,Germany,,Frankfurt,2023-08-08,Organic Search,Individual,Indonesian
CUST000483,Feng,Abara,22.0,Female,India,,Mumbai,2021-08-25,Direct,Student,English
CUST001585,Yusuf,Baig,26.0,Female,Canada,,Toronto,2026-03-02,App Store,Individual,German
CUST004677,Fatima,Zhang,18.0,Female,Japan,,Tokyo,2024-10-30,App Store,Family,Spanish
CUST001463,Tariq,Rahman,38.0,Female,India,,Kolkata,2023-03-27,Organic Search,Family,English
CUST003041,Aarav,Banda,36.0,Male,South Korea,,Seoul,2023-02-25,App Store,Individual,Japanese
CUST005011,Themba,Lim,34.0,Female,Canada,,Toronto,2023-10-07,Paid Social,Individual,Spanish
CUST006199,Fernando,Yang,20.0,Other,Canada,,,2020-04-03,Partner Bundle (Telecom),Student,English
CUST003274,Ava,Ali,24.0,Other,India,,Delhi,2025-04-28,Email Campaign,Student,Hindi
CUST003684,Omar,Weber,26.0,Male,France,,Paris,2024-08-26,App Store,Individual,English
CUST004146,Kiara,Cho,50.0,Female,South Korea,,Seoul,2024-09-27,Referral,Student,Hindi
CUST005687,Zara,Jung,37.0,Female,United States,,Chicago,2021-10-08,App Store,Corporate Bundle,English
CUST004955,Charlotte,Wagner,43.0,Male,Nigeria,,Lagos,2024-06-13,Direct,Student,Portuguese
CUST003226,Karen,Martin,39.0,Female,India,,Delhi,2020-10-04,Organic Search,Individual,German
CUST001073,James,Liu,36.0,Female,Mexico,,Guadalajara,2022-07-23,Referral,Individual,Indonesian
CUST004816,Oliver,Zhou,30.0,Female,India,,Bengaluru,2021-01-05,Paid Social,Individual,English
CUST002632,Ayaan,Takahashi,32.0,Female,united kingdom,,Birmingham,2025-08-03,Organic Search,Individual,German
CUST001661,Pari,Tanaka,20.0,Female,United States,,,2025-09-28,Email Campaign,Family,
CUST002426,Daniela,Park,35.0,Female,Brazil,,Salvador,2022-03-08,Referral,Individual,Hindi
CUST005080,Barbara,Leroy,33.0,Female,MEXICO,,Monterrey,2019-07-08,Organic Search,Family,Hindi
CUST006785,Krishna,Oliveira,,Male,India,,Pune,2020-03-10,Referral,Student,English
CUST006124,Themba,Garcia,32.0,Male,Nigeria,,Lagos,2021-02-24,Partner Bundle (Telecom),Individual,English
CUST003098,Ren,Okonkwo,44.0,Male,France,,Paris,2020-09-10,Organic Search,Family,Arabic
CUST003977,Aditya,Kobayashi,27.0,Male,India,,,2019-11-04,Organic Search,Family,Hindi
CUST007543,Barbara,Qureshi,,Male,Argentina,,Buenos Aires,2024-11-14,Paid Social,Individual,Tagalog
CUST007637,Ricardo,Robert,23.0,Male,France,,Nice,2025-05-02,Referral,Family,English
CUST005734,Yuto,Davis,13.0,Female,Germany,,Cologne,2019-12-21,Affiliate Partner,Individual,Hindi
CUST005482,Kwame,Davis,50.0,Female,Germany,,Hamburg,2023-01-24,Organic Search,Individual,English
CUST006382,Emma,Ali,32.0,Male,Japan,,Osaka,2021-03-21,Referral,Individual,Polish
CUST005496,John,Abara,34.0,Male,United States,,Phoenix,2023-08-25,Organic Search,Student,English
CUST005292,Alfie,Santos,13.0,Male,Mexico,,Monterrey,2021-08-29,Organic Search,Student,Indonesian
CUST001409,Liam,Singh,19.0,Prefer not to say,United States,,Phoenix,2023-11-28,Referral,Individual,English
CUST001846,Andrew,Silva,45.0,Male,United States,,Miami,2022-04-01,Email Campaign,Family,Hindi
CUST001799,Saanvi,Smith,40.0,Male,France,,,2022-06-21,App Store,Individual,Arabic
CUST003958,Haruto,Zhou,,Female,Australia,,Melbourne,2022-10-30,Email Campaign,Family,English
CUST001476,Daniela,Kobayashi,28.0,Female,United States,,Chicago,2022-07-24,App Store,Individual,German
CUST005840,Camila,Kobayashi,32.0,Female,United States,,Seattle,2023-04-02,Organic Search,Individual,French
CUST000036,Robert,Schneider,33.0,Female,United States,,Miami,2022-09-19,Organic Search,Student,Hindi
CUST006131,Tariq,Weber,15.0,Female,INDIA,,Ahmedabad,2024-11-02,Organic Search,Family,English
CUST000445,Mia,Menon,53.0,Male,Italy,,Turin,2024-05-12,Referral,Individual,Spanish
CUST002360,Freddie,Bernard,35.0,Female,India,,,2024-07-30,Organic Search,Corporate Bundle,English
CUST003655,Hao,Chikoti,43.0,Male,United States,,Phoenix,2021-08-07,Affiliate Partner,Individual,English
CUST007001,John,Khan,51.0,Female,India,,Ahmedabad,2019-02-23,Affiliate Partner,Family,Spanish
CUST003180,Ishaan,Kumar,32.0,Female,Brazil,,Salvador,2019-09-03,Referral,Family,Japanese
CUST001287,Vihaan,Yoon,29.0,Male,Italy,,Naples,2023-07-01,Paid Social,Individual,Tagalog
CUST005977,Yuto,Almeida,44.0,Female,United Kingdom,,Leeds,2024-06-30,Direct,Student,English
CUST004446,Mary,Li,44.0,Female,United States,,Houston,2021-12-31,Paid Social,Individual,Spanish
CUST003417,Mohammed,Wagner,32.0,Female,South Korea,,Seoul,2025-03-26,Referral,Individual,Hindi
CUST002138,Saanvi,Wu,43.0,Female,South Africa,,Cape Town,2025-07-12,Referral,Corporate Bundle,
CUST002637,Layla,Williams,43.0,Female,UK,,Liverpool,2023-05-03,Organic Search,Family,Portuguese
CUST004017,Linda,Petit,28.0,Male,Indonesia,,Bandung,2020-12-30,Referral,Individual,Japanese
CUST007769,Jun,Davis,24.0,Female,United States,,Houston,2020-12-03,Paid Social,Student,French
CUST001682,Vihaan,Banda,29.0,Male,United States,,Chicago,2024-06-07,Email Campaign,Corporate Bundle,English
CUST005876,Ali,Okonkwo,45.0,Female,United States,,Seattle,2021-03-04,Partner Bundle (Telecom),Student,English
CUST005276,Emma,Oliveira,18.0,Female,United States,,Austin,2019-11-13,Paid Social,Individual,Portuguese
CUST001693,Mariana,Pereira,55.0,Prefer not to say,United Kingdom,,Liverpool,2021-01-22,Affiliate Partner,Individual,Japanese
CUST007461,Evelyn,Wagner,26.0,Female,South Korea,,Busan,2019-08-07,Paid Social,Individual,Arabic
CUST006412,Luis,Diallo,47.0,Female,United Kingdom,,Liverpool,2020-11-22,Organic Search,Individual,Japanese
CUST003636,Elijah,Wu,,Female,United States,,,2023-04-26,App Store,Individual,Portuguese
CUST000373,Huda,Miller,17.0,Male,India,,Ahmedabad,2023-08-08,Referral,Family,Korean
CUST006663,Jun,Johnson,39.0,Male,US,,Los Angeles,2024-12-19,Paid Social,Individual,English
CUST005454,Sora,Schneider,41.0,Male,Nigeria,,Lagos,2021-05-12,Affiliate Partner,Family,German
CUST004883,Omar,Garcia,23.0,Female,Argentina,,Buenos Aires,2022-10-30,Organic Search,Individual,English
CUST007623,Layla,Sheikh,37.0,Female,United States,,Miami,2026-02-14,Affiliate Partner,Individual,Arabic
CUST000141,Paula,Ali,29.0,Female,India,,Chennai,2025-07-23,Paid Social,Corporate Bundle,English
CUST004885,Fernando,Kim,42.0,Female,Brazil,,Sao Paulo,2019-02-15,Email Campaign,Corporate Bundle,Arabic
CUST004420,Charlotte,Costa,47.0,Male,NIGERIA,,,2024-10-01,Organic Search,Individual,German
CUST007499,Mary,Ito,51.0,Male,PL,,Warsaw,2019-03-16,Referral,Student,English
CUST007705,Patricia,Wang,28.0,Male,India,,Bengaluru,2021-01-18,Referral,Student,English
CUST000715,John,Leroy,29.0,Female,India,,Mumbai,2019-09-09,Referral,Individual,English
CUST005244,Elijah,Liu,16.0,Female,Canada,,,2019-01-04,Organic Search,Individual,Italian
CUST003189,Tendai,Jones,47.0,Male,NIGERIA,,Lagos,2020-02-26,Partner Bundle (Telecom),Individual,English
CUST007111,Sora,Tanaka,35.0,Male,United States,,Miami,2024-01-13,Referral,Individual,French
CUST004432,Mary,Okonkwo,13.0,Female,Philippines,,Cebu City,2020-12-12,Email Campaign,Individual,English
CUST005649,Layla,Schneider,16.0,Male,CANADA,,Ottawa,2022-06-19,Organic Search,Individual,English
CUST000407,Feng,Ito,18.0,Male,United States,,Houston,2025-03-22,Paid Social,Individual,Spanish
CUST000021,John,Bernard,14.0,Female,United States,,New York,2020-06-13,Organic Search,Family,Spanish
CUST001005,Ishaan,Hoffmann,31.0,Female,Mexico,,Monterrey,2024-11-28,App Store,Individual,
CUST004987,Riya,Nair,34.0,Female,Canada,,Vancouver,2019-09-30,Referral,Family,English
CUST002412,Miguel,Rodrigues,,Female,United States,,Chicago,2020-04-04,Partner Bundle (Telecom),Individual,German
CUST002546,Sami,Ito,13.0,Prefer not to say,Nigeria,,Kano,2024-12-31,Paid Social,Individual,French
CUST006041,Diego,Jung,36.0,Male,Italy,,Naples,2024-10-30,App Store,Corporate Bundle,French
CUST002391,Jian,Oliveira,34.0,Male,United States,,Los Angeles,2026-05-14,Organic Search,Individual,Tagalog
CUST006469,Evelyn,Rodriguez,32.0,Female,India,,Chennai,2021-03-07,Organic Search,Student,English
CUST000043,Naledi,Chen,,Male,France,,Paris,2021-11-21,Partner Bundle (Telecom),Family,Japanese
CUST002831,Matthew,Saito,43.0,Female,United States,,Los Angeles,2022-07-10,Paid Social,Family,English
CUST003372,Elizabeth,Li,34.0,Female,US,,Chicago,2021-01-24,Paid Social,Individual,Hindi
CUST003023,Yusuf,Davis,22.0,Female,India,,Hyderabad,2022-02-03,Organic Search,Corporate Bundle,French
CUST003365,Elijah,Chikoti,28.0,Female,Bharat,,Pune,2019-06-19,Organic Search,Individual,German
CUST004400,Aadhya,Miller,,Female,United States,,Chicago,2019-03-07,Paid Social,Family,English
CUST005253,Camila,Oliveira,48.0,Male,Italy,,Turin,2021-12-06,Email Campaign,Student,English
CUST000012,Ananya,Silva,32.0,Female,Japan,,Nagoya,2023-06-01,Affiliate Partner,Family,
CUST004761,Alfie,Rodrigues,46.0,Male,India,,Bengaluru,2021-07-16,Email Campaign,Individual,English
CUST001178,Sofia,Singh,49.0,Female,United States,,New York,2022-09-03,Affiliate Partner,Family,Spanish
CUST001948,Haruto,Costa,,Male,Spain,,Valencia,2025-04-20,Affiliate Partner,Corporate Bundle,French
CUST002502,Michael,Bernard,23.0,Male,SPAIN,,Madrid,2025-06-15,Paid Social,Corporate Bundle,English
CUST006991,Naledi,Schneider,30.0,Female,United States,,Austin,2026-02-25,Referral,Individual,Spanish
CUST002864,Chidi,Okonkwo,18.0,Male,,,Seattle,2023-03-16,Organic Search,Corporate Bundle,English
CUST003866,Lei,Sharma,,Female,India,,Pune,2024-01-21,Email Campaign,Individual,Korean
CUST001027,Themba,Robert,53.0,Female,India,,Ahmedabad,2020-10-23,Referral,Student,English
CUST003849,Olivia,Zhou,22.0,Male,United Kingdom,,Birmingham,2022-01-13,Organic Search,Individual,Hindi
CUST002990,Omar,Leroy,15.0,Other,India,,Mumbai,2019-09-12,Direct,Individual,French
CUST000962,Paula,Wang,19.0,Male,France,,Marseille,2026-02-24,Direct,Individual,English
CUST002890,Alfie,Patel,,Male,India,,,2023-06-09,Affiliate Partner,Individual,Hindi
CUST003016,Mohammed,Silva,38.0,Female,Nigeria,,,2023-09-01,Partner Bundle (Telecom),Student,English
CUST003339,Miguel,Suzuki,22.0,Male,US,,Chicago,2022-10-17,Email Campaign,Individual,English
CUST005701,Kiara,Schneider,26.0,Female,,,Busan,2021-01-26,Affiliate Partner,Individual,Indonesian
CUST000736,Sai,Jung,51.0,Male,,,Buenos Aires,2025-04-17,Partner Bundle (Telecom),Individual,Japanese
CUST004401,Sara,Miller,28.0,Female,DE,,Munich,2020-06-08,Paid Social,Family,English
CUST001441,Tariq,Moreau,36.0,Female,India,,Ahmedabad,2022-09-01,Referral,Individual,Tagalog
CUST002876,Camila,Hoffmann,,Female,India,,Bengaluru,2021-02-26,Email Campaign,Student,Hindi
CUST003987,Omar,Chikoti,37.0,Female,BR,,Brasilia,2019-04-01,Paid Social,Family,English
CUST000917,Freddie,Martin,33.0,Female,India,,Chennai,2021-09-04,Direct,Family,English
CUST006717,Elizabeth,Diallo,26.0,Female,Argentina,,Cordoba,2020-07-15,Email Campaign,Individual,Hindi
CUST006801,Ricardo,Sheikh,25.0,Female,Canada,,Vancouver,2019-04-15,Organic Search,Individual,Portuguese
CUST004090,Tendai,Qureshi,21.0,Female,Spain,,Seville,2019-08-25,Affiliate Partner,Family,French
CUST007435,Jennifer,Watanabe,30.0,Female,Australia,,Sydney,2019-10-22,Paid Social,Family,German
CUST006293,Karen,Choi,42.0,Male,India,,Pune,2025-09-05,Direct,Family,French
CUST002773,Jose,Watanabe,42.0,Female,Germany,,Cologne,2025-04-13,Affiliate Partner,Individual,English
CUST001625,Saanvi,Otieno,33.0,Female,France,,Paris,2025-09-08,Paid Social,Individual,
CUST006384,Oliver,Leroy,30.0,Female,Canada,,Calgary,2020-06-26,Referral,Family,Spanish
CUST000822,Camila,Reddy,38.0,Male,India,,Ahmedabad,2021-06-28,Paid Social,Individual,Hindi
CUST001368,Navya,Singh,45.0,Male,,,Busan,2020-06-24,Paid Social,Individual,Indonesian
CUST003713,Linda,Khan,41.0,Female,United Arab Emirates,,Abu Dhabi,2021-02-15,Organic Search,Individual,English
CUST007821,Fernando,Yoon,13.0,Male,united states,,Houston,2023-06-28,Paid Social,Individual,Arabic
CUST007233,Ahmed,Iyer,28.0,Male,Indonesia,,Bandung,2020-04-04,Organic Search,Individual,German
CUST000851,Omar,Watanabe,20.0,Female,Indonesia,,Surabaya,2019-03-29,Referral,Individual,Hindi
CUST001001,Riya,Wang,41.0,Male,Bharat,,Ahmedabad,2021-05-24,Paid Social,Individual,English
CUST005994,William,Davis,40.0,Male,Philippines,,Manila,2020-01-07,Partner Bundle (Telecom),Individual,English
CUST004115,Karen,Chowdhury,33.0,Female,Spain,,Madrid,2023-11-04,Partner Bundle (Telecom),Individual,Spanish
CUST001638,Matthew,Sato,50.0,Female,United States,,Austin,2020-08-19,Partner Bundle (Telecom),Family,English
CUST001668,Logan,Williams,19.0,Female,IN,,Kolkata,2020-08-11,Paid Social,Individual,Portuguese
CUST004590,Huda,Wu,25.0,Male,United Kingdom,,London,2023-01-13,Affiliate Partner,Individual,English
CUST003174,Vivaan,Jung,42.0,Male,India,,Chennai,2022-11-18,Paid Social,Individual,Hindi
CUST006134,Zara,Hoffmann,24.0,Male,France,,Toulouse,2022-01-30,Organic Search,Family,Spanish
CUST001348,Daniela,Hussain,23.0,Male,India,,Ahmedabad,2025-01-25,Referral,Individual,English
CUST006290,Sai,Jang,40.0,Male,United States,,New York,2025-07-20,Paid Social,Corporate Bundle,French
CUST003231,James,Jang,42.0,Female,France,,Toulouse,2020-03-26,App Store,Student,
CUST005680,Ava,Lee,42.0,Female,Japan,,Nagoya,2021-09-20,App Store,Individual,Arabic
CUST006193,Kiara,Saito,30.0,Male,Germany,,Munich,2022-01-01,Partner Bundle (Telecom),Individual,Spanish
CUST004784,Yong,Miller,39.0,Female,,,Buenos Aires,2023-03-04,App Store,Student,English
CUST007703,George,Lee,27.0,Male,United Kingdom,,Leeds,2020-10-30,Organic Search,Corporate Bundle,English
CUST003233,Nia,Moreau,13.0,Male,AUSTRALIA,,Melbourne,2023-06-23,Direct,Individual,Spanish
CUST007782,Linda,Meyer,48.0,Male,South Africa,,Johannesburg,2025-11-15,App Store,Individual,Hindi
CUST000704,Mohammed,Kim,38.0,Male,,,Mumbai,2025-11-08,Paid Social,Family,Portuguese
CUST005106,Elijah,Brown,35.0,Female,Mexico,,Puebla,2020-02-24,Email Campaign,Family,German
CUST006418,Daniela,Jones,61.0,Female,Australia,,Sydney,2023-10-05,Email Campaign,Individual,English
CUST003292,Matthew,Rodrigues,28.0,Male,Nigeria,,Abuja,2023-08-21,Organic Search,Individual,English
CUST003674,Alfie,Kim,22.0,Female,Italy,,Rome,2023-12-31,App Store,Family,Indonesian
CUST002409,Kofi,Zhou,28.0,Female,Germany,,Berlin,2021-02-06,Paid Social,Student,English
CUST007425,Kwame,Suzuki,29.0,Female,Japan,,Yokohama,2023-01-04,App Store,Student,English
CUST001328,Kwame,Jones,48.0,Female,MX,,Mexico City,2022-12-11,Organic Search,Student,Portuguese
CUST007492,Chidi,Park,32.0,Female,France,,Toulouse,2020-09-09,Paid Social,Family,German
CUST005407,Jian,Rodriguez,31.0,Male,United States,,New York,2020-04-17,App Store,Family,German
CUST007066,Charlie,Wagner,14.0,Male,United States,,Seattle,2021-03-07,Affiliate Partner,Individual,English
CUST004910,Vihaan,Souza,45.0,Prefer not to say,Italy,,Naples,2023-03-03,Referral,Individual,Hindi
CUST004441,Kiara,Diallo,39.0,Female,United Kingdom,,Leeds,2020-10-02,Referral,Family,English
CUST006726,William,Yang,20.0,Male,United States,,Los Angeles,2020-06-04,Paid Social,Individual,Arabic
CUST000987,Tendai,Nakamura,17.0,Female,United States,,Seattle,2019-02-23,App Store,Individual,English
CUST006395,Layla,Iyer,25.0,Male,India,,Kolkata,2023-12-22,Email Campaign,Family,Japanese
CUST007307,Naledi,Petit,37.0,Male,U.K.,,Leeds,2024-07-07,Partner Bundle (Telecom),Family,Japanese
CUST006924,Karen,Bernard,44.0,Male,Mexico,,Mexico City,2019-02-14,Affiliate Partner,Individual,Hindi
CUST006665,Sota,Williams,24.0,Female,South Africa,,Johannesburg,2020-06-25,Paid Social,Individual,Arabic
CUST004050,Ahmed,Durand,30.0,Female,Philippines,,Manila,2019-01-25,Direct,Family,Spanish
CUST003486,James,Tanaka,13.0,Female,,,New York,2023-05-11,Paid Social,Individual,Indonesian
CUST002475,Haruto,Banda,43.0,Male,FR,,Paris,2024-06-06,Partner Bundle (Telecom),Student,German
CUST005239,Tariq,Muller,26.0,Female,Nigeria,,Ibadan,2019-12-17,Paid Social,Individual,Arabic
CUST003874,Zara,Bernard,34.0,Female,India,,Hyderabad,2023-07-21,Referral,Individual,Spanish
CUST001199,Jose,Davis,38.0,Female,Nigeria,,Ibadan,2019-09-06,Paid Social,Family,Arabic
CUST004182,Aadhya,Sato,26.0,Male,South Korea,,Busan,2021-03-30,Email Campaign,Individual,French
CUST001519,Lei,Martin,39.0,Male,,,Yokohama,2021-02-13,Partner Bundle (Telecom),Individual,Hindi
CUST006957,Krishna,Jang,22.0,Male,brazil,,Brasilia,2023-03-06,Affiliate Partner,Family,English
CUST005478,Daniela,Sheikh,39.0,Female,Philippines,,Manila,2023-11-29,Direct,Individual,Portuguese
CUST001800,Jun,Hoffmann,16.0,Female,United States,,Houston,2020-06-25,Paid Social,Individual,English
CUST001015,Yong,Petit,32.0,Male,Brazil,,Brasilia,2020-01-29,Referral,Individual,Japanese
CUST000129,Miguel,Martinez,,Female,United States,,,2025-01-04,Affiliate Partner,Individual,Portuguese
CUST001365,Ethan,Cho,47.0,Male,United States,,Los Angeles,2024-02-26,Partner Bundle (Telecom),Family,English
CUST006200,Yui,Huang,23.0,Male,India,,Delhi,2022-09-16,Paid Social,Student,German
CUST004471,Tao,Iyer,49.0,Male,United Kingdom,,Glasgow,2019-07-20,Organic Search,Individual,French
CUST000892,Krishna,Oliveira,25.0,Male,United States,,Chicago,2024-12-23,App Store,Corporate Bundle,German
CUST002794,Leo,Saito,36.0,Male,Australia,,Perth,2020-01-29,Email Campaign,Family,English
CUST006759,Ananya,Smith,26.0,Female,United States,,Houston,2025-12-24,Email Campaign,Individual,Indonesian
CUST005456,Juan,Mensah,42.0,Male,India,,Delhi,2023-10-01,Paid Social,Family,Indonesian
CUST004404,Navya,Patel,28.0,Female,Poland,,Wroclaw,2020-10-15,Organic Search,Individual,Portuguese
CUST007661,Riku,Kobayashi,31.0,Male,United States,,Chicago,2019-06-23,Organic Search,Student,Arabic
CUST005414,Themba,Richard,37.0,Female,INDIA,,,2020-04-01,Referral,Individual,Japanese
CUST007398,Sophia,Menon,31.0,Male,Italy,,Milan,2019-12-19,Paid Social,Corporate Bundle,English
CUST003250,Ming,Garcia,16.0,Male,United States,,Austin,2019-04-25,Referral,Individual,Spanish
CUST006832,Hina,Miller,40.0,Male,United Kingdom,,Birmingham,2024-10-16,App Store,Individual,Hindi
CUST001209,Harper,Lim,31.0,Female,Indonesia,,Jakarta,2026-01-07,Organic Search,Individual,Hindi
CUST003869,Mariana,Yoon,25.0,Female,United States,,Los Angeles,2020-10-14,Organic Search,Family,Hindi
CUST007227,Olivia,Diallo,18.0,Female,Canada,,Montreal,2024-06-26,App Store,Corporate Bundle,Hindi
CUST004066,Nia,Smith,26.0,Male,United Kingdom,,London,2020-07-24,App Store,Family,English
CUST006887,Hassan,Wu,29.0,Male,Canada,,Ottawa,2026-04-11,Organic Search,Individual,English
CUST006115,Chidi,Brown,41.0,Female,brazil,,Fortaleza,2023-08-10,Paid Social,Corporate Bundle,Spanish
CUST001240,Lei,Menon,51.0,Male,United States,,Phoenix,2019-03-05,Paid Social,Corporate Bundle,French
CUST002290,Ethan,Zhao,34.0,Female,Indonesia,,Jakarta,2022-10-10,Paid Social,Individual,Spanish
CUST002741,Jian,Rahman,33.0,Male,United States,,Austin,2026-04-17,Organic Search,Family,French
CUST000276,Jacob,Hoffmann,15.0,Female,UK,,Liverpool,2024-06-28,Paid Social,Individual,Hindi
CUST004586,Sora,Jang,58.0,Female,United States,,New York,2021-01-14,Organic Search,Corporate Bundle,English
CUST001036,Susan,Meyer,2.0,Female,United States,,Austin,2021-02-07,Email Campaign,Corporate Bundle,French
CUST001230,Paula,Santos,53.0,Male,Poland,,Warsaw,2024-12-10,Paid Social,Individual,Spanish
CUST001009,Reyansh,Weber,33.0,Female,United Kingdom,,Manchester,2021-09-25,Email Campaign,Family,Hindi
CUST006562,Diya,Schmidt,39.0,Male,South Africa,,Johannesburg,2022-03-31,Organic Search,Student,Japanese
CUST005179,Ali,Kobayashi,36.0,Male,India,,,2020-06-09,Referral,Family,Korean
CUST003829,Aisha,Hussain,51.0,Male,United Kingdom,,Glasgow,2024-03-08,Paid Social,Family,English
CUST002533,Yusuf,Adeyemi,,Male,India,,Chennai,2023-04-18,Organic Search,Individual,English
CUST004294,Navya,Alves,35.0,Male,France,,Nice,2022-05-06,Direct,Individual,Arabic
CUST001059,Susan,Park,49.0,Female,United Kingdom,,Birmingham,2019-06-11,Paid Social,Individual,Japanese
CUST006980,Zara,Menon,29.0,Male,United States,,Miami,2025-10-13,Direct,Individual,Tagalog
CUST000282,Pari,Chikoti,18.0,Female,Canada,,Vancouver,2026-04-23,App Store,Family,English
CUST001044,Kiara,Zhou,27.0,Female,,,Bengaluru,2024-08-12,Partner Bundle (Telecom),Family,English
CUST001317,Aarav,Schneider,13.0,Female,Mexico,,Puebla,2021-03-02,Email Campaign,Individual,Hindi
CUST000969,Mohammed,Saito,19.0,Female,Brazil,,,2023-06-07,Affiliate Partner,Individual,English
CUST002382,Mary,Hussain,13.0,Female,United Arab Emirates,,Sharjah,2024-11-08,Organic Search,Individual,Hindi
CUST006424,Isabella,Pereira,25.0,Female,United Kingdom,,Birmingham,2022-06-12,Paid Social,Student,English
CUST001940,Valentina,Tanaka,15.0,Female,Mexico,,Guadalajara,2021-11-13,Organic Search,Individual,Spanish
CUST005791,Ananya,Richard,30.0,Male,Mexico,,Monterrey,2019-02-16,App Store,Individual,Spanish
CUST001275,Noah,Zhou,24.0,Male,Brazil,,Rio de Janeiro,2023-05-12,Affiliate Partner,Individual,Indonesian
CUST000620,William,Mwangi,44.0,Male,NIGERIA,,Ibadan,2019-03-12,Organic Search,Individual,English
CUST005858,Diego,Menon,16.0,Female,Argentina,,Rosario,2022-04-04,Referral,Student,Indonesian
CUST001743,Ricardo,Baig,54.0,Female,France,,Nice,2019-09-30,App Store,Individual,Portuguese
CUST001391,Carlos,Mwangi,39.0,Female,South Africa,,Pretoria,2024-07-21,Affiliate Partner,Individual,English
CUST006555,Harry,Johnson,34.0,Female,United Kingdom,,Birmingham,2023-05-23,Direct,Individual,English
CUST001580,Hassan,Martin,28.0,Male,Brazil,,Sao Paulo,2019-01-09,Referral,Individual,
CUST001656,Kofi,Weber,26.0,Female,Canada,,Montreal,2024-03-06,Organic Search,Family,Portuguese
CUST003569,Jose,Sheikh,19.0,Female,Germany,,Cologne,2024-07-04,Partner Bundle (Telecom),Individual,English
CUST002353,Michael,Iyer,20.0,Male,United States,,Los Angeles,2019-01-31,Referral,Individual,Hindi
CUST002213,Fernando,Souza,38.0,Female,United States,,Austin,2019-12-02,Direct,Individual,English
CUST007998,Jose,Meyer,46.0,Male,india,,Hyderabad,2024-03-03,Paid Social,Individual,Portuguese
CUST003179,Harry,Nakamura,46.0,Female,Nigeria,,Lagos,2024-12-21,Email Campaign,Individual,Portuguese
CUST003193,Sota,Jones,46.0,Male,United States,,Miami,2019-05-06,Referral,Corporate Bundle,English
CUST001308,Kiara,Hussain,38.0,Male,Brazil,,Sao Paulo,2026-02-22,Organic Search,Individual,French
CUST000576,Riya,Jung,27.0,Female,mexico,,Monterrey,2024-01-11,Partner Bundle (Telecom),Individual,Japanese
CUST002361,Alejandro,Souza,27.0,Male,India,,Kolkata,2020-01-24,Paid Social,Individual,English
CUST001281,Sota,Okafor,17.0,Female,Spain,,Valencia,2021-11-20,Email Campaign,Student,English
CUST006549,Ibrahim,Richard,19.0,Male,Poland,,Warsaw,2024-08-12,Direct,Family,Japanese
CUST004958,Elena,Chowdhury,29.0,Male,South Korea,,Busan,2023-05-15,Affiliate Partner,Corporate Bundle,French
CUST006661,Amina,Watanabe,35.0,Female,India,,Hyderabad,2025-11-10,Referral,Individual,German
CUST001994,Qiang,Nakamura,48.0,Female,United States,,New York,2020-01-10,Paid Social,Family,Hindi
CUST002640,Daniela,Mwangi,30.0,Male,Argentina,,Cordoba,2024-03-07,Paid Social,Individual,Hindi
CUST000270,Miguel,Sharma,52.0,Female,Bharat,,Ahmedabad,2023-01-08,Referral,Individual,English
CUST000630,Sota,Li,36.0,Female,India,,Hyderabad,2026-01-12,Partner Bundle (Telecom),Individual,Japanese
CUST005975,Ricardo,Lee,13.0,Male,PL,,Krakow,2019-01-18,Paid Social,Family,Hindi
CUST003082,John,Abara,47.0,Prefer not to say,India,,Mumbai,2026-04-12,Affiliate Partner,Individual,Spanish
CUST003467,Maya,Cho,36.0,Female,Italy,,Turin,2021-09-25,Paid Social,Student,Indonesian
CUST007033,Tao,Choi,33.0,Other,Indonesia,,Bandung,2023-04-11,Organic Search,Corporate Bundle,English
CUST004397,Hina,Choi,,Female,France,,Marseille,2025-11-27,Referral,Student,Korean
CUST004024,Riku,Wagner,55.0,Female,Brazil,,Fortaleza,2021-11-11,Affiliate Partner,Individual,Hindi
CUST007625,Sora,Kim,29.0,Male,United States,,Los Angeles,2019-06-15,Referral,Family,Portuguese
CUST005544,Sami,Martinez,29.0,Male,US,,Los Angeles,2019-02-19,Paid Social,Individual,Portuguese
CUST005569,George,Rahman,42.0,Male,Mexico,,Guadalajara,2023-11-17,Organic Search,Family,German
CUST002047,Liam,Koch,17.0,Female,Brazil,,Sao Paulo,2019-06-19,App Store,Individual,Hindi
CUST004357,Tariq,Cho,42.0,Male,IT,,Rome,2020-01-16,Organic Search,Individual,English
CUST006325,Aadhya,Saito,41.0,Male,United States,,Los Angeles,2025-03-22,Referral,Individual,Japanese
CUST002114,Omar,Sheikh,32.0,Male,Germany,,Cologne,2024-11-22,Paid Social,Individual,Korean
CUST000028,Aadhya,Weber,33.0,Female,United States,,Miami,2020-01-20,Paid Social,Individual,English
CUST002041,Aadhya,Cho,25.0,Male,CA,,Calgary,2023-03-03,Organic Search,Individual,English
CUST003929,Kwame,Kim,34.0,Male,South Africa,,Pretoria,2020-07-20,Organic Search,Student,Spanish
CUST007278,Pedro,Chen,21.0,Female,Germany,,Frankfurt,2022-12-29,Referral,Individual,English
CUST003217,Logan,Schmidt,68.0,Male,France,,Toulouse,2023-04-14,Affiliate Partner,Family,Arabic
CUST007500,Ming,Abara,55.0,Female,United States,,,2021-09-12,App Store,Corporate Bundle,Spanish
CUST003815,Layla,Wang,28.0,Male,United States,,Los Angeles,2020-03-18,App Store,Family,English
CUST000130,Daniel,Kim,45.0,Male,France,,Paris,2021-07-23,App Store,Individual,Korean
CUST005979,Ahmed,Choi,30.0,Male,,,Austin,2025-08-14,Paid Social,Individual,French
CUST007896,Haruto,Zhang,42.0,Female,Japan,,Yokohama,2023-11-11,App Store,Family,Hindi
CUST004600,Fatima,Hoffmann,,Male,,,Kolkata,2022-12-06,App Store,Individual,English
CUST000014,Maya,Souza,23.0,Female,United States,,,2025-10-13,Referral,Corporate Bundle,English
CUST006907,Michael,Santos,28.0,Female,Indonesia,,Bandung,2023-01-31,Paid Social,Student,Italian
CUST004477,Themba,Kumar,48.0,Female,United States,,Austin,2022-02-15,Email Campaign,Individual,English
CUST001526,Jose,Martinez,35.0,Male,Mexico,,Puebla,2019-06-04,Partner Bundle (Telecom),Student,English
CUST002366,Leo,Wang,29.0,Male,India,,Hyderabad,2019-03-26,Organic Search,Individual,Hindi
CUST004649,Vivaan,Kang,41.0,Male,Germany,,Cologne,2020-09-20,Paid Social,Student,English
CUST003053,Matthew,Otieno,36.0,Male,Mexico,,Monterrey,2025-01-24,Affiliate Partner,Student,Hindi
CUST004006,Daniel,Cho,37.0,Male,IT,,Milan,2019-05-18,Referral,Individual,English
CUST002341,Omar,Lim,36.0,Male,Japan,,Yokohama,2025-11-12,Paid Social,Individual,English
CUST000375,Linda,Saito,32.0,Female,United Kingdom,,Manchester,2025-08-21,Email Campaign,Family,English
CUST006741,Daniel,Pereira,40.0,Female,Canada,,Montreal,2026-01-11,Direct,Family,English
CUST006920,Robert,Suzuki,30.0,Male,United States,,Austin,2022-04-12,Affiliate Partner,Family,Spanish
CUST000940,Joseph,Brown,41.0,Female,,,Lyon,2021-04-07,Affiliate Partner,Individual,Hindi
CUST007700,Juan,Qureshi,,Female,Germany,,Hamburg,2020-07-23,Direct,Individual,Hindi
CUST005719,Jacob,Chen,30.0,Male,Poland,,Wroclaw,2024-02-03,Partner Bundle (Telecom),Individual,English
CUST004574,Themba,Chen,15.0,Male,United Kingdom,,Birmingham,2020-03-24,App Store,Individual,Korean
CUST002148,Tariq,Laurent,17.0,Female,United States,,Los Angeles,2025-08-25,Partner Bundle (Telecom),Student,Arabic
CUST003592,Anika,Otieno,48.0,Female,United States,,Phoenix,2021-08-19,App Store,Family,English
CUST006365,Lucia,Verma,32.0,Female,India,,Hyderabad,2023-02-01,Affiliate Partner,Individual,English
CUST007311,Amelia,Lim,39.0,Male,Brazil,,Brasilia,2025-01-12,Referral,Corporate Bundle,Hindi
CUST006769,Ava,Ahmed,35.0,Male,Poland,,Warsaw,2019-02-24,Affiliate Partner,Individual,Spanish
CUST003624,Elena,Hoffmann,35.0,Female,brazil,,Brasilia,2025-07-07,Direct,Student,Hindi
CUST000530,Charlie,Zhou,21.0,Female,Japan,,Yokohama,2021-02-01,App Store,Individual,English
CUST003715,Mason,Pereira,,Female,United States,,Los Angeles,2024-07-14,Referral,Individual,English
CUST007506,Saanvi,Robert,39.0,Other,France,,Marseille,2025-06-19,Organic Search,Family,Spanish
CUST004733,Fatima,Jung,21.0,Female,Bharat,,Delhi,2024-05-28,Email Campaign,Individual,Hindi
CUST001270,Maya,Banda,39.0,Male,South Africa,,Johannesburg,2021-04-13,Affiliate Partner,Individual,Japanese
CUST004282,Ibrahim,Bernard,36.0,Other,United States,,Phoenix,2019-05-05,Referral,Individual,Spanish
CUST001395,Henry,Almeida,32.0,Male,India,,Delhi,2024-11-22,App Store,Corporate Bundle,German
CUST004851,Hassan,Nakamura,39.0,Female,india,,Ahmedabad,2026-01-14,Affiliate Partner,Family,
CUST004010,Sofia,Kumar,32.0,Female,United States,,Seattle,2026-04-22,Partner Bundle (Telecom),Corporate Bundle,English
CUST004391,Sofia,Jones,23.0,Female,United Kingdom,,Manchester,2022-02-14,Paid Social,Individual,Japanese
CUST001798,Myra,Okafor,48.0,Male,United States,,Phoenix,2023-08-15,Paid Social,Student,English
CUST002980,Ming,Adeyemi,48.0,Male,Bharat,,Mumbai,2022-11-15,Organic Search,Individual,Korean
CUST001442,Amelia,Silva,28.0,Female,Philippines,,Davao City,2021-03-19,Email Campaign,Student,English
CUST006595,Robert,Lim,40.0,Prefer not to say,Brazil,,Rio de Janeiro,2024-06-12,Referral,Corporate Bundle,Hindi
CUST007833,Huda,Kim,34.0,Female,Brazil,,Rio de Janeiro,2019-10-27,App Store,Family,Hindi
CUST003812,Sarah,Reddy,13.0,Female,South Korea,,,2025-01-14,Organic Search,Individual,German
CUST005632,Patricia,Lim,26.0,Female,South Africa,,Pretoria,2022-04-23,Paid Social,Family,Arabic
CUST001274,Karen,Sato,35.0,Male,US,,New York,2025-11-05,Paid Social,Family,Korean
CUST004704,Sora,Schmidt,41.0,Female,Spain,,Madrid,2021-07-27,Affiliate Partner,Family,Polish
CUST001713,Susan,Okafor,42.0,Other,Canada,,Calgary,2020-08-25,Paid Social,Individual,English
CUST000956,Vivaan,Garcia,,Male,Australia,,Perth,2021-10-22,Affiliate Partner,Individual,German
CUST005973,Aisha,Gupta,34.0,Female,United States,,Austin,2024-06-30,Affiliate Partner,Individual,English
CUST007900,Leo,Almeida,32.0,Male,France,,Paris,2025-03-29,Organic Search,Family,English
CUST007122,Juan,Richard,27.0,Female,United States,,Seattle,2021-10-19,Affiliate Partner,Individual,English
CUST007399,Aditya,Okafor,18.0,Other,japan,,Tokyo,2019-03-20,Email Campaign,Individual,Japanese
CUST000404,Linda,Verma,47.0,Female,united states,,Austin,2023-11-07,Direct,Individual,English
CUST002072,Logan,Huang,17.0,Female,IN,,Delhi,2025-10-26,Email Campaign,Student,Japanese
CUST006398,Amina,Wang,20.0,Female,India,,,2023-08-09,Organic Search,Individual,English
CUST001978,Kofi,Yoon,48.0,Female,United States,,Los Angeles,2021-09-14,Paid Social,Family,Korean
CUST000159,Yuto,Liu,35.0,Female,USA,,New York,2023-09-24,App Store,Family,French
CUST003889,Ananya,Yang,34.0,Female,United States,,Chicago,2024-03-29,Affiliate Partner,Family,German
CUST005452,Amara,Martin,33.0,Male,,,Sydney,2019-04-18,Direct,Individual,English
CUST000903,Reyansh,Alves,46.0,Female,Spain,,Valencia,2019-08-18,Organic Search,Individual,English
CUST000353,Gabriela,Okonkwo,25.0,Female,Japan,,Tokyo,2025-03-12,Direct,Individual,English
CUST005327,Susan,Khan,31.0,Male,Britain,,Glasgow,2020-03-09,App Store,Family,Spanish
CUST004541,Linda,Silva,38.0,Female,Spain,,Seville,2019-05-27,Affiliate Partner,Individual,Korean
CUST004131,Aisha,Dubois,16.0,Female,DE,,Frankfurt,2026-03-15,Paid Social,Student,Indonesian
CUST000755,Vivaan,Takahashi,46.0,Female,JP,,Osaka,2021-10-20,Paid Social,Family,English
CUST002972,Feng,Kim,32.0,Female,Japan,,Yokohama,2024-07-27,Email Campaign,Individual,Hindi
CUST001191,Emma,Huang,39.0,Female,France,,Nice,2021-10-06,Referral,Individual,German
CUST002921,Saanvi,Verma,26.0,Male,United Kingdom,,Manchester,2021-02-26,Paid Social,Student,Hindi
CUST000312,Yong,Schneider,28.0,Male,Australia,,Perth,2026-01-11,Affiliate Partner,Individual,English
CUST004645,Pedro,Johnson,42.0,Male,United Kingdom,,Birmingham,2022-09-02,Paid Social,Individual,Hindi
CUST000662,John,Fischer,58.0,Prefer not to say,Philippines,,Cebu City,2025-10-16,Affiliate Partner,Individual,Indonesian
CUST001990,Jun,Okonkwo,13.0,Female,United Kingdom,,London,2020-08-08,Partner Bundle (Telecom),Individual,Spanish
CUST003666,Joseph,Iyer,41.0,Male,Argentina,,Buenos Aires,2021-03-13,Paid Social,Individual,Portuguese
CUST000307,Sofia,Yang,35.0,Female,United States,,Seattle,2022-09-10,Affiliate Partner,Family,Spanish
CUST002336,Evelyn,Durand,29.0,Male,United States,,Phoenix,2022-04-25,Organic Search,Individual,English
CUST004791,Riku,Kobayashi,50.0,Female,United Kingdom,,Liverpool,2021-06-10,Paid Social,Individual,Spanish
CUST002357,Oliver,Chowdhury,25.0,Female,Philippines,,Cebu City,2020-12-26,Email Campaign,Individual,Hindi
CUST003703,Yui,Okafor,22.0,Male,South Korea,,,2020-01-12,Paid Social,Family,French
CUST003805,Diya,Yang,,Female,Argentina,,Rosario,2023-06-23,Organic Search,Individual,English
CUST001928,Aarav,Silva,32.0,Male,India,,,2022-02-02,Paid Social,Individual,German
CUST007062,Susan,Kim,20.0,Female,Japan,,Osaka,2019-10-26,Referral,Individual,English
CUST003428,Jian,Adeyemi,38.0,Female,Spain,,Seville,2023-08-03,Partner Bundle (Telecom),Individual,
CUST000750,Haruto,Sharma,15.0,Female,India,,Delhi,2023-07-25,Paid Social,Individual,Hindi
CUST003639,Elijah,Watanabe,42.0,Female,United States,,Seattle,2025-09-07,Organic Search,Family,English
CUST005868,Zola,Zhao,13.0,Male,,,Austin,2020-12-21,Organic Search,Individual,Korean
CUST001267,Noor,Brown,56.0,Male,India,,Mumbai,2023-01-09,Direct,Family,English
CUST005900,Diya,Sheikh,17.0,Male,Spain,,Madrid,2021-12-01,App Store,Student,Hindi
CUST006121,Mason,Nair,13.0,Female,India,,Bengaluru,2020-10-28,Organic Search,Individual,Spanish
CUST007119,Camila,Tanaka,18.0,Female,Brazil,,Rio de Janeiro,2022-07-28,Organic Search,Family,Hindi
CUST003596,Ren,Brown,21.0,Male,canada,,,2019-09-06,App Store,Individual,Arabic
CUST002135,Barbara,Weber,51.0,Female,Canada,,Toronto,2019-09-08,Paid Social,Individual,English
CUST005067,Feng,Ito,44.0,Male,Brazil,,Fortaleza,2026-01-01,Referral,Student,German
CUST004110,Mason,Alves,,Male,Italy,,Turin,2025-02-19,Email Campaign,Student,Arabic
CUST004970,Isabella,Johnson,34.0,Male,United Kingdom,,Manchester,2024-08-16,Referral,Individual,French
CUST004905,Ananya,Moreau,23.0,Female,India,,Ahmedabad,2020-01-08,Organic Search,Individual,English
CUST000515,Jessica,Robert,52.0,Female,Italy,,,2019-06-13,Paid Social,Student,Tagalog
CUST007200,Alejandro,Hussain,42.0,Female,Indonesia,,Surabaya,2019-02-20,Affiliate Partner,Individual,English
CUST000410,Gabriela,Brown,56.0,Female,United Kingdom,,Leeds,2024-11-01,Paid Social,Family,Spanish
CUST006511,Vihaan,Nakamura,36.0,Female,United States,,Miami,2019-08-24,Referral,Individual,English
CUST005404,Fernando,Weber,44.0,Female,United States,,Miami,2021-03-23,Affiliate Partner,Student,Polish
CUST007954,Kofi,Schmidt,26.0,Female,United Kingdom,,London,2021-03-09,App Store,Family,English
CUST006977,Ali,Miller,13.0,Female,United States,,Phoenix,2021-06-06,Organic Search,Individual,French
CUST000208,Ahmed,Martinez,52.0,Male,Canada,,Calgary,2022-05-12,Referral,Individual,Hindi
CUST006550,Tariq,Yoon,20.0,Female,United States,,Phoenix,2022-04-10,Organic Search,Individual,Hindi
CUST000459,Anika,Banda,39.0,Male,US,,New York,2024-04-17,Organic Search,Individual,Hindi
CUST002055,Sai,Silva,23.0,Female,,,Miami,2021-03-17,Organic Search,Individual,English
CUST002431,Jennifer,Watanabe,42.0,Male,United States,,Phoenix,2020-03-30,Referral,Individual,German
CUST000251,Navya,Dubois,22.0,Female,South Korea,,Seoul,2022-08-14,Direct,Family,English
CUST007947,Emma,Ahmed,40.0,Female,United Arab Emirates,,Sharjah,2025-06-29,Organic Search,Student,English
CUST005438,Olivia,Robert,15.0,Female,India,,Kolkata,2025-05-07,Organic Search,Individual,Polish
CUST001108,Lucia,Almeida,50.0,Male,United States,,Houston,2023-04-05,Organic Search,Individual,English
CUST006532,Themba,Jung,27.0,Female,India,,Hyderabad,2022-04-15,App Store,Individual,English
CUST001714,Ren,Yang,28.0,Male,Canada,,Toronto,2021-04-03,Email Campaign,Individual,English
CUST003912,Isabella,Rodrigues,32.0,Female,United States,,Seattle,2022-06-22,Affiliate Partner,Individual,
CUST006482,Patricia,Costa,47.0,Male,Nigeria,,Ibadan,2025-03-03,Paid Social,Individual,English
CUST000716,Fernando,Zhang,46.0,Male,UAE,,Abu Dhabi,2026-05-16,Paid Social,Individual,Korean
CUST000553,Robert,Verma,38.0,Female,Brazil,,Brasilia,2019-10-11,Affiliate Partner,Student,Spanish
CUST001440,James,Mwangi,34.0,Male,France,,Nice,2019-06-11,Organic Search,Individual,Arabic
CUST002271,Paula,Lee,30.0,Other,India,,Chennai,2025-08-11,Email Campaign,Individual,Polish
CUST003145,Aadhya,Fischer,24.0,Female,Mexico,,Puebla,2022-03-25,Direct,Individual,English
CUST007680,Tariq,Wagner,30.0,Female,Japan,,,2023-09-01,Organic Search,Individual,German
CUST001926,Isabella,Koch,38.0,Female,Germany,,Munich,2025-01-31,Referral,Individual,Portuguese
CUST000635,Matthew,Wagner,30.0,Other,INDIA,,Kolkata,2019-09-14,Organic Search,Individual,Hindi
CUST000317,Amelia,Costa,35.0,Female,United States,,Miami,2023-10-05,Paid Social,Individual,German
CUST007560,Oliver,Watanabe,22.0,Female,france,,Lyon,2024-08-01,Referral,Individual,English
CUST005425,Charlotte,Martin,13.0,Male,Nigeria,,Lagos,2022-07-06,Organic Search,Student,Korean
CUST000428,Sota,Park,37.0,Male,United Arab Emirates,,Sharjah,2022-01-05,Partner Bundle (Telecom),Family,Indonesian
CUST006437,Ishaan,Fischer,48.0,Male,United States,,Phoenix,2023-02-28,Direct,Individual,Portuguese
CUST000106,Amelia,Schmidt,53.0,Male,Italy,,Milan,2026-01-05,Paid Social,Individual,
CUST003042,Aisha,Wu,48.0,Female,South Africa,,,2024-07-27,Affiliate Partner,Individual,German
CUST004239,Diego,Hussain,17.0,Male,Nigeria,,Abuja,2025-01-14,Referral,Family,French
CUST002170,Logan,Wagner,39.0,Female,India,,Chennai,2025-07-05,Affiliate Partner,Family,German
CUST001710,Isabella,Martin,32.0,Male,Canada,,,2023-11-26,Paid Social,Individual,English
CUST000090,Harper,Mensah,23.0,Male,Brazil,,Rio de Janeiro,2024-12-24,Paid Social,Student,English
CUST002242,Pedro,Okafor,38.0,Female,United Kingdom,,Glasgow,2026-02-25,Paid Social,Family,Japanese
CUST003175,Chidi,Hussain,32.0,Female,Nigeria,,Abuja,2020-01-31,Organic Search,Individual,English
CUST007849,Hassan,Kang,39.0,Female,Brazil,,Brasilia,2022-11-27,Affiliate Partner,Individual,English
CUST001950,Tariq,Sheikh,25.0,Male,Canada,,Ottawa,2023-02-20,Partner Bundle (Telecom),Student,English
CUST004045,Kiara,Nakamura,37.0,Male,Italy,,Milan,2025-11-12,Organic Search,Individual,English
CUST007587,Anika,Alves,13.0,Female,Philippines,,Cebu City,2020-11-26,Partner Bundle (Telecom),Student,
CUST002849,Liam,Dubois,40.0,Male,Mexico,,Guadalajara,2022-06-02,Partner Bundle (Telecom),Family,French
CUST000002,Hao,Miller,54.0,Female,France,,,2025-12-24,Direct,Corporate Bundle,Japanese
CUST004338,Noor,Jung,24.0,Female,Mexico,,Mexico City,2020-07-27,Partner Bundle (Telecom),Corporate Bundle,French
CUST000936,Alexander,Robert,36.0,Male,United States,,Seattle,2022-12-01,Paid Social,Corporate Bundle,German
CUST007844,Mason,Zhang,18.0,Female,,,,2026-03-13,Organic Search,Individual,Korean
CUST002721,Myra,Dubois,21.0,Female,france,,Nice,2026-01-14,Paid Social,Student,Spanish
CUST005206,Valentina,Bernard,13.0,Male,,,Toulouse,2019-08-08,Affiliate Partner,Individual,Hindi
CUST007239,Zola,Mwangi,35.0,Male,United States,,Houston,2020-10-10,Affiliate Partner,Family,Portuguese
CUST000592,Sakura,Qureshi,32.0,Male,United Kingdom,,Manchester,2021-03-06,Organic Search,Individual,Indonesian
CUST007755,Navya,Lim,34.0,Female,MEXICO,,Mexico City,2023-08-18,Partner Bundle (Telecom),Student,Tagalog
CUST006051,Barbara,Chikoti,32.0,Female,South Korea,,Incheon,2024-06-10,Referral,Individual,Hindi
CUST002937,Henry,Koch,39.0,Male,Philippines,,Manila,2020-10-28,Organic Search,Student,Korean
CUST002449,Mason,Hoffmann,30.0,Female,Poland,,Warsaw,2020-12-18,Organic Search,Student,Spanish
CUST001577,Amina,Fischer,39.0,Female,Poland,,Warsaw,2022-02-17,Partner Bundle (Telecom),Individual,English
CUST006480,Yui,Costa,13.0,Female,Spain,,Valencia,2023-03-08,Paid Social,Family,Arabic
CUST006722,Arjun,Li,13.0,Male,India,,Delhi,2024-10-08,Paid Social,Individual,Arabic
CUST000214,Sofia,Mensah,37.0,Male,South Africa,,Johannesburg,2020-04-02,Organic Search,Individual,Hindi
CUST000779,Rania,Durand,35.0,Male,South Korea,,Seoul,2022-12-18,App Store,Corporate Bundle,Arabic
CUST006813,Ethan,Rodriguez,35.0,Male,United States,,Miami,2021-05-09,Organic Search,Student,Hindi
CUST003497,Karen,Petit,13.0,Female,Poland,,Wroclaw,2025-07-26,App Store,Family,Japanese
CUST006320,Myra,Verma,27.0,Female,India,,Bengaluru,2021-04-08,Partner Bundle (Telecom),Individual,German
CUST002044,Lucia,Watanabe,29.0,Female,United States,,Chicago,2019-11-24,App Store,Individual,English
CUST007303,Elizabeth,Qureshi,24.0,Female,United Arab Emirates,,Abu Dhabi,2019-03-04,Referral,Individual,Portuguese
CUST005421,Elena,Ferreira,46.0,Female,United Kingdom,,Liverpool,2021-06-10,Referral,Individual,English
CUST001568,Harry,Qureshi,,Female,United States,,Seattle,2024-07-11,Referral,Individual,English
CUST000166,Elizabeth,Kumar,34.0,Female,Japan,,Yokohama,2023-11-17,Referral,Student,Spanish
CUST004703,Chidi,Mwangi,34.0,Female,United States,,Los Angeles,2021-08-02,Affiliate Partner,Individual,German
CUST003567,Liam,Oliveira,35.0,Male,,,Bandung,2024-09-28,Organic Search,Individual,Korean
CUST006170,Jian,Sato,40.0,Female,United States,,Chicago,2020-06-05,Organic Search,Individual,French
CUST007649,Mariana,Malik,35.0,Male,INDIA,,Ahmedabad,2022-05-09,Organic Search,Student,Japanese
CUST005440,Aarav,Almeida,57.0,Female,Japan,,Tokyo,2024-07-21,Direct,Individual,Hindi
CUST002014,Hina,Cho,30.0,Male,India,,Kolkata,2021-03-13,Organic Search,Family,Arabic
CUST000274,Hassan,Yamamoto,43.0,Female,Philippines,,Davao City,2019-10-20,Email Campaign,Family,Hindi
CUST003861,Valentina,Zhou,36.0,Female,United Kingdom,,Birmingham,2024-12-05,Email Campaign,Individual,Japanese
CUST004168,Layla,Lim,51.0,Female,India,,Kolkata,2025-12-31,Organic Search,Individual,Hindi
CUST006425,Myra,Li,13.0,Male,India,,Delhi,2019-07-21,Paid Social,Individual,French
CUST003789,Amina,Fischer,49.0,Female,United States,,Houston,2020-09-04,Referral,Individual,Japanese
CUST005184,Amelia,Kim,33.0,Female,India,,Chennai,2019-04-03,Organic Search,Family,Korean
CUST000395,Aadhya,Lee,48.0,Female,BRAZIL,,Rio de Janeiro,2022-08-23,Organic Search,Individual,Portuguese
CUST000584,Ming,Yoon,,Female,,,Krakow,2019-09-16,Direct,Individual,German
CUST007912,Harry,Robert,44.0,Male,United Kingdom,,Manchester,2024-07-28,Referral,Individual,Hindi
CUST005224,Ava,Williams,,Female,Japan,,Osaka,2019-12-19,Affiliate Partner,Individual,Portuguese
CUST007462,Ananya,Yamamoto,51.0,Male,South Korea,,Busan,2019-06-17,Paid Social,Individual,Polish
CUST007414,Jessica,Silva,38.0,Female,Brazil,,Sao Paulo,2023-09-13,Referral,Family,English
CUST007693,Anika,Almeida,32.0,Female,Canada,,,2019-04-18,Organic Search,Individual,English
CUST006514,Feng,Smith,41.0,Male,Indonesia,,Bandung,2022-08-16,App Store,Family,Spanish
CUST000521,Harry,Otieno,38.0,Male,france,,Lyon,2023-03-24,Email Campaign,Student,Spanish
CUST001764,Myra,Almeida,21.0,Female,United Kingdom,,Leeds,2020-08-23,Paid Social,Family,English
CUST001876,Paula,Schmidt,48.0,Male,,,Brasilia,2022-03-21,Paid Social,Individual,Indonesian
CUST005356,Carlos,Okafor,13.0,Male,United Arab Emirates,,,2025-09-08,Affiliate Partner,Individual,Spanish
CUST003966,Isabella,Kim,20.0,Male,India,,Bengaluru,2024-07-13,App Store,Individual,English
CUST003345,Alejandro,Zhou,50.0,Male,South Africa,,Johannesburg,2021-04-07,Organic Search,Individual,Hindi
CUST002254,Charlie,Leroy,31.0,Female,United Kingdom,,Glasgow,2023-07-31,Direct,Family,Portuguese
CUST003225,Aisha,Hoffmann,145.0,Male,Canada,,Montreal,2025-06-29,Paid Social,Family,English
CUST000527,Sami,Koch,33.0,Female,Canada,,Toronto,2022-07-18,Referral,Student,English
CUST002947,Lei,Jang,31.0,Male,Australia,,Brisbane,2020-10-25,Organic Search,Individual,Indonesian
CUST004474,Hassan,Garcia,13.0,Female,India,,Delhi,2020-06-30,Organic Search,Family,Indonesian
CUST003900,Lucas,Rodriguez,43.0,Male,India,,Pune,2022-10-30,App Store,Individual,English
CUST005656,Tao,Khan,37.0,Female,United Arab Emirates,,Abu Dhabi,2021-05-22,Paid Social,Individual,Hindi
CUST000693,Elizabeth,Petit,26.0,Male,Spain,,Valencia,2019-05-05,Paid Social,Individual,English
CUST007605,Elizabeth,Menon,20.0,Female,Indonesia,,Bandung,2019-11-20,Email Campaign,Individual,Spanish
CUST004445,Kiara,Laurent,52.0,Female,Canada,,Ottawa,2022-09-28,Partner Bundle (Telecom),Student,English
CUST003634,Daniel,Weber,46.0,Female,Italy,,Turin,2023-12-28,Referral,Individual,English
CUST005806,Vivaan,Sheikh,43.0,Female,BR,,Rio de Janeiro,2024-11-21,Referral,Individual,English
CUST001051,Aoi,Menon,31.0,Female,Brazil,,Sao Paulo,2020-11-18,Organic Search,Family,Korean
CUST000591,Olivia,Suzuki,32.0,Female,United Kingdom,,Manchester,2022-11-04,Direct,Family,English
CUST000520,Isabella,Liu,37.0,Prefer not to say,United States,,Chicago,2025-07-08,App Store,Corporate Bundle,Tagalog
CUST003381,Vivaan,Baig,36.0,Male,United States,,Los Angeles,2021-08-10,App Store,Family,English
CUST003677,Mariana,Suzuki,32.0,Prefer not to say,United Kingdom,,London,2024-04-03,App Store,Corporate Bundle,Portuguese
CUST005777,Lei,Durand,43.0,Male,India,,Pune,2021-04-08,Organic Search,Corporate Bundle,Portuguese
CUST006634,Matthew,Abara,34.0,Female,United Arab Emirates,,Abu Dhabi,2023-03-23,Paid Social,Family,
CUST005180,Sota,Cho,27.0,Male,United States,,Houston,2019-05-14,Organic Search,Family,Arabic
CUST001608,Tendai,Sheikh,40.0,Male,United States,,Seattle,2020-10-04,Organic Search,Individual,German
CUST003611,Riku,Almeida,45.0,Female,India,,Chennai,2021-06-01,Referral,Individual,French
CUST007675,Wei,Chikoti,27.0,Male,India,,Bengaluru,2022-11-08,App Store,Student,English
CUST005353,Sai,Wang,39.0,Female,United States,,New York,2022-05-30,Paid Social,Individual,
CUST001810,Amina,Garcia,42.0,Prefer not to say,France,,Paris,2021-11-18,Direct,Family,English
CUST000792,Aisha,Hussain,60.0,Male,United States,,Austin,2021-03-18,Paid Social,Individual,Portuguese
CUST000793,Yong,Wu,32.0,Male,Philippines,,Cebu City,2024-10-15,Partner Bundle (Telecom),Family,Spanish
CUST006622,Aadhya,Pereira,23.0,Male,Nigeria,,Lagos,2022-06-03,Partner Bundle (Telecom),Individual,
CUST001856,Andrew,Takahashi,35.0,Male,India,,,2024-05-09,Organic Search,Family,Indonesian
CUST001981,Jack,Smith,26.0,Male,France,,Toulouse,2020-08-01,Referral,Individual,English
CUST003234,Aisha,Johnson,34.0,Female,Spain,,Seville,2021-01-13,Organic Search,Family,English
CUST003599,Charlotte,Yoon,,Male,India,,Kolkata,2021-11-15,Direct,Individual,Korean
CUST000934,Olivia,Durand,26.0,Female,Japan,,Yokohama,2019-10-11,Paid Social,Family,English
CUST003964,Aarav,Martin,45.0,Male,Canada,,Ottawa,2023-11-10,Paid Social,Student,English
CUST005996,Evelyn,Sharma,37.0,Male,United States,,Miami,2020-01-10,Paid Social,Individual,Korean
CUST005627,Vivaan,Schneider,45.0,Female,Argentina,,Rosario,2025-11-01,Affiliate Partner,Family,English
CUST005507,Jack,Watanabe,29.0,Male,United States,,New York,2026-01-10,Affiliate Partner,Individual,German
CUST007472,Yusuf,Richard,40.0,Male,India,,,2022-05-01,Partner Bundle (Telecom),Student,English
CUST004180,Ricardo,Weber,35.0,Female,South Africa,,Pretoria,2022-03-18,App Store,Individual,English
CUST004027,Naledi,Sharma,17.0,Female,Australia,,Sydney,2024-12-19,Affiliate Partner,Individual,French
CUST007133,Aarav,Meyer,43.0,Female,United Kingdom,,Liverpool,2024-08-04,Referral,Family,French
CUST004117,Tendai,Liu,45.0,Female,GERMANY,,Frankfurt,2023-02-15,Paid Social,Corporate Bundle,
CUST000989,Luis,Davis,16.0,Female,United Arab Emirates,,Abu Dhabi,2024-10-23,Direct,Individual,Spanish
CUST006215,Aoi,Reddy,13.0,Male,,,Ahmedabad,2022-05-02,Affiliate Partner,Corporate Bundle,Korean
CUST003454,Joseph,Kumar,39.0,Male,United States,,Miami,2024-10-08,Email Campaign,Corporate Bundle,Portuguese
CUST007354,Alexander,Zhang,38.0,Male,Canada,,Calgary,2019-10-17,Email Campaign,Corporate Bundle,
CUST003779,Fatima,Park,32.0,Male,POLAND,,Warsaw,2022-08-27,App Store,Student,Hindi
CUST005659,Aadhya,Wu,34.0,Male,United Kingdom,,Glasgow,2020-01-21,Affiliate Partner,Family,English
CUST006755,Amelia,Moreau,40.0,Female,United States,,Miami,2024-02-22,App Store,Student,Italian
CUST003094,Aoi,Jung,16.0,Male,IN,,Chennai,2022-01-15,App Store,Individual,Spanish
CUST003156,Yusuf,Mensah,37.0,Female,United States,,Seattle,2025-12-06,Affiliate Partner,Individual,English
CUST005070,Aadhya,Otieno,22.0,Other,United Kingdom,,Manchester,2019-07-19,Affiliate Partner,Student,French
CUST005807,Jennifer,Leroy,24.0,Male,,,Berlin,2023-12-05,Referral,Student,
CUST003202,Lucia,Verma,,Female,U.S.A,,Austin,2022-09-03,Referral,Corporate Bundle,Spanish
CUST006499,Themba,Menon,32.0,Female,,,Naples,2019-06-04,Direct,Individual,Spanish
CUST001099,Ibrahim,Oliveira,33.0,Female,USA,,Seattle,2024-06-15,Referral,Family,Japanese
CUST006688,Fernando,Robert,56.0,Male,mexico,,Mexico City,2022-03-06,Direct,Student,Indonesian
CUST002845,Andrew,Almeida,22.0,Male,France,,Marseille,2022-08-26,Direct,Individual,English
CUST000887,Ayaan,Menon,47.0,Male,US,,Chicago,2020-10-17,Organic Search,Corporate Bundle,English
CUST007939,Diego,Petit,32.0,Male,Spain,,Barcelona,2023-05-28,Paid Social,Family,French
CUST006249,Amara,Kobayashi,27.0,Male,United States,,Seattle,2019-07-22,Partner Bundle (Telecom),Individual,Korean
CUST000516,Nia,Okafor,35.0,Female,Philippines,,Davao City,2024-10-18,Organic Search,Student,English
CUST007428,Charlie,Watanabe,,Male,South Korea,,Incheon,2024-03-28,Direct,Student,Hindi
CUST004834,Juan,Wagner,46.0,Female,south korea,,,2022-02-15,Organic Search,Family,Hindi
CUST001454,Noor,Rahman,25.0,Male,India,,Hyderabad,2025-10-03,Paid Social,Family,Tagalog
CUST003554,Pari,Davis,35.0,Prefer not to say,France,,Marseille,2026-03-27,Organic Search,Corporate Bundle,Polish
CUST003610,Jun,Richard,35.0,Female,Philippines,,Cebu City,2024-05-07,Paid Social,Individual,
CUST004666,Naledi,Sato,43.0,Female,Australia,,Brisbane,2024-05-06,Paid Social,Family,Arabic
CUST002507,Amina,Williams,38.0,Female,United States,,New York,2024-02-15,Organic Search,Individual,Hindi
CUST002995,Aadhya,Kobayashi,38.0,Female,South Africa,,Johannesburg,2019-10-15,Partner Bundle (Telecom),Individual,English
CUST004000,Mia,Zhou,19.0,Female,Nigeria,,Lagos,2020-04-16,Organic Search,Family,Korean
CUST007627,Ethan,Johnson,42.0,Male,United States,,New York,2024-07-24,Organic Search,Family,Japanese
CUST000907,Themba,Sato,17.0,Male,Germany,,Frankfurt,2021-08-23,Organic Search,Individual,Portuguese
CUST000029,Lucia,Sheikh,35.0,Male,United States,,Seattle,2021-12-18,App Store,Family,Italian
CUST006909,Oscar,Robert,13.0,Male,South Africa,,Pretoria,2019-12-03,Paid Social,Individual,Indonesian
CUST002508,Noah,Schmidt,15.0,Female,Indonesia,,Bandung,2023-01-28,Email Campaign,Student,English
CUST002429,Ishaan,Okonkwo,50.0,Male,United Kingdom,,London,2019-02-13,Organic Search,Individual,English
CUST005044,Leo,Johnson,30.0,Female,Canada,,Vancouver,2019-09-13,Direct,Corporate Bundle,Hindi
CUST005347,Tao,Sato,65.0,Male,Germany,,Berlin,2024-06-08,Affiliate Partner,Individual,English
CUST000763,Patricia,Santos,38.0,Female,Germany,,Frankfurt,2021-02-03,App Store,Corporate Bundle,Indonesian
CUST003748,Sai,Zhou,57.0,Male,Brazil,,Rio de Janeiro,2022-02-03,Organic Search,Individual,Japanese
CUST004812,Jose,Gupta,46.0,Male,canada,,Calgary,2025-09-13,Organic Search,Individual,English
CUST000285,John,Okafor,39.0,Male,United States,,Seattle,2022-07-11,Referral,Corporate Bundle,German
CUST000687,Valentina,Sheikh,22.0,Male,United States,,Los Angeles,2020-08-20,Paid Social,Student,English
CUST007441,Reyansh,Rodriguez,,Female,Brazil,,Brasilia,2024-11-10,Direct,Family,English
CUST002354,Pari,Schneider,35.0,Male,India,,Chennai,2022-03-25,Direct,Individual,Portuguese
CUST006478,Nia,Smith,44.0,Female,DE,,Munich,2025-02-15,Email Campaign,Individual,English
CUST006919,Ayaan,Wang,,Male,France,,Marseille,2025-05-28,Affiliate Partner,Student,Portuguese
CUST000022,Lucia,Davis,38.0,Male,United States,,Houston,2026-03-02,Organic Search,Individual,English
CUST002753,Olivia,Williams,40.0,Female,DE,,Berlin,2026-04-19,Paid Social,Individual,Spanish
CUST000886,Navya,Davis,36.0,Female,United States,,Houston,2022-01-02,Organic Search,Individual,Tagalog
CUST000918,Reyansh,Hoffmann,35.0,Female,United States,,Seattle,2025-08-15,Referral,Individual,German
CUST001041,Jack,Khan,32.0,Prefer not to say,PHILIPPINES,,Cebu City,2024-03-29,Referral,Corporate Bundle,English
CUST006389,Kofi,Menon,26.0,Male,United States,,Houston,2025-01-16,Paid Social,Individual,Spanish
CUST001266,Amara,Durand,23.0,Female,Canada,,Toronto,2023-11-28,Organic Search,Family,Hindi
CUST004580,Yui,Sato,49.0,Female,India,,Mumbai,2020-03-10,Referral,Individual,English
CUST007090,Alejandro,Yamamoto,34.0,Female,Argentina,,Buenos Aires,2025-09-19,Organic Search,Individual,English
CUST007487,Kofi,Santos,35.0,Male,U.S.A,,Chicago,2021-01-19,App Store,Individual,English
CUST000278,Charlotte,Garcia,30.0,Female,South Korea,,Incheon,2019-07-15,Partner Bundle (Telecom),Individual,Hindi
CUST005085,Saanvi,Bernard,45.0,Female,United States,,Chicago,2020-03-13,Organic Search,Individual,Tagalog
CUST002085,Ricardo,Schneider,45.0,Female,United States,,Chicago,2020-10-02,Referral,Family,Portuguese
CUST001246,Hao,Takahashi,35.0,Female,United Kingdom,,Leeds,2019-06-22,Direct,Family,Arabic
CUST002383,Khalid,Nair,26.0,Female,Canada,,Montreal,2025-05-15,Partner Bundle (Telecom),Family,English
CUST000572,Jose,Lee,38.0,Female,United States,,Seattle,2020-12-08,App Store,Student,English
CUST001436,Charlie,Zhang,16.0,Male,United Kingdom,,Liverpool,2023-12-06,Email Campaign,Family,
CUST003903,Ming,Weber,23.0,Female,Brazil,,Brasilia,2019-06-02,Partner Bundle (Telecom),Family,English
CUST005090,Joseph,Durand,49.0,Male,united states,,Phoenix,2021-09-16,Referral,Family,Hindi
CUST001248,Aoi,Patel,38.0,Male,United Arab Emirates,,Dubai,2023-08-10,Referral,Individual,Spanish
CUST006048,Linda,Costa,24.0,Male,United States,,Chicago,2026-02-13,Referral,Individual,German
CUST004682,Ming,Banda,5.0,Female,India,,Ahmedabad,2022-05-31,App Store,Individual,Japanese
CUST003527,Jessica,Oliveira,24.0,Male,India,,Hyderabad,2024-10-21,Referral,Individual,Hindi
CUST002515,Alexander,Alves,26.0,Female,Mexico,,Puebla,2019-04-18,Affiliate Partner,Individual,Hindi
CUST005446,Daniela,Sharma,42.0,Female,Brazil,,Salvador,2025-08-26,Organic Search,Individual,Portuguese
CUST001008,Ricardo,Costa,43.0,Female,United States,,Houston,2024-11-19,Organic Search,Family,English
CUST004771,Naledi,Abara,47.0,Female,US,,New York,2022-05-06,Paid Social,Individual,English
CUST004544,Alejandro,Koch,24.0,Male,Germany,,Berlin,2019-02-15,Email Campaign,Individual,Arabic
CUST006072,Luis,Garcia,18.0,Female,Australia,,Perth,2025-10-03,Referral,Individual,Hindi
CUST007992,Henry,Schmidt,22.0,Female,Italy,,Rome,2026-01-07,Organic Search,Individual,English
CUST002065,Saanvi,Chen,23.0,Male,India,,Ahmedabad,2026-05-31,Paid Social,Individual,Japanese
CUST005353,Sai,Wang,39.0,Female,United States,,New York,2022-05-30,Paid Social,Individual,
CUST006359,Lei,Martin,26.0,Female,India,,Ahmedabad,2024-07-02,Organic Search,Individual,French
CUST001691,Alfie,Souza,15.0,Other,United States,,Los Angeles,2025-07-15,Paid Social,Family,English
CUST006951,Noah,Mensah,27.0,Male,Bharat,,Ahmedabad,2024-07-18,Paid Social,Family,Hindi
CUST007314,Sofia,Schneider,28.0,Male,United States,,New York,2022-10-02,Referral,Student,Portuguese
CUST005344,Khalid,Silva,13.0,Female,Spain,,Valencia,2021-03-26,Email Campaign,Individual,French
CUST001986,Freddie,Rahman,42.0,Female,KR,,Seoul,2023-01-15,Paid Social,Corporate Bundle,Spanish
CUST000295,Jennifer,Kim,21.0,Female,United States,,Phoenix,2023-04-27,Paid Social,Individual,English
CUST001548,Zara,Zhou,32.0,Female,South Africa,,Durban,2023-06-02,Organic Search,Family,Portuguese
CUST002013,Alfie,Alves,39.0,Male,Indonesia,,Jakarta,2020-02-19,App Store,Individual,
CUST000589,Amelia,Nair,30.0,Male,United Arab Emirates,,Abu Dhabi,2025-11-09,Paid Social,Corporate Bundle,Indonesian
CUST003330,William,Zhou,38.0,Male,United States,,Seattle,2025-08-26,Affiliate Partner,Student,English
CUST002404,Liam,Garcia,36.0,Male,Philippines,,Cebu City,2022-07-26,Affiliate Partner,Family,English
CUST002130,Miguel,Otieno,27.0,Male,United States,,Seattle,2023-02-22,Affiliate Partner,Individual,English
CUST003999,Jennifer,Diallo,13.0,Female,United States,,Miami,2023-07-16,Organic Search,Individual,French
CUST007052,Lei,Muller,54.0,Male,United States,,Austin,2025-03-30,Referral,Individual,Hindi
CUST003742,Mohammed,Yamamoto,42.0,Male,United States,,Phoenix,2024-03-29,Referral,Individual,Indonesian
CUST003509,Layla,Banda,,Male,Nigeria,,Ibadan,2025-02-12,Organic Search,Individual,English
CUST002720,Diego,Singh,40.0,Male,United States,,Houston,2022-03-04,Email Campaign,Family,Japanese
CUST004522,Logan,Costa,24.0,Female,United States,,Miami,2022-07-07,Organic Search,Family,English
CUST005151,Saanvi,Hoffmann,31.0,Male,India,,Bengaluru,2025-06-27,Affiliate Partner,Family,Hindi
CUST007334,Saanvi,Hoffmann,30.0,Female,United States,,,2020-11-30,App Store,Individual,Portuguese
CUST007342,Jacob,Leroy,28.0,Male,India,,Pune,2022-04-17,Direct,Student,Hindi
CUST000557,Ava,Nair,32.0,Male,United Arab Emirates,,Dubai,2025-06-06,Organic Search,Family,English
CUST004796,Naledi,Ali,31.0,Prefer not to say,India,,Hyderabad,2022-01-21,Paid Social,Individual,Portuguese
CUST002470,Yui,Kang,35.0,Female,Germany,,Cologne,2019-01-08,Affiliate Partner,Family,Arabic
CUST003739,Ibrahim,Koch,48.0,Male,United Kingdom,,Liverpool,2019-11-22,Organic Search,Individual,Hindi
CUST004287,Karen,Lee,41.0,Female,Germany,,Hamburg,2024-01-03,App Store,Student,Hindi
CUST007847,George,Jang,28.0,Male,India,,Mumbai,2024-07-02,Paid Social,Individual,German
CUST005290,Diego,Moreau,34.0,Female,India,,Hyderabad,2023-12-18,App Store,Individual,Korean
CUST001717,Michael,Rodrigues,28.0,Male,France,,Lyon,2019-07-03,Email Campaign,Individual,Hindi
CUST002605,Kwame,Yang,24.0,Male,France,,Lyon,2022-12-29,Paid Social,Student,Korean
CUST006640,Yong,Ito,47.0,Female,United States,,Los Angeles,2023-11-01,Partner Bundle (Telecom),Family,English
CUST001705,Lucia,Weber,22.0,Male,india,,Delhi,2025-10-24,Paid Social,Student,English
CUST002140,Qiang,Jung,37.0,Female,India,,Hyderabad,2022-09-02,Affiliate Partner,Individual,Polish
CUST003240,Layla,Gupta,18.0,Male,Brazil,,Sao Paulo,2025-04-25,App Store,Family,Spanish
CUST002384,Yong,Wu,38.0,Female,Canada,,Calgary,2022-09-02,Partner Bundle (Telecom),Student,English
CUST004312,Camila,Banda,13.0,Male,United States,,Miami,2022-02-17,Direct,Student,English
CUST001286,Liam,Zhao,16.0,Male,India,,,2024-07-27,Paid Social,Corporate Bundle,Korean
CUST006855,Ali,Tanaka,47.0,Female,United States,,New York,2021-08-20,Paid Social,Family,Portuguese
CUST006386,Jennifer,Schmidt,24.0,Female,United States,,Chicago,2025-03-14,Referral,Student,Indonesian
CUST007195,Yuto,Santos,39.0,Male,South Korea,,Busan,2025-11-30,Email Campaign,Individual,English
CUST003931,Yuto,Rodrigues,13.0,Female,South Korea,,Seoul,2021-03-20,Email Campaign,Individual,Spanish
CUST005986,Vivaan,Fischer,60.0,Female,Poland,,Wroclaw,2022-04-29,Paid Social,Family,English
CUST006100,Hao,Reddy,52.0,Male,France,,Toulouse,2020-10-15,Organic Search,Individual,French
CUST001592,Kofi,Yamamoto,36.0,Male,US,,New York,2022-04-08,Organic Search,Family,German
CUST007561,Arjun,Li,34.0,Female,,,Tokyo,2024-10-11,Affiliate Partner,Individual,French
CUST007136,Harry,Jung,28.0,Male,Nigeria,,Kano,2020-06-03,Referral,Family,German
CUST002163,Harry,Leroy,,Female,MEXICO,,Guadalajara,2025-02-26,Partner Bundle (Telecom),Corporate Bundle,German
CUST002397,Diego,Liu,13.0,Male,South Korea,,Seoul,2026-01-16,Partner Bundle (Telecom),Individual,English
CUST000318,Saanvi,Adeyemi,42.0,Other,France,,Marseille,2019-02-02,Referral,Student,English
CUST007226,Ahmed,Martin,17.0,Female,United Arab Emirates,,Sharjah,2025-05-22,Partner Bundle (Telecom),Family,English
CUST003112,Mariana,Kang,34.0,Male,Mexico,,Puebla,2025-03-12,Partner Bundle (Telecom),Corporate Bundle,English
CUST005234,Jennifer,Lee,30.0,Female,Bharat,,Delhi,2023-11-21,Organic Search,Individual,Hindi
CUST006431,Huda,Cho,24.0,Female,United States,,Chicago,2025-11-08,Affiliate Partner,Student,Tagalog
CUST007806,Ricardo,Pereira,41.0,Male,Canada,,Vancouver,2026-01-27,Referral,Individual,Korean
CUST004037,Feng,Suzuki,,Male,Australia,,Brisbane,2020-09-23,App Store,Individual,German
CUST000796,Sami,Martinez,31.0,Other,brazil,,Fortaleza,2023-09-10,Paid Social,Individual,Indonesian
CUST003021,Logan,Durand,38.0,Female,United Arab Emirates,,,2019-07-30,Paid Social,Individual,French
CUST001712,Robert,Alves,39.0,Female,South Korea,,Incheon,2022-05-10,Paid Social,Student,Arabic
CUST003388,Yui,Chowdhury,,Female,France,,Marseille,2024-11-13,Affiliate Partner,Student,Hindi
CUST000037,Wei,Almeida,23.0,Prefer not to say,India,,Hyderabad,2020-05-24,Organic Search,Individual,Japanese
CUST004550,Mohammed,Chen,30.0,Other,Japan,,Yokohama,2024-06-06,Referral,Family,Spanish
CUST000914,Lucas,Oliveira,56.0,Female,United States,,Seattle,2022-01-23,Affiliate Partner,Family,Arabic
CUST005722,Jose,Chowdhury,32.0,Female,United Kingdom,,Leeds,2020-10-14,Affiliate Partner,Individual,Portuguese
CUST005296,Mia,Ahmed,31.0,Female,Canada,,Toronto,2025-01-15,Partner Bundle (Telecom),Corporate Bundle,French
CUST003973,William,Garcia,47.0,Female,United States,,Los Angeles,2024-07-30,Affiliate Partner,Family,Spanish
CUST005371,Ali,Mwangi,26.0,Male,United Kingdom,,Birmingham,2021-08-25,Email Campaign,Corporate Bundle,English
CUST004134,Sakura,Santos,42.0,Male,Brazil,,Salvador,2026-01-31,Email Campaign,Family,Hindi
CUST000975,Vivaan,Diallo,24.0,Female,India,,Kolkata,2021-10-26,Paid Social,Family,Hindi
CUST000984,Daniela,Santos,28.0,Female,Mexico,,Puebla,2019-02-04,Referral,Individual,English
CUST006574,David,Koch,45.0,Female,South Africa,,Durban,2025-09-20,Referral,Individual,Japanese
CUST001419,Pedro,Muller,31.0,Male,Brazil,,Sao Paulo,2022-10-28,Affiliate Partner,Individual,Indonesian
CUST001561,Yusuf,Rahman,42.0,Female,South Korea,,Seoul,2024-04-12,Paid Social,Student,
CUST004136,Susan,Takahashi,13.0,Male,Argentina,,Buenos Aires,2020-05-03,App Store,Family,English
CUST005583,Tao,Alves,46.0,Prefer not to say,Mexico,,Guadalajara,2023-12-10,Paid Social,Student,Spanish
CUST006420,Tariq,Garcia,32.0,Male,Australia,,Perth,2021-05-11,Paid Social,Student,Portuguese
CUST004266,Sara,Durand,35.0,Female,Japan,,Yokohama,2023-07-12,Organic Search,Individual,French
CUST001356,Logan,Takahashi,25.0,Female,United States,,Seattle,2019-03-02,Email Campaign,Individual,
CUST007536,Elijah,Jang,54.0,Male,Poland,,Krakow,2023-02-24,Affiliate Partner,Student,German
CUST007937,Qiang,Watanabe,34.0,Prefer not to say,India,,Pune,2022-08-13,Email Campaign,Family,English
CUST000988,Lei,Suzuki,13.0,Female,Canada,,Vancouver,2023-07-17,Organic Search,Individual,German
CUST002683,Vihaan,Brown,20.0,Female,Brazil,,Rio de Janeiro,2021-09-23,Partner Bundle (Telecom),Individual,English
CUST005048,Karen,Johnson,38.0,Male,,,Manchester,2025-04-20,Organic Search,Student,French
CUST001641,William,Ferreira,34.0,Male,South Korea,,Seoul,2023-05-10,Partner Bundle (Telecom),Individual,English
CUST001291,Camila,Li,13.0,Male,United Kingdom,,Leeds,2019-12-22,Affiliate Partner,Individual,Spanish
CUST003682,Amina,Diallo,27.0,Female,United Arab Emirates,,Abu Dhabi,2020-04-13,Paid Social,Family,English
CUST001381,Luis,Chowdhury,43.0,Female,US,,,2023-01-26,App Store,Individual,Hindi
CUST001934,Ibrahim,Rahman,31.0,Male,United States,,Chicago,2020-11-16,Partner Bundle (Telecom),Individual,English
CUST004676,Sami,Takahashi,52.0,Female,Argentina,,Cordoba,2022-04-21,Partner Bundle (Telecom),Individual,Portuguese
CUST006773,Harry,Becker,42.0,Other,Brazil,,Salvador,2025-12-05,Organic Search,Family,English
CUST003161,Khalid,Malik,29.0,Male,South Africa,,Cape Town,2024-05-25,Referral,Individual,
CUST002031,Riya,Jung,38.0,Male,United Kingdom,,Manchester,2021-01-23,Direct,Individual,Hindi
CUST000893,Ava,Ahmed,55.0,Male,South Korea,,Incheon,2020-04-12,Organic Search,Individual,Hindi
CUST004877,John,Silva,61.0,Female,United Arab Emirates,,Dubai,2020-01-23,Email Campaign,Individual,Portuguese
CUST004070,Robert,Suzuki,33.0,Female,Japan,,Osaka,2022-03-16,Paid Social,Corporate Bundle,English
CUST004256,John,Leroy,36.0,Male,INDIA,,Pune,2022-10-10,Affiliate Partner,Individual,Spanish
CUST000003,Lucia,Santos,17.0,Female,DE,,Berlin,2019-12-15,Referral,Individual,Indonesian
CUST002110,Ibrahim,Banda,47.0,Female,India,,Ahmedabad,2023-12-22,Referral,Corporate Bundle,English
CUST000850,Myra,Malik,30.0,Male,United States,,Chicago,2019-12-26,Direct,Individual,Korean
CUST002738,Jennifer,Iyer,19.0,Male,United States,,Austin,2024-06-19,Organic Search,Individual,Spanish
CUST002467,Riya,Jones,36.0,Female,france,,,2021-06-17,Paid Social,Individual,English
CUST001915,Diya,Ahmed,44.0,Female,United Kingdom,,Glasgow,2022-12-13,Partner Bundle (Telecom),Family,Japanese
CUST001597,Lei,Rodrigues,40.0,Female,MEXICO,,Guadalajara,2021-12-19,App Store,Family,French
CUST005873,Naledi,Sato,45.0,Male,United States,,Los Angeles,2020-12-06,Paid Social,Family,English
CUST001914,Camila,Ferreira,22.0,Female,United States,,Seattle,2023-05-21,Paid Social,Individual,Japanese
CUST005140,Daniel,Cho,35.0,Female,USA,,,2019-02-22,Paid Social,Individual,Arabic
CUST007579,Layla,Santos,36.0,Female,Canada,,Calgary,2019-08-27,App Store,Corporate Bundle,Spanish
CUST005641,Mia,Wu,27.0,Female,Philippines,,Manila,2019-01-18,Referral,Individual,Portuguese
CUST002737,Mason,Chowdhury,44.0,Female,India,,Delhi,2023-10-21,Organic Search,Individual,English
CUST000727,Khalid,Zhang,33.0,Female,United States,,Phoenix,2020-12-24,Affiliate Partner,Individual,French
CUST000054,Maya,Costa,35.0,Male,Canada,,Vancouver,2023-07-31,App Store,Individual,English
CUST001797,Jacob,Diallo,37.0,Male,United Kingdom,,Liverpool,2021-06-28,Referral,Individual,Korean
CUST003846,Susan,Lee,33.0,Female,United Kingdom,,,2024-10-14,Partner Bundle (Telecom),Individual,Korean
CUST006008,James,Sato,38.0,Male,United Arab Emirates,,Abu Dhabi,2021-09-21,Referral,Individual,English
CUST002554,George,Lim,24.0,Female,united kingdom,,Manchester,2024-01-26,Organic Search,Family,English
CUST002801,Sami,Schneider,,Male,Philippines,,Manila,2019-11-14,App Store,Individual,French
CUST000937,Gabriela,Ferreira,30.0,Male,India,,Hyderabad,2019-09-08,Paid Social,Individual,Hindi
CUST006638,Mason,Yoon,26.0,Male,United States,,Chicago,2019-02-08,Email Campaign,Individual,Spanish
CUST000825,Luis,Adeyemi,33.0,Male,UAE,,Abu Dhabi,2021-01-07,Organic Search,Individual,Japanese
CUST004322,Sofia,Laurent,30.0,Female,Argentina,,Cordoba,2026-03-18,Direct,Individual,English
CUST003402,Harry,Chikoti,31.0,Male,Australia,,Brisbane,2022-05-30,Paid Social,Individual,
CUST001390,Andrew,Alves,32.0,Male,India,,Chennai,2019-04-11,Referral,Student,English
CUST003565,Zola,Ali,22.0,Female,France,,,2024-02-22,Organic Search,Individual,English
CUST000885,John,Qureshi,41.0,Female,Argentina,,Rosario,2022-08-20,Partner Bundle (Telecom),Individual,Tagalog
CUST005430,Jian,Saito,37.0,Female,United Arab Emirates,,Dubai,2019-05-24,Paid Social,Individual,Arabic
CUST005704,Matthew,Patel,53.0,Female,Nigeria,,Lagos,2022-09-23,App Store,Family,Portuguese
CUST005691,Carlos,Jones,44.0,Male,india,,Bengaluru,2024-05-08,Organic Search,Individual,Spanish
CUST004868,Yui,Park,29.0,Prefer not to say,,,Sao Paulo,2025-03-06,Affiliate Partner,Family,Indonesian
CUST001869,James,Baig,20.0,Male,United States,,Miami,2025-05-13,App Store,Individual,German
CUST005182,Jennifer,Weber,29.0,Female,France,,Marseille,2023-06-13,Paid Social,Corporate Bundle,French
CUST000011,Salma,Garcia,35.0,Female,Spain,,Madrid,2022-06-29,Direct,Individual,English
CUST003416,Feng,Sharma,31.0,Male,India,,Pune,2019-02-20,Organic Search,Individual,Korean
CUST005422,Miguel,Sato,34.0,Male,Germany,,Cologne,2021-11-21,Direct,Family,Hindi
CUST001464,Omar,Pereira,40.0,Male,Indonesia,,Surabaya,2023-04-14,Email Campaign,Student,English
CUST000807,Ava,Richard,33.0,Female,India,,Pune,2024-09-24,Partner Bundle (Telecom),Individual,English
CUST006565,Charlotte,Costa,35.0,Male,South Korea,,Incheon,2023-03-02,Partner Bundle (Telecom),Individual,Portuguese
CUST007921,Sora,Fischer,36.0,Female,United States,,Chicago,2026-05-22,Organic Search,Family,
CUST004069,Mia,Hussain,48.0,Female,France,,Paris,2022-11-01,Partner Bundle (Telecom),Student,
CUST002109,Luis,Richard,42.0,Male,India,,Bengaluru,2025-02-05,Referral,Family,English
CUST006794,Lucia,Pereira,22.0,Female,Canada,,Ottawa,2019-11-11,Organic Search,Individual,German
CUST007977,Jose,Smith,34.0,Male,Mexico,,Puebla,2025-10-09,Paid Social,Individual,Korean
CUST002235,Valentina,Rodrigues,54.0,Male,United States,,Seattle,2019-10-10,Organic Search,Individual,English
CUST000964,Omar,Jung,23.0,Male,Japan,,Tokyo,2026-05-27,Referral,Individual,French
CUST004495,Ren,Reddy,25.0,Male,United States,,Miami,2019-07-29,Paid Social,Individual,German
CUST002633,Paula,Durand,13.0,Female,United States,,Seattle,2023-11-21,Email Campaign,Individual,English
CUST006095,Hassan,Silva,13.0,Female,Germany,,Hamburg,2025-02-12,Direct,Student,English
CUST000705,Anika,Okonkwo,33.0,Female,Canada,,Vancouver,2026-05-06,Paid Social,Corporate Bundle,Indonesian
CUST000432,Navya,Zhou,53.0,Male,Nigeria,,Ibadan,2024-09-14,Referral,Individual,English
CUST004389,Tao,Johnson,35.0,Male,Indonesia,,Jakarta,2023-08-05,Organic Search,Individual,French
CUST006078,Olivia,Tanaka,21.0,Female,South Africa,,Cape Town,2020-10-20,Organic Search,Individual,English
CUST000146,Robert,Otieno,30.0,Male,India,,Hyderabad,2024-06-27,Organic Search,Family,Portuguese
CUST002034,Navya,Malik,22.0,Male,Mexico,,Guadalajara,2025-04-14,Direct,Individual,Spanish
CUST006756,Freddie,Souza,53.0,Female,India,,Chennai,2021-12-06,Referral,Individual,Portuguese
CUST001166,Aarav,Leroy,32.0,Male,Canada,,Calgary,2021-12-16,Paid Social,Individual,Indonesian
CUST003501,Susan,Chen,23.0,Female,POLAND,,Krakow,2021-05-20,Referral,Corporate Bundle,Portuguese
CUST002051,Susan,Malik,15.0,Female,South Africa,,Cape Town,2021-09-08,Organic Search,Individual,Arabic
CUST003761,Ahmed,Huang,43.0,Female,United States,,Houston,2019-11-21,App Store,Family,French
CUST002625,Valentina,Johnson,31.0,Male,,,Barcelona,2019-10-18,App Store,Individual,Korean
CUST004485,Lei,Souza,39.0,Male,Canada,,Ottawa,2022-01-18,Paid Social,Individual,Arabic
CUST004436,Ishaan,Schneider,38.0,Female,United States,,Austin,2023-01-10,Direct,Student,Hindi
CUST006415,Kiara,Robert,5.0,Female,Poland,,Wroclaw,2026-03-29,Email Campaign,Family,
CUST006245,Isabella,Kang,21.0,Female,Canada,,Vancouver,2023-05-19,App Store,Family,Korean
CUST004362,Fernando,Abara,23.0,Female,india,,Bengaluru,2024-11-12,Organic Search,Family,Indonesian
CUST002425,Ren,Wang,34.0,Female,Indonesia,,Jakarta,2023-12-02,Organic Search,Individual,Arabic
CUST001263,Tendai,Petit,33.0,Female,,,Chennai,2024-04-08,Referral,Individual,Hindi
CUST001772,Michael,Nakamura,27.0,Male,south korea,,Incheon,2024-10-14,Organic Search,Corporate Bundle,English
CUST003512,Gabriela,Verma,17.0,Female,India,,Hyderabad,2024-01-25,App Store,Student,Arabic
CUST000272,Harper,Takahashi,26.0,Male,india,,Kolkata,2023-08-01,Partner Bundle (Telecom),Student,Japanese
CUST004793,James,Robert,16.0,Prefer not to say,Nigeria,,Kano,2019-06-24,App Store,Individual,French
CUST005359,Fernando,Martinez,29.0,Female,United Kingdom,,Liverpool,2025-12-11,Paid Social,Student,English
CUST000245,Amina,Sheikh,38.0,Female,Australia,,Sydney,2019-02-08,Direct,Individual,French
CUST007798,Amara,Rodrigues,37.0,Female,United Kingdom,,London,2019-09-22,Organic Search,Individual,Spanish
CUST004573,Yuto,Rodriguez,39.0,Female,United Kingdom,,Manchester,2019-11-14,Paid Social,Individual,Korean
CUST002033,Krishna,Park,39.0,Female,United States,,Phoenix,2025-09-26,Referral,Individual,French
CUST007420,Yong,Nakamura,38.0,Female,KR,,Seoul,2024-01-16,Paid Social,Individual,Hindi
CUST007767,Ayaan,Verma,42.0,Male,United States,,Seattle,2020-12-12,Affiliate Partner,Individual,Portuguese
CUST000814,Valentina,Martinez,39.0,Female,India,,Bengaluru,2024-02-27,Organic Search,Family,Korean
CUST006011,Mason,Rahman,50.0,Male,United Kingdom,,Manchester,2020-12-06,Organic Search,Student,Hindi
CUST003811,Fernando,Smith,33.0,Female,India,,Delhi,2025-03-22,Paid Social,Corporate Bundle,Tagalog
CUST007789,Ahmed,Hussain,26.0,Female,Brazil,,Rio de Janeiro,2021-10-04,Email Campaign,Family,Arabic
CUST007983,Yuto,Mwangi,54.0,Female,United States,,Chicago,2019-01-15,Referral,Individual,Portuguese
CUST006538,Pedro,Liu,22.0,Female,United States,,Los Angeles,2022-01-24,App Store,Individual,English
CUST001805,Liam,Lee,54.0,Male,India,,Bengaluru,2022-02-02,Direct,Corporate Bundle,English
CUST006839,Evelyn,Patel,33.0,Male,South Africa,,Johannesburg,2021-10-31,Email Campaign,Individual,
CUST004347,Isabella,Meyer,13.0,Female,Canada,,,2019-03-08,Affiliate Partner,Student,English
CUST002462,Fernando,Dubois,26.0,Female,Italy,,Rome,2025-10-04,Partner Bundle (Telecom),Individual,
CUST000546,Zara,Almeida,42.0,Male,South Korea,,Seoul,2020-11-21,Affiliate Partner,Family,Polish
CUST003242,Arjun,Almeida,38.0,Female,India,,Kolkata,2026-02-16,Paid Social,Family,German
CUST000739,Tendai,Zhao,39.0,Male,Australia,,Perth,2022-06-07,Affiliate Partner,Individual,Hindi
CUST000311,Feng,Tanaka,30.0,Male,Bharat,,,2020-01-16,Paid Social,Corporate Bundle,English
CUST003522,Yuto,Yang,17.0,Other,Canada,,Toronto,2019-12-15,Organic Search,Individual,Spanish
CUST001132,Salma,Takahashi,23.0,Male,Nigeria,,Ibadan,2024-08-02,App Store,Family,Portuguese
CUST005546,Sofia,Zhang,28.0,Female,Canada,,Toronto,2019-07-18,Partner Bundle (Telecom),Individual,English
CUST007919,Hao,Ali,26.0,Male,Italy,,Turin,2022-02-01,Referral,Corporate Bundle,Portuguese
CUST004112,Camila,Qureshi,13.0,Female,United Arab Emirates,,Dubai,2020-03-16,Referral,Individual,Spanish
CUST002770,Alejandro,Souza,40.0,Male,South Korea,,Seoul,2023-10-03,App Store,Individual,Portuguese
CUST000921,Lucas,Nair,38.0,Female,United Arab Emirates,,,2020-07-01,Paid Social,Individual,French
CUST006745,Ayaan,Huang,40.0,Male,United States,,Houston,2020-04-11,Email Campaign,Student,German
CUST003588,Wei,Lim,33.0,Female,United States,,Chicago,2023-12-22,Partner Bundle (Telecom),Individual,English
CUST003960,Robert,Garcia,40.0,Female,India,,Mumbai,2021-01-13,Organic Search,Student,English
CUST000039,Diego,Banda,44.0,Male,United Kingdom,,,2023-03-31,Email Campaign,Family,English
CUST004460,Kwame,Iyer,38.0,Male,Philippines,,Davao City,2022-09-28,Direct,Individual,French
CUST004279,Pedro,Kobayashi,20.0,Male,South Korea,,Incheon,2023-10-11,App Store,Individual,German
CUST002984,Chidi,Meyer,32.0,Male,,,Bengaluru,2021-07-11,Paid Social,Individual,Hindi
CUST005291,Pari,Miller,15.0,Female,India,,Chennai,2021-01-30,Email Campaign,Corporate Bundle,English
CUST000621,Isabella,Suzuki,45.0,Female,ID,,Surabaya,2019-06-19,Referral,Family,Spanish
CUST005218,Diya,Kang,30.0,Female,Canada,,Toronto,2024-09-21,Organic Search,Individual,Indonesian
CUST002668,Naledi,Abara,34.0,Female,South Africa,,Johannesburg,2026-02-15,Direct,Individual,Portuguese
CUST003224,Harper,Fischer,13.0,Female,United States,,Miami,2026-05-14,Direct,Individual,English
CUST001183,Evelyn,Laurent,23.0,Female,United States,,,2022-07-16,Partner Bundle (Telecom),Family,English
CUST007308,Huda,Chen,51.0,Male,,,Liverpool,2022-06-15,Referral,Family,English
CUST000615,Huda,Garcia,34.0,Male,Germany,,Berlin,2019-06-23,Organic Search,Family,Hindi
CUST007897,Alejandro,Sharma,43.0,Male,,,New York,2023-09-09,Affiliate Partner,Individual,Hindi
CUST001467,Juan,Martin,30.0,Female,Australia,,Perth,2026-01-18,Paid Social,Individual,Hindi
CUST004498,Jack,Patel,67.0,Male,Canada,,Montreal,2022-04-26,Referral,Family,English
CUST003043,Ricardo,Durand,42.0,Female,France,,Lyon,2020-06-29,App Store,Individual,Indonesian
CUST000935,Susan,Gupta,31.0,Male,United States,,Phoenix,2019-09-01,Paid Social,Individual,Hindi
CUST002420,Yui,Dubois,47.0,Female,India,,Hyderabad,2025-12-31,App Store,Individual,French
CUST005086,Noor,Garcia,25.0,Male,canada,,Calgary,2021-12-28,Organic Search,Individual,English
CUST007266,Lucas,Reddy,32.0,Female,United Arab Emirates,,,2025-04-30,Partner Bundle (Telecom),Individual,Hindi
CUST006526,Mia,Muller,37.0,Male,India,,Bengaluru,2021-05-28,Email Campaign,Student,English
CUST004823,Riku,Ahmed,44.0,Female,Germany,,Berlin,2023-10-09,Organic Search,Individual,Hindi
CUST000827,Reyansh,Reddy,22.0,Male,United States,,Phoenix,2020-05-13,Referral,Corporate Bundle,Portuguese
CUST001522,Mohammed,Yoon,36.0,Female,India,,Chennai,2020-03-22,Affiliate Partner,Individual,English
CUST002931,Elizabeth,Suzuki,38.0,Female,United States,,Miami,2025-03-21,Referral,Individual,Spanish
CUST004233,Riku,Park,21.0,Female,Italy,,Rome,2022-01-08,Affiliate Partner,Individual,Hindi
CUST000629,Fatima,Smith,32.0,Male,Germany,,Berlin,2024-06-18,App Store,Individual,English
CUST004431,Karen,Bernard,45.0,Female,Australia,,Melbourne,2026-02-28,Organic Search,Individual,English
CUST003854,Vivaan,Ferreira,14.0,Female,united states,,Phoenix,2026-04-08,Organic Search,Family,Korean
CUST000391,Jun,Alves,42.0,Female,South Korea,,Busan,2021-01-25,Direct,Student,English
CUST004346,Aoi,Lim,38.0,Male,Australia,,Perth,2025-05-29,Partner Bundle (Telecom),Family,Spanish
CUST007835,Ali,Pereira,44.0,Male,Poland,,Warsaw,2025-04-11,Organic Search,Corporate Bundle,Hindi
CUST005914,Elizabeth,Ahmed,36.0,Male,Brazil,,Brasilia,2020-04-13,Paid Social,Individual,Spanish
CUST003991,Lei,Petit,37.0,Female,South Korea,,,2019-12-06,Paid Social,Individual,English
CUST000401,Linda,Schmidt,37.0,Male,Mexico,,Monterrey,2023-03-05,Organic Search,Student,Hindi
CUST004807,Feng,Koch,31.0,Male,Italy,,Milan,2023-11-09,Referral,Family,Portuguese
CUST005136,Nia,Cho,40.0,Female,Nigeria,,Abuja,2021-05-14,Organic Search,Family,English
CUST006904,Paula,Singh,30.0,Female,India,,Bengaluru,2022-12-20,Email Campaign,Corporate Bundle,English
CUST003360,Daniela,Richard,30.0,Female,Japan,,Tokyo,2023-11-03,Direct,Family,Spanish
CUST000047,Oscar,Petit,39.0,Female,Brazil,,Rio de Janeiro,2021-04-19,Affiliate Partner,Individual,Korean
CUST005658,Tendai,Schneider,22.0,Female,India,,Delhi,2025-07-29,App Store,Family,English
CUST007714,Gabriela,Jones,22.0,Female,Italy,,Milan,2022-09-06,Organic Search,Student,English
CUST007924,Chidi,Fischer,23.0,Male,United States,,Chicago,2019-02-15,Email Campaign,Individual,Japanese
CUST003643,Fernando,Banda,37.0,Female,Mexico,,Mexico City,2021-04-06,Organic Search,Individual,Arabic
CUST003727,Harper,Kang,53.0,Female,United Kingdom,,Birmingham,2020-07-24,Affiliate Partner,Student,German
CUST007369,Jack,Oliveira,20.0,Male,United States,,New York,2023-11-20,Referral,Family,English
CUST005209,Amelia,Martin,24.0,Female,United Kingdom,,Leeds,2020-08-10,Email Campaign,Family,English
CUST005320,Naledi,Zhao,30.0,Female,India,,Delhi,2021-07-28,Paid Social,Individual,English
CUST007802,Tariq,Okafor,27.0,Female,Germany,,Berlin,2022-01-24,Referral,Individual,Japanese
CUST002422,Isabella,Kumar,41.0,Female,France,,Marseille,2024-01-09,Referral,Individual,Hindi
CUST005605,Naledi,Zhang,23.0,Male,South Africa,,Cape Town,2023-05-09,Affiliate Partner,Student,Spanish
CUST001751,Jacob,Bernard,31.0,Male,Spain,,Madrid,2023-11-17,Organic Search,Student,
CUST007772,Matthew,Williams,44.0,Male,,,Bandung,2019-04-09,Affiliate Partner,Individual,German
CUST007109,Khalid,Zhang,28.0,Female,Brazil,,Rio de Janeiro,2024-01-31,Organic Search,Student,French
CUST004063,Saanvi,Souza,23.0,Female,Indonesia,,Surabaya,2024-12-15,Referral,Individual,Portuguese
CUST007613,Valentina,Okafor,13.0,Prefer not to say,India,,Chennai,2026-02-23,Paid Social,Individual,Hindi
CUST000339,Isabella,Costa,43.0,Female,United States,,,2020-06-28,Paid Social,Individual,English
CUST000216,David,Smith,45.0,Male,United States,,Los Angeles,2025-07-22,Paid Social,Individual,Korean
CUST003664,Ayaan,Otieno,13.0,Female,Japan,,Tokyo,2020-09-25,Organic Search,Individual,Arabic
CUST001342,Robert,Verma,13.0,Male,Poland,,Warsaw,2025-09-19,Referral,Family,English
CUST007362,Ahmed,Koch,34.0,Male,,,Tokyo,2019-11-13,Paid Social,Family,Hindi
CUST007783,Yui,Oliveira,41.0,Male,Brazil,,Brasilia,2023-01-11,Email Campaign,Corporate Bundle,French
CUST003895,Huda,Okonkwo,42.0,Male,Philippines,,Davao City,2020-08-13,App Store,Student,English
CUST003641,Oscar,Menon,39.0,Male,United States,,Austin,2024-03-13,Organic Search,Individual,Spanish
CUST000330,Patricia,Reddy,29.0,Female,india,,Pune,2025-08-28,App Store,Individual,Hindi
CUST007328,Jian,Park,30.0,Male,,,Hamburg,2026-02-23,App Store,Family,Tagalog
CUST003005,Omar,Leroy,27.0,Male,India,,Ahmedabad,2020-05-16,Organic Search,Family,English
CUST007682,Noah,Weber,36.0,Male,Canada,,Calgary,2021-08-21,Email Campaign,Individual,Spanish
CUST003116,Mohammed,Park,41.0,Male,SOUTH AFRICA,,Pretoria,2019-09-04,Referral,Family,French
CUST007775,Reyansh,Silva,20.0,Male,Italy,,Turin,2024-03-27,Organic Search,Individual,English
CUST002323,Mohammed,Yang,32.0,Female,South Korea,,Seoul,2021-10-19,Email Campaign,Family,English
CUST004198,Henry,Yamamoto,46.0,Female,united states,,Houston,2025-11-18,App Store,Individual,French
CUST003550,Charlotte,Gupta,37.0,Male,Philippines,,Cebu City,2024-07-15,Email Campaign,Family,English
CUST001459,Tariq,Verma,44.0,Female,United States,,Phoenix,2026-01-20,Organic Search,Family,
CUST000172,George,Chowdhury,13.0,Female,,,Birmingham,2025-06-30,Referral,Family,English
CUST004204,Layla,Laurent,39.0,Male,Nigeria,,Abuja,2022-04-11,Organic Search,Individual,Korean
CUST006742,Ming,Leroy,28.0,Male,United Kingdom,,Liverpool,2024-07-31,Referral,Family,English
CUST003570,Noor,Chowdhury,44.0,Male,australia,,Sydney,2025-01-05,Direct,Individual,Tagalog
CUST004227,Evelyn,Iyer,35.0,Female,Italy,,Rome,2026-05-30,App Store,Individual,Korean
CUST005159,Ming,Robert,48.0,Male,,,Incheon,2020-02-12,Organic Search,Individual,English
CUST006568,Feng,Diallo,30.0,Other,South Africa,,Pretoria,2024-07-15,Affiliate Partner,Individual,English
CUST006186,Ibrahim,Choi,34.0,Female,United Kingdom,,Birmingham,2022-10-01,Organic Search,Individual,Spanish
CUST006633,Jian,Rahman,39.0,Male,,,Osaka,2024-01-01,App Store,Family,English
CUST000939,Lei,Fischer,38.0,Female,Canada,,Calgary,2024-02-07,Paid Social,Individual,English
CUST000061,Ali,Bernard,36.0,Female,IT,,Rome,2025-05-25,Organic Search,Individual,Portuguese
CUST001241,Ananya,Pereira,31.0,Female,United Arab Emirates,,Abu Dhabi,2021-10-19,Direct,Individual,English
CUST005761,Mia,Saito,48.0,Female,Germany,,Cologne,2025-02-08,Organic Search,Individual,Spanish
CUST005137,Sakura,Baig,55.0,Male,INDONESIA,,Bandung,2023-08-19,Affiliate Partner,Individual,
CUST006727,Valentina,Abara,,Male,Germany,,Berlin,2021-10-14,Referral,Individual,Spanish
CUST002121,Chidi,Ali,40.0,Male,spain,,Barcelona,2020-04-13,Email Campaign,Family,English
CUST001525,Lei,Sharma,13.0,Male,Philippines,,Cebu City,2021-05-01,Partner Bundle (Telecom),Individual,Hindi
CUST000154,Sakura,Weber,20.0,Female,India,,Delhi,2021-04-28,Partner Bundle (Telecom),Individual,Hindi
CUST000482,Henry,Muller,37.0,Female,Canada,,Calgary,2020-01-20,Organic Search,Student,Spanish
CUST006123,David,Chowdhury,,Male,Nigeria,,Lagos,2020-03-28,App Store,Family,Spanish
CUST004461,Liam,Muller,29.0,Female,UAE,,Abu Dhabi,2020-11-01,Partner Bundle (Telecom),Individual,Tagalog
CUST003921,Isabella,Pereira,48.0,Male,United States,,Phoenix,2023-12-29,Email Campaign,Individual,Indonesian
CUST001763,Robert,Nakamura,46.0,Male,Italy,,Naples,2019-04-21,Direct,Family,English
CUST000751,Jessica,Takahashi,36.0,Female,South Africa,,Johannesburg,2019-10-04,Paid Social,Individual,English
CUST001786,Vihaan,Pereira,38.0,Female,United States,,Phoenix,2026-03-22,Paid Social,Individual,English
CUST006694,Karen,Brown,43.0,Male,Spain,,Madrid,2024-01-01,Partner Bundle (Telecom),Family,Hindi
CUST006213,Ibrahim,Nair,48.0,Male,Argentina,,Rosario,2019-04-01,Email Campaign,Corporate Bundle,French
CUST004502,Fatima,Nakamura,28.0,Male,Spain,,Valencia,2026-05-07,App Store,Student,French
CUST004854,Joseph,Okafor,45.0,Male,Brazil,,Sao Paulo,2022-03-12,Paid Social,Corporate Bundle,Arabic
CUST002712,Elijah,Watanabe,20.0,Female,india,,Kolkata,2021-03-18,App Store,Individual,Spanish
CUST006509,Vihaan,Saito,47.0,Female,ZA,,Cape Town,2023-02-12,Direct,Individual,Korean
CUST004194,Naledi,Ahmed,38.0,Female,France,,Paris,2025-09-12,Paid Social,Student,German
CUST001334,Mary,Bernard,36.0,Male,argentina,,Cordoba,2022-06-17,Organic Search,Corporate Bundle,English
CUST007168,Hassan,Liu,27.0,Female,United States,,Houston,2023-10-16,Paid Social,Individual,Portuguese
CUST002855,Elena,Schneider,26.0,Male,FR,,Paris,2020-03-14,Paid Social,Student,Indonesian
CUST000187,Kofi,Richard,30.0,Male,,,Hamburg,2025-08-22,App Store,Student,German
CUST001137,Zara,Martinez,22.0,Male,Canada,,Toronto,2021-02-18,Organic Search,Individual,English
CUST002059,Oliver,Bernard,36.0,Female,Germany,,Munich,2021-07-03,Organic Search,Individual,English
CUST006750,Oscar,Lee,16.0,Female,France,,Toulouse,2019-03-05,Partner Bundle (Telecom),Family,English
CUST006744,Ava,Ferreira,25.0,Male,Germany,,Cologne,2021-10-02,Referral,Individual,English
CUST000149,Sofia,Chowdhury,30.0,Female,Canada,,Toronto,2025-11-23,Organic Search,Individual,English
CUST004125,Sofia,Chen,36.0,Female,spain,,Valencia,2024-05-03,Partner Bundle (Telecom),Family,English
CUST004890,Logan,Menon,13.0,Male,Philippines,,,2022-12-14,Referral,Family,Japanese
CUST006521,Sara,Moreau,55.0,Female,Poland,,Krakow,2023-04-20,Affiliate Partner,Individual,Tagalog
CUST003364,Sarah,Moreau,30.0,Male,UK,,Birmingham,2024-03-11,Referral,Individual,English
CUST004789,Huda,Davis,26.0,Female,poland,,Krakow,2021-04-30,Partner Bundle (Telecom),Family,German
CUST002867,Tendai,Rodriguez,27.0,Female,United States,,Los Angeles,2019-03-27,Affiliate Partner,Family,Indonesian
CUST003777,Omar,Zhou,26.0,Female,Germany,,Berlin,2023-10-08,Paid Social,Family,Korean
CUST001387,Mary,Kobayashi,24.0,Female,Indonesia,,Bandung,2023-08-04,Email Campaign,Individual,English
CUST005942,Alejandro,Chen,31.0,Male,,,Calgary,2023-10-04,Paid Social,Family,English
CUST007602,Oscar,Park,25.0,Other,Japan,,Tokyo,2024-04-23,Email Campaign,Family,Tagalog
CUST006659,Elizabeth,Richard,23.0,Female,India,,Chennai,2025-08-22,Organic Search,Individual,English
CUST005696,Liam,Chowdhury,31.0,Female,,,Delhi,2022-07-04,Email Campaign,Individual,English
CUST003630,Sara,Mensah,51.0,Female,United States,,New York,2024-04-15,Email Campaign,Individual,English
CUST007256,Mariana,Almeida,34.0,Female,United States,,Chicago,2021-11-28,Email Campaign,Individual,English
CUST004798,Elena,Davis,41.0,Male,Mexico,,Monterrey,2021-02-16,Partner Bundle (Telecom),Family,Portuguese
CUST003029,Hassan,Sharma,13.0,Female,United Kingdom,,Manchester,2021-12-17,Organic Search,Family,English
CUST002970,Michael,Schmidt,30.0,Female,Spain,,Seville,2020-01-10,Organic Search,Individual,English
CUST007000,Hao,Liu,31.0,Female,Indonesia,,Surabaya,2019-03-11,Paid Social,Family,English
CUST001709,Jessica,Rodriguez,29.0,Male,Brazil,,Fortaleza,2023-05-24,Direct,Family,English
CUST002954,Linda,Almeida,26.0,Female,Brazil,,Salvador,2025-11-05,Referral,Individual,English
CUST000455,Navya,Adeyemi,32.0,Other,United Arab Emirates,,Sharjah,2022-07-17,Paid Social,Family,Hindi
CUST006137,Susan,Baig,37.0,Male,,,Houston,2021-12-03,Affiliate Partner,Individual,German
CUST006731,Susan,Rodrigues,21.0,Male,Bharat,,Chennai,2022-11-29,Organic Search,Individual,Spanish
CUST000610,Aoi,Pereira,54.0,Male,France,,Nice,2024-08-20,Organic Search,Individual,Japanese
CUST004264,Elijah,Diallo,37.0,Male,United States,,New York,2025-09-19,Organic Search,Individual,
CUST004827,Fernando,Nakamura,27.0,Female,South Africa,,Cape Town,2020-11-18,Organic Search,Individual,English
CUST006825,Ayaan,Costa,38.0,Female,South Africa,,Johannesburg,2019-04-27,Direct,Individual,Spanish
CUST002075,Pari,Leroy,,Female,United States,,New York,2020-01-05,Paid Social,Individual,Spanish
CUST004053,Oliver,Qureshi,42.0,Male,United States,,Houston,2020-11-10,Referral,Student,Portuguese
CUST007858,Sota,Chowdhury,23.0,Female,United States,,Seattle,2022-09-12,Organic Search,Student,Portuguese
CUST001623,George,Gupta,32.0,Male,United States,,Austin,2022-01-11,Organic Search,Student,
CUST004684,Ayaan,Sheikh,37.0,Female,India,,Kolkata,2022-07-03,Organic Search,Student,Hindi
CUST005498,Harper,Weber,19.0,Male,United States,,Phoenix,2024-12-03,Organic Search,Individual,
CUST005797,David,Robert,22.0,Male,United States,,Houston,2019-02-03,Affiliate Partner,Individual,Japanese
CUST007055,Sami,Alves,42.0,Male,Germany,,Cologne,2023-12-28,Paid Social,Student,English
CUST000041,Alexander,Ito,42.0,Female,United States,,New York,2021-09-30,Email Campaign,Family,Japanese
CUST005476,Michael,Fischer,25.0,Female,France,,Paris,2022-06-25,App Store,Individual,German
CUST002090,Liam,Lee,32.0,Female,United States,,Phoenix,2022-09-28,Organic Search,Family,Spanish
CUST003925,Diya,Alves,23.0,Male,India,,Mumbai,2019-12-14,Organic Search,Student,Korean
CUST002176,Evelyn,Petit,13.0,Male,Argentina,,,2023-11-06,Organic Search,Student,Arabic
CUST000075,Alfie,Reddy,42.0,Female,france,,Toulouse,2024-01-19,Email Campaign,Family,Portuguese
CUST006443,Yuto,Adeyemi,47.0,Male,Philippines,,Manila,2022-02-11,Organic Search,Family,French
CUST007936,Sami,Petit,34.0,Male,India,,Bengaluru,2025-08-28,Referral,Individual,Spanish
CUST002658,Hassan,Becker,34.0,Female,Spain,,Seville,2021-01-04,Paid Social,Corporate Bundle,Spanish
CUST003181,Huda,Watanabe,20.0,Male,Brazil,,Salvador,2023-08-05,Organic Search,Individual,French
CUST002077,Harry,Choi,49.0,Female,South Korea,,Busan,2022-08-13,Paid Social,Individual,Spanish
CUST000442,Myra,Schneider,42.0,Male,United Arab Emirates,,Abu Dhabi,2022-08-12,Paid Social,Individual,English
CUST002052,Mason,Miller,13.0,Prefer not to say,United Arab Emirates,,Dubai,2025-01-10,Organic Search,Student,English
CUST002542,Leo,Diallo,34.0,Male,Japan,,,2026-01-22,App Store,Family,English
CUST001302,Wei,Park,32.0,Male,India,,Ahmedabad,2024-02-05,Organic Search,Individual,Korean
CUST007403,Sakura,Dubois,37.0,Male,United Kingdom,,Leeds,2023-08-28,App Store,Corporate Bundle,English
CUST003431,Yuto,Park,145.0,Male,United States,,Los Angeles,2025-10-01,Affiliate Partner,Family,Spanish
CUST001305,John,Wagner,13.0,Female,India,,Pune,2024-04-07,App Store,Family,English
CUST000237,Jacob,Suzuki,35.0,Female,Canada,,Vancouver,2025-02-08,Organic Search,Student,German
CUST007563,Ren,Abara,16.0,Female,,,,2023-02-13,Organic Search,Corporate Bundle,English
CUST002600,Isabella,Ito,39.0,Male,Argentina,,Buenos Aires,2021-06-16,Email Campaign,Corporate Bundle,Portuguese
CUST004617,Harper,Santos,51.0,Male,United States,,Miami,2019-11-06,Partner Bundle (Telecom),Family,Japanese
CUST002574,Haruto,Mensah,50.0,Female,,,,2023-08-18,Direct,Individual,English
CUST003281,Carlos,Diallo,31.0,Male,United States,,Los Angeles,2023-04-06,Referral,Individual,English
CUST003187,Navya,Chikoti,60.0,Male,Germany,,Frankfurt,2023-05-06,Email Campaign,Individual,Polish
CUST003954,Isabella,Qureshi,36.0,Female,Germany,,Hamburg,2020-03-24,Partner Bundle (Telecom),Individual,Arabic
CUST002769,Anika,Dubois,35.0,Female,UK,,Birmingham,2020-09-15,Paid Social,Student,English
CUST004832,Anika,Qureshi,30.0,Male,Nigeria,,Kano,2025-03-22,Direct,Student,Hindi
CUST004224,Jacob,Fischer,29.0,Male,India,,Ahmedabad,2019-10-03,Partner Bundle (Telecom),Individual,Arabic
CUST002107,Riya,Sharma,26.0,Male,Canada,,Montreal,2021-05-29,App Store,Individual,English
CUST002680,Vihaan,Almeida,38.0,Male,India,,Chennai,2024-08-14,Direct,Individual,Japanese
CUST002762,Anika,Adeyemi,33.0,Male,United Kingdom,,,2020-01-18,App Store,Individual,Japanese
CUST004689,Lucas,Tanaka,22.0,Female,Australia,,,2025-02-24,Referral,Individual,Arabic
CUST005400,Mohammed,Kim,45.0,Male,Canada,,Calgary,2024-05-24,Referral,Family,English
CUST001388,Vihaan,Choi,37.0,Female,,,Mumbai,2023-11-09,Organic Search,Individual,Spanish
CUST007554,Daniel,Sharma,,Male,Brazil,,Rio de Janeiro,2022-12-11,Organic Search,Student,English
CUST007287,Amina,Zhao,34.0,Male,Canada,,Calgary,2020-06-20,Paid Social,Individual,Tagalog
CUST006474,Alfie,Chen,45.0,Male,US,,Miami,2023-04-26,Organic Search,Family,German
CUST006928,Aisha,Williams,20.0,Male,Philippines,,Davao City,2025-10-22,Affiliate Partner,Individual,French
CUST007758,Tendai,Lim,35.0,Other,france,,Nice,2023-12-17,Email Campaign,Individual,Japanese
CUST005001,Huda,Jung,40.0,Male,India,,Hyderabad,2023-11-22,Organic Search,Individual,Hindi
CUST005854,Daniel,Ali,41.0,Female,United Kingdom,,Manchester,2026-01-28,Affiliate Partner,Individual,English
CUST001280,Sota,Otieno,25.0,Male,France,,,2026-01-29,Organic Search,Individual,English
CUST007186,Yuto,Smith,,Male,United Arab Emirates,,Sharjah,2019-08-13,Organic Search,Individual,Tagalog
CUST007881,Ahmed,Meyer,34.0,Female,India,,Ahmedabad,2026-04-17,Organic Search,Individual,French
CUST006405,Carlos,Suzuki,28.0,Female,India,,Ahmedabad,2021-06-16,Organic Search,Individual,Spanish
CUST001556,Gabriela,Wang,23.0,Female,Philippines,,Cebu City,2024-11-15,Organic Search,Family,
CUST007776,Maya,Ito,37.0,Male,,,Pretoria,2020-05-29,Organic Search,Individual,Indonesian
CUST003191,Liam,Takahashi,38.0,Male,Brazil,,Fortaleza,2022-01-27,Partner Bundle (Telecom),Family,Hindi
CUST004567,Fernando,Otieno,33.0,Male,NG,,Kano,2023-07-07,Affiliate Partner,Corporate Bundle,Spanish
CUST004803,Henry,Schmidt,42.0,Male,Philippines,,Davao City,2019-03-08,Paid Social,Individual,Tagalog
CUST007549,George,Rahman,18.0,Female,Argentina,,Cordoba,2024-07-08,Affiliate Partner,Family,Spanish
CUST004842,Amina,Huang,37.0,Male,United States,,Los Angeles,2021-03-16,Partner Bundle (Telecom),Family,English
CUST003595,Charlie,Wagner,46.0,Male,United Arab Emirates,,Sharjah,2022-09-13,Partner Bundle (Telecom),Individual,English
CUST006036,Lucia,Wu,42.0,Female,BR,,Sao Paulo,2024-05-12,Partner Bundle (Telecom),Individual,Japanese
CUST001921,Patricia,Johnson,44.0,Female,India,,Chennai,2021-12-11,Paid Social,Individual,English
CUST000514,Riya,Santos,25.0,Male,South Korea,,Incheon,2021-06-29,Organic Search,Student,French
CUST004178,Kiara,Jones,45.0,Male,United States,,Chicago,2021-08-23,Referral,Individual,English
CUST001309,Aadhya,Takahashi,15.0,Male,India,,Ahmedabad,2026-02-16,Referral,Corporate Bundle,Portuguese
CUST005668,Mary,Verma,31.0,Female,IN,,Kolkata,2022-09-17,Paid Social,Individual,Spanish
CUST000915,Mary,Wagner,25.0,Male,ES,,Seville,2023-03-15,Paid Social,Family,English
CUST003453,Karen,Schmidt,57.0,Female,India,,Hyderabad,2021-05-07,Email Campaign,Individual,English
CUST003696,Mason,Williams,27.0,Female,Bharat,,Pune,2023-04-14,Referral,Individual,English
CUST004243,Sai,Moreau,33.0,Female,Germany,,Hamburg,2024-06-22,Referral,Family,Hindi
CUST003157,Aadhya,Nair,33.0,Female,United States,,Austin,2021-12-17,Direct,Student,
CUST002199,Oliver,Ali,39.0,Female,Japan,,Nagoya,2021-12-14,Partner Bundle (Telecom),Family,English
CUST000775,Valentina,Pereira,46.0,Female,france,,Lyon,2025-03-12,Affiliate Partner,Individual,English
CUST004426,George,Jung,27.0,Female,India,,Hyderabad,2019-08-05,Organic Search,Individual,English
CUST006151,Tao,Williams,35.0,Male,Canada,,Vancouver,2023-10-09,Organic Search,Individual,French
CUST006098,Mohammed,Abara,26.0,Male,United States,,Chicago,2021-06-15,Referral,Individual,English
CUST000944,Camila,Watanabe,18.0,Female,India,,Mumbai,2020-10-07,Email Campaign,Individual,English
CUST000823,Harry,Fischer,32.0,Male,Spain,,Valencia,2019-12-17,Organic Search,Family,French
CUST005006,Hassan,Diallo,42.0,Female,Japan,,Yokohama,2020-09-27,Organic Search,Individual,Korean
CUST004278,Mary,Watanabe,46.0,Male,Germany,,Frankfurt,2025-08-09,App Store,Individual,English
CUST000165,Oliver,Ahmed,25.0,Female,India,,Ahmedabad,2025-06-18,Affiliate Partner,Individual,
CUST005620,Pedro,Mensah,29.0,Male,Japan,,Tokyo,2021-04-06,Paid Social,Individual,Arabic
CUST004548,Alexander,Johnson,,Female,South Africa,,Cape Town,2023-04-12,Paid Social,Student,English
CUST003984,Camila,Souza,39.0,Female,Germany,,Frankfurt,2021-09-29,Organic Search,Family,Hindi
CUST002539,Mia,Yang,22.0,Male,Nigeria,,Kano,2021-10-23,Paid Social,Individual,Hindi
CUST007670,Camila,Davis,31.0,Male,Indonesia,,Bandung,2024-01-02,App Store,Family,French
CUST001312,Fatima,Costa,34.0,Male,India,,Delhi,2024-10-27,Affiliate Partner,Individual,French
CUST005208,Amara,Reddy,36.0,Male,canada,,Toronto,2023-12-09,Organic Search,Individual,English
CUST007321,Ricardo,Hussain,39.0,Male,Canada,,,2020-05-03,Organic Search,Family,Japanese
CUST005384,Linda,Muller,16.0,Male,Germany,,Cologne,2021-08-15,Referral,Individual,French
CUST006712,Mohammed,Robert,28.0,Female,Canada,,Vancouver,2022-10-15,Organic Search,Individual,Korean
CUST007467,Freddie,Robert,44.0,Male,India,,Mumbai,2024-08-17,Referral,Student,Spanish
CUST003301,Alfie,Jones,17.0,Female,India,,Delhi,2021-06-02,Direct,Individual,Portuguese
CUST003311,Oliver,Reddy,22.0,Male,MX,,Puebla,2021-07-31,App Store,Individual,English
CUST000328,Miguel,Rodrigues,27.0,Female,India,,Mumbai,2024-05-25,Email Campaign,Individual,English
CUST005887,Daniela,Tanaka,32.0,Male,Brazil,,Brasilia,2023-02-13,Partner Bundle (Telecom),Individual,French
CUST002491,Oliver,Richard,49.0,Male,United Kingdom,,Liverpool,2022-10-30,Organic Search,Individual,German
CUST007571,Elijah,Lee,43.0,Female,Canada,,Montreal,2020-07-24,Email Campaign,Student,German
CUST006104,Alfie,Durand,37.0,Male,United States,,Houston,2023-12-10,Organic Search,Family,German
CUST005955,Hassan,Williams,16.0,Female,India,,Pune,2020-07-02,App Store,Family,German
CUST007540,Harry,Rodrigues,57.0,Female,United States,,Houston,2024-12-25,Email Campaign,Individual,Indonesian
CUST004409,Sarah,Chowdhury,35.0,Male,Philippines,,Davao City,2020-05-01,Email Campaign,Individual,English
CUST000833,Juan,Sheikh,30.0,Male,INDIA,,Ahmedabad,2025-01-12,Paid Social,Family,English
CUST003080,Ren,Fischer,21.0,Male,ZA,,Pretoria,2024-04-25,Organic Search,Family,Portuguese
CUST003463,Ming,Kobayashi,33.0,Female,,,Liverpool,2025-03-08,Referral,Individual,English
CUST005298,Salma,Pereira,30.0,Male,United States,,Los Angeles,2020-10-07,Organic Search,Family,Hindi
CUST007056,Isabella,Rahman,35.0,Male,CANADA,,Montreal,2024-06-25,Affiliate Partner,Individual,Hindi
CUST000055,Vihaan,Abara,36.0,Female,India,,Chennai,2019-10-11,Email Campaign,Individual,Hindi
CUST006231,Riya,Kang,51.0,Female,united kingdom,,Birmingham,2019-11-19,Direct,Family,English
CUST004065,Krishna,Liu,41.0,Male,CA,,Vancouver,2021-05-14,App Store,Corporate Bundle,English
CUST003452,Ethan,Kobayashi,23.0,Female,Australia,,,2020-01-24,Affiliate Partner,Family,English
CUST006306,Paula,Smith,31.0,Male,Indonesia,,Jakarta,2020-10-15,Paid Social,Family,English
CUST001902,Rania,Wu,34.0,Male,Indonesia,,Bandung,2023-10-19,Partner Bundle (Telecom),Individual,Portuguese
CUST001482,Sara,Laurent,17.0,Male,Canada,,Vancouver,2022-03-10,Referral,Individual,
CUST004874,Joseph,Park,32.0,Female,Indonesia,,Bandung,2023-06-24,App Store,Family,English
CUST004896,Yui,Jung,41.0,Female,south africa,,Johannesburg,2024-03-18,Organic Search,Individual,Hindi
CUST004151,Jack,Wagner,30.0,Male,India,,Pune,2026-02-05,Direct,Individual,Portuguese
CUST003336,Amara,Souza,28.0,Male,France,,Nice,2023-09-12,Paid Social,Individual,French
CUST006017,Valentina,Zhou,51.0,Female,United States,,Chicago,2019-03-13,Paid Social,Corporate Bundle,Spanish
CUST004927,Charlotte,Yamamoto,,Male,Canada,,Ottawa,2025-09-15,Referral,Family,Hindi
CUST000947,Aditya,Iyer,27.0,Female,Brazil,,Brasilia,2022-09-14,Referral,Individual,French
CUST005798,Jose,Almeida,,Female,United Kingdom,,Leeds,2021-04-04,Paid Social,Family,English
CUST003294,Evelyn,Williams,30.0,Male,India,,Mumbai,2026-05-03,Paid Social,Individual,English
CUST002162,Isabella,Oliveira,23.0,Male,Japan,,Tokyo,2021-09-14,Organic Search,Student,Hindi
CUST007785,Sota,Jang,21.0,Male,India,,Chennai,2021-01-09,Direct,Individual,Spanish
CUST005084,Sakura,Jung,37.0,Female,,,Cape Town,2022-04-20,Paid Social,Individual,Indonesian
CUST007180,Zara,Petit,23.0,Female,United States,,Chicago,2026-05-19,Organic Search,Individual,Hindi
CUST003058,Sophia,Park,,Male,Japan,,Yokohama,2022-12-05,Direct,Family,English
CUST005491,Isabella,Patel,38.0,Male,France,,Lyon,2021-01-18,App Store,Individual,English
CUST000769,Amina,Rodriguez,24.0,Male,Indonesia,,Jakarta,2025-09-16,Direct,Family,English
CUST007566,Salma,Takahashi,33.0,Male,Indonesia,,Jakarta,2025-05-28,Referral,Corporate Bundle,Spanish
CUST003496,Vihaan,Banda,33.0,Male,IN,,Bengaluru,2023-01-19,Paid Social,Individual,Korean
CUST000286,Feng,Ito,44.0,Female,CA,,Calgary,2020-01-16,App Store,Individual,Hindi
CUST007950,Ibrahim,Zhou,36.0,Male,Brazil,,Salvador,2023-02-04,Organic Search,Individual,Indonesian
CUST004525,Joseph,Abara,58.0,Female,Argentina,,Rosario,2024-12-20,Email Campaign,Individual,Spanish
CUST007895,Yuto,Bernard,23.0,Male,South Africa,,Johannesburg,2019-05-02,Email Campaign,Student,English
CUST002333,Ricardo,Williams,50.0,Male,France,,Marseille,2021-05-16,Organic Search,Individual,Korean
CUST002718,Jian,Mwangi,27.0,Female,Italy,,Milan,2022-06-28,Paid Social,Individual,English
CUST002080,Liam,Choi,52.0,Female,United Kingdom,,Glasgow,2025-07-04,Referral,Individual,English
CUST003390,Liam,Hoffmann,42.0,Male,Spain,,Barcelona,2022-10-13,Direct,Individual,English
CUST000723,Jose,Fischer,39.0,Male,United States,,Chicago,2021-10-23,Organic Search,Individual,English
CUST000952,Huda,Patel,51.0,Female,,,Leeds,2023-08-26,App Store,Family,Hindi
CUST007016,Amelia,Brown,38.0,Male,Indonesia,,Surabaya,2024-09-26,Referral,Student,Arabic
CUST002263,Camila,Fischer,42.0,Male,U.K.,,Leeds,2021-10-15,Organic Search,Student,English
CUST000990,Amara,Santos,46.0,Female,United States,,Los Angeles,2022-07-12,Paid Social,Family,English
CUST003213,Jessica,Okonkwo,36.0,Male,SPAIN,,Barcelona,2020-10-21,Organic Search,Student,Spanish
CUST001760,Feng,Watanabe,35.0,Male,India,,Pune,2024-11-02,Affiliate Partner,Individual,English
CUST006611,Yong,Almeida,22.0,Male,United States,,Austin,2019-03-27,Affiliate Partner,Family,Hindi
CUST004423,Tariq,Malik,39.0,Female,Australia,,Sydney,2019-12-12,Affiliate Partner,Family,Korean
CUST005480,Mary,Pereira,38.0,Female,Indonesia,,Jakarta,2019-12-31,Referral,Individual,Portuguese
CUST001725,Arjun,Robert,25.0,Male,France,,Nice,2023-05-26,Paid Social,Individual,Portuguese
CUST005183,Patricia,Nair,21.0,Female,Canada,,Toronto,2022-07-15,Referral,Individual,German
CUST000342,Reyansh,Ito,40.0,Male,Philippines,,Davao City,2020-09-20,Organic Search,Individual,Polish
CUST003702,Ricardo,Lim,21.0,Female,United States,,Chicago,2024-12-26,App Store,Individual,Hindi
CUST004244,Yuto,Ferreira,37.0,Male,United States,,Seattle,2021-01-18,App Store,Family,Korean
CUST000689,Zola,Mwangi,39.0,Male,Italy,,Naples,2023-12-22,Email Campaign,Family,Indonesian
CUST003433,Hao,Richard,42.0,Female,United States,,New York,2020-12-03,Email Campaign,Individual,English
CUST005204,Huda,Li,26.0,Male,United States,,Miami,2021-01-23,Affiliate Partner,Individual,Hindi
CUST004945,Amara,Meyer,,Male,uae,,Dubai,2021-01-07,Affiliate Partner,Individual,English
CUST000967,Feng,Meyer,51.0,Male,Germany,,Munich,2023-06-27,Organic Search,Family,Arabic
CUST007597,George,Koch,45.0,Male,Argentina,,Buenos Aires,2025-02-12,App Store,Individual,Korean
CUST007277,Krishna,Rodrigues,44.0,Female,Japan,,Tokyo,2022-09-30,App Store,Family,French
CUST002204,Ishaan,Mensah,44.0,Female,United States,,Seattle,2020-09-25,Organic Search,Individual,French
CUST002714,Ananya,Smith,49.0,Male,Philippines,,Manila,2021-04-09,Organic Search,Individual,French
CUST004758,Vivaan,Hussain,24.0,Female,Canada,,Vancouver,2019-03-19,Affiliate Partner,Individual,Portuguese
CUST005099,Wei,Alves,34.0,Female,Philippines,,Cebu City,2025-10-06,Referral,Student,Spanish
CUST007093,Aisha,Meyer,24.0,Female,United Kingdom,,Birmingham,2021-12-20,Organic Search,Individual,Arabic
CUST007364,Riya,Zhou,25.0,Prefer not to say,India,,Hyderabad,2024-04-29,Paid Social,Corporate Bundle,Japanese
CUST007096,Ethan,Mwangi,25.0,Female,India,,Kolkata,2019-10-02,Organic Search,Family,Japanese
CUST005281,Logan,Sharma,19.0,Male,brazil,,Fortaleza,2019-12-01,Paid Social,Individual,
CUST005976,Liam,Kumar,39.0,Female,GERMANY,,Cologne,2020-12-02,Email Campaign,Individual,Hindi
CUST003573,Jessica,Jang,16.0,Male,Australia,,Brisbane,2025-11-24,Organic Search,Individual,English
CUST004806,Daniela,Iyer,,Female,Japan,,Yokohama,2020-11-28,Organic Search,Individual,Tagalog
CUST005300,Yong,Yoon,,Female,Spain,,Valencia,2024-04-16,Email Campaign,Individual,Hindi
CUST001991,Freddie,Qureshi,32.0,Male,,,Cologne,2021-03-25,Referral,Student,English
CUST004121,Logan,Rodriguez,28.0,Female,South Korea,,,2021-03-10,Direct,Student,Tagalog
CUST004760,Tao,Martin,55.0,Male,United States,,Chicago,2024-06-25,App Store,Individual,French
CUST006604,Ayaan,Wu,29.0,Male,Italy,,Turin,2022-11-02,Referral,Individual,Japanese
CUST005299,Paula,Kumar,38.0,Female,United Arab Emirates,,Sharjah,2019-03-28,App Store,Student,German
CUST007038,Tao,Becker,13.0,Male,india,,,2023-02-16,Referral,Student,Hindi
CUST004972,Valentina,Li,37.0,Female,france,,Lyon,2024-04-15,Partner Bundle (Telecom),Family,Hindi
CUST007624,Leo,Wagner,32.0,Male,United States,,New York,2025-01-04,Partner Bundle (Telecom),Family,Portuguese
CUST005035,Saanvi,Rodrigues,31.0,Female,,,Chicago,2020-09-16,Paid Social,Corporate Bundle,Korean
CUST003601,Khalid,Pereira,16.0,Male,Brazil,,,2023-07-29,Organic Search,Individual,Arabic
CUST006491,Daniel,Watanabe,39.0,Female,United States,,Austin,2019-01-03,Organic Search,Family,Japanese
CUST007347,Sakura,Malik,23.0,Female,,,Houston,2022-01-23,Paid Social,Individual,Spanish
CUST007774,Tao,Ali,28.0,Female,Australia,,Perth,2023-04-13,Organic Search,Individual,Portuguese
CUST006635,Zara,Jones,28.0,Male,Canada,,Montreal,2025-04-16,App Store,Student,Korean
CUST000386,Sakura,Kim,53.0,Female,United Arab Emirates,,Abu Dhabi,2024-01-16,Partner Bundle (Telecom),Individual,English
CUST007350,Harper,Kim,29.0,Male,United States,,Austin,2022-04-12,Organic Search,Corporate Bundle,German
CUST007349,Jun,Mensah,25.0,Male,South Africa,,Pretoria,2021-02-01,Paid Social,Student,Hindi
CUST000537,Sofia,Kobayashi,19.0,Male,Japan,,Yokohama,2025-02-07,Organic Search,Family,French
CUST006388,Yui,Zhao,52.0,Female,FRANCE,,Marseille,2021-12-11,Partner Bundle (Telecom),Individual,Spanish
CUST007509,Oliver,Johnson,29.0,Male,Germany,,Frankfurt,2021-08-26,App Store,Individual,Spanish
CUST005033,Zola,Suzuki,47.0,Female,United Kingdom,,Liverpool,2021-04-30,Paid Social,Individual,German
CUST004213,Aisha,Weber,37.0,Female,Philippines,,Cebu City,2025-10-22,Partner Bundle (Telecom),Family,Tagalog
CUST006457,Mariana,Otieno,34.0,Female,Australia,,,2019-10-30,Paid Social,Individual,English
CUST003508,Amina,Lim,,Prefer not to say,USA,,Los Angeles,2021-05-08,App Store,Individual,English
CUST000202,Sarah,Fischer,44.0,Female,Bharat,,Delhi,2020-02-21,Paid Social,Family,
CUST001333,Sarah,Choi,43.0,Female,south africa,,,2023-04-25,Paid Social,Individual,German
CUST003503,Hassan,Petit,33.0,Male,United Kingdom,,Leeds,2020-11-26,App Store,Individual,Spanish
CUST002709,Sami,Otieno,42.0,Male,United States,,Austin,2022-02-20,Organic Search,Individual,Korean
CUST006031,Aadhya,Verma,39.0,Male,Argentina,,Buenos Aires,2025-11-26,Affiliate Partner,Family,Tagalog
CUST005032,Leo,Petit,24.0,Female,italy,,Turin,2023-10-16,Organic Search,Individual,English
CUST006515,Elizabeth,Li,29.0,Male,KR,,Seoul,2023-10-31,Affiliate Partner,Individual,Italian
CUST004663,Sofia,Hoffmann,,Male,united states,,Houston,2022-07-21,Partner Bundle (Telecom),Family,English
CUST004022,Vihaan,Brown,44.0,Female,Canada,,Toronto,2022-01-31,Paid Social,Family,
CUST001855,Patricia,Kang,,Female,JAPAN,,Yokohama,2021-04-11,Direct,Family,English
CUST007197,Diya,Costa,44.0,Male,Mexico,,Guadalajara,2020-07-22,Email Campaign,Individual,Hindi
CUST002873,Sarah,Robert,48.0,Male,United States,,Miami,2021-03-30,Paid Social,Individual,English
CUST003031,Qiang,Kim,49.0,Female,Germany,,Frankfurt,2024-04-15,Organic Search,Individual,English
CUST001206,Zara,Okafor,30.0,Female,canada,,Vancouver,2023-01-19,Paid Social,Individual,English
CUST006564,Khalid,Diallo,34.0,Male,Argentina,,Buenos Aires,2025-10-10,Direct,Corporate Bundle,Hindi
CUST001646,Matthew,Petit,49.0,Female,Mexico,,Puebla,2020-12-06,Organic Search,Individual,English
CUST003418,Chidi,Smith,39.0,Female,Mexico,,Mexico City,2025-12-14,Paid Social,Individual,German
CUST003477,Valentina,Almeida,38.0,Female,Japan,,Yokohama,2020-05-13,Referral,Student,Hindi
CUST006774,Aditya,Patel,30.0,Female,united states,,Phoenix,2023-06-17,Organic Search,Individual,English
CUST002862,Vihaan,Wang,14.0,Female,United States,,Los Angeles,2021-09-20,Organic Search,Family,English
CUST001793,Ibrahim,Becker,33.0,Male,United States,,Seattle,2023-12-04,Partner Bundle (Telecom),Individual,Arabic
CUST005527,Miguel,Adeyemi,44.0,Male,France,,Lyon,2025-11-20,Organic Search,Individual,English
CUST003798,Kofi,Patel,34.0,Female,Mexico,,,2019-06-04,Paid Social,Individual,English
CUST003369,Juan,Nakamura,34.0,Male,France,,Nice,2019-10-09,App Store,Individual,English
CUST003368,Amara,Miller,51.0,Male,Italy,,Turin,2021-02-07,Organic Search,Student,English
CUST003534,Myra,Garcia,13.0,Male,Italy,,Naples,2022-06-06,App Store,Individual,Spanish
CUST007063,Mohammed,Nair,43.0,Male,India,,Kolkata,2025-07-07,Partner Bundle (Telecom),Family,German
CUST005110,Sami,Tanaka,33.0,Male,United States,,Seattle,2022-07-28,Organic Search,Individual,English
CUST006025,Omar,Baig,45.0,Male,India,,Mumbai,2020-01-05,Partner Bundle (Telecom),Corporate Bundle,Portuguese
CUST003450,Aoi,Otieno,18.0,Male,Mexico,,Monterrey,2021-10-09,Paid Social,Student,English
CUST000604,Oliver,Weber,31.0,Female,Argentina,,Cordoba,2023-03-21,Referral,Individual,German
CUST003057,Rania,Smith,40.0,Female,Indonesia,,Surabaya,2019-03-01,Direct,Family,Spanish
CUST007006,Alejandro,Pereira,13.0,Male,Japan,,Tokyo,2024-05-03,Referral,Individual,English
CUST000127,Jack,Huang,22.0,Female,South Africa,,Pretoria,2021-01-07,Organic Search,Individual,Portuguese
CUST007890,Paula,Schneider,19.0,Female,Japan,,Yokohama,2020-09-21,App Store,Family,Spanish
CUST003877,Karen,Ito,13.0,Female,Canada,,Vancouver,2021-03-28,Paid Social,Family,
CUST002936,Noah,Sato,42.0,Male,CANADA,,Toronto,2019-10-24,Direct,Individual,Hindi
CUST005444,Fernando,Menon,16.0,Male,United States,,Seattle,2023-07-17,Organic Search,Corporate Bundle,Korean
CUST004452,Huda,Choi,46.0,Male,Canada,,Toronto,2022-03-07,Organic Search,Individual,German
CUST003532,Carlos,Gupta,17.0,Male,Argentina,,,2021-04-03,Organic Search,Student,French
CUST002731,Vihaan,Ferreira,28.0,Female,India,,Kolkata,2019-12-28,Referral,Family,Arabic
CUST000828,David,Rodrigues,31.0,Male,Poland,,Wroclaw,2022-10-19,Email Campaign,Family,Hindi
CUST001640,Sai,Garcia,16.0,Male,United States,,Houston,2021-06-17,Paid Social,Corporate Bundle,Italian
CUST000985,Fernando,Huang,35.0,Female,United States,,Miami,2024-09-17,Referral,Individual,English
CUST003282,Sofia,Nair,29.0,Female,Italy,,Turin,2019-09-01,Organic Search,Individual,Portuguese
CUST007997,Ricardo,Dubois,38.0,Male,,,Rio de Janeiro,2021-06-20,App Store,Student,Arabic
CUST002189,Mohammed,Laurent,41.0,Male,Germany,,Munich,2020-06-22,App Store,Family,Tagalog
CUST007415,Omar,Jang,29.0,Other,United Kingdom,,Liverpool,2023-07-07,Organic Search,Individual,Korean
CUST002444,Sota,Chowdhury,30.0,Female,ES,,Valencia,2022-11-23,App Store,Corporate Bundle,Spanish
CUST000363,Fernando,Ferreira,50.0,Male,U.S.A,,Austin,2023-05-05,Email Campaign,Individual,Portuguese
CUST002350,Logan,Takahashi,27.0,Female,Indonesia,,Surabaya,2024-04-02,Email Campaign,Family,Japanese
CUST000346,Riku,Malik,38.0,Female,japan,,Yokohama,2019-12-16,Organic Search,Individual,English
CUST000815,Sota,Choi,33.0,Female,IN,,Pune,2025-12-27,App Store,Individual,German
CUST006167,Sakura,Fischer,19.0,Female,USA,,New York,2024-08-03,App Store,Individual,English
CUST004808,Jose,Okonkwo,23.0,Male,Poland,,Warsaw,2019-07-07,Referral,Individual,Portuguese
CUST003206,Zola,Liu,36.0,Female,Canada,,Ottawa,2019-02-24,Paid Social,Student,English
CUST006687,Tendai,Sharma,13.0,Male,France,,Marseille,2023-10-02,Organic Search,Family,Spanish
CUST007708,Michael,Kumar,15.0,Female,United States,,New York,2020-04-22,Affiliate Partner,Individual,English
CUST005962,Aarav,Becker,19.0,Male,United Kingdom,,Glasgow,2021-09-10,App Store,Individual,English
CUST003326,Barbara,Sato,,Other,United States,,Miami,2020-09-23,Organic Search,Individual,English
CUST004107,Myra,Jang,29.0,Other,South Africa,,Cape Town,2025-06-20,Referral,Family,
CUST007204,Jennifer,Ahmed,43.0,Female,France,,Paris,2024-07-23,Organic Search,Individual,Indonesian
CUST002117,Joseph,Becker,24.0,Prefer not to say,Germany,,Berlin,2020-02-26,Paid Social,Family,English
CUST001835,Ali,Cho,42.0,Other,United Kingdom,,Liverpool,2026-05-12,Paid Social,Family,Hindi
CUST000794,Sota,Lim,42.0,Male,United Arab Emirates,,Dubai,2019-05-09,Partner Bundle (Telecom),Family,English
CUST007960,Reyansh,Bernard,50.0,Female,Italy,,Turin,2019-11-11,Organic Search,Individual,
CUST002675,Elijah,Jung,21.0,Female,India,,Delhi,2025-08-13,Referral,Individual,French
CUST000095,Kiara,Becker,44.0,Female,UK,,Glasgow,2026-05-13,Organic Search,Individual,English
CUST004226,Mariana,Li,13.0,Female,Philippines,,Davao City,2023-12-28,Email Campaign,Family,Korean
CUST003757,Evelyn,Brown,,Male,United States,,Houston,2025-08-24,App Store,Student,English
CUST002892,Hina,Banda,24.0,Female,United Kingdom,,London,2021-02-03,Referral,Family,English
CUST002372,Sami,Santos,,Female,Japan,,Osaka,2024-02-28,Organic Search,Individual,Hindi
CUST006943,Mohammed,Johnson,34.0,Female,Philippines,,Davao City,2020-01-09,Affiliate Partner,Corporate Bundle,Hindi
CUST007404,Juan,Rodrigues,20.0,Male,India,,Hyderabad,2025-03-08,Organic Search,Family,Korean
CUST007494,Joseph,Hoffmann,42.0,Male,United States,,Houston,2023-06-07,Organic Search,Individual,English
CUST003229,Ethan,Choi,19.0,Male,Argentina,,Cordoba,2025-12-15,App Store,Individual,Portuguese
CUST006159,Michael,Adeyemi,31.0,Male,Philippines,,Manila,2021-05-30,Paid Social,Individual,French
CUST006360,Alfie,Saito,42.0,Male,Nigeria,,Ibadan,2026-05-27,Organic Search,Individual,Spanish
CUST005997,Jack,Nakamura,43.0,Female,United States,,Seattle,2025-08-16,Organic Search,Individual,English
CUST006875,Elijah,Brown,38.0,Female,,,Manchester,2023-03-02,Affiliate Partner,Student,French
CUST007257,Jacob,Zhao,22.0,Male,France,,Toulouse,2023-05-03,Affiliate Partner,Individual,English
CUST006029,Harper,Baig,33.0,Female,France,,Paris,2022-11-08,Partner Bundle (Telecom),Individual,Hindi
CUST002854,Olivia,Takahashi,33.0,Female,South Africa,,Cape Town,2021-11-05,App Store,Individual,Portuguese
CUST007450,Jian,Sheikh,33.0,Female,India,,Chennai,2021-11-06,Paid Social,Family,Japanese
CUST002913,Tao,Williams,54.0,Female,Indonesia,,Bandung,2020-01-19,Affiliate Partner,Family,English
CUST001866,Omar,Hussain,49.0,Female,India,,Ahmedabad,2019-05-12,App Store,Individual,English
CUST005755,Pedro,Qureshi,28.0,Female,United States,,Austin,2023-02-06,App Store,Individual,Korean
CUST004613,Andrew,Richard,32.0,Male,France,,Lyon,2025-09-21,Email Campaign,Individual,German
CUST001858,Valentina,Zhou,34.0,Female,Mexico,,Puebla,2025-12-11,Organic Search,Family,Arabic
CUST002646,Anika,Mensah,38.0,Male,United States,,Los Angeles,2019-05-24,Organic Search,Individual,Hindi
CUST002244,Leo,Nair,39.0,Female,Britain,,Glasgow,2025-05-01,Organic Search,Individual,English
CUST005374,Ren,Kumar,22.0,Prefer not to say,,,Busan,2025-05-19,Organic Search,Individual,English
CUST002337,Emma,Schneider,53.0,Female,India,,Hyderabad,2022-07-25,Referral,Individual,Hindi
CUST000951,Aadhya,Chen,36.0,Female,Japan,,Yokohama,2020-01-05,Direct,Corporate Bundle,English
CUST003069,George,Sheikh,35.0,Female,Germany,,Frankfurt,2026-04-28,App Store,Individual,Arabic
CUST001121,Aarav,Muller,34.0,Female,India,,Pune,2022-04-05,App Store,Individual,Hindi
CUST002598,Kwame,Alves,39.0,Female,Italy,,Naples,2020-04-19,Paid Social,Individual,Hindi
CUST002205,Sai,Iyer,35.0,Male,United Arab Emirates,,Dubai,2019-08-11,Paid Social,Individual,French
CUST000420,Jennifer,Takahashi,,Female,South Korea,,Seoul,2021-01-06,Paid Social,Individual,Portuguese
CUST000923,Freddie,Chen,28.0,Male,Philippines,,Manila,2021-10-07,Affiliate Partner,Family,English
CUST001255,Oliver,Fischer,38.0,Female,,,Berlin,2020-12-23,Organic Search,Family,English
CUST000478,Carlos,Zhou,13.0,Female,Argentina,,,2022-05-02,Paid Social,Family,Japanese
CUST002036,Alexander,Zhou,29.0,Male,india,,Bengaluru,2024-04-26,Paid Social,Individual,Portuguese
CUST007853,Chidi,Liu,37.0,Female,United States,,Austin,2022-08-27,Partner Bundle (Telecom),Individual,Japanese
CUST005789,Freddie,Moreau,48.0,Male,Japan,,Yokohama,2020-05-15,Organic Search,Family,Spanish
CUST005743,Anika,Schmidt,47.0,Male,United States,,Seattle,2022-12-20,Partner Bundle (Telecom),Family,English
CUST005568,Michael,Jones,45.0,Female,Australia,,Perth,2021-08-01,App Store,Individual,English
CUST001203,Wei,Bernard,,Female,India,,Bengaluru,2019-07-18,App Store,Individual,French
CUST006535,Amelia,Dubois,50.0,Male,united kingdom,,Birmingham,2020-07-18,Paid Social,Individual,Hindi
CUST002627,Layla,Kobayashi,13.0,Female,United States,,Phoenix,2025-04-27,App Store,Individual,Spanish
CUST005766,Wei,Takahashi,34.0,Male,,,Buenos Aires,2024-08-18,Direct,Individual,English
CUST007741,Mariana,Hoffmann,35.0,Male,United Kingdom,,Leeds,2021-05-12,Paid Social,Family,Korean
CUST001971,Logan,Koch,44.0,Female,India,,Ahmedabad,2026-01-22,Organic Search,Student,Arabic
CUST003111,Harry,Schmidt,33.0,Female,United Kingdom,,Glasgow,2019-05-14,Direct,Family,Hindi
CUST004019,Sora,Tanaka,36.0,Male,Australia,,Melbourne,2020-10-25,Email Campaign,Individual,Arabic
CUST002152,Myra,Liu,49.0,Female,United Arab Emirates,,Sharjah,2025-06-27,Paid Social,Individual,English
CUST003688,Sota,Fischer,25.0,Male,Germany,,Hamburg,2024-11-28,Referral,Individual,Spanish
CUST004917,Tendai,Miller,28.0,Male,united kingdom,,London,2021-02-15,Partner Bundle (Telecom),Family,English
CUST001998,Vivaan,Robert,29.0,Other,United Kingdom,,London,2025-07-15,Partner Bundle (Telecom),Individual,Indonesian
CUST004034,Zola,Wagner,23.0,Male,United Kingdom,,Leeds,2022-11-10,Partner Bundle (Telecom),Individual,Hindi
CUST007885,Chidi,Kobayashi,34.0,Male,United States,,Seattle,2023-12-13,Paid Social,Corporate Bundle,French
CUST003055,Yuto,Sheikh,13.0,Male,Canada,,Montreal,2024-02-08,App Store,Family,Hindi
CUST001249,Aditya,Patel,35.0,Male,U.K.,,Glasgow,2019-11-18,Organic Search,Individual,Hindi
CUST002193,Jessica,Verma,32.0,Other,GERMANY,,Munich,2021-10-17,Affiliate Partner,Family,Spanish
CUST002713,Daniel,Smith,130.0,Male,South Korea,,Busan,2023-04-11,Paid Social,Individual,Arabic
CUST000993,Elizabeth,Li,26.0,Male,India,,Pune,2024-04-11,Email Campaign,Student,English
CUST002191,Aisha,Sharma,21.0,Female,FRANCE,,Paris,2020-07-20,Referral,Family,English
CUST004671,Vivaan,Singh,36.0,Female,Germany,,Munich,2019-09-28,Organic Search,Individual,Japanese
CUST005143,Sarah,Wagner,13.0,Female,India,,Kolkata,2020-04-20,Paid Social,Individual,Spanish
CUST005985,Elizabeth,Dubois,40.0,Male,UK,,Glasgow,2021-04-28,Direct,Individual,Spanish
CUST006566,Jian,Rodriguez,22.0,Male,Brazil,,Brasilia,2022-07-17,App Store,Individual,English
CUST003763,Krishna,Schneider,,Male,indonesia,,Bandung,2025-05-10,Partner Bundle (Telecom),Individual,English
CUST003598,Matthew,Schneider,26.0,Male,Indonesia,,Surabaya,2026-04-14,Organic Search,Corporate Bundle,French
CUST004712,Chidi,Wang,21.0,Male,United States,,New York,2024-03-16,Paid Social,Individual,Korean
CUST001319,Reyansh,Huang,30.0,Male,Australia,,Melbourne,2025-01-16,App Store,Individual,English
CUST001864,Luis,Li,45.0,Female,United States,,Houston,2022-10-05,App Store,Individual,Italian
CUST002344,Khalid,Patel,,Female,Canada,,Vancouver,2019-07-02,Referral,Individual,English
CUST002450,Yuto,Khan,15.0,Male,australia,,Sydney,2019-07-03,Direct,Individual,Portuguese
CUST002137,Jian,Ahmed,35.0,Female,United States,,Phoenix,2026-03-26,Organic Search,Individual,English
CUST001066,Mia,Hussain,29.0,Female,Mexico,,Guadalajara,2025-12-19,Organic Search,Individual,Spanish
CUST005869,Evelyn,Chikoti,23.0,Other,United Arab Emirates,,Abu Dhabi,2025-02-15,App Store,Family,
CUST007981,Aarav,Jang,,Female,United Kingdom,,Leeds,2025-05-24,Email Campaign,Student,English
CUST004228,Anika,Banda,27.0,Female,Brazil,,Fortaleza,2024-12-25,Organic Search,Individual,English
CUST002622,Aoi,Zhang,26.0,Female,United States,,Los Angeles,2019-11-09,Organic Search,Individual,English
CUST000078,Huda,Bernard,41.0,Male,Germany,,Berlin,2022-09-19,Paid Social,Family,English
CUST002899,Qiang,Rodrigues,57.0,Female,,,Nagoya,2025-12-16,App Store,Individual,French
CUST006149,David,Takahashi,45.0,Male,India,,Bengaluru,2022-11-16,Affiliate Partner,Individual,English
CUST004821,Amina,Okafor,35.0,Female,India,,Chennai,2020-06-22,Organic Search,Individual,English
CUST001315,Jian,Kang,30.0,Male,,,,2023-04-18,Paid Social,Student,English
CUST005948,Reyansh,Wang,27.0,Female,France,,Toulouse,2025-06-03,Email Campaign,Individual,English
CUST007941,Paula,Sheikh,24.0,Male,United States,,Miami,2025-02-18,Email Campaign,Corporate Bundle,English
CUST007031,Arjun,Santos,46.0,Male,United Kingdom,,London,2022-02-25,Email Campaign,Individual,Portuguese
CUST000873,Carlos,Sato,17.0,Male,United Kingdom,,Manchester,2022-09-25,Email Campaign,Individual,Japanese
CUST003851,Isabella,Durand,13.0,Male,United States,,Houston,2019-05-11,Organic Search,Individual,English
CUST005469,Omar,Suzuki,36.0,Male,Brazil,,Brasilia,2019-08-11,Paid Social,Individual,Korean
CUST005952,Jun,Ito,43.0,Male,United States,,Miami,2020-05-17,Affiliate Partner,Family,Spanish
CUST007692,Themba,Pereira,28.0,Male,France,,Marseille,2026-01-29,Paid Social,Individual,Indonesian
CUST002966,Sara,Choi,18.0,Female,United Arab Emirates,,Sharjah,2024-08-17,Organic Search,Corporate Bundle,English
CUST003392,David,Suzuki,39.0,Male,India,,Mumbai,2021-05-05,Affiliate Partner,Individual,English
CUST005416,Navya,Jung,23.0,Female,Indonesia,,,2021-01-06,App Store,Individual,Spanish
CUST002561,Sami,Kim,36.0,Female,U.S.A,,New York,2020-02-16,Organic Search,Individual,
CUST007876,Daniela,Wu,30.0,Female,U.S.A,,Phoenix,2019-06-24,Referral,Individual,English
CUST002636,Lei,Ahmed,37.0,Male,United Kingdom,,Birmingham,2019-02-27,Paid Social,Individual,German
CUST005257,Myra,Silva,39.0,Male,India,,,2024-09-11,Paid Social,Family,English
CUST003531,Ayaan,Watanabe,42.0,Female,India,,Ahmedabad,2020-07-24,Organic Search,Individual,English
CUST000376,Feng,Ali,52.0,Female,U.S.A,,Phoenix,2025-05-13,Paid Social,Individual,English
CUST001909,Noah,Santos,41.0,Female,Germany,,Berlin,2021-12-13,Email Campaign,Individual,English
CUST004430,Kiara,Abara,,Female,India,,,2022-04-08,Organic Search,Individual,Arabic
CUST006966,Isabella,Zhao,23.0,Male,India,,Pune,2022-09-12,Paid Social,Family,Korean
CUST007689,Diya,Martin,40.0,Male,South Africa,,Pretoria,2022-07-28,Paid Social,Individual,
CUST004028,Leo,Zhang,41.0,Male,Brazil,,Fortaleza,2024-03-22,Affiliate Partner,Individual,English
CUST006462,Aarav,Rodrigues,35.0,Male,Philippines,,Manila,2022-01-09,Organic Search,Individual,English
CUST001605,Sora,Lee,19.0,Male,Mexico,,Monterrey,2021-07-09,Paid Social,Individual,Korean
CUST001119,Tao,Moreau,28.0,Male,canada,,Calgary,2021-09-15,Affiliate Partner,Individual,English
CUST003678,Kiara,Nair,36.0,Female,United States,,Austin,2026-03-20,Referral,Individual,English
CUST003491,Fernando,Wu,14.0,Female,Italy,,Milan,2024-04-08,Paid Social,Individual,Portuguese
CUST007818,Salma,Abara,42.0,Male,USA,,Phoenix,2024-11-08,Organic Search,Individual,Spanish
CUST006040,William,Yoon,21.0,Female,IT,,Naples,2021-12-06,Direct,Individual,English
CUST002959,Camila,Suzuki,33.0,Male,USA,,Houston,2023-04-12,App Store,Individual,Hindi
CUST001995,Elena,Menon,19.0,Male,United States,,New York,2023-12-21,Partner Bundle (Telecom),Family,Hindi
CUST007976,Kwame,Rahman,26.0,Female,India,,Kolkata,2021-03-09,Referral,Corporate Bundle,Hindi
CUST006998,Zara,Wang,56.0,Male,Australia,,Melbourne,2019-05-29,Referral,Student,Hindi
CUST002377,Tao,Qureshi,22.0,Female,,,Puebla,2024-06-29,Partner Bundle (Telecom),Individual,English
CUST007370,Lucas,Cho,40.0,Male,Japan,,Osaka,2020-04-28,App Store,Individual,Arabic
CUST001343,Rania,Durand,26.0,Male,Japan,,Nagoya,2019-08-13,Paid Social,Individual,French
CUST000321,Gabriela,Nakamura,27.0,Male,India,,Hyderabad,2023-12-02,Referral,Family,Indonesian
CUST001620,Isabella,Bernard,30.0,Female,France,,,2021-12-26,Organic Search,Individual,Portuguese
CUST003714,Vihaan,Costa,13.0,Male,India,,Chennai,2019-02-08,Paid Social,Family,Japanese
CUST007367,Sora,Miller,42.0,Other,Japan,,Yokohama,2019-11-04,Email Campaign,Individual,English
CUST002061,Huda,Ito,21.0,Female,India,,Hyderabad,2026-01-06,Organic Search,Corporate Bundle,Tagalog
CUST002220,Logan,Muller,34.0,Male,Germany,,Berlin,2021-05-01,Affiliate Partner,Student,English
CUST001674,Maya,Richard,,Male,Mexico,,Puebla,2019-08-17,Affiliate Partner,Individual,German
CUST006039,Aoi,Bernard,27.0,Female,Indonesia,,Surabaya,2019-07-09,Organic Search,Family,French
CUST000261,Lucas,Singh,26.0,Female,FR,,Marseille,2025-06-25,Paid Social,Family,Hindi
CUST007108,Yui,Rodrigues,25.0,Female,Canada,,Toronto,2024-08-12,Partner Bundle (Telecom),Individual,Indonesian
CUST002040,Aisha,Singh,33.0,Male,Brazil,,,2021-05-11,App Store,Individual,French
CUST004786,Susan,Martinez,37.0,Female,Canada,,Toronto,2025-01-03,Paid Social,Corporate Bundle,Korean
CUST000902,Wei,Costa,38.0,Female,United States,,Los Angeles,2024-03-02,Partner Bundle (Telecom),Individual,Spanish
CUST003745,David,Martinez,33.0,Male,Poland,,Wroclaw,2019-01-30,Partner Bundle (Telecom),Individual,German
CUST006403,Lucia,Iyer,37.0,Male,Mexico,,Guadalajara,2020-12-08,Paid Social,Individual,German
CUST002027,George,Richard,37.0,Male,,,Abu Dhabi,2025-01-18,Email Campaign,Individual,German
CUST004235,Isabella,Rodriguez,36.0,Male,Poland,,Warsaw,2022-11-02,Affiliate Partner,Family,English
CUST001918,Henry,Zhao,36.0,Male,Canada,,Montreal,2022-06-10,Referral,Individual,Hindi
CUST001829,Patricia,Fischer,40.0,Male,United Kingdom,,Birmingham,2025-04-25,Paid Social,Family,English
CUST001574,Isabella,Yang,35.0,Female,France,,Nice,2019-05-27,Organic Search,Individual,Spanish
CUST004416,Paula,Fischer,35.0,Female,JP,,Yokohama,2024-03-16,Referral,Corporate Bundle,English
CUST004750,Andrew,Saito,37.0,Female,India,,Chennai,2026-02-26,Referral,Individual,English
CUST006234,Paula,Meyer,25.0,Female,Philippines,,Cebu City,2022-10-15,Partner Bundle (Telecom),Individual,English
CUST007064,Ananya,Singh,,Female,south africa,,Durban,2025-06-18,Affiliate Partner,Family,German
CUST004655,Kofi,Williams,23.0,Male,united states,,Miami,2019-11-22,Paid Social,Individual,English
CUST006284,Luis,Petit,30.0,Female,India,,Hyderabad,2026-04-10,Organic Search,Individual,English
CUST004209,Sai,Khan,43.0,Male,Philippines,,Davao City,2025-02-20,Paid Social,Individual,Arabic
CUST004628,Pedro,Adeyemi,32.0,Male,United States,,New York,2025-09-26,App Store,Individual,Korean
CUST000225,Tao,Rodriguez,34.0,Female,Canada,,Vancouver,2024-09-16,App Store,Individual,Hindi
CUST000724,Valentina,Kang,37.0,Female,India,,Mumbai,2019-02-01,Partner Bundle (Telecom),Student,Spanish
CUST007221,Hina,Rahman,31.0,Other,United Kingdom,,,2025-01-18,Paid Social,Corporate Bundle,English
CUST001142,Ricardo,Martin,48.0,Female,IN,,,2021-04-04,Referral,Individual,English
CUST005530,Sakura,Sheikh,26.0,Male,India,,Chennai,2020-01-17,Email Campaign,Individual,Spanish
CUST006470,Jessica,Sheikh,42.0,Female,Spain,,Madrid,2022-06-16,Paid Social,Individual,Hindi
CUST005765,Vihaan,Lee,26.0,Female,Philippines,,Manila,2022-02-25,App Store,Family,Hindi
CUST007179,Myra,Zhao,25.0,Female,United States,,Miami,2024-02-24,Paid Social,Individual,English
CUST005555,Juan,Okafor,36.0,Female,Canada,,Montreal,2019-04-04,Affiliate Partner,Individual,Portuguese
CUST007632,Tendai,Chen,39.0,Male,INDIA,,Mumbai,2021-06-06,Affiliate Partner,Individual,Spanish
CUST002763,Amelia,Schneider,23.0,Female,Philippines,,Davao City,2024-10-01,Affiliate Partner,Student,Spanish
CUST000847,Fernando,Bernard,13.0,Male,United States,,Austin,2020-05-29,Paid Social,Individual,English
CUST004290,Isabella,Johnson,31.0,Female,Germany,,Cologne,2022-02-24,Referral,Individual,Indonesian
CUST005561,Evelyn,Williams,33.0,Male,Brazil,,,2021-12-23,Organic Search,Individual,German
CUST006718,Ayaan,Lim,50.0,Female,Nigeria,,Lagos,2022-12-23,Partner Bundle (Telecom),Student,Hindi
CUST005043,Aadhya,Khan,46.0,Male,KR,,Incheon,2019-03-30,Paid Social,Individual,English
CUST006118,Joseph,Ferreira,59.0,Female,INDIA,,Delhi,2020-06-30,Paid Social,Individual,Portuguese
CUST002552,Ahmed,Tanaka,25.0,Female,Brazil,,Sao Paulo,2021-09-12,Email Campaign,Individual,French
CUST005726,Charlie,Fischer,29.0,Female,Mexico,,Guadalajara,2023-06-10,App Store,Individual,Japanese
CUST002929,Tao,Laurent,37.0,Female,Germany,,Berlin,2020-04-03,App Store,Individual,English
CUST000118,Pari,Laurent,40.0,Male,United States,,Austin,2021-03-19,Organic Search,Individual,Korean
CUST000646,Kwame,Williams,33.0,Female,Italy,,Milan,2019-10-11,Paid Social,Family,English
CUST005967,Riya,Chen,23.0,Female,United States,,Los Angeles,2024-01-13,Partner Bundle (Telecom),Family,English
CUST000004,Rania,Takahashi,39.0,Male,Australia,,Brisbane,2019-01-28,Paid Social,Individual,Tagalog
CUST004171,Sofia,Martinez,40.0,Female,India,,Mumbai,2020-11-24,Affiliate Partner,Individual,
CUST005852,Michael,Jung,21.0,Male,India,,Hyderabad,2020-07-10,Email Campaign,Family,Hindi
CUST000468,Diya,Jang,52.0,Male,US,,Austin,2021-03-23,Email Campaign,Family,Japanese
CUST000006,Kiara,Diallo,27.0,Male,Philippines,,Davao City,2025-07-19,Organic Search,Family,English
CUST005343,Sara,Kim,16.0,Female,South Korea,,Incheon,2026-01-01,App Store,Individual,German
CUST000920,Aarav,Oliveira,38.0,Female,United States,,Houston,2019-11-30,Direct,Individual,English
CUST002596,Aarav,Okonkwo,47.0,Male,India,,Delhi,2021-11-13,App Store,Individual,Japanese
CUST004325,Riku,Davis,32.0,Female,Philippines,,Cebu City,2022-10-09,Partner Bundle (Telecom),Individual,German
CUST001064,Krishna,Khan,42.0,Female,,,Ahmedabad,2025-04-16,Email Campaign,Student,Korean
CUST002591,Diya,Li,13.0,Female,India,,Bengaluru,2021-08-07,Email Campaign,Student,English
CUST000243,Hao,Petit,26.0,Male,United States,,Los Angeles,2024-01-03,Paid Social,Family,Hindi
CUST007007,Rania,Ferreira,35.0,Female,India,,Chennai,2020-06-02,Partner Bundle (Telecom),Individual,Indonesian
CUST001161,Lei,Baig,47.0,Male,Nigeria,,Abuja,2026-02-24,Referral,Individual,Hindi
CUST002871,Gabriela,Patel,32.0,Female,India,,Bengaluru,2024-02-21,Paid Social,Student,Arabic
CUST003736,Ethan,Zhao,20.0,Male,,,Toulouse,2019-01-19,Partner Bundle (Telecom),Individual,Japanese
CUST007361,Feng,Robert,55.0,Male,India,,Kolkata,2021-05-28,Email Campaign,Corporate Bundle,Arabic
CUST002398,Ren,Pereira,,Male,Poland,,Wroclaw,2023-06-21,App Store,Corporate Bundle,French
CUST003518,Miguel,Fischer,40.0,Male,United Kingdom,,Liverpool,2024-07-17,App Store,Individual,Spanish
CUST003422,Leo,Takahashi,35.0,Female,Brazil,,Sao Paulo,2025-02-25,Organic Search,Student,
CUST002564,Haruto,Davis,27.0,Female,,,Perth,2020-12-09,Organic Search,Family,Korean
CUST006768,Pari,Saito,33.0,Female,United States,,,2025-08-29,Organic Search,Individual,Hindi
CUST005623,Ethan,Sharma,24.0,Female,Mexico,,Puebla,2024-04-09,App Store,Student,Spanish
CUST001606,Jack,Nakamura,51.0,Male,Spain,,Madrid,2022-05-20,Affiliate Partner,Family,German
CUST007754,Mason,Jung,21.0,Male,Nigeria,,Lagos,2019-01-22,Paid Social,Family,English
CUST002325,Anika,Kang,32.0,Female,Spain,,Barcelona,2020-11-03,Affiliate Partner,Corporate Bundle,Arabic
CUST002710,Jack,Silva,37.0,Male,India,,Chennai,2020-06-22,Paid Social,Individual,Spanish
CUST007072,Charlotte,Mwangi,33.0,Female,,,Berlin,2020-08-05,App Store,Individual,English
CUST001313,Arjun,Williams,50.0,Male,Brazil,,Salvador,2020-08-24,Organic Search,Family,Portuguese
CUST003449,Camila,Jung,29.0,Female,United Kingdom,,Glasgow,2024-08-14,Direct,Individual,Spanish
CUST003813,Yusuf,Laurent,38.0,Female,Germany,,Munich,2020-12-29,Direct,Individual,Portuguese
CUST006086,Ava,Nakamura,34.0,Female,United Kingdom,,Birmingham,2021-10-16,App Store,Individual,Hindi
CUST007485,Valentina,Suzuki,35.0,Female,Indonesia,,Bandung,2025-12-16,Affiliate Partner,Individual,English
CUST002363,Lei,Wagner,20.0,Male,,,Warsaw,2025-12-10,App Store,Student,Portuguese
CUST001976,Saanvi,Davis,40.0,Male,INDIA,,Ahmedabad,2019-10-19,Partner Bundle (Telecom),Individual,Arabic
CUST003515,Aarav,Zhao,32.0,Female,Italy,,Milan,2020-08-22,Organic Search,Individual,Hindi
CUST001762,Jennifer,Jones,37.0,Female,Canada,,Montreal,2021-05-22,App Store,Individual,English
CUST005402,Carlos,Diallo,13.0,Prefer not to say,Brazil,,Fortaleza,2024-06-29,Organic Search,Individual,Spanish
CUST002740,Harper,Bernard,43.0,Female,United States,,Seattle,2024-03-19,Affiliate Partner,Individual,English
CUST005638,Robert,Menon,26.0,Male,South Africa,,Johannesburg,2021-09-26,Direct,Individual,English
CUST007495,Nia,Kim,25.0,Female,Bharat,,Hyderabad,2022-12-10,Affiliate Partner,Individual,Portuguese
CUST002473,Jose,Santos,17.0,Prefer not to say,Germany,,Cologne,2021-11-11,App Store,Student,Spanish
CUST006739,Vihaan,Chen,22.0,Female,UAE,,Abu Dhabi,2024-11-06,Paid Social,Individual,Arabic
CUST004008,Anika,Suzuki,35.0,Male,Indonesia,,Bandung,2020-09-12,Referral,Individual,English
CUST004719,Ali,Gupta,27.0,Male,Japan,,Nagoya,2025-02-11,Paid Social,Student,Indonesian
CUST006178,Barbara,Saito,23.0,Male,Canada,,Vancouver,2021-04-07,Email Campaign,Family,Japanese
CUST001494,Linda,Nakamura,40.0,Male,PH,,Davao City,2022-07-30,Paid Social,Family,English
CUST004207,Sarah,Zhang,48.0,Male,Indonesia,,Surabaya,2025-12-24,Direct,Individual,Portuguese
CUST006372,Daniela,Koch,40.0,Female,Canada,,,2026-01-15,Referral,Student,Portuguese
CUST002159,Mason,Garcia,34.0,Female,India,,,2019-11-26,Affiliate Partner,Family,Portuguese
CUST001170,Navya,Garcia,39.0,Male,Nigeria,,Abuja,2022-05-25,Paid Social,Corporate Bundle,English
CUST001724,Jian,Alves,31.0,Male,Canada,,Montreal,2021-09-09,Affiliate Partner,Family,French
CUST000233,William,Lim,37.0,Male,United Kingdom,,London,2021-11-18,Organic Search,Family,
CUST000067,Sophia,Watanabe,13.0,Male,India,,Kolkata,2020-11-17,Referral,Individual,Spanish
CUST001604,Ahmed,Ito,45.0,Female,United States,,Miami,2019-09-13,Organic Search,Individual,Arabic
CUST006169,Harry,Suzuki,37.0,Female,Japan,,Nagoya,2025-02-12,Paid Social,Student,Indonesian
CUST003284,Robert,Singh,20.0,Male,United States,,,2020-08-16,Referral,Individual,English
CUST003597,Chidi,Chikoti,39.0,Female,poland,,Warsaw,2023-11-14,Affiliate Partner,Individual,German
CUST006289,Pari,Chen,20.0,Female,,,Bengaluru,2020-02-28,Partner Bundle (Telecom),Family,Hindi
CUST004633,Elizabeth,Chowdhury,37.0,Female,Italy,,Turin,2021-04-24,Referral,Individual,English
CUST000126,Ibrahim,Hoffmann,27.0,Female,United States,,Austin,2023-07-18,App Store,Individual,English
CUST006230,Kwame,Schneider,52.0,Female,South Korea,,,2024-06-14,Direct,Individual,French
CUST005351,Myra,Bernard,35.0,Female,Argentina,,Cordoba,2021-02-16,Affiliate Partner,Individual,English
CUST001297,Jessica,Wu,29.0,Prefer not to say,United Kingdom,,London,2023-07-26,Paid Social,Individual,English
CUST001977,Karen,Singh,30.0,Male,Philippines,,Davao City,2020-07-24,Email Campaign,Family,English
CUST007272,Naledi,Tanaka,30.0,Female,Poland,,Warsaw,2026-04-07,Direct,Individual,Hindi
CUST007215,John,Oliveira,47.0,Female,Mexico,,Monterrey,2023-06-21,Paid Social,Individual,Korean
CUST002076,Sofia,Robert,20.0,Female,Philippines,,Davao City,2025-05-26,Partner Bundle (Telecom),Individual,Portuguese
CUST004581,Pari,Costa,22.0,Female,U.S.A,,,2023-10-16,Organic Search,Individual,Spanish
CUST005751,Logan,Kim,26.0,Female,South Korea,,Seoul,2022-09-19,Referral,Individual,Portuguese
CUST007598,Hassan,Suzuki,45.0,Female,South Africa,,Johannesburg,2019-07-04,App Store,Individual,Portuguese
CUST003087,Amara,Banda,25.0,Male,brazil,,,2019-04-02,Organic Search,Family,Arabic
CUST006984,Ishaan,Ito,29.0,Male,,,Hyderabad,2020-05-13,Organic Search,Individual,English
CUST006883,David,Wagner,29.0,Female,Brazil,,Rio de Janeiro,2020-01-01,Email Campaign,Individual,Portuguese
CUST003346,Lei,Jung,42.0,Female,United States,,Chicago,2025-09-14,App Store,Student,Japanese
CUST007190,Ava,Lee,30.0,Male,India,,Pune,2026-01-29,Paid Social,Family,Hindi
CUST005871,Vihaan,Ito,30.0,Female,India,,Hyderabad,2021-07-19,Organic Search,Individual,French
CUST006507,Jack,Nakamura,50.0,Female,MEXICO,,Puebla,2025-12-29,Paid Social,Individual,German
CUST002798,Jacob,Smith,22.0,Female,United States,,Seattle,2022-07-15,Organic Search,Family,Indonesian
CUST000919,Ishaan,Koch,49.0,Male,United States,,Miami,2025-09-14,Email Campaign,Corporate Bundle,English
CUST001647,Harper,Nair,,Male,India,,Kolkata,2020-07-15,Paid Social,Family,English
CUST005123,Mia,Zhao,22.0,Male,Philippines,,Manila,2026-04-10,Affiliate Partner,Individual,Spanish
CUST005127,Yusuf,Ahmed,36.0,Prefer not to say,Argentina,,Rosario,2022-12-29,Referral,Individual,German
CUST004979,Diego,Jung,27.0,Female,United States,,Chicago,2025-02-12,Organic Search,Family,Hindi
CUST005432,Rania,Hussain,24.0,Male,India,,Pune,2022-04-24,Affiliate Partner,Individual,English
CUST006843,Saanvi,Huang,42.0,Female,India,,Ahmedabad,2023-03-04,Direct,Individual,English
CUST004622,Isabella,Okafor,28.0,Female,Nigeria,,Kano,2020-04-10,Paid Social,Individual,Spanish
CUST006810,Alfie,Cho,22.0,Male,ZA,,Durban,2022-07-02,Referral,Student,English
CUST000365,Pedro,Costa,26.0,Female,United Kingdom,,Glasgow,2021-05-10,Email Campaign,Individual,Spanish
CUST003288,Matthew,Nakamura,23.0,Female,United States,,Seattle,2023-10-18,Organic Search,Individual,English
CUST002126,Jose,Schmidt,23.0,Male,Mexico,,Puebla,2024-08-12,Organic Search,Family,English
CUST004124,Valentina,Miller,41.0,Male,United States,,Miami,2019-11-19,Organic Search,Individual,English
CUST004570,Sarah,Yoon,36.0,Male,United Kingdom,,Glasgow,2020-04-01,Organic Search,Family,English
CUST000526,Sara,Smith,37.0,Female,Bharat,,Kolkata,2022-08-28,App Store,Family,English
CUST004822,Arjun,Becker,19.0,Female,United States,,Miami,2025-03-05,Partner Bundle (Telecom),Individual,Portuguese
CUST000056,Joseph,Rahman,28.0,Male,Philippines,,Cebu City,2020-09-18,Referral,Family,English
CUST000639,Matthew,Petit,39.0,Male,AR,,Rosario,2024-10-18,Organic Search,Individual,English
CUST000303,Linda,Okafor,34.0,Female,ARGENTINA,,Cordoba,2024-07-09,Organic Search,Individual,English
CUST002767,Evelyn,Meyer,23.0,Female,USA,,Phoenix,2020-07-29,Organic Search,Family,Hindi
CUST005812,Lei,Hoffmann,46.0,Male,South Korea,,Seoul,2021-12-28,Organic Search,Family,Portuguese
CUST001277,Jun,Davis,26.0,Male,Mexico,,Puebla,2023-01-22,App Store,Individual,Arabic
CUST007538,Barbara,Kumar,,Female,philippines,,Davao City,2019-01-02,Partner Bundle (Telecom),Individual,Indonesian
CUST004721,Leo,Dubois,52.0,Female,Brazil,,Fortaleza,2020-11-22,Email Campaign,Family,Arabic
CUST002056,Fatima,Johnson,38.0,Female,Canada,,Toronto,2022-12-02,Affiliate Partner,Individual,English
CUST005377,Aisha,Zhao,15.0,Female,South Africa,,Johannesburg,2020-03-13,App Store,Student,Spanish
CUST005146,Mia,Jones,13.0,Female,United States,,Seattle,2025-06-27,Paid Social,Individual,English
CUST004433,Elijah,Souza,49.0,Female,United States,,Houston,2019-11-02,Email Campaign,Family,English
CUST003645,Chidi,Mwangi,16.0,Male,South Korea,,Busan,2022-06-12,Affiliate Partner,Individual,Hindi
CUST004144,Karen,Mensah,48.0,Male,France,,Nice,2023-01-21,App Store,Corporate Bundle,Portuguese
CUST002879,Aisha,Takahashi,38.0,Other,Philippines,,Cebu City,2023-10-16,Paid Social,Individual,Portuguese
CUST004203,Charlotte,Yamamoto,40.0,Female,India,,Kolkata,2020-03-17,Partner Bundle (Telecom),Individual,Indonesian
CUST006494,Andrew,Yamamoto,44.0,Female,INDIA,,Mumbai,2021-10-18,Direct,Corporate Bundle,Hindi
CUST005176,Oliver,Diallo,33.0,Female,India,,Mumbai,2019-04-17,Partner Bundle (Telecom),Family,Spanish
CUST002287,Maya,Bernard,24.0,Male,,,Johannesburg,2023-07-20,Organic Search,Individual,German
CUST002262,Robert,Zhou,,Female,Germany,,Cologne,2026-05-26,Organic Search,Student,
CUST005241,Olivia,Ali,36.0,Male,France,,Paris,2026-02-25,Organic Search,Family,Arabic
CUST007164,Ethan,Smith,40.0,Female,U.K.,,Manchester,2024-03-19,Referral,Individual,German
CUST002297,Ibrahim,Singh,39.0,Female,Poland,,Wroclaw,2025-06-08,App Store,Individual,Italian
CUST006938,George,Weber,32.0,Male,GERMANY,,Cologne,2019-11-23,Direct,Family,Hindi
CUST005933,Aditya,Davis,16.0,Female,South Africa,,Pretoria,2023-03-07,Organic Search,Family,Portuguese
CUST001754,Evelyn,Tanaka,32.0,Female,Brazil,,Sao Paulo,2020-05-06,Direct,Family,English
CUST005198,Jun,Iyer,24.0,Male,Brazil,,Rio de Janeiro,2022-01-31,Partner Bundle (Telecom),Individual,English
CUST001969,Andrew,Oliveira,40.0,Male,US,,Houston,2026-04-19,Organic Search,Individual,Indonesian
CUST006993,Yong,Nair,26.0,Female,Mexico,,Puebla,2026-04-10,Paid Social,Family,Hindi
CUST003118,Riku,Santos,29.0,Male,Mexico,,Guadalajara,2025-02-21,Email Campaign,Family,Portuguese
CUST002394,Henry,Ahmed,35.0,Female,India,,Delhi,2021-11-15,App Store,Family,German
CUST000524,Noah,Almeida,56.0,Male,Mexico,,Puebla,2019-10-04,Paid Social,Individual,English
CUST006377,Sarah,Alves,39.0,Female,Mexico,,Puebla,2021-02-11,Partner Bundle (Telecom),Student,Hindi
CUST006789,Ren,Huang,42.0,Female,United Kingdom,,Manchester,2020-12-07,App Store,Family,Japanese
CUST005525,Diya,Moreau,29.0,Female,CA,,Vancouver,2020-06-13,Organic Search,Family,Japanese
CUST006678,Khalid,Costa,22.0,Male,United Kingdom,,Manchester,2024-06-20,Referral,Family,Hindi
CUST003901,Ananya,Pereira,38.0,Other,United States,,Los Angeles,2025-06-02,Partner Bundle (Telecom),Individual,Portuguese
CUST007501,Oscar,Garcia,32.0,Male,India,,Hyderabad,2023-03-24,Referral,Individual,English
CUST004700,Pedro,Hussain,43.0,Male,India,,Mumbai,2022-05-22,Email Campaign,Individual,Hindi
CUST005586,Mason,Oliveira,29.0,Female,Germany,,Frankfurt,2023-02-24,Organic Search,Family,
CUST007104,Alfie,Wu,23.0,Female,United States,,Chicago,2019-05-25,Affiliate Partner,Individual,Arabic
CUST003123,Amelia,Rodriguez,13.0,Male,United States,,Seattle,2024-02-15,Paid Social,Family,Japanese
CUST006778,Tariq,Martin,32.0,Male,Brazil,,Fortaleza,2025-05-03,Affiliate Partner,Family,French
CUST004157,Noor,Fischer,29.0,Female,South Africa,,,2023-05-22,App Store,Individual,German
CUST001970,Ming,Souza,30.0,Female,Italy,,Rome,2021-02-06,Organic Search,Student,Hindi
CUST000672,Haruto,Rahman,36.0,Male,Brazil,,Brasilia,2019-04-30,Paid Social,Individual,Hindi
CUST004189,Ethan,Costa,17.0,Male,United States,,Chicago,2021-07-12,Paid Social,Family,English
CUST000667,Henry,Zhang,48.0,Male,Philippines,,Davao City,2022-04-16,Organic Search,Student,Hindi
CUST007533,James,Robert,145.0,Male,India,,Delhi,2026-04-01,Paid Social,Family,English
CUST001888,Sora,Li,22.0,Female,India,,Pune,2024-04-19,Paid Social,Individual,German
CUST003267,Wei,Khan,22.0,Female,United States,,Austin,2022-12-24,Email Campaign,Individual,Portuguese
CUST000281,Reyansh,Souza,34.0,Female,united kingdom,,Leeds,2025-04-02,Referral,Individual,Hindi
CUST001720,Ananya,Chowdhury,30.0,Male,Nigeria,,Ibadan,2021-12-13,Paid Social,Student,Polish
CUST002948,Ming,Rodriguez,24.0,Female,India,,Mumbai,2024-02-18,Referral,Individual,
CUST004456,Sai,Koch,17.0,Male,South Africa,,Cape Town,2024-09-08,Paid Social,Family,English
CUST000900,Reyansh,Garcia,25.0,Female,Poland,,Warsaw,2020-07-17,Paid Social,Individual,English
CUST006032,Aadhya,Davis,38.0,Female,united states,,Miami,2021-02-17,Organic Search,Individual,German
CUST007791,Diya,Patel,32.0,Female,Canada,,Montreal,2022-02-22,Direct,Individual,English
CUST006091,Jacob,Menon,30.0,Female,Philippines,,Manila,2025-01-30,App Store,Individual,English
CUST007053,Kofi,Silva,16.0,Male,Japan,,Tokyo,2022-07-18,App Store,Corporate Bundle,Hindi
CUST000761,Alexander,Abara,39.0,Male,India,,Pune,2023-06-14,Referral,Student,English
CUST006255,Rania,Williams,,Female,United States,,Chicago,2023-12-18,Affiliate Partner,Student,Spanish
CUST001907,Sami,Sato,18.0,Male,United States,,Chicago,2024-02-10,Partner Bundle (Telecom),Individual,English
CUST004043,Barbara,Saito,13.0,Male,Nigeria,,Ibadan,2025-04-13,Paid Social,Individual,Hindi
CUST003824,Elena,Yoon,21.0,Female,Spain,,Madrid,2023-10-22,Organic Search,Individual,English
CUST004139,Zola,Chen,13.0,Female,United Kingdom,,Glasgow,2021-03-18,Affiliate Partner,Corporate Bundle,Spanish
CUST003819,Charlie,Lee,34.0,Male,United States,,Houston,2024-01-28,Referral,Corporate Bundle,German
CUST006270,Jun,Sato,26.0,Male,,,,2020-07-29,Affiliate Partner,Individual,Spanish
CUST004301,Elizabeth,Laurent,38.0,Male,UK,,Leeds,2020-02-26,Paid Social,Individual,English
CUST005570,Ava,Rodrigues,27.0,Male,Indonesia,,Jakarta,2024-10-13,Affiliate Partner,Student,Spanish
CUST006197,Jose,Meyer,43.0,Female,,,Seattle,2024-05-03,Paid Social,Student,English
CUST002594,Yong,Ferreira,37.0,Male,Italy,,Rome,2026-01-29,Referral,Individual,Italian
CUST004165,Mia,Cho,40.0,Female,United States,,New York,2021-11-14,Partner Bundle (Telecom),Individual,French
CUST003032,Camila,Huang,53.0,Male,japan,,Yokohama,2025-02-05,Referral,Individual,Italian
CUST005972,Joseph,Hoffmann,29.0,Other,United States,,Miami,2024-10-18,App Store,Family,German
CUST003580,Olivia,Davis,29.0,Female,South Korea,,Seoul,2023-01-12,Organic Search,Individual,Hindi
CUST002833,Amina,Menon,50.0,Male,CANADA,,Calgary,2022-05-11,Paid Social,Individual,Spanish
CUST005450,Leo,Mwangi,16.0,Female,India,,Mumbai,2022-04-04,Organic Search,Family,Korean
CUST003473,Elena,Diallo,36.0,Male,Brazil,,Sao Paulo,2020-01-03,Organic Search,Student,Hindi
CUST006328,Diego,Smith,32.0,Male,Italy,,Turin,2024-08-16,App Store,Individual,English
CUST000138,Navya,Rodrigues,,Female,United States,,Houston,2023-09-10,Organic Search,Family,English
CUST004893,Huda,Abara,34.0,Female,India,,Ahmedabad,2019-02-13,Partner Bundle (Telecom),Individual,Spanish
CUST002181,Salma,Tanaka,40.0,Female,Japan,,Nagoya,2021-08-23,Paid Social,Individual,Arabic
CUST002129,Aarav,Fischer,28.0,Female,Italy,,Milan,2019-07-17,Organic Search,Individual,Indonesian
CUST003178,Aadhya,Okafor,31.0,Prefer not to say,United Arab Emirates,,Dubai,2022-01-25,Paid Social,Student,French
CUST004855,Yong,Moreau,27.0,Female,,,Chennai,2020-04-10,Email Campaign,Family,Spanish
CUST004638,Arjun,Chowdhury,41.0,Male,United Kingdom,,Leeds,2024-10-07,Direct,Individual,English
CUST005116,Noah,Wu,13.0,Female,indonesia,,Bandung,2021-12-05,Organic Search,Individual,English
CUST007018,Karen,Gupta,30.0,Male,IN,,Mumbai,2023-03-03,Affiliate Partner,Family,Arabic
CUST004262,Diego,Durand,40.0,Male,Germany,,Cologne,2023-05-10,Referral,Student,English
CUST004345,Ming,Okonkwo,45.0,Female,India,,Hyderabad,2025-11-11,Direct,Student,Arabic
CUST001332,Ishaan,Adeyemi,35.0,Female,italy,,Milan,2019-02-20,Paid Social,Student,Japanese
CUST002018,Krishna,Rodriguez,13.0,Female,Japan,,,2019-10-10,Email Campaign,Individual,Korean
CUST004543,Ananya,Ferreira,31.0,Female,Bharat,,Hyderabad,2024-09-21,Organic Search,Family,German
CUST002483,Jian,Iyer,41.0,Female,Indonesia,,Jakarta,2019-04-13,Organic Search,Individual,Hindi
CUST007003,Lei,Lee,41.0,Female,United States,,Chicago,2023-09-26,Paid Social,Family,Hindi
CUST001359,Layla,Souza,36.0,Female,Brazil,,Brasilia,2025-04-06,Email Campaign,Family,Hindi
CUST006942,Andrew,Brown,63.0,Female,Brazil,,Rio de Janeiro,2023-09-11,App Store,Corporate Bundle,Hindi
CUST006242,Khalid,Ferreira,28.0,Female,INDIA,,Bengaluru,2026-03-26,Referral,Individual,Hindi
CUST001330,Navya,Martinez,33.0,Male,Germany,,Hamburg,2025-11-27,Referral,Individual,English
CUST003050,Oscar,Silva,32.0,Male,Australia,,Melbourne,2025-03-14,Referral,Family,Spanish
CUST006882,Kofi,Sharma,37.0,Female,Germany,,Hamburg,2022-03-16,Affiliate Partner,Individual,Hindi
CUST007922,Valentina,Koch,43.0,Other,australia,,Melbourne,2023-01-12,Email Campaign,Family,Indonesian
CUST002151,Riku,Dubois,23.0,Female,India,,Hyderabad,2022-12-27,Organic Search,Student,English
CUST004531,Vivaan,Garcia,19.0,Other,United States,,Chicago,2020-10-18,App Store,Family,English
CUST002123,Andrew,Chikoti,33.0,Male,Brazil,,Brasilia,2025-11-11,Paid Social,Individual,Portuguese
CUST004674,Lucia,Brown,22.0,Female,Nigeria,,Abuja,2023-07-27,Organic Search,Student,Hindi
CUST003982,Olivia,Takahashi,36.0,Male,,,Yokohama,2020-09-06,Referral,Individual,German
CUST006997,Navya,Wagner,27.0,Female,Germany,,Frankfurt,2022-07-10,Referral,Individual,Arabic
CUST001253,Riku,Ali,25.0,Female,Mexico,,Guadalajara,2020-03-29,Affiliate Partner,Individual,English
CUST003279,Noor,Leroy,13.0,Male,South Africa,,Johannesburg,2023-11-04,Paid Social,Corporate Bundle,
CUST003375,Saanvi,Chikoti,24.0,Male,United Kingdom,,Manchester,2021-04-23,Referral,Family,English
CUST002815,Oliver,Mensah,29.0,Female,Canada,,Ottawa,2026-03-10,Partner Bundle (Telecom),Student,Hindi
CUST004720,Riku,Chowdhury,19.0,Prefer not to say,South Africa,,Durban,2026-05-18,Paid Social,Corporate Bundle,German
CUST006545,Arjun,Jang,41.0,Other,Argentina,,Cordoba,2021-09-21,Referral,Student,English
CUST001849,Hina,Schmidt,40.0,Male,Poland,,Krakow,2026-02-12,Paid Social,Corporate Bundle,French
CUST004859,Kwame,Sato,13.0,Male,Australia,,Melbourne,2023-02-07,Organic Search,Individual,Hindi
CUST003038,Amara,Nair,24.0,Male,South Korea,,Incheon,2024-03-04,App Store,Individual,English
CUST000389,Sofia,Suzuki,39.0,Male,Germany,,Berlin,2025-09-29,Paid Social,Individual,English
CUST000236,Ahmed,Abara,38.0,Male,AU,,Perth,2020-08-02,Email Campaign,Student,Hindi
CUST001078,Ananya,Adeyemi,45.0,Female,,,Pune,2020-03-17,App Store,Individual,
CUST001985,Juan,Suzuki,26.0,Female,United States,,Miami,2019-02-27,Organic Search,Corporate Bundle,Hindi
CUST004364,Matthew,Pereira,18.0,Female,Canada,,Vancouver,2020-09-29,Organic Search,Individual,Italian
CUST003963,Myra,Miller,42.0,Female,India,,Hyderabad,2025-03-07,Partner Bundle (Telecom),Family,Tagalog
CUST000771,Oliver,Lim,45.0,Female,United States,,,2023-04-11,Referral,Family,English
CUST002166,Fernando,Rahman,17.0,Female,philippines,,Cebu City,2025-08-24,Paid Social,Family,English
CUST004534,Karen,Nakamura,38.0,Male,Canada,,Calgary,2022-10-07,Affiliate Partner,Individual,English
CUST000674,Ishaan,Santos,32.0,Male,United Kingdom,,Liverpool,2023-06-03,Organic Search,Student,Hindi
CUST000250,Aisha,Choi,17.0,Male,Australia,,Sydney,2020-09-19,Organic Search,Individual,English
CUST006298,Oliver,Yamamoto,50.0,Prefer not to say,INDIA,,Chennai,2024-01-14,Referral,Family,Korean
CUST001575,Ananya,Huang,26.0,Male,United States,,New York,2021-01-07,Email Campaign,Family,Spanish
CUST006239,Riku,Jang,65.0,Female,United States,,Miami,2021-09-01,Organic Search,Family,Indonesian
CUST003420,Yuto,Dubois,32.0,Male,Japan,,,2019-05-17,App Store,Family,English
CUST002082,Yong,Nakamura,37.0,Male,Brazil,,Sao Paulo,2024-03-08,Paid Social,Individual,Hindi
CUST001824,Haruto,Adeyemi,51.0,Female,South Africa,,Cape Town,2026-04-23,Organic Search,Individual,Indonesian
CUST007447,Alejandro,Fischer,45.0,Other,United States,,Austin,2021-06-07,Email Campaign,Individual,Japanese
CUST007691,Sarah,Verma,39.0,Female,United States,,Miami,2020-03-30,App Store,Individual,Hindi
CUST004545,Lucas,Yang,42.0,Male,United States,,Chicago,2020-06-11,Paid Social,Family,German
CUST005566,Elizabeth,Oliveira,29.0,Female,MX,,Puebla,2024-03-17,Referral,Corporate Bundle,English
CUST000717,Amara,Chen,25.0,Male,Philippines,,Davao City,2025-04-23,Organic Search,Individual,Hindi
CUST007181,Gabriela,Wang,,Male,United Kingdom,,London,2025-04-03,Referral,Family,Spanish
CUST007512,Aisha,Ali,37.0,Male,Canada,,Montreal,2022-06-24,Paid Social,Family,Hindi
CUST002049,Karen,Koch,44.0,Male,Philippines,,Cebu City,2026-02-09,Organic Search,Individual,Spanish
CUST005998,Aarav,Verma,46.0,Male,United States,,Miami,2019-01-20,App Store,Corporate Bundle,
CUST006601,Valentina,Alves,30.0,Female,Germany,,Berlin,2020-07-18,Affiliate Partner,Individual,Japanese
CUST005265,Alfie,Durand,34.0,Female,NG,,Abuja,2021-10-27,Direct,Individual,French
CUST004179,Mia,Meyer,42.0,Male,United States,,Los Angeles,2022-05-01,Email Campaign,Individual,Korean
CUST004810,Khalid,Liu,22.0,Female,India,,Mumbai,2025-01-28,Affiliate Partner,Individual,English
CUST002725,Ayaan,Khan,36.0,Male,ARGENTINA,,Rosario,2020-04-29,Email Campaign,Individual,English
CUST007276,Lucia,Singh,39.0,Other,India,,Bengaluru,2021-01-27,Paid Social,Family,Hindi
CUST001461,Anika,Kumar,32.0,Female,Poland,,Krakow,2023-09-18,Paid Social,Individual,
CUST006915,Lucia,Bernard,58.0,Male,Nigeria,,,2024-02-03,App Store,Family,Arabic
CUST005990,Ali,Zhang,47.0,Prefer not to say,United Kingdom,,London,2021-01-08,Organic Search,Individual,Arabic
CUST001669,Isabella,Costa,30.0,Female,CA,,,2019-11-27,Email Campaign,Corporate Bundle,Arabic
CUST002757,Fatima,Suzuki,23.0,Female,India,,Kolkata,2019-12-03,Partner Bundle (Telecom),Individual,English
CUST002001,Tao,Muller,39.0,Male,United Kingdom,,Liverpool,2022-02-13,Organic Search,Individual,Hindi
CUST004572,Fernando,Leroy,30.0,Female,Brazil,,Brasilia,2023-08-20,App Store,Student,German
CUST004614,Arjun,Choi,17.0,Female,Italy,,Naples,2023-04-12,Email Campaign,Individual,Tagalog
CUST007480,Naledi,Weber,14.0,Female,Bharat,,Chennai,2019-03-15,Organic Search,Corporate Bundle,English
CUST000405,Haruto,Menon,35.0,Male,United Kingdom,,Liverpool,2023-09-17,App Store,Family,Hindi
CUST000385,Sora,Silva,40.0,Female,INDIA,,Bengaluru,2022-05-09,Paid Social,Family,English
CUST007228,Feng,Zhang,15.0,Male,United States,,Chicago,2025-09-06,Affiliate Partner,Family,
CUST002153,Ananya,Banda,38.0,Female,australia,,,2019-11-04,Paid Social,Individual,English
CUST001634,Sota,Oliveira,39.0,Female,Japan,,Yokohama,2021-04-20,Organic Search,Family,English
CUST007374,Reyansh,Kobayashi,23.0,Male,United States,,Miami,2024-11-29,Paid Social,Corporate Bundle,English
CUST005581,Hassan,Huang,50.0,Male,United Kingdom,,Leeds,2021-02-21,Organic Search,Individual,Korean
CUST004785,Wei,Schneider,50.0,Male,Indonesia,,Jakarta,2025-09-24,Organic Search,Corporate Bundle,Hindi
CUST007243,Camila,Cho,26.0,Female,Japan,,Yokohama,2021-06-20,Email Campaign,Individual,French
CUST006971,Tendai,Malik,,Female,INDIA,,Ahmedabad,2024-05-22,Direct,Individual,Hindi
CUST003926,Riku,Alves,20.0,Female,Indonesia,,Surabaya,2021-12-04,Paid Social,Individual,Spanish
CUST005337,Mason,Martinez,13.0,Male,United States,,Chicago,2025-08-26,App Store,Corporate Bundle,English
CUST004159,Elena,Khan,35.0,Female,United Kingdom,,Manchester,2022-01-08,Partner Bundle (Telecom),Individual,Korean
CUST004949,Charlie,Suzuki,36.0,Male,United States,,Phoenix,2024-01-11,Organic Search,Individual,English
CUST005899,Ava,Suzuki,42.0,Male,Canada,,Montreal,2024-08-18,Paid Social,Individual,English
CUST007298,Riya,Souza,29.0,Male,Germany,,Berlin,2022-12-11,Paid Social,Student,Portuguese
CUST005359,Fernando,Martinez,29.0,Female,United Kingdom,,Liverpool,2025-12-11,Paid Social,Student,English
CUST000224,Matthew,Schmidt,41.0,Male,France,,Toulouse,2020-05-01,Direct,Family,Indonesian
CUST002194,Jessica,Martinez,31.0,Male,INDIA,,Pune,2021-04-09,Referral,Individual,English
CUST003137,Barbara,Watanabe,29.0,Male,Japan,,Yokohama,2020-07-01,Organic Search,Individual,English
CUST004470,Ethan,Williams,48.0,Male,Italy,,Turin,2023-11-07,Referral,Individual,Spanish
CUST001825,Hao,Garcia,32.0,Male,United States,,New York,2019-02-08,Referral,Individual,Spanish
CUST007763,Jian,Suzuki,30.0,Male,India,,Delhi,2023-12-23,Email Campaign,Corporate Bundle,German
CUST005125,Ahmed,Ferreira,51.0,Male,Japan,,Yokohama,2024-09-06,Referral,Individual,English
CUST004973,Mariana,Moreau,28.0,Male,Australia,,Brisbane,2019-01-22,Referral,Family,Hindi
CUST000798,Nia,Robert,29.0,Female,Philippines,,Davao City,2023-09-30,Email Campaign,Family,English
CUST002872,Isabella,Liu,19.0,Male,Japan,,Yokohama,2025-07-08,Paid Social,Student,Hindi
CUST000010,Wei,Richard,23.0,Male,India,,,2021-12-03,Organic Search,Individual,Hindi
CUST006594,Sarah,Laurent,46.0,Male,United Kingdom,,Liverpool,2021-10-24,Referral,Individual,Tagalog
CUST001945,Sota,Santos,27.0,Male,United States,,Austin,2023-12-26,Organic Search,Individual,English
CUST001839,Ming,Nair,33.0,Male,australia,,Perth,2024-09-02,Organic Search,Student,German
CUST004805,Riya,Wang,30.0,Male,Italy,,Turin,2024-07-20,Referral,Individual,English
CUST000256,Elijah,Bernard,61.0,Male,South Korea,,Seoul,2021-01-08,Paid Social,Individual,French
CUST007027,Alfie,Smith,44.0,Male,Poland,,Krakow,2019-02-05,Partner Bundle (Telecom),Student,Hindi
CUST005714,Sophia,Patel,18.0,Male,Japan,,Nagoya,2022-07-06,Organic Search,Family,French
CUST004486,Sarah,Johnson,50.0,Female,Japan,,Tokyo,2026-03-28,Organic Search,Individual,Tagalog
CUST007252,Jacob,Okafor,36.0,Female,India,,,2020-09-18,App Store,Individual,French
CUST001582,Hao,Lee,39.0,Male,United States,,Houston,2025-08-13,Organic Search,Individual,French
CUST002957,Liam,Liu,44.0,Male,United States,,Austin,2023-09-25,Partner Bundle (Telecom),Individual,Arabic
CUST000925,Arjun,Tanaka,21.0,Male,Japan,,Osaka,2023-05-17,Organic Search,Individual,Portuguese
CUST007737,Karen,Leroy,43.0,Male,Poland,,,2023-11-13,Organic Search,Student,English
CUST007134,Sofia,Williams,40.0,Male,Canada,,Vancouver,2019-06-02,Direct,Corporate Bundle,Arabic
CUST002509,Amina,Miller,44.0,Female,India,,,2022-03-29,Direct,Individual,Spanish
CUST006133,Logan,Okafor,28.0,Female,Mexico,,Guadalajara,2020-10-08,Paid Social,Individual,Portuguese
CUST005025,Freddie,Hussain,23.0,Female,United States,,Los Angeles,2020-03-24,App Store,Family,German
CUST005321,Zara,Sato,33.0,Female,Japan,,Tokyo,2023-07-17,Referral,Individual,Spanish
CUST007103,Daniela,Bernard,38.0,Female,,,Madrid,2024-07-23,Paid Social,Family,English
CUST006646,Karen,Liu,38.0,Male,United States,,Seattle,2021-03-28,Email Campaign,Student,English
CUST006043,Pedro,Becker,13.0,Male,United Kingdom,,Manchester,2019-12-12,Email Campaign,Individual,
CUST003776,Ethan,Wu,31.0,Male,United States,,Chicago,2020-05-11,Referral,Family,English
CUST004836,Zola,Bernard,27.0,Female,India,,Delhi,2022-07-13,Email Campaign,Individual,Spanish
CUST004137,Nia,Singh,38.0,Male,CA,,,2024-04-05,Partner Bundle (Telecom),Student,English
CUST004965,Ava,Chowdhury,13.0,Male,SPAIN,,Seville,2025-01-19,Organic Search,Individual,Japanese
CUST002780,George,Laurent,39.0,Female,india,,Chennai,2024-01-04,App Store,Individual,Arabic
CUST000540,Andrew,Wagner,44.0,Female,Poland,,Warsaw,2025-01-24,Paid Social,Family,Japanese
CUST002746,Fernando,Gupta,41.0,Female,India,,Kolkata,2022-01-05,Paid Social,Individual,Hindi
CUST007235,Sara,Schmidt,34.0,Female,India,,Ahmedabad,2022-04-24,Organic Search,Individual,German
CUST007353,Lucas,Lim,36.0,Male,United States,,Los Angeles,2019-12-16,Organic Search,Individual,Hindi
CUST006820,Mason,Zhao,13.0,Female,Japan,,Tokyo,2023-04-26,Affiliate Partner,Individual,Spanish
CUST005468,Oscar,Malik,,Male,Canada,,Vancouver,2022-08-19,Email Campaign,Individual,German
CUST001146,Oscar,Williams,37.0,Male,United States,,Phoenix,2021-09-14,Email Campaign,Family,Korean
CUST005128,Freddie,Mwangi,43.0,Female,United States,,Houston,2019-01-19,Organic Search,Individual,Hindi
CUST004469,George,Wagner,29.0,Male,India,,Pune,2019-04-27,Paid Social,Individual,Indonesian
CUST000668,Khalid,Jung,39.0,Male,Indonesia,,Bandung,2023-06-01,App Store,Student,Hindi
CUST003020,Sofia,Bernard,13.0,Female,Nigeria,,Kano,2020-02-18,Affiliate Partner,Individual,French
CUST000358,Amina,Smith,38.0,Female,India,,Ahmedabad,2020-02-14,Organic Search,Individual,English
CUST005064,Sota,Wang,41.0,Male,Italy,,Turin,2023-06-26,Referral,Individual,Japanese
CUST002832,Lucia,Saito,15.0,Male,Indonesia,,Surabaya,2023-01-03,App Store,Student,Korean
CUST002784,Carlos,Cho,42.0,Prefer not to say,Japan,,Tokyo,2019-01-03,Affiliate Partner,Individual,English
CUST001354,Yusuf,Durand,43.0,Male,Indonesia,,,2022-02-23,Affiliate Partner,Family,French
CUST005132,Fatima,Menon,42.0,Male,Germany,,Hamburg,2023-09-02,Organic Search,Individual,English
CUST007115,Huda,Zhou,49.0,Female,Japan,,Osaka,2021-11-21,Organic Search,Individual,Arabic
CUST000471,Ethan,Patel,34.0,Male,Argentina,,Cordoba,2026-05-30,Affiliate Partner,Family,Hindi
CUST002704,Oscar,Hussain,,Female,United Kingdom,,Birmingham,2022-09-23,Paid Social,Student,Hindi
CUST003331,George,Moreau,30.0,Male,France,,Marseille,2023-04-03,Organic Search,Individual,English
CUST003638,James,Leroy,36.0,Other,Brazil,,Fortaleza,2026-02-25,Organic Search,Family,Italian
CUST001397,Henry,Iyer,30.0,Female,Italy,,Turin,2022-06-04,Referral,Individual,English
CUST003585,Matthew,Lee,47.0,Male,India,,Ahmedabad,2025-07-03,Email Campaign,Student,English
CUST007222,Joseph,Wagner,48.0,Female,Canada,,Vancouver,2022-07-30,Organic Search,Corporate Bundle,Hindi
CUST005263,Liam,Jang,22.0,Female,India,,Hyderabad,2019-09-20,App Store,Individual,Tagalog
CUST005646,Leo,Petit,30.0,Female,USA,,Austin,2023-02-02,Email Campaign,Family,English
CUST003377,Susan,Williams,43.0,Female,Philippines,,Manila,2023-03-12,Partner Bundle (Telecom),Student,Portuguese
CUST001257,Mariana,Cho,31.0,Male,United States,,Los Angeles,2023-05-23,Organic Search,Individual,Spanish
CUST006191,William,Wu,38.0,Male,India,,Chennai,2020-07-15,Organic Search,Individual,Arabic
CUST003513,Yusuf,Johnson,22.0,Female,United Kingdom,,,2023-03-02,Organic Search,Individual,German
CUST005652,Ethan,Koch,23.0,Prefer not to say,United States,,Miami,2024-11-10,Paid Social,Individual,Hindi
CUST005779,Aarav,Dubois,19.0,Female,Italy,,Milan,2020-06-20,App Store,Individual,English
CUST001251,Vivaan,Zhao,13.0,Female,Australia,,Sydney,2025-01-08,Organic Search,Student,English
CUST005796,Oliver,Adeyemi,40.0,Female,United Kingdom,,Manchester,2023-03-14,App Store,Individual,Hindi
CUST005349,Freddie,Diallo,22.0,Female,Germany,,Berlin,2020-06-26,Referral,Family,Portuguese
CUST007726,Sophia,Liu,27.0,Female,Mexico,,Puebla,2019-09-21,Direct,Corporate Bundle,English
CUST004299,Liam,Schmidt,13.0,Female,India,,Ahmedabad,2020-02-28,App Store,Individual,Hindi
CUST003285,Wei,Ali,38.0,Female,India,,Hyderabad,2019-07-12,Email Campaign,Student,
CUST002934,Krishna,Kim,31.0,Male,United Arab Emirates,,Sharjah,2020-08-18,Partner Bundle (Telecom),Family,Tagalog
CUST004176,Liam,Williams,22.0,Other,United States,,Los Angeles,2025-11-04,Email Campaign,Individual,Arabic
CUST005269,Yui,Kobayashi,,Male,United Kingdom,,,2021-12-21,Email Campaign,Individual,Spanish
CUST004911,Ali,Sharma,27.0,Female,India,,Chennai,2024-05-12,Referral,Individual,Hindi
CUST001853,Haruto,Davis,40.0,Female,Philippines,,Manila,2023-10-03,Direct,Individual,Indonesian
CUST006317,Alejandro,Rahman,13.0,Male,nigeria,,,2019-12-23,Paid Social,Individual,Indonesian
CUST006816,Jennifer,Okafor,49.0,Male,United Kingdom,,London,2024-04-22,Paid Social,Individual,Spanish
CUST007529,Amara,Leroy,15.0,Male,Spain,,Barcelona,2024-06-24,Affiliate Partner,Individual,English
CUST007824,Chidi,Ahmed,51.0,Female,,,Austin,2025-08-17,Partner Bundle (Telecom),Corporate Bundle,
CUST002106,Fernando,Davis,30.0,Female,United States,,Austin,2021-10-26,Direct,Individual,Spanish
CUST000134,Kofi,Okonkwo,28.0,Female,India,,Kolkata,2021-06-28,App Store,Family,English
CUST005237,Patricia,Lee,39.0,Female,Germany,,Frankfurt,2020-09-04,Referral,Individual,Spanish
CUST005030,Chidi,Rodrigues,31.0,Female,Nigeria,,Ibadan,2023-05-15,Referral,Family,Tagalog
CUST000929,Fatima,Bernard,30.0,Male,India,,Pune,2021-09-11,Email Campaign,Individual,Indonesian
CUST000824,Aarav,Otieno,38.0,Male,Brazil,,Salvador,2025-02-06,Affiliate Partner,Family,Portuguese
CUST007316,Liam,Rodriguez,34.0,Female,Australia,,Perth,2025-02-19,Referral,Individual,Hindi
CUST001532,Layla,Verma,22.0,Male,United States,,Seattle,2019-01-04,Partner Bundle (Telecom),Family,English
CUST001215,Haruto,Yang,27.0,Male,Germany,,Frankfurt,2022-06-09,Email Campaign,Individual,French
CUST000505,Michael,Singh,40.0,Female,United States,,New York,2022-09-03,Organic Search,Corporate Bundle,French
CUST004286,Feng,Liu,29.0,Male,Mexico,,Mexico City,2023-12-26,Organic Search,Student,English
CUST006492,Khalid,Rodrigues,43.0,Male,United States,,Miami,2024-12-02,Paid Social,Individual,English
CUST001997,Isabella,Huang,29.0,Male,Nigeria,,Ibadan,2021-11-14,Referral,Individual,Hindi
CUST006531,Aditya,Saito,17.0,Female,France,,Nice,2024-04-15,Affiliate Partner,Individual,Indonesian
CUST003073,Layla,Singh,36.0,Female,United Kingdom,,Glasgow,2022-09-22,Paid Social,Individual,English
CUST001959,Ibrahim,Khan,38.0,Female,Nigeria,,Kano,2023-05-16,Affiliate Partner,Individual,Hindi
CUST001385,Rania,Santos,32.0,Female,Italy,,Rome,2019-11-15,Affiliate Partner,Family,Spanish
CUST000895,Amina,Durand,28.0,Male,Brazil,,Rio de Janeiro,2020-11-16,Organic Search,Student,Hindi
CUST004925,Yusuf,Rodrigues,31.0,Male,Canada,,Ottawa,2024-01-20,Affiliate Partner,Individual,Korean
CUST000456,Jian,Rodriguez,45.0,Other,Italy,,Rome,2021-06-13,App Store,Family,Korean
CUST006620,Jacob,Santos,40.0,Male,United States,,Los Angeles,2021-06-10,App Store,Individual,Hindi
CUST005780,Camila,Petit,33.0,Male,United States,,Phoenix,2019-10-03,Affiliate Partner,Student,Portuguese
CUST007455,Harry,Johnson,47.0,Female,Japan,,Nagoya,2024-03-19,Email Campaign,Family,English
CUST003710,Jose,Bernard,,Female,Canada,,Ottawa,2024-06-08,Paid Social,Family,English
CUST007426,John,Zhang,39.0,Male,India,,Chennai,2020-05-03,Direct,Family,Hindi
CUST004850,Tendai,Ali,33.0,Male,U.S.A,,Phoenix,2020-05-10,Paid Social,Family,English
CUST004749,Pedro,Dubois,42.0,Female,Argentina,,Cordoba,2024-01-04,Organic Search,Individual,Spanish
CUST004269,Aadhya,Rodrigues,44.0,Female,France,,Nice,2024-05-31,Partner Bundle (Telecom),Individual,French
CUST003523,Riya,Okafor,13.0,Female,Mexico,,Guadalajara,2023-02-02,Affiliate Partner,Corporate Bundle,Japanese
CUST004135,Aoi,Weber,25.0,Male,Argentina,,Cordoba,2022-06-27,Direct,Individual,German
CUST003603,Daniel,Jones,47.0,Male,Britain,,Birmingham,2020-09-16,Referral,Individual,English
CUST007860,Salma,Patel,26.0,Male,Brazil,,Rio de Janeiro,2023-11-26,Paid Social,Corporate Bundle,English
CUST000714,Khalid,Sheikh,42.0,Other,Mexico,,Monterrey,2026-03-02,Organic Search,Individual,English
CUST004187,Sofia,Jung,24.0,Other,Philippines,,Davao City,2024-06-22,Direct,Student,English
CUST002215,Jessica,Silva,37.0,Male,philippines,,Manila,2024-06-18,Paid Social,Family,English
CUST005302,Sophia,Singh,30.0,Female,Nigeria,,,2020-04-27,Paid Social,Individual,English
CUST002924,Sami,Yamamoto,37.0,Female,US,,Austin,2023-12-26,Paid Social,Corporate Bundle,Portuguese
CUST007295,Zola,Cho,33.0,Male,Spain,,Seville,2023-08-08,Organic Search,Individual,Japanese
CUST001811,Mary,Santos,29.0,Female,India,,Kolkata,2022-11-10,Referral,Individual,English
CUST003487,Pari,Kobayashi,39.0,Male,,,Madrid,2022-11-10,Organic Search,Individual,French
CUST003142,Sara,Banda,30.0,Female,United Arab Emirates,,Dubai,2023-12-12,Paid Social,Family,Portuguese
CUST001828,Tendai,Singh,28.0,Male,United States,,Austin,2024-12-14,App Store,Family,English
CUST001156,Ishaan,Verma,29.0,Female,Italy,,Milan,2025-01-19,Referral,Individual,English
CUST001325,Huda,Smith,,Female,South Korea,,Incheon,2026-03-18,Referral,Individual,English
CUST004313,Ricardo,Zhang,40.0,Male,canada,,Vancouver,2024-10-20,Direct,Individual,English
CUST000511,Wei,Yamamoto,47.0,Female,France,,Paris,2023-01-27,Affiliate Partner,Individual,English
CUST001681,Ethan,Koch,30.0,Male,Brazil,,Salvador,2026-02-16,App Store,Individual,English
CUST000500,Reyansh,Sharma,39.0,Male,Mexico,,Puebla,2021-11-19,Organic Search,Individual,Spanish
CUST007302,Mohammed,Otieno,25.0,Female,Poland,,Wroclaw,2023-02-17,Referral,Family,English
CUST001857,Themba,Costa,28.0,Male,Canada,,Montreal,2020-01-31,Referral,Student,Arabic
CUST001389,Patricia,Jung,,Male,united kingdom,,Manchester,2019-09-24,Partner Bundle (Telecom),Family,Spanish
CUST005616,Navya,Nair,21.0,Male,Nigeria,,Lagos,2023-10-17,App Store,Individual,Hindi
CUST003720,Feng,Jones,13.0,Female,AUSTRALIA,,Sydney,2021-08-31,Paid Social,Family,Spanish
CUST002387,Ibrahim,Bernard,27.0,Female,Mexico,,Guadalajara,2019-04-05,Organic Search,Individual,Arabic
CUST005542,Tao,Gupta,46.0,Female,US,,Austin,2019-10-07,Organic Search,Student,Hindi
CUST003237,Zara,Martinez,27.0,Female,Australia,,,2025-02-03,Partner Bundle (Telecom),Individual,Arabic
CUST006173,Ibrahim,Jones,37.0,Male,Italy,,Naples,2020-09-23,Paid Social,Corporate Bundle,German
CUST001541,Chidi,Kim,25.0,Male,United States,,Austin,2025-09-16,Affiliate Partner,Family,German
CUST001218,Riku,Zhou,35.0,Female,philippines,,Manila,2022-01-17,Direct,Individual,German
CUST002682,Ananya,Lee,38.0,Female,Mexico,,,2024-07-16,App Store,Family,Spanish
CUST007864,Robert,Qureshi,28.0,Male,India,,Chennai,2026-01-23,Referral,Family,English
CUST002994,Chidi,Wu,27.0,Female,Mexico,,Mexico City,2021-06-19,App Store,Corporate Bundle,Spanish
CUST005513,Aisha,Williams,35.0,Female,Brazil,,Rio de Janeiro,2024-07-17,Email Campaign,Family,Korean
CUST006314,Jack,Costa,13.0,Female,Brazil,,Brasilia,2020-07-11,Referral,Individual,English
CUST001192,Lucia,Muller,,Male,India,,Chennai,2023-06-09,Referral,Individual,Italian
CUST005773,Chidi,Yamamoto,31.0,Female,India,,Ahmedabad,2021-07-14,Email Campaign,Individual,English
CUST005294,Hao,Okonkwo,34.0,Male,Japan,,Yokohama,2024-11-24,Partner Bundle (Telecom),Family,Hindi
CUST001543,Noor,Patel,27.0,Female,United Kingdom,,Leeds,2019-04-23,Direct,Family,English
CUST003302,Yuto,Brown,15.0,Female,India,,Kolkata,2021-12-15,Partner Bundle (Telecom),Individual,Indonesian
CUST003325,Camila,Malik,25.0,Female,Canada,,Calgary,2023-11-08,Paid Social,Individual,Portuguese
CUST007057,Elijah,Rahman,47.0,Male,France,,Lyon,2024-06-17,Partner Bundle (Telecom),Student,Spanish
CUST002540,William,Adeyemi,30.0,Male,Poland,,Wroclaw,2022-03-09,Organic Search,Individual,
CUST000954,Riku,Jung,61.0,Female,United States,,Chicago,2026-03-11,Email Campaign,Family,Arabic
CUST007242,Lucas,Hoffmann,31.0,Male,Philippines,,Manila,2022-11-15,Affiliate Partner,Family,Spanish
CUST007177,Maya,Wagner,30.0,Female,United Kingdom,,London,2023-09-04,Organic Search,Corporate Bundle,Spanish
CUST006732,Daniel,Wang,51.0,Male,United States,,New York,2023-10-12,Referral,Family,Polish
CUST004847,Robert,Adeyemi,29.0,Male,Nigeria,,Kano,2023-11-04,Affiliate Partner,Individual,Korean
CUST006802,Ananya,Otieno,27.0,Female,Philippines,,Cebu City,2019-10-21,Email Campaign,Individual,Italian
CUST004331,Carlos,Tanaka,42.0,Male,germany,,Berlin,2022-02-18,Direct,Individual,English
CUST000733,Kofi,Kumar,32.0,Female,Brazil,,Rio de Janeiro,2023-03-20,Paid Social,Individual,English
CUST004519,Navya,Sharma,34.0,Male,United Kingdom,,London,2021-07-28,Organic Search,Individual,Portuguese
CUST001157,Themba,Sharma,34.0,Male,Indonesia,,Jakarta,2023-01-25,Organic Search,Corporate Bundle,German
CUST007454,George,Alves,17.0,Female,United States,,Austin,2024-01-14,Paid Social,Family,Portuguese
CUST003295,Yong,Takahashi,33.0,Female,India,,Delhi,2023-01-19,Organic Search,Student,English
CUST006542,Luis,Oliveira,28.0,Female,United States,,New York,2020-09-09,Paid Social,Individual,Indonesian
CUST002983,Isabella,Wagner,29.0,Male,GERMANY,,Frankfurt,2019-06-11,App Store,Individual,Spanish
CUST005306,Ahmed,Okafor,,Female,FRANCE,,Nice,2021-12-30,Paid Social,Individual,English
CUST005162,Jacob,Park,22.0,Female,South Africa,,Pretoria,2024-12-06,Organic Search,Individual,English
CUST002157,Anika,Menon,20.0,Male,India,,Chennai,2025-07-11,Paid Social,Family,Japanese
CUST001063,Alfie,Silva,13.0,Male,canada,,Vancouver,2020-07-22,Paid Social,Individual,English
CUST002617,Daniel,Davis,30.0,Male,Italy,,Rome,2022-04-17,Organic Search,Student,Korean
CUST001168,John,Wu,27.0,Male,Germany,,Berlin,2024-11-09,Direct,Family,
CUST003223,Elena,Rahman,14.0,Female,Spain,,Madrid,2021-07-20,Partner Bundle (Telecom),Individual,English
CUST003637,George,Nakamura,32.0,Other,Canada,,Ottawa,2021-08-24,Organic Search,Student,Spanish
CUST005589,Rania,Ahmed,35.0,Male,U.K.,,London,2024-10-07,Affiliate Partner,Family,Spanish
CUST002939,Daniela,Ali,18.0,Male,Canada,,Ottawa,2023-12-01,Email Campaign,Individual,English
CUST007092,Gabriela,Garcia,39.0,Female,,,Houston,2024-03-22,Referral,Individual,Portuguese
CUST007193,Susan,Verma,49.0,Male,INDIA,,Kolkata,2023-11-10,Email Campaign,Individual,Spanish
CUST004492,Ren,Mwangi,40.0,Male,AU,,Perth,2024-02-07,App Store,Individual,French
CUST007267,Vivaan,Muller,61.0,Male,Canada,,Montreal,2023-06-25,Referral,Student,Portuguese
CUST003141,Salma,Li,27.0,Male,Indonesia,,Bandung,2022-03-22,App Store,Individual,Indonesian
CUST004981,Liam,Singh,54.0,Male,US,,Miami,2021-07-15,Organic Search,Family,Portuguese
CUST000144,Ming,Hoffmann,16.0,Female,Spain,,Valencia,2021-09-13,Direct,Family,English
CUST007970,Gabriela,Pereira,26.0,Male,Spain,,Madrid,2021-07-08,Direct,Family,English
CUST003578,Noor,Brown,13.0,Male,Brazil,,Sao Paulo,2022-10-01,Organic Search,Individual,Hindi
CUST004947,Anika,Suzuki,18.0,Female,Poland,,Krakow,2025-10-08,Partner Bundle (Telecom),Individual,English
CUST002783,Mary,Pereira,13.0,Female,CA,,Vancouver,2026-03-10,Partner Bundle (Telecom),Individual,Hindi
CUST000718,Naledi,Banda,36.0,Other,United States,,Seattle,2019-06-16,Referral,Corporate Bundle,English
CUST001820,Jacob,Ali,20.0,Male,United Kingdom,,Manchester,2025-03-17,Organic Search,Individual,Hindi
CUST002503,Hao,Schneider,28.0,Male,India,,Mumbai,2022-06-27,Paid Social,Corporate Bundle,Hindi
CUST004361,Andrew,Almeida,27.0,Male,united states,,Miami,2021-06-04,App Store,Family,English
CUST004172,Joseph,Reddy,15.0,Female,Japan,,Nagoya,2024-06-20,Paid Social,Corporate Bundle,
CUST006589,Chidi,Brown,,Female,Spain,,Madrid,2023-06-19,Email Campaign,Individual,Korean
CUST000396,Emma,Alves,40.0,Other,United Kingdom,,Birmingham,2025-05-27,Referral,Individual,English
CUST005732,Patricia,Kumar,29.0,Female,Canada,,Calgary,2026-05-19,App Store,Individual,Hindi
CUST006321,Hassan,Meyer,54.0,Male,AR,,Cordoba,2025-01-24,Organic Search,Student,Spanish
CUST007187,Sofia,Diallo,27.0,Female,France,,Marseille,2020-11-30,Affiliate Partner,Individual,
CUST007771,Aisha,Chowdhury,16.0,Female,United States,,Austin,2022-12-22,Organic Search,Individual,Hindi
CUST004493,Diego,Bernard,31.0,Prefer not to say,Australia,,Perth,2021-03-14,Email Campaign,Individual,Hindi
CUST001366,Riya,Cho,14.0,Male,,,Los Angeles,2025-09-10,Organic Search,Individual,French
CUST007337,Alfie,Almeida,40.0,Male,United States,,Houston,2019-11-27,Affiliate Partner,Individual,English
CUST006000,Daniela,Zhou,29.0,Female,United Kingdom,,London,2025-11-04,Email Campaign,Individual,Arabic
CUST000596,Qiang,Mensah,32.0,Female,South Africa,,Durban,2020-04-10,Partner Bundle (Telecom),Individual,French
CUST006206,Charlie,Kumar,20.0,Male,,,Puebla,2025-10-22,Paid Social,Individual,Spanish
CUST003953,Kofi,Hussain,45.0,Female,United Kingdom,,Liverpool,2023-11-23,Referral,Individual,Korean
CUST005393,Feng,Rahman,17.0,Female,United Arab Emirates,,Abu Dhabi,2025-10-19,Paid Social,Individual,English
CUST005918,Hassan,Banda,49.0,Male,KR,,Busan,2024-06-23,Referral,Corporate Bundle,English
CUST004969,Camila,Tanaka,29.0,Female,United Kingdom,,Leeds,2023-09-04,Affiliate Partner,Individual,English
CUST002915,Gabriela,Zhou,26.0,Male,United Kingdom,,Leeds,2020-05-25,Email Campaign,Individual,English
CUST007923,Olivia,Kobayashi,26.0,Male,Argentina,,Cordoba,2022-03-29,Paid Social,Individual,Indonesian
CUST002327,Krishna,Johnson,46.0,Female,Poland,,Krakow,2024-10-26,Paid Social,Individual,English
CUST005645,Miguel,Wu,39.0,Male,Germany,,,2022-06-30,Referral,Individual,Spanish
CUST003767,Chidi,Otieno,36.0,Male,United States,,Seattle,2020-05-02,Organic Search,Corporate Bundle,
CUST003441,Sarah,Garcia,37.0,Female,India,,Delhi,2025-12-01,Direct,Individual,Polish
CUST003852,Maya,Cho,33.0,Female,United States,,Phoenix,2021-11-13,Organic Search,Family,Spanish
CUST004133,Tendai,Muller,37.0,Female,Japan,,Nagoya,2021-10-10,Paid Social,Individual,Hindi
CUST006807,Elijah,Menon,44.0,Male,South Africa,,Cape Town,2025-05-21,Referral,Student,English
CUST007380,Huda,Zhao,37.0,Female,Germany,,Frankfurt,2025-04-07,Referral,Individual,English
CUST002144,Riya,Fischer,25.0,Male,United States,,Austin,2021-06-20,Organic Search,Individual,Korean
CUST007423,Jack,Liu,19.0,Female,United States,,Austin,2023-06-08,Organic Search,Family,English
CUST005074,Jun,Martinez,28.0,Male,United States,,New York,2019-02-22,App Store,Student,English
CUST001572,Lei,Qureshi,46.0,Female,,,Kolkata,2019-03-26,Email Campaign,Family,Portuguese
CUST004080,Sofia,Martin,42.0,Male,United Kingdom,,Glasgow,2023-11-28,Paid Social,Student,French
CUST001123,Pari,Zhou,43.0,Female,,,Buenos Aires,2022-03-18,Paid Social,Individual,English
CUST002787,Sofia,Silva,29.0,Female,Brazil,,Sao Paulo,2024-09-11,Affiliate Partner,Corporate Bundle,English
CUST006336,Robert,Souza,20.0,Female,United Arab Emirates,,Sharjah,2021-01-19,App Store,Individual,Korean
CUST002968,Logan,Zhang,34.0,Male,Italy,,Turin,2022-09-10,Referral,Student,Korean
CUST002505,Oliver,Diallo,39.0,Female,Mexico,,Monterrey,2019-04-15,Organic Search,Individual,English
CUST005989,John,Adeyemi,37.0,Female,Italy,,Milan,2022-03-21,Partner Bundle (Telecom),Family,Tagalog
CUST003466,Diego,Baig,36.0,Male,Philippines,,Cebu City,2023-12-22,Paid Social,Individual,Japanese
CUST000676,Chidi,Chowdhury,29.0,Female,India,,Ahmedabad,2024-05-02,Partner Bundle (Telecom),Family,English
CUST002809,Zara,Ali,52.0,Female,United States,,Seattle,2020-02-28,Referral,Corporate Bundle,Indonesian
CUST007165,Juan,Jang,42.0,Female,Italy,,Rome,2021-12-11,App Store,Individual,English
CUST003349,Arjun,Okonkwo,31.0,Female,Philippines,,Cebu City,2025-01-29,Paid Social,Corporate Bundle,Hindi
CUST000729,Isabella,Laurent,43.0,Male,Nigeria,,Lagos,2022-07-17,Partner Bundle (Telecom),Individual,English
CUST000413,Kwame,Suzuki,35.0,Female,INDIA,,Hyderabad,2021-09-10,Organic Search,Family,Spanish
CUST003147,Luis,Sato,35.0,Male,Australia,,Melbourne,2022-07-16,Affiliate Partner,Family,German
CUST001517,William,Souza,30.0,Male,United States,,Austin,2025-10-08,Email Campaign,Individual,Hindi
CUST005746,Chidi,Verma,38.0,Male,United States,,Chicago,2024-04-11,Paid Social,Individual,Spanish
CUST000826,Ayaan,Chowdhury,13.0,Male,,,Leeds,2023-01-17,Referral,Individual,English
CUST003268,Feng,Otieno,47.0,Female,India,,Pune,2025-09-04,Organic Search,Student,English
CUST003975,Nia,Ito,42.0,Female,France,,Nice,2023-05-19,Organic Search,Individual,English
CUST000617,Michael,Becker,59.0,Female,South Africa,,Pretoria,2020-01-23,Partner Bundle (Telecom),Corporate Bundle,Japanese
CUST000115,Kiara,Yang,59.0,Female,Germany,,,2019-12-29,Organic Search,Family,English
CUST000418,Jennifer,Santos,35.0,Male,Nigeria,,Kano,2019-08-17,Direct,Individual,English
CUST003070,Henry,Oliveira,42.0,Female,france,,,2025-06-28,Referral,Family,Spanish
CUST001626,Ava,Wang,39.0,Male,United Kingdom,,,2022-05-24,Organic Search,Individual,Arabic
CUST007114,Mason,Sharma,28.0,Male,Spain,,Barcelona,2026-03-17,Paid Social,Individual,English
CUST006749,Amina,Mensah,13.0,Male,Argentina,,Cordoba,2021-03-05,Paid Social,Family,Portuguese
CUST007965,Aoi,Li,43.0,Female,United States,,Los Angeles,2023-05-22,Direct,Individual,English
CUST004186,Huda,Choi,40.0,Male,Indonesia,,Bandung,2022-08-29,Referral,Student,Korean
CUST002897,William,Davis,38.0,Male,United Kingdom,,Liverpool,2025-01-31,Paid Social,Corporate Bundle,English
CUST007515,Ming,Yang,28.0,Female,South Korea,,Busan,2025-06-30,Referral,Individual,Arabic
CUST002083,Themba,Li,32.0,Female,United States,,Chicago,2023-11-13,Referral,Individual,Portuguese
CUST000754,Diego,Schmidt,37.0,Male,India,,Bengaluru,2023-04-24,Organic Search,Individual,English
CUST002547,Reyansh,Davis,45.0,Male,Japan,,Nagoya,2025-05-29,Direct,Individual,German
CUST003970,Noah,Costa,37.0,Male,Brazil,,Fortaleza,2023-08-19,Organic Search,Family,Hindi
CUST003374,Kwame,Chowdhury,16.0,Male,South Korea,,Seoul,2023-12-01,App Store,Individual,French
CUST005727,Riku,Zhang,17.0,Female,United Arab Emirates,,Sharjah,2023-08-07,Partner Bundle (Telecom),Individual,English
CUST004108,Salma,Kang,38.0,Male,United States,,New York,2025-12-24,Direct,Individual,French
CUST002445,Harper,Khan,36.0,Female,United States,,New York,2020-05-27,Referral,Corporate Bundle,Portuguese
CUST004381,Oscar,Wu,43.0,Male,Indonesia,,Surabaya,2025-06-28,Email Campaign,Individual,German
CUST001067,Yusuf,Tanaka,33.0,Female,Spain,,Seville,2026-03-05,Email Campaign,Individual,
CUST003914,Nia,Ferreira,13.0,Female,Philippines,,Davao City,2020-11-09,Organic Search,Individual,Hindi
CUST005288,Yong,Sheikh,54.0,Female,Mexico,,Monterrey,2023-06-23,Direct,Individual,English
CUST005537,Ren,Wagner,42.0,Male,United States,,Chicago,2025-10-20,Email Campaign,Family,Portuguese
CUST005388,Andrew,Liu,23.0,Male,Australia,,Sydney,2019-03-01,Organic Search,Individual,English
CUST005733,Oscar,Qureshi,30.0,Female,Indonesia,,Bandung,2023-11-23,Organic Search,Corporate Bundle,German
CUST003499,Elena,Baig,51.0,Female,South Africa,,Johannesburg,2019-05-19,Paid Social,Individual,
CUST002739,Miguel,Yoon,35.0,Male,United States,,,2023-02-24,Referral,Individual,Portuguese
CUST005053,Krishna,Hoffmann,31.0,Male,Brazil,,Brasilia,2020-09-14,App Store,Family,Japanese
CUST004001,Ren,Souza,22.0,Male,Mexico,,Guadalajara,2022-10-08,Organic Search,Family,English
CUST001569,Charlotte,Malik,48.0,Female,south africa,,Durban,2019-12-07,Referral,Family,English
CUST002428,Layla,Robert,35.0,Prefer not to say,France,,Nice,2024-03-05,Organic Search,Individual,English
CUST003747,Patricia,Hoffmann,34.0,Female,United States,,Houston,2019-08-12,Organic Search,Individual,English
CUST006834,Olivia,Qureshi,48.0,Female,Nigeria,,Abuja,2024-02-04,Paid Social,Individual,Spanish
CUST007458,Naledi,Oliveira,56.0,Male,United States,,New York,2023-12-24,Affiliate Partner,Individual,Hindi
CUST001688,Alexander,Lim,30.0,Female,Nigeria,,Kano,2025-12-08,Partner Bundle (Telecom),Student,English
CUST000852,George,Sheikh,13.0,Male,India,,Ahmedabad,2021-11-02,Direct,Individual,Arabic
CUST003547,Lei,Weber,40.0,Male,United States,,Seattle,2024-04-19,Paid Social,Individual,French
CUST006304,Hina,Yoon,51.0,Female,South Korea,,,2023-04-24,Organic Search,Family,German
CUST000896,Juan,Williams,35.0,Male,Germany,,,2025-09-14,Partner Bundle (Telecom),Individual,German
CUST004593,Lei,Mwangi,17.0,Male,Australia,,Brisbane,2022-11-20,Organic Search,Family,Japanese
CUST006402,Tariq,Bernard,33.0,Other,Philippines,,Manila,2022-04-13,Organic Search,Family,English
CUST005879,Salma,Davis,42.0,Female,Mexico,,Puebla,2026-03-28,Organic Search,Individual,English
CUST000336,Elena,Williams,35.0,Male,United States,,New York,2021-02-21,Affiliate Partner,Family,English
CUST002840,Amara,Martin,52.0,Male,India,,Hyderabad,2025-12-09,Direct,Family,English
CUST003088,Feng,Otieno,22.0,Male,United States,,New York,2024-03-07,App Store,Individual,Japanese
CUST004612,Linda,Alves,60.0,Female,United States,,Miami,2026-02-10,Email Campaign,Individual,Japanese
CUST001349,Mia,Hoffmann,43.0,Male,US,,Austin,2024-09-06,Affiliate Partner,Corporate Bundle,Korean
CUST001016,Carlos,Garcia,31.0,Female,Brazil,,Sao Paulo,2022-10-02,Referral,Family,English
CUST002817,Liam,Watanabe,32.0,Female,,,Chicago,2023-01-28,Referral,Family,Hindi
CUST001632,Susan,Diallo,33.0,Male,South Korea,,Busan,2021-02-13,Referral,Family,French
CUST002490,Leo,Takahashi,59.0,Male,Indonesia,,,2019-05-04,Affiliate Partner,Individual,
CUST003731,Susan,Cho,15.0,Male,Spain,,Valencia,2020-07-10,Organic Search,Individual,German
CUST006906,Ali,Meyer,51.0,Female,Poland,,Krakow,2022-03-17,Partner Bundle (Telecom),Individual,English
CUST007391,Ricardo,Li,34.0,Female,Italy,,Turin,2019-09-07,Organic Search,Family,Hindi
CUST003252,Henry,Banda,36.0,Female,Germany,,,2025-10-02,App Store,Individual,Arabic
CUST007452,Ren,Costa,43.0,Female,,,Pune,2026-05-19,Organic Search,Corporate Bundle,
CUST007268,Kwame,Singh,14.0,Prefer not to say,Italy,,Turin,2020-11-01,App Store,Family,English
CUST005878,Sara,Sato,33.0,Male,Germany,,Berlin,2025-12-16,Referral,Family,Japanese
CUST006666,Alfie,Laurent,31.0,Male,,,Incheon,2025-12-06,Email Campaign,Student,Korean
CUST005882,Andrew,Richard,17.0,Female,United States,,Austin,2021-08-12,Referral,Student,Spanish
CUST002071,Ali,Oliveira,33.0,Female,Canada,,Calgary,2026-01-09,App Store,Corporate Bundle,Korean
CUST004453,Elena,Silva,41.0,Male,India,,Bengaluru,2023-06-10,Email Campaign,Individual,English
CUST007848,Diego,Oliveira,36.0,Female,United States,,Miami,2019-09-28,Organic Search,Corporate Bundle,Spanish
CUST005409,Charlotte,Davis,51.0,Male,Germany,,Munich,2024-02-21,App Store,Student,Spanish
CUST001636,Omar,Watanabe,26.0,Female,south korea,,Incheon,2020-07-07,App Store,Family,English
CUST004647,Ahmed,Muller,31.0,Male,Italy,,Milan,2023-05-31,Email Campaign,Individual,English
CUST006485,John,Tanaka,19.0,Prefer not to say,India,,Kolkata,2022-07-03,Paid Social,Individual,English
CUST002480,Sakura,Kobayashi,35.0,Male,Brazil,,,2020-04-29,Paid Social,Family,Spanish
CUST006618,Maya,Robert,28.0,Male,Poland,,Warsaw,2019-11-25,Paid Social,Family,English
CUST002266,Mia,Sheikh,42.0,Male,Japan,,Tokyo,2022-02-05,Affiliate Partner,Family,English
CUST002960,Harper,Otieno,20.0,Male,Germany,,Cologne,2022-04-29,Referral,Family,Hindi
CUST005324,Vivaan,Moreau,46.0,Male,South Korea,,Incheon,2024-08-09,App Store,Individual,English
CUST007603,Huda,Abara,27.0,Female,Germany,,Hamburg,2025-10-28,Paid Social,Family,Korean
CUST003060,Elijah,Koch,18.0,Male,India,,Mumbai,2024-04-06,App Store,Corporate Bundle,English
CUST005054,Tariq,Silva,40.0,Female,United Kingdom,,Liverpool,2025-09-07,Partner Bundle (Telecom),Student,Italian
CUST005870,Jessica,Chowdhury,28.0,Male,India,,Chennai,2019-12-27,Paid Social,Individual,Portuguese
CUST002142,Ibrahim,Davis,30.0,Female,United Arab Emirates,,Dubai,2021-02-16,Partner Bundle (Telecom),Individual,English
CUST005105,Ava,Wang,37.0,Male,Indonesia,,Bandung,2022-02-24,Organic Search,Individual,
CUST003119,Sarah,Abara,46.0,Female,Nigeria,,Kano,2023-10-25,App Store,Individual,Tagalog
CUST005189,Haruto,Rahman,19.0,Female,India,,Pune,2022-12-27,Email Campaign,Student,Portuguese
CUST007594,Amina,Martin,27.0,Male,Spain,,Barcelona,2019-04-23,Partner Bundle (Telecom),Corporate Bundle,English
CUST004046,Ishaan,Koch,39.0,Female,India,,Kolkata,2022-10-05,Referral,Individual,English
CUST003357,Elizabeth,Jung,17.0,Female,INDIA,,Delhi,2021-11-27,Organic Search,Family,French
CUST002745,Hao,Nakamura,31.0,Male,,,Kolkata,2024-05-30,Direct,Individual,German
CUST007254,Wei,Martin,25.0,Male,United States,,Los Angeles,2021-01-09,Organic Search,Corporate Bundle,Hindi
CUST005093,Huda,Weber,24.0,Male,India,,,2024-11-25,App Store,Corporate Bundle,Italian
CUST003507,Valentina,Choi,13.0,Female,United States,,Phoenix,2026-03-22,Organic Search,Family,German
CUST001680,George,Silva,33.0,Male,,,Phoenix,2023-01-31,Affiliate Partner,Student,English
CUST004250,Omar,Petit,34.0,Male,Poland,,Krakow,2020-07-12,Affiliate Partner,Individual,English
CUST003148,Sophia,Okafor,35.0,Female,India,,Pune,2025-03-11,Organic Search,Individual,Portuguese
CUST002295,Tendai,Muller,32.0,Female,United States,,Seattle,2024-08-01,Organic Search,Individual,English
CUST007005,Feng,Dubois,25.0,Male,India,,,2021-01-18,Referral,Student,English
CUST006934,Mason,Adeyemi,22.0,Female,Italy,,Naples,2024-12-22,Referral,Family,Hindi
CUST000581,Pedro,Kim,29.0,Male,Argentina,,Rosario,2024-10-15,App Store,Student,Hindi
CUST001471,Lucas,Koch,39.0,Other,Brazil,,Sao Paulo,2024-04-28,Partner Bundle (Telecom),Student,Spanish
CUST004800,Sakura,Garcia,36.0,Male,India,,Hyderabad,2024-08-28,Referral,Family,English
CUST004071,Aditya,Brown,26.0,Other,INDIA,,Hyderabad,2024-08-19,Affiliate Partner,Family,English
CUST005309,Sai,Patel,62.0,Female,Nigeria,,Abuja,2020-05-21,App Store,Individual,Hindi
CUST003344,Charlie,Zhou,17.0,Female,Indonesia,,Jakarta,2020-04-23,Referral,Family,English
CUST004993,Susan,Costa,28.0,Female,United States,,Houston,2026-01-31,Referral,Individual,Spanish
CUST007405,Jennifer,Richard,45.0,Male,AUSTRALIA,,Brisbane,2022-01-23,Paid Social,Family,English
CUST004584,Sara,Adeyemi,21.0,Female,Nigeria,,Ibadan,2024-11-30,Partner Bundle (Telecom),Individual,
CUST003673,Reyansh,Leroy,27.0,Female,Argentina,,Buenos Aires,2020-02-25,Partner Bundle (Telecom),Individual,French
CUST000560,Elijah,Santos,28.0,Male,Japan,,Osaka,2025-12-27,Organic Search,Student,Spanish
CUST005238,Isabella,Jung,48.0,Male,South Korea,,Incheon,2023-02-14,Paid Social,Family,Hindi
CUST005216,Oscar,Nair,28.0,Female,United States,,Miami,2024-10-01,App Store,Individual,Italian
CUST002850,Sami,Richard,31.0,Female,Spain,,Valencia,2024-12-01,Organic Search,Individual,Portuguese
CUST000513,Myra,Laurent,55.0,Female,United States,,Los Angeles,2020-01-06,Partner Bundle (Telecom),Family,Tagalog
CUST004730,Sami,Jones,43.0,Female,brazil,,Fortaleza,2021-03-03,Paid Social,Individual,German
CUST001082,Hina,Mwangi,45.0,Male,IN,,,2019-10-13,Organic Search,Individual,Arabic
CUST001665,Qiang,Reddy,,Female,United States,,Los Angeles,2022-02-15,Paid Social,Individual,English
CUST001013,Elijah,Wagner,25.0,Male,Spain,,Valencia,2021-09-04,Referral,Individual,Portuguese
CUST001932,Haruto,Khan,21.0,Male,United Kingdom,,London,2019-04-15,App Store,Family,English
CUST001151,Emma,Abara,,Male,India,,Ahmedabad,2019-12-05,Affiliate Partner,Corporate Bundle,Indonesian
CUST002839,Sami,Tanaka,38.0,Female,United States,,Austin,2022-08-12,Referral,Corporate Bundle,Tagalog
CUST005950,Zola,Zhao,36.0,Male,United Kingdom,,Birmingham,2023-01-04,Paid Social,Corporate Bundle,English
CUST000117,Hassan,Ferreira,34.0,Male,United States,,Los Angeles,2025-12-17,Email Campaign,Family,English
CUST000741,Jacob,Liu,28.0,Female,United Kingdom,,Leeds,2024-03-27,Affiliate Partner,Family,Spanish
CUST007859,Ricardo,Alves,26.0,Male,India,,Kolkata,2020-10-18,App Store,Individual,Arabic
CUST006071,George,Sato,31.0,Female,Spain,,Seville,2022-08-28,Referral,Individual,English
CUST005178,Ethan,Kobayashi,47.0,Male,United States,,,2023-11-17,Organic Search,Family,English
CUST003676,Reyansh,Yang,38.0,Male,India,,Mumbai,2021-01-25,Organic Search,Student,French
CUST005907,Arjun,Okafor,32.0,Male,Brazil,,,2020-01-06,Email Campaign,Family,Polish
CUST000831,Krishna,Huang,49.0,Female,Australia,,Perth,2024-01-14,App Store,Individual,French
CUST000120,John,Ferreira,35.0,Male,ID,,Jakarta,2024-11-03,Partner Bundle (Telecom),Family,English
CUST004753,Camila,Banda,27.0,Male,Canada,,Toronto,2023-01-15,Organic Search,Individual,English
CUST007677,Jack,Gupta,50.0,Female,USA,,Los Angeles,2023-02-23,Partner Bundle (Telecom),Family,Korean
CUST007619,Ahmed,Yamamoto,30.0,Male,Italy,,Rome,2021-10-26,Affiliate Partner,Individual,Arabic
CUST007952,Nia,Smith,37.0,Male,Mexico,,Mexico City,2024-07-30,Referral,Individual,English
CUST000636,Harper,Almeida,43.0,Female,Brazil,,Brasilia,2023-08-22,Organic Search,Individual,German
CUST004466,Huda,Jung,30.0,Other,South Korea,,Busan,2019-07-18,Direct,Individual,English
CUST004365,Zola,Becker,32.0,Female,Mexico,,Mexico City,2022-09-01,Direct,Individual,Hindi
CUST006800,Logan,Richard,45.0,Male,Italy,,Turin,2021-05-20,Referral,Individual,French
CUST007080,Yui,Becker,17.0,Other,Italy,,,2019-12-11,Paid Social,Student,English
CUST006967,Joseph,Park,,Male,Indonesia,,Jakarta,2025-06-29,Email Campaign,Individual,English
CUST007011,Ahmed,Bernard,52.0,Male,Spain,,Seville,2025-08-29,Paid Social,Individual,English
CUST004143,Haruto,Watanabe,30.0,Male,Indonesia,,Surabaya,2023-02-13,Referral,Individual,French
CUST007028,Myra,Dubois,28.0,Other,brazil,,Fortaleza,2026-02-27,Referral,Individual,Spanish
CUST000992,Ahmed,Rahman,61.0,Female,Italy,,Naples,2022-11-10,Paid Social,Individual,Portuguese
CUST000877,Olivia,Wagner,25.0,Female,,,Berlin,2019-03-08,Affiliate Partner,Family,English
CUST004870,Wei,Zhao,50.0,Male,India,,Hyderabad,2024-04-02,Paid Social,Individual,English
CUST005316,Freddie,Hussain,40.0,Female,India,,Bengaluru,2024-09-11,Email Campaign,Individual,English
CUST005223,John,Nair,24.0,Female,MX,,Mexico City,2025-03-01,App Store,Individual,Hindi
CUST000005,Elijah,Menon,25.0,Female,United States,,Miami,2024-07-24,Organic Search,Individual,Hindi
CUST003052,Ethan,Zhou,15.0,Male,UK,,,2023-07-11,Paid Social,Individual,Hindi
CUST005692,Krishna,Sheikh,21.0,Female,United Kingdom,,Birmingham,2021-02-22,Organic Search,Individual,Tagalog
CUST003125,Lucas,Nakamura,53.0,Male,United Kingdom,,London,2025-11-17,Email Campaign,Individual,Portuguese
CUST006408,Tao,Martin,29.0,Female,United States,,Los Angeles,2024-08-14,Email Campaign,Individual,Hindi
CUST007137,Jose,Costa,20.0,Male,S. Korea,,Seoul,2022-12-18,Partner Bundle (Telecom),Student,Spanish
CUST002661,Ishaan,Johnson,26.0,Male,Spain,,Valencia,2025-03-20,Affiliate Partner,Family,Japanese
CUST002492,Pari,Moreau,39.0,Male,Argentina,,Rosario,2023-11-02,Affiliate Partner,Family,Japanese
CUST007147,Emma,Meyer,13.0,Female,France,,Lyon,2022-03-18,Partner Bundle (Telecom),Corporate Bundle,English
CUST005174,Gabriela,Patel,64.0,Male,Italy,,Naples,2025-10-15,Referral,Individual,Tagalog
CUST003855,Anika,Huang,37.0,Male,United States,,Miami,2021-03-22,Affiliate Partner,Individual,French
CUST004934,Khalid,Koch,29.0,Female,Argentina,,Rosario,2019-07-24,Referral,Family,English
CUST004778,Oliver,Wu,19.0,Male,India,,Mumbai,2024-10-15,App Store,Student,Spanish
CUST001716,Anika,Sato,35.0,Male,USA,,New York,2022-01-18,Organic Search,Individual,Portuguese
CUST006449,Alejandro,Weber,28.0,Female,Philippines,,Davao City,2022-05-11,Organic Search,Individual,English
CUST006714,Evelyn,Qureshi,28.0,Female,United States,,Los Angeles,2022-05-21,Organic Search,Student,English
CUST006458,Susan,Kumar,52.0,Female,Philippines,,Davao City,2019-01-27,App Store,Student,English
CUST006294,Fatima,Johnson,26.0,Female,ID,,Surabaya,2021-12-19,Affiliate Partner,Individual,Japanese
CUST001149,Arjun,Wang,46.0,Male,Philippines,,Davao City,2024-07-26,Referral,Corporate Bundle,English
CUST003262,Ahmed,Mensah,32.0,Female,South Africa,,Johannesburg,2019-10-10,Affiliate Partner,Family,Spanish
CUST000575,Jack,Otieno,43.0,Female,India,,Hyderabad,2020-10-26,Organic Search,Individual,Hindi
CUST003770,Susan,Park,43.0,Female,BRAZIL,,Brasilia,2022-01-29,Direct,Individual,English
CUST003737,Ishaan,Verma,48.0,Female,Philippines,,Manila,2022-11-02,App Store,Corporate Bundle,Tagalog
CUST004147,Riya,Sharma,17.0,Female,India,,Mumbai,2023-01-30,Organic Search,Individual,Spanish
CUST000854,Elena,Patel,41.0,Female,Canada,,Ottawa,2020-07-30,App Store,Individual,Polish
CUST001983,Oliver,Mensah,54.0,Female,India,,Bengaluru,2023-12-12,Organic Search,Individual,French
CUST002775,Jose,Yang,22.0,Female,Nigeria,,Ibadan,2019-07-02,Organic Search,Individual,English
CUST005920,Camila,Jang,30.0,Female,United Kingdom,,Leeds,2024-09-14,Organic Search,Individual,Portuguese
CUST004930,Isabella,Diallo,13.0,Prefer not to say,S. Korea,,Busan,2021-02-04,App Store,Individual,Korean
CUST005212,Mia,Nair,21.0,Female,Philippines,,Davao City,2021-02-21,App Store,Individual,Spanish
CUST001167,Michael,Sato,22.0,Male,United States,,Los Angeles,2026-04-14,Referral,Corporate Bundle,Hindi
CUST006615,Noor,Li,44.0,Male,Mexico,,Puebla,2024-02-09,Referral,Family,
CUST006003,Huda,Saito,37.0,Male,,,Fortaleza,2023-05-02,Partner Bundle (Telecom),Individual,Spanish
CUST000972,Ayaan,Baig,26.0,Female,Italy,,Milan,2019-01-03,Affiliate Partner,Family,Spanish
CUST002702,Pari,Lee,37.0,Female,Germany,,Frankfurt,2020-04-19,Email Campaign,Family,English
CUST004496,Lucia,Leroy,32.0,Male,Spain,,Valencia,2022-04-26,Affiliate Partner,Individual,Spanish
CUST006656,Sofia,Santos,13.0,Male,India,,Hyderabad,2023-03-22,Paid Social,Corporate Bundle,English
CUST003848,Kofi,Alves,15.0,Male,,,Houston,2021-02-09,Affiliate Partner,Individual,English
CUST002369,Lei,Davis,38.0,Female,Australia,,Brisbane,2020-09-04,Organic Search,Family,Spanish
CUST004116,Oscar,Tanaka,29.0,Female,Germany,,Munich,2025-03-09,Direct,Individual,French
CUST004781,Aarav,Sharma,25.0,Female,India,,Hyderabad,2019-02-01,Organic Search,Student,Portuguese
CUST004132,Jennifer,Iyer,27.0,Female,,,Mumbai,2020-03-13,Email Campaign,Individual,French
CUST002951,Mia,Leroy,,Female,Japan,,Osaka,2026-03-12,Direct,Individual,Hindi
CUST005626,Mohammed,Miller,24.0,Female,Spain,,Valencia,2024-01-02,Organic Search,Individual,Portuguese
CUST006972,Noah,Qureshi,29.0,Male,India,,Bengaluru,2025-10-04,Paid Social,Individual,English
CUST000525,Leo,Yoon,52.0,Female,United States,,Chicago,2025-04-02,Referral,Student,English
CUST002456,Aarav,Kang,52.0,Female,Spain,,Valencia,2025-10-09,Organic Search,Family,French
CUST005017,Yui,Nakamura,38.0,Male,,,Hyderabad,2025-10-26,App Store,Individual,
CUST001842,Karen,Sharma,37.0,Female,United States,,Los Angeles,2025-03-11,Paid Social,Family,English
CUST005987,Qiang,Okafor,30.0,Male,,,Seville,2025-08-06,Direct,Individual,English
CUST000538,Qiang,Pereira,16.0,Male,Philippines,,Davao City,2022-02-16,App Store,Corporate Bundle,Portuguese
CUST002807,Qiang,Malik,38.0,Female,Indonesia,,Surabaya,2025-03-05,Email Campaign,Individual,Korean
CUST005802,Andrew,Yoon,17.0,Female,India,,Bengaluru,2025-10-14,Organic Search,Family,English
CUST005597,Harper,Fischer,20.0,Female,Nigeria,,Lagos,2023-10-27,Email Campaign,Individual,English
CUST007207,Isabella,Chen,50.0,Male,India,,,2020-08-26,Organic Search,Individual,German
CUST007344,Valentina,Singh,28.0,Male,Australia,,Melbourne,2025-03-11,Paid Social,Individual,Japanese
CUST004342,Themba,Banda,33.0,Male,,,Glasgow,2026-02-12,Direct,Individual,Portuguese
CUST003176,Hina,Malik,33.0,Male,Germany,,Hamburg,2023-09-04,Organic Search,Individual,Hindi
CUST000785,Elizabeth,Reddy,24.0,Female,India,,Pune,2024-02-08,Direct,Family,French
CUST004058,Harry,Hoffmann,36.0,Female,,,Seattle,2019-04-29,Referral,Corporate Bundle,Portuguese
CUST001410,Charlotte,Miller,34.0,Female,Mexico,,Puebla,2019-10-15,Referral,Individual,French
CUST002538,Michael,Becker,34.0,Female,BR,,Salvador,2023-02-19,Direct,Individual,Tagalog
CUST000155,Kofi,Zhang,61.0,Male,brazil,,Fortaleza,2021-04-06,Partner Bundle (Telecom),Student,Arabic
CUST003010,Chidi,Yamamoto,27.0,Male,Australia,,Perth,2019-07-27,Direct,Family,English
CUST001687,Evelyn,Davis,17.0,Female,United Kingdom,,Birmingham,2020-07-11,Referral,Individual,English
CUST002902,Mariana,Qureshi,39.0,Female,Nigeria,,Lagos,2026-03-12,Direct,Individual,Japanese
CUST007964,Khalid,Martin,20.0,Male,United States,,,2019-06-04,Referral,Individual,English
CUST007456,Ren,Lim,56.0,Male,Philippines,,Davao City,2022-01-25,Organic Search,Individual,Spanish
CUST004722,Mohammed,Robert,33.0,Female,United Kingdom,,Liverpool,2024-10-23,Partner Bundle (Telecom),Individual,English
CUST003864,Rania,Reddy,46.0,Male,United Arab Emirates,,Abu Dhabi,2026-02-11,Referral,Student,Arabic
CUST002734,Fatima,Laurent,54.0,Male,Australia,,Brisbane,2020-06-25,App Store,Individual,English
CUST001896,Alfie,Banda,17.0,Male,United States,,Los Angeles,2022-05-28,Organic Search,Family,Japanese
CUST005443,Aoi,Qureshi,33.0,Female,Mexico,,Puebla,2022-09-14,Affiliate Partner,Family,Spanish
CUST000570,Riku,Gupta,36.0,Other,Nigeria,,Lagos,2025-07-07,Paid Social,Individual,Japanese
CUST006710,Mohammed,Khan,45.0,Female,Indonesia,,Jakarta,2024-08-05,Organic Search,Student,English
CUST005855,Chidi,Miller,13.0,Male,Canada,,Vancouver,2025-10-24,Paid Social,Individual,English
CUST001817,Daniela,Martinez,42.0,Male,Italy,,Naples,2024-12-04,Affiliate Partner,Individual,English
CUST002066,Nia,Zhou,28.0,Male,United States,,Chicago,2023-05-09,Partner Bundle (Telecom),Individual,
CUST000128,Susan,Sharma,31.0,Male,South Africa,,Johannesburg,2024-06-13,Organic Search,Individual,Arabic
CUST003395,Noah,Rodriguez,28.0,Male,India,,Mumbai,2025-12-18,Organic Search,Individual,Hindi
CUST003328,Michael,Jones,38.0,Female,INDIA,,Bengaluru,2026-04-10,Email Campaign,Individual,Korean
CUST007355,Ming,Wu,21.0,Male,United States,,Phoenix,2021-04-13,Organic Search,Individual,English
CUST006103,Charlie,Weber,43.0,Female,France,,Nice,2023-05-23,App Store,Individual,English
CUST002976,Zara,Jang,18.0,Prefer not to say,Spain,,Seville,2024-07-22,Organic Search,Individual,Korean
CUST000981,Yuto,Chikoti,40.0,Female,Germany,,Berlin,2021-01-13,Organic Search,Individual,French
CUST002301,Sarah,Becker,35.0,Female,Philippines,,Davao City,2021-04-18,Organic Search,Individual,English
CUST000191,Ethan,Chikoti,29.0,Female,Argentina,,Buenos Aires,2022-10-04,Paid Social,Individual,Indonesian
CUST001140,Chidi,Khan,21.0,Male,Brazil,,Sao Paulo,2021-10-13,Partner Bundle (Telecom),Individual,English
CUST005089,Kwame,Sharma,46.0,Male,Germany,,Hamburg,2022-04-10,Direct,Family,English
CUST000700,Isabella,Rahman,48.0,Male,Canada,,Vancouver,2020-05-18,App Store,Individual,French
CUST007678,Sakura,Weber,49.0,Female,,,Monterrey,2024-07-21,Affiliate Partner,Individual,French
CUST000607,Sai,Mwangi,39.0,Male,united states,,Seattle,2019-08-27,Paid Social,Family,Indonesian
CUST004277,Paula,Koch,32.0,Female,UK,,London,2023-08-20,Paid Social,Individual,German
CUST000302,Sami,Sato,27.0,Female,Nigeria,,Abuja,2019-05-05,Organic Search,Individual,English
CUST006641,Charlie,Nakamura,13.0,Prefer not to say,India,,Pune,2023-11-19,Partner Bundle (Telecom),Family,Hindi
CUST003421,Fatima,Cho,53.0,Female,United States,,Los Angeles,2023-01-13,Direct,Individual,Spanish
CUST007856,Sami,Silva,43.0,Female,India,,Mumbai,2025-10-31,App Store,Family,Hindi
CUST001061,Olivia,Mensah,32.0,Male,Brazil,,Sao Paulo,2022-08-15,Organic Search,Student,English
CUST007805,Ming,Nakamura,42.0,Female,United States,,Chicago,2025-07-12,Paid Social,Student,English
CUST007880,Nia,Rodriguez,35.0,Male,India,,,2020-11-11,Partner Bundle (Telecom),Individual,Spanish
CUST002566,Riya,Qureshi,36.0,Other,,,,2019-04-12,Email Campaign,Individual,Portuguese
CUST006490,Navya,Yang,32.0,Male,SOUTH AFRICA,,Johannesburg,2026-04-08,Direct,Individual,English
CUST001070,Jacob,Weber,,Male,US,,Los Angeles,2026-05-20,Referral,Student,Hindi
CUST002525,Ibrahim,Nakamura,13.0,Female,United States,,Austin,2026-05-12,Paid Social,Family,Hindi
CUST002206,Ibrahim,Moreau,44.0,Female,United Kingdom,,Liverpool,2022-05-28,Referral,Student,Italian
CUST001244,Khalid,Robert,45.0,Female,India,,Mumbai,2023-05-04,Email Campaign,Family,Japanese
CUST007340,Kiara,Okafor,29.0,Female,IN,,Delhi,2023-07-26,Partner Bundle (Telecom),Individual,Spanish
CUST000017,Chidi,Durand,38.0,Male,Poland,,Warsaw,2019-03-16,Paid Social,Individual,German
CUST003121,Emma,Menon,17.0,Male,Japan,,Nagoya,2019-03-29,Paid Social,Family,Korean
CUST001035,Lucia,Ito,27.0,Female,United Kingdom,,Birmingham,2022-02-03,Affiliate Partner,Individual,Tagalog
CUST004643,Sora,Costa,44.0,Male,India,,Hyderabad,2024-04-24,Paid Social,Family,Japanese
CUST004755,Sarah,Yang,24.0,Prefer not to say,South Africa,,Johannesburg,2020-11-30,Email Campaign,Individual,Indonesian
CUST000816,Jessica,Leroy,18.0,Male,CANADA,,Toronto,2024-12-07,Affiliate Partner,Individual,English
CUST003068,Amelia,Khan,44.0,Male,Spain,,Valencia,2020-08-16,App Store,Individual,English
CUST007685,Jack,Brown,33.0,Female,Australia,,Melbourne,2021-07-10,App Store,Student,Portuguese
CUST005601,Arjun,Park,26.0,Female,Japan,,Yokohama,2024-05-21,Direct,Individual,Arabic
CUST000960,Jack,Moreau,40.0,Female,S. Korea,,Busan,2023-08-20,Email Campaign,Individual,Spanish
CUST007023,Alejandro,Koch,34.0,Male,India,,Mumbai,2026-01-30,App Store,Individual,Arabic
CUST006428,Yui,Yamamoto,20.0,Prefer not to say,United States,,Los Angeles,2019-03-04,Direct,Individual,Hindi
CUST004894,Pari,Zhang,,Male,Nigeria,,Abuja,2024-07-06,Email Campaign,Individual,English
CUST007445,Ananya,Sato,37.0,Other,India,,Kolkata,2022-10-11,Organic Search,Individual,English
CUST000226,Haruto,Yang,30.0,Female,Spain,,Valencia,2023-12-19,Paid Social,Individual,Spanish
CUST006171,Charlie,Oliveira,35.0,Female,Poland,,Krakow,2019-10-31,Email Campaign,Individual,Arabic
CUST003355,Jessica,Oliveira,28.0,Female,spain,,Madrid,2020-11-25,Email Campaign,Individual,English
CUST005896,Oliver,Sato,41.0,Male,United Kingdom,,Manchester,2021-05-18,Organic Search,Individual,Japanese
CUST002486,Tariq,Chowdhury,22.0,Male,Spain,,Seville,2025-09-13,Referral,Individual,English
CUST000563,Lucia,Yamamoto,45.0,Male,India,,Hyderabad,2023-08-12,Email Campaign,Individual,Spanish
CUST003437,Jack,Nakamura,46.0,Male,India,,Kolkata,2025-09-22,Direct,Individual,Hindi
CUST006374,Jack,Schneider,27.0,Female,United Kingdom,,Birmingham,2026-05-04,Referral,Student,English
CUST006182,Sarah,Jones,35.0,Female,India,,Kolkata,2026-05-27,Organic Search,Individual,English
CUST001694,Daniel,Liu,18.0,Male,India,,Chennai,2020-09-27,Referral,Individual,Hindi
CUST006894,Alexander,Zhao,29.0,Male,United States,,Miami,2022-06-29,Partner Bundle (Telecom),Individual,English
CUST001046,Gabriela,Singh,38.0,Female,Brazil,,Brasilia,2020-10-02,Partner Bundle (Telecom),Family,English
CUST003447,Michael,Leroy,38.0,Male,United Kingdom,,London,2021-01-16,Paid Social,Individual,English
CUST004566,George,Qureshi,30.0,Male,South Korea,,Seoul,2024-09-03,Paid Social,Corporate Bundle,English
CUST000955,Jian,Baig,39.0,Male,Mexico,,Puebla,2021-03-22,Paid Social,Individual,English
CUST002699,Ava,Banda,28.0,Male,India,,Pune,2020-08-17,App Store,Family,French
CUST002736,Wei,Mensah,35.0,Female,Philippines,,Cebu City,2025-03-06,Organic Search,Family,German
CUST007887,Amara,Weber,50.0,Female,United Arab Emirates,,Sharjah,2026-01-27,Partner Bundle (Telecom),Individual,German
CUST004736,Jack,Bernard,55.0,Female,Italy,,Naples,2023-05-28,Paid Social,Individual,German
CUST007746,Sakura,Muller,2.0,Male,India,,Kolkata,2026-04-27,Organic Search,Individual,Indonesian
CUST001219,Linda,Becker,40.0,Male,Mexico,,Monterrey,2024-02-21,Referral,Student,Indonesian
CUST005255,Jack,Schmidt,30.0,Male,India,,,2019-05-11,Paid Social,Family,Hindi
CUST005512,Mason,Weber,37.0,Male,United Kingdom,,Glasgow,2019-03-16,Email Campaign,Family,Portuguese
CUST007651,Aarav,Rodriguez,38.0,Female,,,Osaka,2022-10-12,Paid Social,Student,Spanish
CUST001528,Elijah,Oliveira,46.0,Male,India,,Chennai,2026-05-07,App Store,Individual,Hindi
CUST003988,Yusuf,Watanabe,26.0,Female,Nigeria,,Lagos,2025-08-03,Paid Social,Individual,Arabic
CUST007940,Ava,Koch,38.0,Male,Nigeria,,Ibadan,2022-04-01,Affiliate Partner,Family,Arabic
CUST001301,Jessica,Diallo,53.0,Female,India,,Chennai,2021-07-19,Referral,Individual,Hindi
CUST007866,Mason,Ferreira,36.0,Female,Germany,,Cologne,2023-03-26,Direct,Family,Korean
CUST006945,Miguel,Li,,Male,Spain,,Madrid,2023-08-01,Referral,Individual,Korean
CUST005700,Henry,Rodrigues,29.0,Female,Brazil,,Brasilia,2021-05-01,Paid Social,Individual,German
CUST000161,Amina,Park,26.0,Female,South Korea,,,2022-03-21,Organic Search,Student,
CUST004068,Lucia,Yang,19.0,Female,,,Leeds,2024-02-21,App Store,Individual,Spanish
CUST005801,Mason,Alves,30.0,Male,Italy,,Turin,2020-02-06,Affiliate Partner,Family,Spanish
CUST000957,Arjun,Nakamura,41.0,Male,Germany,,,2023-10-08,Email Campaign,Individual,English
CUST003792,Fatima,Otieno,28.0,Female,,,,2025-04-24,Email Campaign,Family,German
CUST003235,Alejandro,Yamamoto,41.0,Male,Japan,,Tokyo,2022-01-09,Paid Social,Individual,Japanese
CUST002870,Ahmed,Ahmed,34.0,Male,India,,,2021-05-29,Partner Bundle (Telecom),Individual,Japanese
CUST003778,Ibrahim,Cho,22.0,Male,United States,,Miami,2025-11-22,Paid Social,Individual,English
CUST004434,Maya,Hussain,45.0,Female,U.K.,,Manchester,2021-12-01,Affiliate Partner,Individual,Arabic
CUST004974,Mariana,Fischer,27.0,Female,India,,Hyderabad,2021-12-11,Organic Search,Individual,
CUST006016,Carlos,Baig,25.0,Other,Brazil,,,2023-03-02,Email Campaign,Student,English
CUST002962,Layla,Garcia,53.0,Male,India,,Pune,2021-05-28,Referral,Family,English
CUST005981,Freddie,Patel,40.0,Female,India,,Bengaluru,2021-03-15,Paid Social,Individual,Hindi
CUST002201,Daniela,Suzuki,37.0,Female,Canada,,Vancouver,2023-11-16,Paid Social,Family,Spanish
CUST000099,Harper,Bernard,28.0,Male,India,,Hyderabad,2025-06-16,Paid Social,Individual,Tagalog
CUST007816,Jessica,Schmidt,41.0,Other,United States,,Austin,2019-08-10,App Store,Individual,English
CUST002558,Linda,Sato,35.0,Female,Italy,,Naples,2022-11-15,Affiliate Partner,Individual,Japanese
CUST003184,Tendai,Nair,46.0,Female,India,,Mumbai,2020-10-08,Referral,Individual,Spanish
CUST007395,Hao,Wagner,13.0,Male,Canada,,Montreal,2024-05-01,Email Campaign,Student,English
CUST000254,Elizabeth,Dubois,44.0,Male,Japan,,Yokohama,2025-06-30,Affiliate Partner,Individual,German
CUST003924,Yui,Suzuki,43.0,Female,United States,,Los Angeles,2023-10-02,Organic Search,Family,
CUST004200,Jessica,Rahman,27.0,Male,Japan,,Yokohama,2023-09-12,App Store,Individual,English
CUST001446,Maya,Durand,28.0,Male,France,,Nice,2025-09-30,Organic Search,Individual,Arabic
CUST005540,Olivia,Koch,41.0,Female,,,Osaka,2021-12-01,Organic Search,Individual,English
CUST001649,Rania,Adeyemi,31.0,Male,United States,,Chicago,2023-10-17,App Store,Individual,Portuguese
CUST004683,Navya,Silva,30.0,Male,Australia,,Perth,2021-03-29,App Store,Individual,English
CUST004724,Yui,Costa,22.0,Male,germany,,Cologne,2021-06-07,Referral,Family,English
CUST003992,Sofia,Davis,22.0,Female,India,,Bengaluru,2020-03-02,App Store,Individual,English
CUST001697,Hina,Menon,37.0,Female,India,,Chennai,2021-07-11,Direct,Individual,Arabic
CUST003192,Sofia,Banda,42.0,Male,France,,Lyon,2026-04-29,App Store,Individual,English
CUST006198,Chidi,Verma,45.0,Male,Germany,,Frankfurt,2022-10-08,Referral,Individual,
CUST006296,Naledi,Costa,48.0,Female,,,Los Angeles,2020-02-09,Partner Bundle (Telecom),Individual,Portuguese
CUST004500,Sara,Mensah,23.0,Male,Brazil,,Brasilia,2025-03-08,Paid Social,Family,French
CUST001155,Mia,Li,36.0,Male,United States,,Chicago,2022-01-09,Referral,Family,Hindi
CUST002256,Pedro,Mensah,28.0,Male,United States,,Austin,2020-06-13,Organic Search,Individual,Spanish
CUST006960,Feng,Wang,18.0,Male,India,,,2021-07-15,Partner Bundle (Telecom),Individual,English
CUST001683,Mia,Tanaka,31.0,Male,South Africa,,Durban,2020-08-04,Referral,Family,Spanish
CUST003171,Juan,Durand,44.0,Male,Germany,,Munich,2026-03-25,App Store,Individual,Indonesian
CUST007401,Krishna,Lim,16.0,Female,United States,,New York,2023-03-03,Affiliate Partner,Student,Hindi
CUST002057,Yusuf,Zhang,13.0,Female,,,Leeds,2026-02-15,Paid Social,Corporate Bundle,German
CUST007159,Hao,Jang,41.0,Female,South Korea,,Seoul,2023-03-04,Organic Search,Individual,Hindi
CUST004091,Jack,Bernard,26.0,Female,United States,,New York,2019-12-21,Organic Search,Individual,Hindi
CUST007838,Camila,Hussain,18.0,Male,India,,,2022-05-08,Organic Search,Family,Arabic
CUST003109,Evelyn,Malik,18.0,Male,U.K.,,Glasgow,2022-11-11,Organic Search,Individual,English
CUST004549,William,Rahman,45.0,Female,U.K.,,Birmingham,2021-08-18,Affiliate Partner,Family,Hindi
CUST003724,Tao,Jang,45.0,Other,United States,,Phoenix,2024-08-28,Partner Bundle (Telecom),Family,English
CUST006398,Amina,Wang,20.0,Female,India,,,2023-08-09,Organic Search,Individual,English
CUST005424,Riku,Martin,33.0,Female,India,,Ahmedabad,2020-10-13,Organic Search,Individual,English
CUST007041,Evelyn,Jung,39.0,Female,Germany,,Berlin,2022-05-19,App Store,Individual,Indonesian
CUST002050,Rania,Adeyemi,55.0,Other,brazil,,Salvador,2023-08-24,Affiliate Partner,Corporate Bundle,Portuguese
CUST004977,Robert,Choi,,Female,United States,,Los Angeles,2026-01-10,Referral,Individual,English
CUST003644,Harry,Zhang,36.0,Female,Australia,,Perth,2019-12-06,Organic Search,Family,Spanish
CUST007934,Paula,Zhou,41.0,Female,Italy,,Milan,2021-09-23,Organic Search,Individual,German
CUST000624,Oliver,Jang,20.0,Female,United States,,Austin,2023-01-02,Organic Search,Family,Hindi
CUST006490,Navya,Yang,32.0,Male,SOUTH AFRICA,,Johannesburg,2026-04-08,Direct,Individual,English
CUST007736,Chidi,Tanaka,41.0,Male,Indonesia,,Bandung,2026-05-28,Organic Search,Student,Hindi
CUST005884,Jack,Schneider,31.0,Male,India,,Delhi,2019-09-23,Paid Social,Student,English
CUST000263,Jian,Durand,61.0,Male,United States,,Chicago,2022-04-19,Paid Social,Individual,English
CUST005731,Kofi,Muller,36.0,Female,South Korea,,,2019-08-28,App Store,Family,Spanish
CUST003370,Myra,Rodriguez,43.0,Female,Japan,,Yokohama,2024-09-24,Paid Social,Student,Korean
CUST004062,Isabella,Williams,51.0,Prefer not to say,Mexico,,,2020-07-25,Email Campaign,Individual,English
CUST005535,Mary,Ali,17.0,Male,India,,Delhi,2021-06-02,Organic Search,Corporate Bundle,English
CUST006295,Lei,Huang,30.0,Male,India,,Chennai,2021-05-12,Organic Search,Individual,English
CUST006066,Leo,Kobayashi,40.0,Female,Canada,,Ottawa,2026-02-12,Partner Bundle (Telecom),Individual,French
CUST006617,Lucia,Chikoti,52.0,Male,Brazil,,,2026-03-10,App Store,Student,English
CUST001803,James,Smith,28.0,Female,United States,,Los Angeles,2022-02-27,Direct,Family,English
CUST004737,Patricia,Meyer,17.0,Female,United Kingdom,,Birmingham,2021-03-22,Referral,Family,Hindi
CUST001441,Tariq,Moreau,36.0,Female,India,,Ahmedabad,2022-09-01,Referral,Individual,Tagalog
CUST002386,Elizabeth,Santos,27.0,Male,Canada,,Vancouver,2021-06-08,Organic Search,Individual,English
CUST006695,Fatima,Hoffmann,41.0,Female,South Africa,,Cape Town,2019-12-27,Affiliate Partner,Student,Hindi
CUST005760,Valentina,Hussain,29.0,Female,United States,,Seattle,2021-10-22,Paid Social,Individual,Korean
CUST001960,William,Leroy,38.0,Male,CA,,Vancouver,2023-01-06,Paid Social,Student,English
CUST002977,Fernando,Sato,43.0,Other,U.S.A,,Los Angeles,2019-07-24,Paid Social,Individual,English
CUST000489,Isabella,Kim,30.0,Male,FR,,Paris,2020-05-31,Referral,Corporate Bundle,Spanish
CUST001844,Aditya,Brown,27.0,Female,Canada,,Montreal,2024-02-14,Referral,Individual,Hindi
CUST001735,Huda,Rodrigues,19.0,Male,India,,Mumbai,2025-07-17,Paid Social,Student,English
CUST002912,Sakura,Leroy,28.0,Female,India,,Mumbai,2019-07-25,Referral,Family,Japanese
CUST003220,Themba,Verma,31.0,Male,,,Austin,2023-08-13,Paid Social,Family,English
CUST000147,Isabella,Meyer,13.0,Other,South Korea,,Busan,2024-07-09,App Store,Individual,Spanish
CUST005631,Sophia,Lee,36.0,Male,Philippines,,Davao City,2020-11-30,Referral,Individual,Japanese
CUST001987,Matthew,Malik,28.0,Male,Canada,,Ottawa,2022-01-30,Organic Search,Student,Arabic
CUST001370,Qiang,Liu,28.0,Male,United States,,Houston,2022-10-16,Organic Search,Family,Japanese
CUST006547,Diya,Wagner,33.0,Prefer not to say,mexico,,Mexico City,2022-05-14,Partner Bundle (Telecom),Individual,Arabic
CUST006052,Naledi,Weber,45.0,Female,India,,Kolkata,2024-10-27,Referral,Individual,Portuguese
CUST007099,Aadhya,Durand,43.0,Female,Argentina,,Cordoba,2022-06-11,Organic Search,Family,Korean
CUST002812,George,Brown,37.0,Female,India,,Pune,2020-01-28,Partner Bundle (Telecom),Family,English
CUST000660,Andrew,Wagner,29.0,Female,France,,,2024-06-30,Organic Search,Student,Portuguese
CUST001795,Zola,Weber,23.0,Male,Mexico,,Guadalajara,2022-07-27,Email Campaign,Individual,English
CUST007517,Charlotte,Saito,24.0,Male,United Kingdom,,Liverpool,2023-06-26,Paid Social,Corporate Bundle,Hindi
CUST002512,Diya,Oliveira,47.0,Male,United States,,Seattle,2022-11-09,Partner Bundle (Telecom),Individual,Portuguese
CUST003398,Ishaan,Koch,40.0,Male,Germany,,Frankfurt,2022-08-31,Affiliate Partner,Individual,Hindi
CUST004283,Amina,Jang,14.0,Female,Japan,,Nagoya,2025-04-04,Affiliate Partner,Student,
CUST001148,Jessica,Chen,43.0,Other,USA,,Austin,2020-03-05,Paid Social,Family,Indonesian
CUST003273,Alfie,Hoffmann,24.0,Male,Mexico,,Guadalajara,2021-03-21,Organic Search,Individual,English
CUST000609,Ayaan,Robert,26.0,Male,United States,,Austin,2020-06-19,Partner Bundle (Telecom),Individual,English
CUST006288,Liam,Iyer,20.0,Male,Philippines,,Davao City,2020-06-15,Email Campaign,Corporate Bundle,Tagalog
CUST006896,Fatima,Hussain,13.0,Other,United Kingdom,,Liverpool,2022-11-18,Referral,Individual,English
CUST003583,Krishna,Watanabe,51.0,Female,argentina,,Rosario,2021-06-01,Email Campaign,Corporate Bundle,English
CUST001931,Sora,Malik,39.0,Female,United Arab Emirates,,Abu Dhabi,2021-05-06,Organic Search,Corporate Bundle,French
CUST007126,Evelyn,Singh,42.0,Female,France,,Lyon,2024-03-27,Email Campaign,Individual,English
CUST000198,Matthew,Davis,19.0,Male,France,,Marseille,2022-07-26,Referral,Family,English
CUST002932,Lucia,Ito,47.0,Female,India,,Ahmedabad,2023-05-05,Organic Search,Individual,English
CUST002328,Maya,Johnson,32.0,Female,India,,Chennai,2020-07-21,Affiliate Partner,Individual,Hindi
CUST004390,Charlotte,Menon,,Male,South Africa,,Cape Town,2021-12-16,Referral,Individual,English
CUST000767,Emma,Petit,31.0,Prefer not to say,India,,Bengaluru,2025-12-10,App Store,Student,German
CUST004497,Sota,Baig,40.0,Male,GERMANY,,Hamburg,2021-11-11,Organic Search,Individual,Hindi
CUST004219,Jun,Khan,40.0,Male,Nigeria,,Ibadan,2024-01-19,App Store,Corporate Bundle,Spanish
CUST003256,Aarav,Patel,13.0,Male,India,,Hyderabad,2025-10-05,Organic Search,Individual,English
CUST000203,Alexander,Zhang,25.0,Female,,,Marseille,2021-01-12,App Store,Individual,English
CUST003511,Aadhya,Schneider,33.0,Male,Spain,,Valencia,2020-07-14,Email Campaign,Student,Korean
CUST004932,Kwame,Johnson,26.0,Female,UK,,Leeds,2020-08-29,Email Campaign,Individual,French
CUST006391,Aadhya,Rodriguez,44.0,Female,South Africa,,Cape Town,2023-05-20,Organic Search,Student,Portuguese
CUST005536,Tao,Abara,33.0,Male,philippines,,Manila,2021-04-21,Paid Social,Family,English
CUST001734,Ricardo,Okonkwo,42.0,Male,United States,,Houston,2021-05-26,Paid Social,Individual,Hindi
CUST005792,Tendai,Zhao,49.0,Female,Mexico,,Guadalajara,2019-01-19,Organic Search,Individual,English
CUST002778,David,Qureshi,34.0,Male,United States,,Houston,2023-05-08,Paid Social,Individual,Spanish
CUST001708,Salma,Chowdhury,36.0,Female,Poland,,Krakow,2024-09-27,App Store,Individual,Hindi
CUST005173,Themba,Sharma,25.0,Female,USA,,Seattle,2019-03-22,Email Campaign,Individual,Portuguese
CUST005250,Tariq,Souza,22.0,Male,United States,,Los Angeles,2025-02-03,Organic Search,Student,German
CUST005758,Omar,Hoffmann,18.0,Female,United States,,Miami,2025-11-16,Referral,Individual,English
CUST003475,Sakura,Ito,36.0,Male,Nigeria,,Lagos,2023-03-26,Partner Bundle (Telecom),Individual,German
CUST006529,Oscar,Laurent,20.0,Other,India,,Chennai,2025-04-03,Email Campaign,Individual,Indonesian
CUST007796,Daniela,Laurent,44.0,Male,India,,,2020-05-27,Referral,Individual,French
CUST005856,Oliver,Nakamura,30.0,Female,United States,,Seattle,2020-11-04,Organic Search,Family,English
CUST000855,Elijah,Diallo,26.0,Male,France,,Toulouse,2023-09-21,App Store,Family,Spanish
CUST005686,Henry,Davis,24.0,Male,Canada,,Ottawa,2021-11-20,Affiliate Partner,Corporate Bundle,Japanese
CUST006364,Yong,Brown,35.0,Male,Philippines,,,2020-09-12,Referral,Family,French
CUST004738,Liam,Cho,46.0,Female,United States,,Los Angeles,2026-01-18,App Store,Student,Korean
CUST004098,Yusuf,Robert,47.0,Male,United States,,Los Angeles,2025-08-09,Email Campaign,Individual,Korean
CUST002161,Joseph,Rahman,20.0,Male,Argentina,,Buenos Aires,2022-10-04,Organic Search,Family,Hindi
CUST000699,Saanvi,Nair,35.0,Male,Mexico,,Monterrey,2020-02-27,Paid Social,Individual,English
CUST007961,Lucia,Diallo,24.0,Female,United States,,Los Angeles,2020-09-19,Organic Search,Individual,Hindi
CUST003000,Susan,Verma,29.0,Male,Japan,,Nagoya,2023-01-13,Referral,Family,English
CUST003697,Ren,Qureshi,45.0,Male,Italy,,,2021-01-01,Paid Social,Individual,Japanese
CUST001637,Karen,Robert,34.0,Other,Canada,,Montreal,2022-01-06,Email Campaign,Individual,Tagalog
CUST007281,Alfie,Patel,28.0,Male,United States,,Houston,2025-02-12,App Store,Individual,Arabic
CUST007555,Tendai,Rodrigues,27.0,Female,Poland,,Krakow,2019-12-24,Paid Social,Individual,Hindi
CUST003458,Oliver,Hoffmann,30.0,Female,South Africa,,Johannesburg,2020-12-17,Email Campaign,Student,German
CUST003582,Sakura,Bernard,25.0,Male,India,,Delhi,2019-06-12,Organic Search,Corporate Bundle,Hindi
CUST001292,Lucia,Sharma,34.0,Female,Germany,,Frankfurt,2020-08-19,Organic Search,Individual,Hindi
CUST004660,Ming,Baig,20.0,Male,India,,Ahmedabad,2024-12-07,Organic Search,Student,English
CUST006586,Paula,Baig,13.0,Female,Germany,,Cologne,2020-03-09,Referral,Individual,English
CUST005617,Sota,Brown,42.0,Female,Philippines,,Cebu City,2022-09-22,Organic Search,Individual,English
CUST001854,Mohammed,Otieno,17.0,Male,United States,,Seattle,2024-08-05,Referral,Family,French
CUST005233,Ananya,Bernard,44.0,Male,Poland,,Warsaw,2020-08-28,Paid Social,Individual,Portuguese
CUST003764,Myra,Tanaka,29.0,Male,Nigeria,,Lagos,2020-07-16,Organic Search,Family,German
CUST003305,Karen,Huang,23.0,Female,South Africa,,Johannesburg,2021-01-25,Organic Search,Student,Spanish
CUST007908,Sota,Mensah,14.0,Male,Brazil,,Brasilia,2020-02-24,Partner Bundle (Telecom),Individual,Portuguese
CUST005728,Oscar,Zhou,37.0,Male,United Kingdom,,London,2019-05-31,App Store,Corporate Bundle,Hindi
CUST003744,Ali,Hoffmann,40.0,Female,Philippines,,Davao City,2023-11-22,Organic Search,Individual,Portuguese
CUST003446,Layla,Ali,43.0,Female,United States,,Phoenix,2019-04-13,Email Campaign,Student,Hindi
CUST001999,Jacob,Hoffmann,41.0,Male,United States,,New York,2023-05-18,Organic Search,Individual,Spanish
CUST000664,Chidi,Brown,14.0,Female,Canada,,Vancouver,2021-12-29,Paid Social,Student,Arabic
CUST004780,Henry,Rahman,33.0,Male,United Kingdom,,Manchester,2025-02-27,Organic Search,Family,French
CUST005354,Riya,Watanabe,22.0,Female,Indonesia,,Jakarta,2021-11-18,Referral,Corporate Bundle,Hindi
CUST007813,Ren,Petit,35.0,Male,NG,,Ibadan,2024-05-30,Referral,Individual,
CUST003749,Jessica,Chikoti,38.0,Male,United States,,Phoenix,2021-03-17,Organic Search,Individual,Portuguese
CUST004414,Krishna,Becker,34.0,Male,Mexico,,Monterrey,2020-07-10,Affiliate Partner,Individual,Tagalog
CUST004745,Linda,Ito,43.0,Female,Mexico,,Puebla,2019-04-26,App Store,Individual,French
CUST005531,Mariana,Iyer,15.0,Male,India,,,2021-11-11,Paid Social,Individual,Spanish
CUST005576,Huda,Oliveira,24.0,Male,Australia,,Perth,2019-11-29,App Store,Individual,English
CUST000710,Elena,Koch,52.0,Male,Germany,,Frankfurt,2022-01-03,Referral,Family,Indonesian
CUST007527,Barbara,Liu,20.0,Female,United Kingdom,,Leeds,2023-02-05,Referral,Individual,English
CUST001283,Charlotte,Martin,16.0,Male,Italy,,Turin,2026-02-15,Affiliate Partner,Family,Korean
CUST005865,Oliver,Abara,48.0,Female,United Kingdom,,London,2022-07-23,Paid Social,Individual,Tagalog
CUST005069,Huda,Rodriguez,36.0,Female,Germany,,Munich,2022-05-26,Organic Search,Family,English
CUST002676,Emma,Muller,24.0,Prefer not to say,United States,,Seattle,2026-02-21,Paid Social,Individual,Hindi
CUST006777,Khalid,Martinez,21.0,Male,United States,,Phoenix,2024-08-27,Paid Social,Corporate Bundle,French
CUST004030,Tariq,Dubois,26.0,Female,India,,,2025-10-07,Partner Bundle (Telecom),Student,Portuguese
CUST001307,Riku,Saito,,Female,India,,Chennai,2021-09-04,Paid Social,Individual,English
CUST005497,Aarav,Nakamura,45.0,Male,United States,,Houston,2019-05-27,Email Campaign,Individual,Korean
CUST005505,Andrew,Wagner,30.0,Male,U.S.A,,Los Angeles,2025-07-21,Partner Bundle (Telecom),Individual,German
CUST007393,Ahmed,Muller,19.0,Female,Japan,,Tokyo,2022-02-16,Partner Bundle (Telecom),Family,English
CUST002238,Daniel,Takahashi,36.0,Male,Argentina,,,2021-07-26,Referral,Individual,Hindi
CUST003303,Omar,Schmidt,19.0,Male,Brazil,,Sao Paulo,2021-12-10,App Store,Individual,Spanish
CUST005593,Liam,Suzuki,31.0,Male,France,,Toulouse,2021-01-07,Paid Social,Individual,Japanese
CUST007516,Jessica,Banda,47.0,Female,United Kingdom,,Glasgow,2020-01-16,App Store,Individual,Spanish
CUST002039,Diya,Diallo,19.0,Female,Argentina,,Cordoba,2022-06-06,Organic Search,Family,English
CUST001530,Valentina,Li,27.0,Male,Germany,,Munich,2021-06-15,Affiliate Partner,Individual,Spanish
CUST001664,Elizabeth,Martinez,45.0,Male,india,,Chennai,2020-09-24,Organic Search,Individual,Hindi
CUST005451,Alejandro,Banda,34.0,Female,India,,Delhi,2025-12-17,Organic Search,Individual,Italian
CUST007943,Jian,Mwangi,30.0,Female,Australia,,Sydney,2025-08-12,Partner Bundle (Telecom),Family,Indonesian
CUST007972,Michael,Chowdhury,49.0,Female,Australia,,Brisbane,2021-12-21,Paid Social,Family,German
CUST003628,Amara,Miller,52.0,Female,Indonesia,,Surabaya,2024-09-12,Paid Social,Family,English
CUST005740,Aoi,Muller,36.0,Female,India,,Kolkata,2023-08-08,Organic Search,Individual,English
CUST005148,Elijah,Almeida,50.0,Female,JP,,Tokyo,2023-06-11,Paid Social,Individual,English
CUST004892,Camila,Sheikh,34.0,Male,FRANCE,,Nice,2019-08-16,Organic Search,Individual,French
CUST002694,Elizabeth,Lee,26.0,Female,Australia,,Sydney,2021-06-09,Email Campaign,Family,Arabic
CUST003061,Ethan,Suzuki,35.0,Male,Germany,,Frankfurt,2025-03-03,Organic Search,Student,English
CUST001598,Yusuf,Jang,21.0,Male,Italy,,Rome,2019-11-24,Organic Search,Individual,German
CUST006701,Zara,Sharma,34.0,Male,Nigeria,,,2023-08-23,Paid Social,Individual,English
CUST002730,Tariq,Williams,32.0,Female,NG,,Ibadan,2019-08-14,App Store,Student,Italian
CUST002626,Matthew,Alves,41.0,Male,United Arab Emirates,,Abu Dhabi,2026-03-15,Organic Search,Individual,English
CUST005916,Navya,Kobayashi,25.0,Male,Indonesia,,Bandung,2021-04-17,Partner Bundle (Telecom),Individual,German
CUST003158,Feng,Bernard,13.0,Male,Germany,,Munich,2019-04-12,Partner Bundle (Telecom),Student,English
CUST003315,Lei,Liu,19.0,Female,United States,,Austin,2020-12-28,Direct,Individual,Indonesian
CUST001723,Mohammed,Saito,41.0,Female,Argentina,,Buenos Aires,2020-09-23,Direct,Corporate Bundle,French
CUST005280,Pedro,Santos,40.0,Female,Mexico,,Puebla,2020-08-29,Email Campaign,Family,English
CUST006669,Tariq,Okonkwo,44.0,Male,united states,,Miami,2023-07-16,Paid Social,Family,English
CUST001060,Logan,Zhang,30.0,Male,India,,Ahmedabad,2023-04-29,Partner Bundle (Telecom),Individual,Hindi
CUST004637,Linda,Miller,38.0,Male,Spain,,Seville,2022-09-29,Email Campaign,Individual,English
CUST003243,Navya,Nakamura,36.0,Prefer not to say,Australia,,Perth,2022-06-21,Direct,Family,Japanese
CUST001679,Alejandro,Santos,55.0,Female,NG,,Abuja,2025-10-21,Paid Social,Individual,Korean
CUST006893,Salma,Zhao,18.0,Male,India,,Ahmedabad,2019-08-16,Partner Bundle (Telecom),Individual,Tagalog
CUST006375,Henry,Cho,18.0,Female,United Kingdom,,Birmingham,2019-09-19,App Store,Family,English
CUST007575,Lucas,Choi,13.0,Female,United States,,Phoenix,2024-05-10,Referral,Individual,Portuguese
CUST006629,Joseph,Brown,35.0,Male,United Arab Emirates,,Dubai,2024-04-01,Organic Search,Student,English
CUST001758,Elizabeth,Pereira,28.0,Female,Indonesia,,Jakarta,2024-09-24,App Store,Individual,Spanish
CUST006020,Ali,Yang,36.0,Female,Brazil,,Rio de Janeiro,2023-08-24,Affiliate Partner,Family,English
CUST004192,Haruto,Ferreira,35.0,Female,nigeria,,Abuja,2023-01-25,Email Campaign,Individual,English
CUST005117,Elena,Jung,31.0,Female,United States,,Miami,2021-11-06,App Store,Individual,English
CUST000564,Haruto,Schneider,13.0,Male,united states,,,2023-06-28,Referral,Individual,English
CUST007409,William,Tanaka,41.0,Male,Brazil,,Fortaleza,2020-09-21,Paid Social,Individual,Arabic
CUST002791,David,Zhou,48.0,Female,Italy,,Naples,2021-09-29,Organic Search,Individual,Portuguese
CUST000864,Aadhya,Davis,22.0,Other,United States,,Phoenix,2021-01-04,Direct,Individual,English
CUST007743,Tendai,Gupta,31.0,Male,United States,,New York,2021-11-11,Organic Search,Family,Japanese
CUST001485,Amelia,Costa,43.0,Male,Nigeria,,Kano,2023-05-31,Affiliate Partner,Corporate Bundle,Tagalog
CUST007036,Fernando,Williams,21.0,Male,United States,,Austin,2022-07-26,Referral,Individual,
CUST007722,Leo,Garcia,43.0,Male,India,,Chennai,2025-12-04,Email Campaign,Individual,Spanish
CUST005978,Rania,Muller,22.0,Female,Mexico,,Monterrey,2020-07-04,Organic Search,Student,English
CUST005135,Feng,Sato,24.0,Male,Germany,,Hamburg,2025-09-03,Paid Social,Individual,Hindi
CUST000207,Sara,Okonkwo,18.0,Female,Brazil,,Brasilia,2024-09-06,Direct,Individual,Hindi
CUST004489,David,Bernard,,Male,india,,Kolkata,2024-05-19,Referral,Family,German
CUST006939,Oliver,Kang,16.0,Male,United Kingdom,,Liverpool,2019-01-21,Referral,Individual,German
CUST000871,Yuto,Schneider,31.0,Male,Brazil,,Salvador,2026-03-28,Referral,Corporate Bundle,
CUST004494,Myra,Yamamoto,39.0,Male,Spain,,Madrid,2025-03-15,Organic Search,Family,English
CUST006911,James,Laurent,44.0,Male,United States,,Los Angeles,2022-03-01,Paid Social,Individual,Tagalog
CUST000503,Mary,Tanaka,33.0,Male,United States,,Miami,2019-01-12,App Store,Corporate Bundle,Hindi
CUST007386,Sophia,Johnson,38.0,Other,France,,Lyon,2025-07-23,App Store,Family,English
CUST001029,Navya,Okafor,27.0,Other,India,,Ahmedabad,2020-10-16,Affiliate Partner,Individual,English
CUST003841,Diya,Wang,43.0,Male,United States,,Austin,2025-11-24,Paid Social,Individual,Korean
CUST002691,Vivaan,Singh,28.0,Female,Mexico,,Guadalajara,2020-12-18,Organic Search,Family,English
CUST005582,Jian,Watanabe,36.0,Male,United States,,Houston,2020-04-17,App Store,Corporate Bundle,Korean
CUST006757,Hina,Silva,32.0,Female,United Kingdom,,Liverpool,2022-02-17,Organic Search,Individual,French
CUST005057,Jun,Rahman,33.0,Female,Japan,,Tokyo,2025-05-14,Paid Social,Family,Tagalog
CUST001571,John,Gupta,43.0,Female,UK,,Glasgow,2023-09-30,Affiliate Partner,Family,German
CUST002774,Kwame,Smith,40.0,Male,United States,,Miami,2019-10-05,Email Campaign,Family,English
CUST005992,Amelia,Verma,23.0,Female,India,,Ahmedabad,2025-07-05,Referral,Individual,Spanish
CUST002732,Omar,Park,13.0,Female,BRAZIL,,Salvador,2023-01-15,Referral,Individual,English
CUST006243,Oliver,Dubois,15.0,Male,,,Sharjah,2024-03-19,Affiliate Partner,Corporate Bundle,Hindi
CUST000805,Yong,Laurent,38.0,Male,India,,Chennai,2022-01-11,Email Campaign,Family,English
CUST005848,Aditya,Richard,46.0,Male,India,,Ahmedabad,2022-01-23,App Store,Corporate Bundle,Arabic
CUST003646,Gabriela,Okonkwo,13.0,Female,,,Berlin,2022-06-11,Organic Search,Individual,English
CUST002455,Mary,Takahashi,22.0,Female,,,Salvador,2026-03-14,Direct,Family,Hindi
CUST004599,Elena,Menon,24.0,Male,Nigeria,,Ibadan,2025-08-07,Paid Social,Corporate Bundle,Hindi
CUST007216,Saanvi,Yamamoto,,Female,Canada,,Ottawa,2020-09-19,Affiliate Partner,Student,Arabic
CUST003105,Myra,Verma,41.0,Male,India,,Kolkata,2024-08-04,Affiliate Partner,Student,English
CUST007074,Huda,Koch,49.0,Female,Argentina,,Cordoba,2021-08-25,Paid Social,Individual,French
CUST004876,Ananya,Yang,,Male,India,,Kolkata,2019-11-19,Organic Search,Student,Hindi
CUST005960,Barbara,Zhang,34.0,Female,Brazil,,Sao Paulo,2025-04-06,Referral,Individual,French
CUST000201,Ethan,Yamamoto,27.0,Female,,,Chicago,2021-12-08,Partner Bundle (Telecom),Individual,
CUST006279,Elena,Qureshi,42.0,Prefer not to say,India,,Chennai,2025-03-10,App Store,Corporate Bundle,Japanese
CUST003100,Lucas,Durand,30.0,Male,Argentina,,Buenos Aires,2023-09-08,App Store,Individual,English
CUST006185,Fernando,Ali,33.0,Female,Nigeria,,Lagos,2021-12-31,Direct,Student,Hindi
CUST007162,George,Iyer,34.0,Female,IN,,Ahmedabad,2023-06-02,Direct,Individual,Arabic
CUST002279,Lucas,Sato,32.0,Female,united states,,New York,2020-06-20,Email Campaign,Family,English
CUST003562,Charlotte,Zhang,36.0,Male,United Kingdom,,Leeds,2020-04-05,Partner Bundle (Telecom),Individual,Korean
CUST005893,Harry,Wagner,15.0,Female,,,Bengaluru,2021-04-21,Partner Bundle (Telecom),Individual,Portuguese
CUST004475,Evelyn,Iyer,16.0,Female,Mexico,,Guadalajara,2021-05-04,App Store,Corporate Bundle,Hindi
CUST006433,Sota,Becker,35.0,Male,India,,Delhi,2020-08-31,Referral,Individual,
CUST004515,Ayaan,Silva,33.0,Male,Spain,,Barcelona,2025-10-08,App Store,Family,French
CUST005795,Liam,Koch,19.0,Female,South Korea,,Seoul,2021-04-17,Referral,Student,Polish
CUST000392,Charlie,Jung,38.0,Male,United States,,Houston,2021-06-09,Organic Search,Corporate Bundle,Spanish
CUST006737,Yui,Ali,30.0,Male,united states,,Houston,2026-02-03,Affiliate Partner,Individual,Korean
CUST005619,Sakura,Kumar,39.0,Female,Brazil,,Fortaleza,2022-02-06,Paid Social,Corporate Bundle,Hindi
CUST005259,Reyansh,Richard,,Female,United Kingdom,,Liverpool,2020-10-04,Partner Bundle (Telecom),Corporate Bundle,Tagalog
CUST007231,Ren,Okafor,49.0,Male,Germany,,Munich,2025-02-27,Partner Bundle (Telecom),Family,English
CUST001496,Alexander,Verma,44.0,Male,Mexico,,Guadalajara,2019-07-29,Partner Bundle (Telecom),Student,Hindi
CUST002696,Hassan,Martin,13.0,Male,south africa,,Johannesburg,2022-04-16,App Store,Corporate Bundle,English
CUST002028,Navya,Li,39.0,Male,India,,Chennai,2023-07-11,Paid Social,Individual,Spanish
CUST005249,Elijah,Sato,32.0,Female,India,,Kolkata,2021-11-30,App Store,Family,French
CUST005464,Jennifer,Diallo,17.0,Male,South Africa,,Pretoria,2024-10-29,Referral,Student,Japanese
CUST002569,Jun,Sheikh,35.0,Female,Nigeria,,Ibadan,2023-10-23,Email Campaign,Individual,English
CUST000065,Leo,Dubois,46.0,Female,nigeria,,Kano,2022-07-19,Email Campaign,Student,Italian
CUST003885,Sami,Yoon,26.0,Male,United States,,Los Angeles,2024-02-07,Email Campaign,Family,English
CUST002063,Alfie,Pereira,22.0,Male,India,,Bengaluru,2021-02-27,Direct,Individual,English
CUST005277,James,Costa,37.0,Female,United States,,Miami,2021-05-03,Organic Search,Family,
CUST007209,Navya,Khan,25.0,Male,,,Hyderabad,2025-10-06,Paid Social,Corporate Bundle,Portuguese
CUST000493,Mohammed,Cho,30.0,Female,United States,,Los Angeles,2025-03-07,App Store,Family,Korean
CUST000380,Gabriela,Watanabe,46.0,Other,INDIA,,Hyderabad,2021-04-06,App Store,Individual,English
CUST006332,Ayaan,Ali,24.0,Male,Italy,,Rome,2019-10-13,Organic Search,Individual,Hindi
CUST004860,Krishna,Moreau,29.0,Male,Indonesia,,Jakarta,2024-06-27,Organic Search,Individual,English
CUST006361,Hao,Patel,23.0,Female,India,,Bengaluru,2022-08-30,Affiliate Partner,Individual,French
CUST003994,Harper,Meyer,27.0,Female,,,Incheon,2019-08-11,App Store,Individual,Hindi
CUST004888,Karen,Abara,16.0,Male,United Kingdom,,Manchester,2020-02-07,Referral,Individual,English
CUST001077,Patricia,Gupta,15.0,Female,south africa,,Cape Town,2019-03-25,Organic Search,Individual,Japanese
CUST000879,Reyansh,Reddy,26.0,Other,Poland,,Krakow,2024-08-05,Organic Search,Individual,English
CUST000338,Hassan,Meyer,22.0,Prefer not to say,India,,Kolkata,2023-12-29,Referral,Individual,English
CUST007917,Krishna,Nakamura,32.0,Female,United States,,Phoenix,2021-12-04,Email Campaign,Family,Hindi
CUST006864,Emma,Okafor,26.0,Female,,,Kolkata,2022-09-02,App Store,Individual,English
CUST007893,Isabella,Brown,50.0,Male,India,,Chennai,2019-05-08,Referral,Individual,Hindi
CUST006440,Naledi,Hoffmann,18.0,Male,Italy,,Naples,2019-11-29,Organic Search,Individual,English
CUST007870,Logan,Mensah,35.0,Female,United States,,New York,2022-03-25,Affiliate Partner,Individual,Portuguese
CUST001017,Zola,Oliveira,49.0,Female,INDIA,,Delhi,2019-10-21,App Store,Individual,Hindi
CUST001276,Jessica,Chowdhury,18.0,Male,Brazil,,Fortaleza,2024-11-23,Affiliate Partner,Corporate Bundle,English
CUST003799,Kofi,Diallo,22.0,Male,,,,2023-01-25,Direct,Family,German
CUST007630,Tendai,Zhao,36.0,Female,Canada,,Calgary,2021-11-30,Direct,Individual,Portuguese
CUST004552,Jessica,Oliveira,36.0,Female,Canada,,Montreal,2021-02-26,Paid Social,Individual,Portuguese
CUST003343,Anika,Rodriguez,43.0,Male,France,,Lyon,2022-06-16,Paid Social,Individual,French
CUST004912,Elijah,Costa,27.0,Female,United States,,Chicago,2026-05-10,Email Campaign,Family,Spanish
CUST006414,Matthew,Santos,45.0,Male,Spain,,Valencia,2020-06-26,Affiliate Partner,Individual,Japanese
CUST000996,Aisha,Johnson,55.0,Female,Indonesia,,Jakarta,2025-11-06,Organic Search,Individual,Tagalog
CUST001982,Yong,Santos,51.0,Female,germany,,Berlin,2026-02-05,Direct,Individual,Polish
CUST004298,Hina,Okonkwo,13.0,Other,United Kingdom,,Leeds,2021-09-29,Paid Social,Family,English
CUST000162,Susan,Lim,26.0,Male,France,,Marseille,2020-01-19,App Store,Individual,English
CUST005676,Tao,Johnson,30.0,Male,Argentina,,Buenos Aires,2023-12-16,Email Campaign,Family,English
CUST006874,Huda,Kobayashi,13.0,Female,France,,Toulouse,2024-05-06,Referral,Corporate Bundle,Japanese
CUST006546,Amelia,Nakamura,26.0,Male,US,,New York,2025-01-02,Organic Search,Individual,
CUST004799,Freddie,Wang,40.0,Female,Canada,,Ottawa,2019-07-26,Paid Social,Family,English
CUST001501,Feng,Johnson,25.0,Male,United Kingdom,,London,2026-02-19,App Store,Individual,English
CUST003844,Jacob,Hussain,,Male,Australia,,Melbourne,2019-08-26,Email Campaign,Individual,Arabic
CUST005226,Charlotte,Johnson,19.0,Male,France,,Marseille,2020-03-27,App Store,Family,Spanish
CUST002614,Sora,Verma,19.0,Female,Indonesia,,Surabaya,2023-04-20,Organic Search,Individual,German
CUST003462,Gabriela,Mwangi,53.0,Female,Germany,,,2023-05-08,Paid Social,Individual,Korean
CUST001022,Jack,Qureshi,39.0,Female,Spain,,Barcelona,2025-11-02,Organic Search,Student,Portuguese
CUST003074,Maya,Okonkwo,35.0,Male,Indonesia,,Bandung,2019-03-11,Organic Search,Individual,German
CUST007556,Amina,Rodrigues,38.0,Female,United States,,Austin,2020-10-14,App Store,Individual,Hindi
CUST003944,Juan,Sharma,40.0,Female,Italy,,,2020-10-29,Referral,Individual,English
CUST001586,Sora,Otieno,19.0,Male,United States,,Austin,2023-12-01,Organic Search,Individual,
CUST001956,Ethan,Ahmed,49.0,Female,India,,Kolkata,2021-11-09,Organic Search,Individual,French
CUST003153,Riya,Mensah,37.0,Male,Germany,,Frankfurt,2024-07-23,Paid Social,Family,Hindi
CUST006350,Matthew,Souza,22.0,Female,PH,,Davao City,2023-01-04,Referral,Family,Spanish
CUST000035,Harper,Yoon,25.0,Female,Poland,,Warsaw,2023-09-30,Paid Social,Family,English
CUST004015,Khalid,Watanabe,31.0,Male,Germany,,Cologne,2023-04-27,Direct,Individual,Spanish
CUST000776,Sophia,Robert,34.0,Female,United States,,Phoenix,2020-01-30,Organic Search,Family,Hindi
CUST002557,Jack,Garcia,26.0,Female,brazil,,Fortaleza,2024-10-10,Organic Search,Individual,Arabic
CUST007596,Fernando,Pereira,62.0,Female,Mexico,,Mexico City,2025-08-28,Paid Social,Individual,English
CUST001479,Camila,Martin,24.0,Other,South Korea,,Busan,2019-11-05,App Store,Family,French
CUST007100,Qiang,Sato,35.0,Male,United Kingdom,,,2021-09-02,Email Campaign,Corporate Bundle,Arabic
CUST005487,Riya,Jang,24.0,Female,Philippines,,Manila,2020-08-11,Email Campaign,Individual,Spanish
CUST006236,William,Takahashi,38.0,Male,France,,Lyon,2019-11-21,App Store,Corporate Bundle,Indonesian
CUST001364,Ibrahim,Jones,13.0,Male,united states,,,2021-06-14,Organic Search,Individual,Hindi
CUST007042,Maya,Sato,32.0,Male,India,,Kolkata,2023-10-26,Referral,Individual,English
CUST002613,Ava,Souza,29.0,Male,United States,,Chicago,2020-08-24,Email Campaign,Student,Spanish
CUST007514,Daniela,Iyer,32.0,Male,United States,,Los Angeles,2021-01-01,Referral,Individual,French
CUST002825,Oliver,Silva,45.0,Female,United Kingdom,,Glasgow,2024-09-08,Direct,Individual,Hindi
CUST002042,Charlotte,Menon,19.0,Female,Argentina,,Rosario,2022-06-22,Direct,Individual,English
CUST000242,Saanvi,Hoffmann,18.0,Female,India,,Delhi,2019-06-28,Affiliate Partner,Student,English
CUST002062,Jacob,Reddy,33.0,Female,United Arab Emirates,,Abu Dhabi,2026-02-07,Paid Social,Individual,Japanese
CUST002364,Gabriela,Zhang,40.0,Male,,,Montreal,2026-05-17,App Store,Individual,Portuguese
CUST000601,Valentina,Park,43.0,Female,India,,Kolkata,2021-10-07,Organic Search,Individual,Spanish
CUST002436,Yong,Saito,49.0,Female,Philippines,,Manila,2020-11-21,App Store,Individual,English
CUST005394,Oliver,Ito,16.0,Male,Philippines,,Davao City,2022-10-28,Organic Search,Individual,Portuguese
CUST006311,Saanvi,Muller,37.0,Male,India,,Bengaluru,2024-01-10,Email Campaign,Individual,Portuguese
CUST002889,Isabella,Yang,42.0,Male,India,,Chennai,2026-03-28,Organic Search,Corporate Bundle,Spanish
CUST006165,Oscar,Abara,25.0,Male,,,Barcelona,2022-12-04,Partner Bundle (Telecom),Family,Korean
CUST000647,Diya,Kang,20.0,Male,Philippines,,Cebu City,2019-04-27,Paid Social,Individual,English
CUST003891,Kiara,Jones,38.0,Female,Japan,,Yokohama,2022-07-22,Paid Social,Individual,Japanese
CUST003557,Olivia,Cho,49.0,Female,United States,,Austin,2024-08-14,Partner Bundle (Telecom),Individual,Arabic
CUST003203,Ricardo,Robert,22.0,Male,Nigeria,,Abuja,2021-07-10,App Store,Individual,English
CUST001529,Lucia,Petit,35.0,Female,Poland,,Wroclaw,2019-03-11,Referral,Individual,Korean
CUST006976,Matthew,Diallo,52.0,Male,Spain,,Valencia,2025-02-17,Referral,Individual,Hindi
CUST001268,Karen,Tanaka,31.0,Male,India,,Hyderabad,2021-06-04,Email Campaign,Student,Hindi
CUST007735,Kofi,Williams,44.0,Prefer not to say,Argentina,,Rosario,2023-01-26,Referral,Family,Korean
CUST001900,Logan,Okafor,33.0,Male,United Arab Emirates,,Dubai,2019-01-31,Organic Search,Family,Hindi
CUST004659,Vihaan,Qureshi,30.0,Male,Brazil,,,2021-07-12,Paid Social,Individual,Indonesian
CUST003006,Charlotte,Alves,17.0,Male,INDIA,,Ahmedabad,2019-05-30,Affiliate Partner,Corporate Bundle,French
CUST002735,Yong,Chowdhury,18.0,Female,United Kingdom,,Manchester,2024-10-18,Referral,Student,Arabic
CUST007102,Daniela,Dubois,27.0,Male,United States,,Chicago,2023-11-19,Organic Search,Individual,Hindi
CUST000190,George,Jones,37.0,Female,France,,Marseille,2019-09-28,Paid Social,Family,Korean
CUST001807,Henry,Martinez,39.0,Male,,,Ahmedabad,2024-07-31,App Store,Corporate Bundle,Portuguese
CUST000976,Noah,Schneider,40.0,Male,AUSTRALIA,,Perth,2024-12-26,Referral,Individual,Arabic
CUST002748,Evelyn,Sharma,24.0,Female,,,Incheon,2024-09-23,Email Campaign,Family,Korean
CUST007644,Fernando,Tanaka,27.0,Male,AU,,Brisbane,2024-02-14,Email Campaign,Individual,Polish
CUST002048,Vihaan,Malik,26.0,Female,India,,Delhi,2019-02-21,Paid Social,Student,German
CUST007850,Aoi,Zhao,47.0,Female,Canada,,Ottawa,2025-06-18,Referral,Individual,English
CUST002559,Ibrahim,Saito,19.0,Female,BRAZIL,,Brasilia,2023-09-02,Email Campaign,Family,Hindi
CUST001083,Wei,Wang,21.0,Female,Japan,,Tokyo,2024-05-25,Affiliate Partner,Student,Spanish
CUST000475,Kwame,Mensah,28.0,Female,United States,,Los Angeles,2021-10-06,Organic Search,Family,English
CUST007729,Fatima,Laurent,,Female,germany,,Hamburg,2020-01-06,App Store,Individual,Spanish
CUST002905,Jennifer,Brown,37.0,Other,South Korea,,Seoul,2025-12-30,Affiliate Partner,Individual,English
CUST004844,Layla,Oliveira,26.0,Male,France,,Toulouse,2022-03-28,Organic Search,Individual,Hindi
CUST006397,Andrew,Lee,25.0,Female,INDIA,,Bengaluru,2025-01-02,Organic Search,Family,German
CUST004118,Aditya,Smith,13.0,Female,Japan,,,2023-11-14,Organic Search,Individual,Portuguese
CUST003386,Jose,Verma,38.0,Female,India,,,2026-04-18,Direct,Individual,German
CUST004556,Sofia,Hoffmann,20.0,Female,Italy,,Turin,2022-06-24,Organic Search,Individual,Tagalog
CUST001185,Aarav,Jang,20.0,Female,South Africa,,Cape Town,2026-03-10,Email Campaign,Student,French
CUST006421,Gabriela,Chowdhury,35.0,Male,Brazil,,Salvador,2024-12-13,Email Campaign,Individual,English
CUST005052,Ishaan,Jones,37.0,Male,Nigeria,,Ibadan,2023-01-31,Partner Bundle (Telecom),Corporate Bundle,English
CUST005312,Tao,Tanaka,48.0,Male,India,,Pune,2022-01-12,Affiliate Partner,Student,English
CUST002434,Saanvi,Fischer,43.0,Female,france,,Lyon,2020-07-19,Email Campaign,Individual,German
CUST006950,Yong,Souza,,Male,India,,Delhi,2023-06-21,Organic Search,Family,Portuguese
CUST007582,Charlie,Smith,45.0,Male,South Africa,,Pretoria,2020-01-27,Email Campaign,Family,Indonesian
CUST005612,Alexander,Becker,19.0,Male,Poland,,Krakow,2022-12-25,Partner Bundle (Telecom),Family,German
CUST002392,Haruto,Suzuki,13.0,Female,USA,,Los Angeles,2020-08-05,Direct,Family,Spanish
CUST000770,Zola,Yang,46.0,Female,Poland,,Wroclaw,2021-04-29,App Store,Family,English
CUST007477,Alejandro,Sheikh,22.0,Male,Brazil,,Rio de Janeiro,2019-12-18,App Store,Individual,Hindi
CUST001686,Pari,Souza,49.0,Male,South Africa,,Johannesburg,2025-09-22,Paid Social,Individual,English
CUST000131,Sakura,Ferreira,14.0,Male,,,Chicago,2019-02-01,App Store,Family,Indonesian
CUST007832,Daniela,Cho,45.0,Male,France,,Toulouse,2023-03-16,Direct,Family,Korean
CUST002920,Camila,Otieno,27.0,Female,Philippines,,Davao City,2021-07-29,Referral,Individual,English
CUST003172,Oscar,Verma,42.0,Female,Nigeria,,Abuja,2020-02-20,Organic Search,Family,Indonesian
CUST003445,Juan,Mensah,28.0,Male,argentina,,Rosario,2021-06-06,Affiliate Partner,Family,English
CUST006232,Ibrahim,Miller,23.0,Female,JP,,Nagoya,2021-10-31,App Store,Family,English
CUST005579,John,Watanabe,18.0,Male,United States,,Chicago,2022-07-09,Paid Social,Student,Korean
CUST004427,Yuto,Weber,28.0,Male,United States,,Houston,2025-03-26,Affiliate Partner,Family,Japanese
CUST005335,Daniela,Ali,,Other,AUSTRALIA,,Melbourne,2023-06-01,Affiliate Partner,Individual,English
CUST000467,Henry,Wu,25.0,Female,South Africa,,Johannesburg,2022-08-21,Paid Social,Individual,Indonesian
CUST006266,John,Nakamura,37.0,Male,Germany,,Frankfurt,2019-08-16,Affiliate Partner,Individual,Arabic
CUST005735,Elizabeth,Santos,30.0,Female,mexico,,Mexico City,2022-08-15,Paid Social,Corporate Bundle,Indonesian
CUST003093,Diya,Martinez,58.0,Male,India,,Kolkata,2022-04-16,Paid Social,Family,Hindi
CUST003773,Aisha,Mensah,18.0,Female,U.K.,,Liverpool,2023-09-20,Paid Social,Family,Spanish
CUST005192,Hao,Martinez,,Female,Germany,,Munich,2020-09-04,Email Campaign,Family,Spanish
CUST005227,Carlos,Okonkwo,13.0,Female,,,Marseille,2023-07-04,Referral,Family,English
CUST005391,Matthew,Koch,30.0,Female,United Kingdom,,London,2022-12-13,App Store,Family,Korean
CUST000861,Sora,Kumar,32.0,Male,Argentina,,,2019-08-10,Paid Social,Student,Japanese
CUST007604,Arjun,Ito,13.0,Female,United Kingdom,,Leeds,2021-06-19,Direct,Individual,Korean
CUST007271,Oliver,Qureshi,42.0,Male,Philippines,,Manila,2022-02-21,Email Campaign,Individual,English
