feedback_id,customer_id,feedback_date,rating,feedback_text,sentiment_label
FB0000001,CUST000001,2025-12-25,1,"Not enough new content being added, feels like I have already watched everything worth watching.",Negative
FB0000002,CUST000001,2022-08-12,5,"Great value for the price, my whole family uses different profiles without any issues.",Positive
FB0000003,CUST000002,2026-04-11,1,"Customer support took too long to respond to my billing complaint, very disappointing experience.",Negative
FB0000004,CUST000003,2024-06-03,3,"Average experience overall, some months are better than others depending on new releases.",Neutral
FB0000005,CUST000008,2024-05-30,3,The service is decent but the content library could use more variety in regional languages.,Neutral
FB0000006,CUST000009,2026-03-14,4,"Great value for the price, my whole family uses different profiles without any issues.",Positive
FB0000007,CUST000011,2026-06-24,1,The app keeps crashing on my device and I have not been able to watch anything for days.,Negative
FB0000008,CUST000013,2024-07-25,4,The streaming quality has been excellent and the app feels much faster after the update.,Positive
FB0000009,CUST000014,2026-04-21,3,"It works fine most of the time, occasional buffering but nothing major to complain about.",Neutral
FB0000010,CUST000018,2026-06-16,5,"Love the recommendation engine, it keeps suggesting shows I actually end up enjoying.",Positive
FB0000011,CUST000022,2026-03-20,2,Constant buffering issues during peak hours have made this frustrating to use lately.,Negative
FB0000012,CUST000022,2026-06-20,2,"Customer support took too long to respond to my billing complaint, very disappointing experience.",Negative
FB0000013,CUST000023,2026-05-06,1,"Not enough new content being added, feels like I have already watched everything worth watching.",Negative
FB0000014,CUST000025,2026-03-18,5,"Love the recommendation engine, it keeps suggesting shows I actually end up enjoying.",Positive
FB0000015,CUST000027,2025-09-06,3,The service is decent but the content library could use more variety in regional languages.,Neutral
FB0000016,CUST000028,2021-06-01,3,"Average experience overall, some months are better than others depending on new releases.",Neutral
FB0000017,CUST000032,2023-05-06,2,Constant buffering issues during peak hours have made this frustrating to use lately.,Negative
FB0000018,CUST000033,2022-09-23,3,The service is decent but the content library could use more variety in regional languages.,Neutral
FB0000019,CUST000034,2025-06-15,3,"Average experience overall, some months are better than others depending on new releases.",Neutral
FB0000020,CUST000039,2023-12-01,1,Constant buffering issues during peak hours have made this frustrating to use lately.,Negative
FB0000021,CUST000039,2024-05-18,3,The service is decent but the content library could use more variety in regional languages.,Neutral
FB0000022,CUST000040,2026-03-04,3,The service is decent but the content library could use more variety in regional languages.,Neutral
FB0000023,CUST000040,2026-01-27,3,"It works fine most of the time, occasional buffering but nothing major to complain about.",Neutral
FB0000024,CUST000040,2024-07-30,3,"It works fine most of the time, occasional buffering but nothing major to complain about.",Neutral
FB0000025,CUST000041,2026-03-17,5,"Great value for the price, my whole family uses different profiles without any issues.",Positive
FB0000026,CUST000041,2022-04-23,5,Customer support resolved my issue quickly and the experience was smooth overall.,Positive
FB0000027,CUST000042,2023-07-16,3,"Average experience overall, some months are better than others depending on new releases.",Neutral
FB0000028,CUST000043,2022-12-26,5,Customer support resolved my issue quickly and the experience was smooth overall.,Positive
FB0000029,CUST000046,2023-05-31,5,Customer support resolved my issue quickly and the experience was smooth overall.,Positive
FB0000030,CUST000046,2024-07-19,5,"Love the recommendation engine, it keeps suggesting shows I actually end up enjoying.",Positive
FB0000031,CUST000047,2023-01-01,1,Cancelled my plan because the price increase was not worth the content available right now.,Negative
FB0000032,CUST000049,2026-01-28,3,"Average experience overall, some months are better than others depending on new releases.",Neutral
FB0000033,CUST000055,2024-06-03,5,Customer support resolved my issue quickly and the experience was smooth overall.,Positive
FB0000034,CUST000055,2024-07-20,1,Constant buffering issues during peak hours have made this frustrating to use lately.,Negative
FB0000035,CUST000056,2025-08-14,3,"Average experience overall, some months are better than others depending on new releases.",Neutral
FB0000036,CUST000056,2024-12-13,5,Customer support resolved my issue quickly and the experience was smooth overall.,Positive
FB0000037,CUST000056,2023-12-24,3,"Average experience overall, some months are better than others depending on new releases.",Neutral
FB0000038,CUST000057,2020-07-06,1,"Customer support took too long to respond to my billing complaint, very disappointing experience.",Negative
FB0000039,CUST000060,2025-07-04,4,"Really happy with the content library, discovered several great shows this month.",Positive
FB0000040,CUST000062,2024-11-22,4,The streaming quality has been excellent and the app feels much faster after the update.,Positive
FB0000041,CUST000065,2024-04-15,3,The service is decent but the content library could use more variety in regional languages.,Neutral
FB0000042,CUST000067,2024-12-20,3,"Average experience overall, some months are better than others depending on new releases.",Neutral
FB0000043,CUST000068,2021-09-10,2,The app keeps crashing on my device and I have not been able to watch anything for days.,Negative
FB0000044,CUST000069,2025-07-25,1,The app keeps crashing on my device and I have not been able to watch anything for days.,Negative
FB0000045,CUST000075,2024-08-22,3,"Average experience overall, some months are better than others depending on new releases.",Neutral
FB0000046,CUST000079,2025-11-07,4,"Great value for the price, my whole family uses different profiles without any issues.",Positive
FB0000047,CUST000079,2025-11-03,1,Constant buffering issues during peak hours have made this frustrating to use lately.,Negative
FB0000048,CUST000081,2024-06-07,3,"Average experience overall, some months are better than others depending on new releases.",Neutral
FB0000049,CUST000081,2023-10-10,3,"It works fine most of the time, occasional buffering but nothing major to complain about.",Neutral
FB0000050,CUST000082,2025-09-23,4,"Really happy with the content library, discovered several great shows this month.",Positive
FB0000051,CUST000082,2026-04-09,3,"It works fine most of the time, occasional buffering but nothing major to complain about.",Neutral
FB0000052,CUST000083,2021-04-25,5,"Really happy with the content library, discovered several great shows this month.",Positive
FB0000053,CUST000083,2025-03-14,2,"Not enough new content being added, feels like I have already watched everything worth watching.",Negative
FB0000054,CUST000083,2023-09-03,3,"Average experience overall, some months are better than others depending on new releases.",Neutral
FB0000055,CUST000083,2020-12-26,1,The app keeps crashing on my device and I have not been able to watch anything for days.,Negative
FB0000056,CUST000088,2025-02-14,1,Constant buffering issues during peak hours have made this frustrating to use lately.,Negative
FB0000057,CUST000088,2024-05-15,5,"Love the recommendation engine, it keeps suggesting shows I actually end up enjoying.",Positive
FB0000058,CUST000091,2026-06-18,1,"Customer support took too long to respond to my billing complaint, very disappointing experience.",Negative
FB0000059,CUST000097,2024-09-27,1,Constant buffering issues during peak hours have made this frustrating to use lately.,Negative
FB0000060,CUST000097,2023-11-14,3,The service is decent but the content library could use more variety in regional languages.,Positive
FB0000061,CUST000101,2026-04-18,3,"It works fine most of the time, occasional buffering but nothing major to complain about.",Neutral
FB0000062,CUST000104,2022-03-29,5,"Great value for the price, my whole family uses different profiles without any issues.",Positive
FB0000063,CUST000105,2024-12-22,2,"Not enough new content being added, feels like I have already watched everything worth watching.",Neutral
FB0000064,CUST000105,2025-11-26,4,"Great value for the price, my whole family uses different profiles without any issues.",Positive
FB0000065,CUST000105,2022-12-30,5,Customer support resolved my issue quickly and the experience was smooth overall.,Positive
FB0000066,CUST000106,2026-02-14,2,"Customer support took too long to respond to my billing complaint, very disappointing experience.",Negative
FB0000067,CUST000108,2025-06-03,1,The app keeps crashing on my device and I have not been able to watch anything for days.,Negative
FB0000068,CUST000112,2022-01-05,5,"Love the recommendation engine, it keeps suggesting shows I actually end up enjoying.",Positive
FB0000069,CUST000112,2023-11-23,3,"Average experience overall, some months are better than others depending on new releases.",Neutral
FB0000070,CUST000114,2022-10-07,1,"Not enough new content being added, feels like I have already watched everything worth watching.",Negative
FB0000071,CUST000114,2023-03-06,3,The service is decent but the content library could use more variety in regional languages.,Neutral
FB0000072,CUST000114,2021-10-14,2,"Not enough new content being added, feels like I have already watched everything worth watching.",Negative
FB0000073,CUST000114,2023-02-04,5,"Great value for the price, my whole family uses different profiles without any issues.",Positive
FB0000074,CUST000117,2026-06-30,4,"Really happy with the content library, discovered several great shows this month.",Positive
FB0000075,CUST000117,2026-04-03,3,The service is decent but the content library could use more variety in regional languages.,Neutral
FB0000076,CUST000117,2026-05-31,4,"Love the recommendation engine, it keeps suggesting shows I actually end up enjoying.",Positive
FB0000077,CUST000119,2024-04-22,2,"Not enough new content being added, feels like I have already watched everything worth watching.",Negative
FB0000078,CUST000121,2025-01-26,4,"Love the recommendation engine, it keeps suggesting shows I actually end up enjoying.",Positive
FB0000079,CUST000123,2025-09-20,3,"Average experience overall, some months are better than others depending on new releases.",Neutral
FB0000080,CUST000123,2024-01-05,2,Constant buffering issues during peak hours have made this frustrating to use lately.,Negative
FB0000081,CUST000127,2022-05-20,2,Cancelled my plan because the price increase was not worth the content available right now.,Negative
FB0000082,CUST000128,2025-04-07,5,"Great value for the price, my whole family uses different profiles without any issues.",Positive
FB0000083,CUST000129,2026-05-13,5,"Really happy with the content library, discovered several great shows this month.",Positive
FB0000084,CUST000130,2022-07-07,1,Cancelled my plan because the price increase was not worth the content available right now.,Negative
FB0000085,CUST000133,2026-05-13,2,The app keeps crashing on my device and I have not been able to watch anything for days.,Negative
FB0000086,CUST000134,2026-02-10,5,"Really happy with the content library, discovered several great shows this month.",Positive
FB0000087,CUST000134,2025-06-11,3,The service is decent but the content library could use more variety in regional languages.,Positive
FB0000088,CUST000135,2025-09-25,4,Customer support resolved my issue quickly and the experience was smooth overall.,Positive
FB0000089,CUST000135,2023-09-30,5,"Great value for the price, my whole family uses different profiles without any issues.",Positive
FB0000090,CUST000137,2024-01-29,4,Customer support resolved my issue quickly and the experience was smooth overall.,Positive
FB0000091,CUST000137,2025-05-26,1,Cancelled my plan because the price increase was not worth the content available right now.,Negative
FB0000092,CUST000137,2023-04-07,5,"Love the recommendation engine, it keeps suggesting shows I actually end up enjoying.",Positive
FB0000093,CUST000140,2025-07-28,1,Constant buffering issues during peak hours have made this frustrating to use lately.,Negative
FB0000094,CUST000142,2025-11-29,5,The streaming quality has been excellent and the app feels much faster after the update.,Positive
FB0000095,CUST000144,2023-02-17,1,The app keeps crashing on my device and I have not been able to watch anything for days.,Negative
FB0000096,CUST000146,2025-05-09,3,The service is decent but the content library could use more variety in regional languages.,Neutral
FB0000097,CUST000147,2024-09-05,4,"Really happy with the content library, discovered several great shows this month.",Positive
FB0000098,CUST000148,2026-02-01,1,Cancelled my plan because the price increase was not worth the content available right now.,Negative
FB0000099,CUST000148,2022-04-26,2,Cancelled my plan because the price increase was not worth the content available right now.,Negative
FB0000100,CUST000150,2026-05-22,2,Constant buffering issues during peak hours have made this frustrating to use lately.,Negative
FB0000101,CUST000153,2026-02-18,2,"Not enough new content being added, feels like I have already watched everything worth watching.",Negative
FB0000102,CUST000157,2022-07-16,5,Customer support resolved my issue quickly and the experience was smooth overall.,Positive
FB0000103,CUST000158,2023-11-05,5,"Great value for the price, my whole family uses different profiles without any issues.",Positive
FB0000104,CUST000158,2025-06-22,3,"It works fine most of the time, occasional buffering but nothing major to complain about.",Neutral
FB0000105,CUST000158,2024-06-23,1,"Not enough new content being added, feels like I have already watched everything worth watching.",Negative
FB0000106,CUST000158,2025-07-16,4,"Great value for the price, my whole family uses different profiles without any issues.",Positive
FB0000107,CUST000158,2025-04-16,5,"Really happy with the content library, discovered several great shows this month.",Positive
FB0000108,CUST000159,2024-01-02,2,The app keeps crashing on my device and I have not been able to watch anything for days.,Negative
FB0000109,CUST000165,2026-02-26,3,The service is decent but the content library could use more variety in regional languages.,Neutral
FB0000110,CUST000167,2021-09-17,3,The service is decent but the content library could use more variety in regional languages.,Neutral
FB0000111,CUST000169,2025-02-16,2,"Customer support took too long to respond to my billing complaint, very disappointing experience.",Negative
FB0000112,CUST000171,2026-03-24,3,"Average experience overall, some months are better than others depending on new releases.",Neutral
FB0000113,CUST000172,2025-09-10,2,"Customer support took too long to respond to my billing complaint, very disappointing experience.",Negative
FB0000114,CUST000173,2025-10-14,1,The app keeps crashing on my device and I have not been able to watch anything for days.,Negative
FB0000115,CUST000175,2021-05-19,1,Constant buffering issues during peak hours have made this frustrating to use lately.,Negative
FB0000116,CUST000177,2024-06-17,1,Constant buffering issues during peak hours have made this frustrating to use lately.,Negative
FB0000117,CUST000177,2022-10-06,2,"Customer support took too long to respond to my billing complaint, very disappointing experience.",Negative
FB0000118,CUST000178,2023-10-12,1,"Not enough new content being added, feels like I have already watched everything worth watching.",Negative
FB0000119,CUST000178,2026-06-18,1,The app keeps crashing on my device and I have not been able to watch anything for days.,Negative
FB0000120,CUST000180,2024-02-06,3,"Average experience overall, some months are better than others depending on new releases.",Neutral
FB0000121,CUST000180,2021-12-06,3,"It works fine most of the time, occasional buffering but nothing major to complain about.",Neutral
FB0000122,CUST000181,2025-08-29,5,Customer support resolved my issue quickly and the experience was smooth overall.,Positive
FB0000123,CUST000186,2022-12-03,4,"Great value for the price, my whole family uses different profiles without any issues.",Positive
FB0000124,CUST000186,2025-01-11,4,Customer support resolved my issue quickly and the experience was smooth overall.,Positive
FB0000125,CUST000187,2026-04-10,1,Constant buffering issues during peak hours have made this frustrating to use lately.,Neutral
FB0000126,CUST000189,2025-03-01,4,The streaming quality has been excellent and the app feels much faster after the update.,Positive
FB0000127,CUST000190,2022-09-20,5,The streaming quality has been excellent and the app feels much faster after the update.,Neutral
FB0000128,CUST000191,2023-06-01,3,The service is decent but the content library could use more variety in regional languages.,Neutral
FB0000129,CUST000196,2026-02-03,3,"Average experience overall, some months are better than others depending on new releases.",Neutral
FB0000130,CUST000196,2025-04-13,4,"Great value for the price, my whole family uses different profiles without any issues.",Positive
FB0000131,CUST000197,2024-06-12,2,Constant buffering issues during peak hours have made this frustrating to use lately.,Negative
FB0000132,CUST000197,2024-02-19,4,The streaming quality has been excellent and the app feels much faster after the update.,Positive
FB0000133,CUST000199,2025-03-10,5,Customer support resolved my issue quickly and the experience was smooth overall.,Positive
FB0000134,CUST000199,2026-05-04,3,The service is decent but the content library could use more variety in regional languages.,Neutral
FB0000135,CUST000200,2026-06-01,4,"Really happy with the content library, discovered several great shows this month.",Positive
FB0000136,CUST000201,2024-12-26,1,The app keeps crashing on my device and I have not been able to watch anything for days.,Negative
FB0000137,CUST000202,2025-11-08,3,The service is decent but the content library could use more variety in regional languages.,Neutral
FB0000138,CUST000208,2023-07-30,5,"Really happy with the content library, discovered several great shows this month.",Positive
FB0000139,CUST000213,2020-11-23,5,Customer support resolved my issue quickly and the experience was smooth overall.,Positive
FB0000140,CUST000223,2025-11-23,4,"Really happy with the content library, discovered several great shows this month.",Positive
FB0000141,CUST000224,2025-03-02,3,"It works fine most of the time, occasional buffering but nothing major to complain about.",Positive
FB0000142,CUST000226,2024-11-26,1,Cancelled my plan because the price increase was not worth the content available right now.,Negative
FB0000143,CUST000233,2026-04-06,4,"Great value for the price, my whole family uses different profiles without any issues.",Positive
FB0000144,CUST000234,2024-08-09,2,Constant buffering issues during peak hours have made this frustrating to use lately.,Negative
FB0000145,CUST000235,2026-02-15,5,"Great value for the price, my whole family uses different profiles without any issues.",Positive
FB0000146,CUST000236,2021-07-26,3,"It works fine most of the time, occasional buffering but nothing major to complain about.",Neutral
FB0000147,CUST000238,2024-05-10,3,The service is decent but the content library could use more variety in regional languages.,Neutral
FB0000148,CUST000239,2024-07-07,2,Cancelled my plan because the price increase was not worth the content available right now.,Negative
FB0000149,CUST000240,2024-03-19,5,The streaming quality has been excellent and the app feels much faster after the update.,Positive
FB0000150,CUST000241,2022-06-18,4,The streaming quality has been excellent and the app feels much faster after the update.,Positive
FB0000151,CUST000246,2023-01-19,5,"Great value for the price, my whole family uses different profiles without any issues.",Positive
FB0000152,CUST000249,2025-11-24,3,The service is decent but the content library could use more variety in regional languages.,Neutral
FB0000153,CUST000250,2022-11-04,3,"It works fine most of the time, occasional buffering but nothing major to complain about.",Neutral
FB0000154,CUST000251,2026-01-03,3,"It works fine most of the time, occasional buffering but nothing major to complain about.",Neutral
FB0000155,CUST000252,2026-04-23,5,"Love the recommendation engine, it keeps suggesting shows I actually end up enjoying.",Positive
FB0000156,CUST000253,2021-07-01,2,"Customer support took too long to respond to my billing complaint, very disappointing experience.",Negative
FB0000157,CUST000255,2025-10-04,4,Customer support resolved my issue quickly and the experience was smooth overall.,Neutral
FB0000158,CUST000257,2022-04-18,4,"Love the recommendation engine, it keeps suggesting shows I actually end up enjoying.",Positive
FB0000159,CUST000258,2022-04-24,5,"Really happy with the content library, discovered several great shows this month.",Positive
FB0000160,CUST000259,2024-04-22,4,The streaming quality has been excellent and the app feels much faster after the update.,Neutral
FB0000161,CUST000262,2026-04-06,3,The service is decent but the content library could use more variety in regional languages.,Neutral
FB0000162,CUST000263,2026-01-20,1,"Customer support took too long to respond to my billing complaint, very disappointing experience.",Negative
FB0000163,CUST000264,2024-11-15,3,"It works fine most of the time, occasional buffering but nothing major to complain about.",Neutral
FB0000164,CUST000265,2026-04-03,3,"Average experience overall, some months are better than others depending on new releases.",Neutral
FB0000165,CUST000267,2023-05-18,3,"It works fine most of the time, occasional buffering but nothing major to complain about.",Neutral
FB0000166,CUST000267,2026-02-23,1,Constant buffering issues during peak hours have made this frustrating to use lately.,Negative
FB0000167,CUST000267,2023-12-06,4,"Great value for the price, my whole family uses different profiles without any issues.",Positive
FB0000168,CUST000268,2026-04-25,2,Cancelled my plan because the price increase was not worth the content available right now.,Negative
FB0000169,CUST000268,2026-05-01,1,Cancelled my plan because the price increase was not worth the content available right now.,Negative
FB0000170,CUST000268,2026-01-18,5,"Love the recommendation engine, it keeps suggesting shows I actually end up enjoying.",Positive
FB0000171,CUST000269,2025-10-25,1,Cancelled my plan because the price increase was not worth the content available right now.,Negative
FB0000172,CUST000270,2026-01-03,4,"Great value for the price, my whole family uses different profiles without any issues.",Positive
FB0000173,CUST000270,2024-07-26,3,"Average experience overall, some months are better than others depending on new releases.",Neutral
FB0000174,CUST000270,2024-10-02,3,"It works fine most of the time, occasional buffering but nothing major to complain about.",Neutral
FB0000175,CUST000274,2021-12-22,3,"Average experience overall, some months are better than others depending on new releases.",Neutral
FB0000176,CUST000275,2023-05-07,5,Customer support resolved my issue quickly and the experience was smooth overall.,Positive
FB0000177,CUST000276,2026-05-11,3,"Average experience overall, some months are better than others depending on new releases.",Neutral
FB0000178,CUST000276,2024-07-31,5,The streaming quality has been excellent and the app feels much faster after the update.,Positive
FB0000179,CUST000278,2024-08-01,4,"Great value for the price, my whole family uses different profiles without any issues.",Positive
FB0000180,CUST000280,2024-12-25,3,The service is decent but the content library could use more variety in regional languages.,Neutral
FB0000181,CUST000282,2026-06-13,3,"It works fine most of the time, occasional buffering but nothing major to complain about.",Neutral
FB0000182,CUST000284,2019-08-24,5,"Great value for the price, my whole family uses different profiles without any issues.",Positive
FB0000183,CUST000287,2026-01-20,2,Cancelled my plan because the price increase was not worth the content available right now.,Negative
FB0000184,CUST000288,2020-08-31,1,The app keeps crashing on my device and I have not been able to watch anything for days.,Negative
FB0000185,CUST000289,2022-12-02,3,The service is decent but the content library could use more variety in regional languages.,Neutral
FB0000186,CUST000289,2023-05-08,4,"Really happy with the content library, discovered several great shows this month.",Positive
FB0000187,CUST000292,2022-08-21,4,The streaming quality has been excellent and the app feels much faster after the update.,Positive
FB0000188,CUST000293,2025-07-21,2,Constant buffering issues during peak hours have made this frustrating to use lately.,Negative
FB0000189,CUST000293,2026-04-09,1,Cancelled my plan because the price increase was not worth the content available right now.,Negative
FB0000190,CUST000296,2026-06-13,3,"Average experience overall, some months are better than others depending on new releases.",Neutral
FB0000191,CUST000298,2024-07-12,1,"Not enough new content being added, feels like I have already watched everything worth watching.",Negative
FB0000192,CUST000299,2026-02-07,1,Cancelled my plan because the price increase was not worth the content available right now.,Negative
FB0000193,CUST000299,2025-09-15,3,"It works fine most of the time, occasional buffering but nothing major to complain about.",Neutral
FB0000194,CUST000299,2025-10-05,4,The streaming quality has been excellent and the app feels much faster after the update.,Neutral
FB0000195,CUST000299,2025-11-05,2,"Customer support took too long to respond to my billing complaint, very disappointing experience.",Negative
FB0000196,CUST000306,2025-11-10,3,The service is decent but the content library could use more variety in regional languages.,Neutral
FB0000197,CUST000307,2026-05-18,1,Cancelled my plan because the price increase was not worth the content available right now.,Negative
FB0000198,CUST000308,2020-11-29,2,Cancelled my plan because the price increase was not worth the content available right now.,Negative
FB0000199,CUST000308,2025-06-23,5,Customer support resolved my issue quickly and the experience was smooth overall.,Positive
FB0000200,CUST000309,2025-08-30,3,The service is decent but the content library could use more variety in regional languages.,Neutral
FB0000201,CUST000313,2026-01-14,5,"Love the recommendation engine, it keeps suggesting shows I actually end up enjoying.",Positive
FB0000202,CUST000313,2025-06-22,3,The service is decent but the content library could use more variety in regional languages.,Neutral
FB0000203,CUST000314,2026-05-26,1,Constant buffering issues during peak hours have made this frustrating to use lately.,Negative
FB0000204,CUST000315,2024-10-02,1,Cancelled my plan because the price increase was not worth the content available right now.,Negative
FB0000205,CUST000316,2023-07-07,3,"It works fine most of the time, occasional buffering but nothing major to complain about.",Neutral
FB0000206,CUST000317,2026-01-16,3,"It works fine most of the time, occasional buffering but nothing major to complain about.",Neutral
FB0000207,CUST000318,2021-01-02,3,The service is decent but the content library could use more variety in regional languages.,Neutral
FB0000208,CUST000320,2025-11-17,2,Cancelled my plan because the price increase was not worth the content available right now.,Negative
FB0000209,CUST000325,2024-12-12,1,Cancelled my plan because the price increase was not worth the content available right now.,Negative
FB0000210,CUST000326,2025-02-18,4,"Great value for the price, my whole family uses different profiles without any issues.",Positive
FB0000211,CUST000328,2026-04-29,1,"Customer support took too long to respond to my billing complaint, very disappointing experience.",Negative
FB0000212,CUST000330,2026-03-25,2,"Not enough new content being added, feels like I have already watched everything worth watching.",Negative
FB0000213,CUST000331,2025-12-10,3,"Average experience overall, some months are better than others depending on new releases.",Neutral
FB0000214,CUST000340,2021-07-06,4,The streaming quality has been excellent and the app feels much faster after the update.,Positive
FB0000215,CUST000341,2026-05-28,5,Customer support resolved my issue quickly and the experience was smooth overall.,Positive
FB0000216,CUST000341,2025-01-08,4,The streaming quality has been excellent and the app feels much faster after the update.,Positive
FB0000217,CUST000345,2026-04-13,5,"Really happy with the content library, discovered several great shows this month.",Positive
FB0000218,CUST000345,2026-06-01,4,The streaming quality has been excellent and the app feels much faster after the update.,Positive
FB0000219,CUST000345,2026-03-02,2,"Customer support took too long to respond to my billing complaint, very disappointing experience.",Negative
FB0000220,CUST000346,2022-08-02,4,The streaming quality has been excellent and the app feels much faster after the update.,Positive
FB0000221,CUST000346,2020-07-11,2,Cancelled my plan because the price increase was not worth the content available right now.,Negative
FB0000222,CUST000348,2026-01-09,5,The streaming quality has been excellent and the app feels much faster after the update.,Positive
FB0000223,CUST000348,2024-07-16,5,"Really happy with the content library, discovered several great shows this month.",Positive
FB0000224,CUST000348,2025-12-29,5,"Love the recommendation engine, it keeps suggesting shows I actually end up enjoying.",Positive
FB0000225,CUST000349,2025-02-10,4,"Love the recommendation engine, it keeps suggesting shows I actually end up enjoying.",Positive
FB0000226,CUST000351,2026-06-05,3,"Average experience overall, some months are better than others depending on new releases.",Neutral
FB0000227,CUST000354,2025-12-21,3,The service is decent but the content library could use more variety in regional languages.,Neutral
FB0000228,CUST000357,2023-03-10,2,"Customer support took too long to respond to my billing complaint, very disappointing experience.",Negative
FB0000229,CUST000357,2024-06-13,2,Constant buffering issues during peak hours have made this frustrating to use lately.,Negative
FB0000230,CUST000358,2022-06-30,3,The service is decent but the content library could use more variety in regional languages.,Neutral
FB0000231,CUST000358,2020-02-14,4,"Love the recommendation engine, it keeps suggesting shows I actually end up enjoying.",Positive
FB0000232,CUST000358,2026-03-13,3,"It works fine most of the time, occasional buffering but nothing major to complain about.",Neutral
FB0000233,CUST000359,2026-01-08,3,The service is decent but the content library could use more variety in regional languages.,Neutral
FB0000234,CUST000362,2023-05-11,5,"Great value for the price, my whole family uses different profiles without any issues.",Positive
FB0000235,CUST000363,2024-09-10,3,"Average experience overall, some months are better than others depending on new releases.",Neutral
FB0000236,CUST000364,2025-05-03,2,The app keeps crashing on my device and I have not been able to watch anything for days.,Negative
FB0000237,CUST000366,2026-03-02,5,"Great value for the price, my whole family uses different profiles without any issues.",Positive
FB0000238,CUST000368,2021-12-04,2,The app keeps crashing on my device and I have not been able to watch anything for days.,Negative
FB0000239,CUST000369,2025-11-20,4,Customer support resolved my issue quickly and the experience was smooth overall.,Positive
FB0000240,CUST000373,2024-01-18,5,"Love the recommendation engine, it keeps suggesting shows I actually end up enjoying.",Positive
FB0000241,CUST000373,2026-06-08,3,"Average experience overall, some months are better than others depending on new releases.",Neutral
FB0000242,CUST000375,2025-12-28,4,"Great value for the price, my whole family uses different profiles without any issues.",Positive
FB0000243,CUST000375,2026-02-11,4,"Love the recommendation engine, it keeps suggesting shows I actually end up enjoying.",Positive
FB0000244,CUST000376,2025-12-02,4,Customer support resolved my issue quickly and the experience was smooth overall.,Positive
FB0000245,CUST000376,2025-09-10,3,"Average experience overall, some months are better than others depending on new releases.",Neutral
FB0000246,CUST000376,2025-11-07,5,The streaming quality has been excellent and the app feels much faster after the update.,Positive
FB0000247,CUST000379,2026-01-05,3,The service is decent but the content library could use more variety in regional languages.,Neutral
FB0000248,CUST000381,2025-07-17,4,Customer support resolved my issue quickly and the experience was smooth overall.,Positive
FB0000249,CUST000382,2025-04-03,1,Constant buffering issues during peak hours have made this frustrating to use lately.,Negative
FB0000250,CUST000383,2020-11-30,2,Cancelled my plan because the price increase was not worth the content available right now.,Negative
FB0000251,CUST000383,2021-11-17,1,"Customer support took too long to respond to my billing complaint, very disappointing experience.",Negative
FB0000252,CUST000386,2026-04-24,5,The streaming quality has been excellent and the app feels much faster after the update.,Positive
FB0000253,CUST000390,2025-03-05,5,Customer support resolved my issue quickly and the experience was smooth overall.,Positive
FB0000254,CUST000390,2023-05-15,4,"Love the recommendation engine, it keeps suggesting shows I actually end up enjoying.",Positive
FB0000255,CUST000392,2023-07-11,4,"Love the recommendation engine, it keeps suggesting shows I actually end up enjoying.",Positive
FB0000256,CUST000395,2026-05-08,1,Constant buffering issues during peak hours have made this frustrating to use lately.,Negative
FB0000257,CUST000398,2023-05-21,5,Customer support resolved my issue quickly and the experience was smooth overall.,Positive
FB0000258,CUST000404,2025-03-07,4,The streaming quality has been excellent and the app feels much faster after the update.,Positive
FB0000259,CUST000404,2024-10-14,4,"Love the recommendation engine, it keeps suggesting shows I actually end up enjoying.",Positive
FB0000260,CUST000406,2023-12-01,1,The app keeps crashing on my device and I have not been able to watch anything for days.,Negative
FB0000261,CUST000410,2024-12-12,1,"Customer support took too long to respond to my billing complaint, very disappointing experience.",Negative
FB0000262,CUST000410,2026-01-23,4,"Love the recommendation engine, it keeps suggesting shows I actually end up enjoying.",Positive
FB0000263,CUST000412,2023-05-31,5,"Great value for the price, my whole family uses different profiles without any issues.",Positive
FB0000264,CUST000413,2026-04-09,5,"Love the recommendation engine, it keeps suggesting shows I actually end up enjoying.",Positive
FB0000265,CUST000413,2024-10-03,3,"Average experience overall, some months are better than others depending on new releases.",Neutral
FB0000266,CUST000413,2026-06-23,3,The service is decent but the content library could use more variety in regional languages.,Neutral
FB0000267,CUST000414,2023-01-12,3,"Average experience overall, some months are better than others depending on new releases.",Neutral
FB0000268,CUST000416,2023-12-21,5,"Love the recommendation engine, it keeps suggesting shows I actually end up enjoying.",Positive
FB0000269,CUST000417,2024-02-02,3,"Average experience overall, some months are better than others depending on new releases.",Positive
FB0000270,CUST000417,2026-06-17,5,Customer support resolved my issue quickly and the experience was smooth overall.,Positive
FB0000271,CUST000417,2024-12-23,4,The streaming quality has been excellent and the app feels much faster after the update.,Positive
FB0000272,CUST000419,2025-07-16,4,"Great value for the price, my whole family uses different profiles without any issues.",Positive
FB0000273,CUST000423,2024-04-06,3,The service is decent but the content library could use more variety in regional languages.,Neutral
FB0000274,CUST000425,2024-03-03,5,"Really happy with the content library, discovered several great shows this month.",Positive
FB0000275,CUST000426,2024-02-19,4,Customer support resolved my issue quickly and the experience was smooth overall.,Positive
FB0000276,CUST000429,2025-12-09,4,The streaming quality has been excellent and the app feels much faster after the update.,Positive
FB0000277,CUST000433,2026-05-22,3,"It works fine most of the time, occasional buffering but nothing major to complain about.",Neutral
FB0000278,CUST000435,2025-05-05,5,"Love the recommendation engine, it keeps suggesting shows I actually end up enjoying.",Positive
FB0000279,CUST000436,2026-02-18,5,The streaming quality has been excellent and the app feels much faster after the update.,Positive
FB0000280,CUST000440,2021-08-23,4,"Really happy with the content library, discovered several great shows this month.",Positive
FB0000281,CUST000444,2021-08-20,4,The streaming quality has been excellent and the app feels much faster after the update.,Positive
FB0000282,CUST000445,2025-03-28,2,The app keeps crashing on my device and I have not been able to watch anything for days.,Negative
FB0000283,CUST000446,2026-06-30,4,"Really happy with the content library, discovered several great shows this month.",Positive
FB0000284,CUST000448,2025-05-04,4,Customer support resolved my issue quickly and the experience was smooth overall.,Positive
FB0000285,CUST000448,2023-02-13,3,"Average experience overall, some months are better than others depending on new releases.",Neutral
FB0000286,CUST000448,2026-06-11,5,"Really happy with the content library, discovered several great shows this month.",Positive
FB0000287,CUST000450,2023-09-02,1,Constant buffering issues during peak hours have made this frustrating to use lately.,Negative
FB0000288,CUST000451,2025-11-05,5,Customer support resolved my issue quickly and the experience was smooth overall.,Positive
FB0000289,CUST000451,2026-03-05,5,"Love the recommendation engine, it keeps suggesting shows I actually end up enjoying.",Positive
FB0000290,CUST000454,2021-03-09,4,The streaming quality has been excellent and the app feels much faster after the update.,Positive
FB0000291,CUST000457,2023-08-09,3,"It works fine most of the time, occasional buffering but nothing major to complain about.",Neutral
FB0000292,CUST000457,2023-12-31,2,Constant buffering issues during peak hours have made this frustrating to use lately.,Negative
FB0000293,CUST000457,2023-09-14,1,"Customer support took too long to respond to my billing complaint, very disappointing experience.",Negative
FB0000294,CUST000457,2025-05-16,1,"Not enough new content being added, feels like I have already watched everything worth watching.",Negative
FB0000295,CUST000457,2023-05-12,5,"Great value for the price, my whole family uses different profiles without any issues.",Positive
FB0000296,CUST000461,2022-11-05,1,Cancelled my plan because the price increase was not worth the content available right now.,Negative
FB0000297,CUST000466,2026-05-11,5,Customer support resolved my issue quickly and the experience was smooth overall.,Positive
FB0000298,CUST000467,2023-04-12,5,"Great value for the price, my whole family uses different profiles without any issues.",Positive
FB0000299,CUST000468,2023-03-30,5,"Great value for the price, my whole family uses different profiles without any issues.",Positive
FB0000300,CUST000469,2024-08-04,3,The service is decent but the content library could use more variety in regional languages.,Neutral
FB0000301,CUST000469,2024-06-23,3,The service is decent but the content library could use more variety in regional languages.,Neutral
FB0000302,CUST000470,2024-09-06,3,"It works fine most of the time, occasional buffering but nothing major to complain about.",Neutral
FB0000303,CUST000472,2019-08-15,1,"Not enough new content being added, feels like I have already watched everything worth watching.",Negative
FB0000304,CUST000472,2025-08-23,4,"Really happy with the content library, discovered several great shows this month.",Positive
FB0000305,CUST000472,2020-09-05,4,"Love the recommendation engine, it keeps suggesting shows I actually end up enjoying.",Positive
FB0000306,CUST000472,2021-12-02,3,"Average experience overall, some months are better than others depending on new releases.",Neutral
FB0000307,CUST000473,2025-10-28,2,The app keeps crashing on my device and I have not been able to watch anything for days.,Negative
FB0000308,CUST000477,2024-12-11,5,"Love the recommendation engine, it keeps suggesting shows I actually end up enjoying.",Positive
FB0000309,CUST000480,2026-04-30,4,The streaming quality has been excellent and the app feels much faster after the update.,Positive
FB0000310,CUST000483,2022-05-02,5,"Love the recommendation engine, it keeps suggesting shows I actually end up enjoying.",Negative
FB0000311,CUST000484,2025-06-13,3,The service is decent but the content library could use more variety in regional languages.,Neutral
FB0000312,CUST000485,2024-07-03,3,"Average experience overall, some months are better than others depending on new releases.",Neutral
FB0000313,CUST000485,2024-11-09,2,The app keeps crashing on my device and I have not been able to watch anything for days.,Negative
FB0000314,CUST000485,2025-02-13,5,Customer support resolved my issue quickly and the experience was smooth overall.,Positive
FB0000315,CUST000486,2023-04-02,5,The streaming quality has been excellent and the app feels much faster after the update.,Positive
FB0000316,CUST000487,2026-03-26,2,The app keeps crashing on my device and I have not been able to watch anything for days.,Negative
FB0000317,CUST000488,2026-05-14,5,"Love the recommendation engine, it keeps suggesting shows I actually end up enjoying.",Positive
FB0000318,CUST000490,2026-06-06,3,"It works fine most of the time, occasional buffering but nothing major to complain about.",Neutral
FB0000319,CUST000491,2026-04-12,5,"Love the recommendation engine, it keeps suggesting shows I actually end up enjoying.",Positive
FB0000320,CUST000491,2026-01-10,4,"Love the recommendation engine, it keeps suggesting shows I actually end up enjoying.",Positive
FB0000321,CUST000492,2023-01-03,1,The app keeps crashing on my device and I have not been able to watch anything for days.,Negative
FB0000322,CUST000493,2026-01-28,1,Constant buffering issues during peak hours have made this frustrating to use lately.,Negative
FB0000323,CUST000496,2024-05-29,3,"Average experience overall, some months are better than others depending on new releases.",Neutral
FB0000324,CUST000498,2023-08-28,3,"Average experience overall, some months are better than others depending on new releases.",Neutral
FB0000325,CUST000500,2022-10-21,5,"Great value for the price, my whole family uses different profiles without any issues.",Positive
FB0000326,CUST000504,2024-12-10,4,"Really happy with the content library, discovered several great shows this month.",Positive
FB0000327,CUST000505,2026-01-19,2,Constant buffering issues during peak hours have made this frustrating to use lately.,Negative
FB0000328,CUST000505,2024-06-08,5,The streaming quality has been excellent and the app feels much faster after the update.,Positive
FB0000329,CUST000506,2021-09-07,5,The streaming quality has been excellent and the app feels much faster after the update.,Positive
FB0000330,CUST000508,2025-10-05,3,"It works fine most of the time, occasional buffering but nothing major to complain about.",Neutral
FB0000331,CUST000509,2024-02-03,3,"It works fine most of the time, occasional buffering but nothing major to complain about.",Neutral
FB0000332,CUST000511,2023-04-26,4,"Love the recommendation engine, it keeps suggesting shows I actually end up enjoying.",Positive
FB0000333,CUST000512,2025-08-19,3,"Average experience overall, some months are better than others depending on new releases.",Neutral
FB0000334,CUST000513,2020-07-10,3,"Average experience overall, some months are better than others depending on new releases.",Neutral
FB0000335,CUST000515,2025-08-14,1,Constant buffering issues during peak hours have made this frustrating to use lately.,Negative
FB0000336,CUST000518,2024-11-14,5,"Love the recommendation engine, it keeps suggesting shows I actually end up enjoying.",Positive
FB0000337,CUST000520,2026-02-12,1,Constant buffering issues during peak hours have made this frustrating to use lately.,Negative
FB0000338,CUST000521,2025-03-15,3,"It works fine most of the time, occasional buffering but nothing major to complain about.",Neutral
FB0000339,CUST000524,2022-05-30,4,"Really happy with the content library, discovered several great shows this month.",Positive
FB0000340,CUST000525,2025-08-03,2,The app keeps crashing on my device and I have not been able to watch anything for days.,Neutral
FB0000341,CUST000525,2025-06-25,2,"Customer support took too long to respond to my billing complaint, very disappointing experience.",Negative
FB0000342,CUST000527,2025-12-24,3,"It works fine most of the time, occasional buffering but nothing major to complain about.",Neutral
FB0000343,CUST000533,2021-10-20,3,"Average experience overall, some months are better than others depending on new releases.",Neutral
FB0000344,CUST000534,2026-04-12,3,"It works fine most of the time, occasional buffering but nothing major to complain about.",Neutral
FB0000345,CUST000536,2024-03-25,2,"Customer support took too long to respond to my billing complaint, very disappointing experience.",Negative
FB0000346,CUST000541,2025-09-16,3,"It works fine most of the time, occasional buffering but nothing major to complain about.",Neutral
FB0000347,CUST000544,2025-01-17,3,"Average experience overall, some months are better than others depending on new releases.",Neutral
FB0000348,CUST000545,2024-12-15,2,Constant buffering issues during peak hours have made this frustrating to use lately.,Negative
FB0000349,CUST000547,2026-03-23,5,"Great value for the price, my whole family uses different profiles without any issues.",Positive
FB0000350,CUST000548,2021-09-08,3,The service is decent but the content library could use more variety in regional languages.,Neutral
FB0000351,CUST000548,2022-11-12,3,"Average experience overall, some months are better than others depending on new releases.",Neutral
FB0000352,CUST000554,2022-02-28,1,Constant buffering issues during peak hours have made this frustrating to use lately.,Negative
FB0000353,CUST000555,2025-03-07,3,"It works fine most of the time, occasional buffering but nothing major to complain about.",Neutral
FB0000354,CUST000555,2024-11-07,1,The app keeps crashing on my device and I have not been able to watch anything for days.,Negative
FB0000355,CUST000559,2025-06-12,5,Customer support resolved my issue quickly and the experience was smooth overall.,Positive
FB0000356,CUST000560,2026-05-16,3,"Average experience overall, some months are better than others depending on new releases.",Neutral
FB0000357,CUST000562,2025-05-31,4,The streaming quality has been excellent and the app feels much faster after the update.,Positive
FB0000358,CUST000565,2023-07-13,2,"Not enough new content being added, feels like I have already watched everything worth watching.",Neutral
FB0000359,CUST000566,2022-10-22,1,The app keeps crashing on my device and I have not been able to watch anything for days.,Positive
FB0000360,CUST000567,2025-04-30,1,"Not enough new content being added, feels like I have already watched everything worth watching.",Negative
FB0000361,CUST000569,2026-06-08,3,The service is decent but the content library could use more variety in regional languages.,Neutral
FB0000362,CUST000570,2026-04-22,2,"Not enough new content being added, feels like I have already watched everything worth watching.",Negative
FB0000363,CUST000572,2023-10-27,3,The service is decent but the content library could use more variety in regional languages.,Neutral
FB0000364,CUST000572,2024-10-04,3,The service is decent but the content library could use more variety in regional languages.,Neutral
FB0000365,CUST000572,2023-08-17,3,"Average experience overall, some months are better than others depending on new releases.",Neutral
FB0000366,CUST000572,2025-03-03,3,The service is decent but the content library could use more variety in regional languages.,Neutral
FB0000367,CUST000573,2023-06-21,3,"Average experience overall, some months are better than others depending on new releases.",Neutral
FB0000368,CUST000573,2024-09-11,1,Constant buffering issues during peak hours have made this frustrating to use lately.,Negative
FB0000369,CUST000574,2026-04-29,3,The service is decent but the content library could use more variety in regional languages.,Positive
FB0000370,CUST000574,2026-06-23,3,"It works fine most of the time, occasional buffering but nothing major to complain about.",Neutral
FB0000371,CUST000575,2021-09-21,1,"Customer support took too long to respond to my billing complaint, very disappointing experience.",Negative
FB0000372,CUST000575,2021-09-29,3,The service is decent but the content library could use more variety in regional languages.,Neutral
FB0000373,CUST000575,2023-08-27,1,"Customer support took too long to respond to my billing complaint, very disappointing experience.",Negative
FB0000374,CUST000575,2022-04-21,3,The service is decent but the content library could use more variety in regional languages.,Neutral
FB0000375,CUST000576,2024-02-14,5,"Really happy with the content library, discovered several great shows this month.",Positive
FB0000376,CUST000578,2020-11-09,4,The streaming quality has been excellent and the app feels much faster after the update.,Positive
FB0000377,CUST000581,2026-03-17,1,"Customer support took too long to respond to my billing complaint, very disappointing experience.",Negative
FB0000378,CUST000583,2025-11-12,2,Constant buffering issues during peak hours have made this frustrating to use lately.,Negative
FB0000379,CUST000583,2026-04-12,2,"Not enough new content being added, feels like I have already watched everything worth watching.",Negative
FB0000380,CUST000585,2024-04-30,1,Constant buffering issues during peak hours have made this frustrating to use lately.,Negative
FB0000381,CUST000586,2025-03-16,5,"Great value for the price, my whole family uses different profiles without any issues.",Positive
FB0000382,CUST000587,2023-11-18,3,"It works fine most of the time, occasional buffering but nothing major to complain about.",Neutral
FB0000383,CUST000587,2024-03-12,5,"Great value for the price, my whole family uses different profiles without any issues.",Neutral
FB0000384,CUST000589,2026-05-16,1,Cancelled my plan because the price increase was not worth the content available right now.,Negative
FB0000385,CUST000589,2026-03-17,2,Cancelled my plan because the price increase was not worth the content available right now.,Negative
FB0000386,CUST000590,2024-10-25,3,"It works fine most of the time, occasional buffering but nothing major to complain about.",Neutral
FB0000387,CUST000591,2026-06-21,4,Customer support resolved my issue quickly and the experience was smooth overall.,Positive
FB0000388,CUST000592,2024-01-11,3,The service is decent but the content library could use more variety in regional languages.,Neutral
FB0000389,CUST000592,2023-09-17,5,"Really happy with the content library, discovered several great shows this month.",Positive
FB0000390,CUST000594,2023-08-23,3,The service is decent but the content library could use more variety in regional languages.,Neutral
FB0000391,CUST000595,2025-06-22,3,"Average experience overall, some months are better than others depending on new releases.",Neutral
FB0000392,CUST000597,2023-10-26,3,"It works fine most of the time, occasional buffering but nothing major to complain about.",Neutral
FB0000393,CUST000597,2024-07-26,4,The streaming quality has been excellent and the app feels much faster after the update.,Positive
FB0000394,CUST000597,2024-08-01,2,Cancelled my plan because the price increase was not worth the content available right now.,Negative
FB0000395,CUST000598,2026-01-06,4,"Love the recommendation engine, it keeps suggesting shows I actually end up enjoying.",Positive
FB0000396,CUST000601,2025-09-20,5,"Great value for the price, my whole family uses different profiles without any issues.",Positive
FB0000397,CUST000601,2024-04-26,3,"It works fine most of the time, occasional buffering but nothing major to complain about.",Neutral
FB0000398,CUST000603,2024-02-13,3,The service is decent but the content library could use more variety in regional languages.,Neutral
FB0000399,CUST000605,2026-06-08,2,"Customer support took too long to respond to my billing complaint, very disappointing experience.",Negative
FB0000400,CUST000610,2026-04-22,1,Constant buffering issues during peak hours have made this frustrating to use lately.,Negative
FB0000401,CUST000612,2024-10-18,3,"Average experience overall, some months are better than others depending on new releases.",Neutral
FB0000402,CUST000612,2026-04-25,4,The streaming quality has been excellent and the app feels much faster after the update.,Positive
FB0000403,CUST000612,2021-08-10,5,"Really happy with the content library, discovered several great shows this month.",Positive
FB0000404,CUST000613,2025-09-07,3,"Average experience overall, some months are better than others depending on new releases.",Neutral
FB0000405,CUST000614,2023-10-15,4,"Really happy with the content library, discovered several great shows this month.",Positive
FB0000406,CUST000614,2020-12-05,2,"Customer support took too long to respond to my billing complaint, very disappointing experience.",Negative
FB0000407,CUST000615,2025-06-22,1,The app keeps crashing on my device and I have not been able to watch anything for days.,Negative
FB0000408,CUST000615,2020-10-27,3,"Average experience overall, some months are better than others depending on new releases.",Neutral
FB0000409,CUST000619,2025-09-01,4,The streaming quality has been excellent and the app feels much faster after the update.,Positive
FB0000410,CUST000620,2024-10-28,2,"Not enough new content being added, feels like I have already watched everything worth watching.",Negative
FB0000411,CUST000622,2024-09-02,4,Customer support resolved my issue quickly and the experience was smooth overall.,Positive
FB0000412,CUST000626,2023-08-12,3,"Average experience overall, some months are better than others depending on new releases.",Neutral
FB0000413,CUST000627,2025-01-26,3,"It works fine most of the time, occasional buffering but nothing major to complain about.",Neutral
FB0000414,CUST000627,2026-06-12,3,The service is decent but the content library could use more variety in regional languages.,Neutral
FB0000415,CUST000634,2020-12-29,3,The service is decent but the content library could use more variety in regional languages.,Neutral
FB0000416,CUST000636,2024-02-16,3,The service is decent but the content library could use more variety in regional languages.,Neutral
FB0000417,CUST000637,2020-10-08,3,"It works fine most of the time, occasional buffering but nothing major to complain about.",Neutral
FB0000418,CUST000640,2023-05-27,3,"It works fine most of the time, occasional buffering but nothing major to complain about.",Neutral
FB0000419,CUST000643,2026-06-23,2,"Not enough new content being added, feels like I have already watched everything worth watching.",Negative
FB0000420,CUST000643,2025-07-17,3,The service is decent but the content library could use more variety in regional languages.,Neutral
FB0000421,CUST000645,2021-09-19,2,The app keeps crashing on my device and I have not been able to watch anything for days.,Negative
FB0000422,CUST000646,2023-12-23,4,Customer support resolved my issue quickly and the experience was smooth overall.,Positive
FB0000423,CUST000647,2025-12-02,5,Customer support resolved my issue quickly and the experience was smooth overall.,Positive
FB0000424,CUST000649,2021-12-15,3,"It works fine most of the time, occasional buffering but nothing major to complain about.",Neutral
FB0000425,CUST000650,2025-09-05,5,"Great value for the price, my whole family uses different profiles without any issues.",Positive
FB0000426,CUST000651,2024-03-18,5,Customer support resolved my issue quickly and the experience was smooth overall.,Positive
FB0000427,CUST000651,2022-02-12,3,"Average experience overall, some months are better than others depending on new releases.",Neutral
FB0000428,CUST000656,2024-12-24,1,"Not enough new content being added, feels like I have already watched everything worth watching.",Negative
FB0000429,CUST000657,2025-12-18,3,"Average experience overall, some months are better than others depending on new releases.",Neutral
FB0000430,CUST000658,2026-03-26,1,The app keeps crashing on my device and I have not been able to watch anything for days.,Negative
FB0000431,CUST000661,2025-03-16,5,"Really happy with the content library, discovered several great shows this month.",Positive
FB0000432,CUST000663,2026-02-01,2,Constant buffering issues during peak hours have made this frustrating to use lately.,Negative
FB0000433,CUST000664,2022-05-25,2,"Not enough new content being added, feels like I have already watched everything worth watching.",Negative
FB0000434,CUST000664,2026-03-09,1,Constant buffering issues during peak hours have made this frustrating to use lately.,Negative
FB0000435,CUST000666,2026-03-15,5,Customer support resolved my issue quickly and the experience was smooth overall.,Positive
FB0000436,CUST000666,2026-04-22,5,Customer support resolved my issue quickly and the experience was smooth overall.,Positive
FB0000437,CUST000667,2025-06-26,5,"Really happy with the content library, discovered several great shows this month.",Positive
FB0000438,CUST000670,2025-10-15,1,"Not enough new content being added, feels like I have already watched everything worth watching.",Negative
FB0000439,CUST000674,2024-11-15,3,"Average experience overall, some months are better than others depending on new releases.",Neutral
FB0000440,CUST000674,2025-07-23,5,"Great value for the price, my whole family uses different profiles without any issues.",Positive
FB0000441,CUST000675,2024-10-05,4,"Great value for the price, my whole family uses different profiles without any issues.",Positive
FB0000442,CUST000676,2025-11-26,4,Customer support resolved my issue quickly and the experience was smooth overall.,Positive
FB0000443,CUST000679,2025-06-10,5,"Really happy with the content library, discovered several great shows this month.",Positive
FB0000444,CUST000679,2026-04-09,3,"Average experience overall, some months are better than others depending on new releases.",Neutral
FB0000445,CUST000681,2022-12-20,2,"Customer support took too long to respond to my billing complaint, very disappointing experience.",Negative
FB0000446,CUST000681,2024-10-18,5,Customer support resolved my issue quickly and the experience was smooth overall.,Positive
FB0000447,CUST000681,2026-04-19,4,Customer support resolved my issue quickly and the experience was smooth overall.,Positive
FB0000448,CUST000682,2025-04-20,2,Constant buffering issues during peak hours have made this frustrating to use lately.,Negative
FB0000449,CUST000689,2026-01-10,5,"Really happy with the content library, discovered several great shows this month.",Positive
FB0000450,CUST000692,2025-07-30,4,"Really happy with the content library, discovered several great shows this month.",Positive
FB0000451,CUST000693,2020-10-02,2,Cancelled my plan because the price increase was not worth the content available right now.,Negative
FB0000452,CUST000693,2021-05-21,5,The streaming quality has been excellent and the app feels much faster after the update.,Positive
FB0000453,CUST000694,2023-11-03,3,"It works fine most of the time, occasional buffering but nothing major to complain about.",Positive
FB0000454,CUST000694,2025-01-22,5,"Great value for the price, my whole family uses different profiles without any issues.",Positive
FB0000455,CUST000694,2024-09-08,4,"Really happy with the content library, discovered several great shows this month.",Positive
FB0000456,CUST000694,2025-11-01,3,"It works fine most of the time, occasional buffering but nothing major to complain about.",Neutral
FB0000457,CUST000694,2026-03-20,5,"Love the recommendation engine, it keeps suggesting shows I actually end up enjoying.",Positive
FB0000458,CUST000695,2026-05-07,2,Cancelled my plan because the price increase was not worth the content available right now.,Negative
FB0000459,CUST000696,2025-05-03,5,"Great value for the price, my whole family uses different profiles without any issues.",Neutral
FB0000460,CUST000701,2024-03-13,2,Cancelled my plan because the price increase was not worth the content available right now.,Negative
FB0000461,CUST000703,2025-09-17,3,The service is decent but the content library could use more variety in regional languages.,Neutral
FB0000462,CUST000704,2026-01-31,3,"Average experience overall, some months are better than others depending on new releases.",Neutral
FB0000463,CUST000707,2024-11-27,4,"Great value for the price, my whole family uses different profiles without any issues.",Neutral
FB0000464,CUST000709,2023-05-03,5,"Great value for the price, my whole family uses different profiles without any issues.",Positive
FB0000465,CUST000709,2025-05-26,5,"Great value for the price, my whole family uses different profiles without any issues.",Positive
FB0000466,CUST000711,2024-12-06,4,"Great value for the price, my whole family uses different profiles without any issues.",Positive
FB0000467,CUST000712,2026-06-21,5,"Love the recommendation engine, it keeps suggesting shows I actually end up enjoying.",Negative
FB0000468,CUST000712,2023-09-22,5,"Really happy with the content library, discovered several great shows this month.",Positive
FB0000469,CUST000715,2025-08-13,5,"Great value for the price, my whole family uses different profiles without any issues.",Neutral
FB0000470,CUST000717,2025-11-04,2,"Customer support took too long to respond to my billing complaint, very disappointing experience.",Negative
FB0000471,CUST000719,2025-09-22,1,"Not enough new content being added, feels like I have already watched everything worth watching.",Negative
FB0000472,CUST000719,2025-12-31,1,Cancelled my plan because the price increase was not worth the content available right now.,Negative
FB0000473,CUST000719,2026-02-22,1,"Not enough new content being added, feels like I have already watched everything worth watching.",Negative
FB0000474,CUST000720,2025-02-21,1,Constant buffering issues during peak hours have made this frustrating to use lately.,Negative
FB0000475,CUST000729,2023-09-24,4,Customer support resolved my issue quickly and the experience was smooth overall.,Neutral
FB0000476,CUST000729,2024-05-31,3,"Average experience overall, some months are better than others depending on new releases.",Neutral
FB0000477,CUST000733,2023-06-27,1,"Customer support took too long to respond to my billing complaint, very disappointing experience.",Negative
FB0000478,CUST000735,2024-10-11,2,Cancelled my plan because the price increase was not worth the content available right now.,Negative
FB0000479,CUST000735,2025-07-10,1,Constant buffering issues during peak hours have made this frustrating to use lately.,Negative
FB0000480,CUST000738,2025-01-30,5,"Great value for the price, my whole family uses different profiles without any issues.",Positive
FB0000481,CUST000738,2024-09-20,3,"It works fine most of the time, occasional buffering but nothing major to complain about.",Neutral
FB0000482,CUST000738,2025-02-17,5,"Great value for the price, my whole family uses different profiles without any issues.",Positive
FB0000483,CUST000739,2023-03-01,3,"It works fine most of the time, occasional buffering but nothing major to complain about.",Neutral
FB0000484,CUST000740,2023-08-22,3,The service is decent but the content library could use more variety in regional languages.,Neutral
FB0000485,CUST000742,2026-06-23,3,"It works fine most of the time, occasional buffering but nothing major to complain about.",Neutral
FB0000486,CUST000742,2026-05-30,5,Customer support resolved my issue quickly and the experience was smooth overall.,Positive
FB0000487,CUST000743,2022-10-02,3,"It works fine most of the time, occasional buffering but nothing major to complain about.",Neutral
FB0000488,CUST000743,2021-10-03,2,"Not enough new content being added, feels like I have already watched everything worth watching.",Negative
FB0000489,CUST000743,2024-08-05,3,"It works fine most of the time, occasional buffering but nothing major to complain about.",Neutral
FB0000490,CUST000744,2021-11-25,3,The service is decent but the content library could use more variety in regional languages.,Neutral
FB0000491,CUST000748,2025-08-02,3,"Average experience overall, some months are better than others depending on new releases.",Neutral
FB0000492,CUST000751,2021-12-31,5,"Great value for the price, my whole family uses different profiles without any issues.",Positive
FB0000493,CUST000751,2023-12-12,1,Cancelled my plan because the price increase was not worth the content available right now.,Negative
FB0000494,CUST000751,2023-09-29,1,Constant buffering issues during peak hours have made this frustrating to use lately.,Negative
FB0000495,CUST000752,2026-01-20,3,The service is decent but the content library could use more variety in regional languages.,Neutral
FB0000496,CUST000753,2025-04-23,3,"It works fine most of the time, occasional buffering but nothing major to complain about.",Neutral
FB0000497,CUST000753,2026-06-11,4,"Really happy with the content library, discovered several great shows this month.",Positive
FB0000498,CUST000753,2024-10-20,4,"Great value for the price, my whole family uses different profiles without any issues.",Positive
FB0000499,CUST000756,2025-12-10,5,"Really happy with the content library, discovered several great shows this month.",Positive
FB0000500,CUST000757,2023-09-14,3,The service is decent but the content library could use more variety in regional languages.,Neutral
FB0000501,CUST000757,2023-09-27,3,"Average experience overall, some months are better than others depending on new releases.",Neutral
FB0000502,CUST000759,2024-11-03,3,The service is decent but the content library could use more variety in regional languages.,Neutral
FB0000503,CUST000766,2019-10-20,5,"Love the recommendation engine, it keeps suggesting shows I actually end up enjoying.",Positive
FB0000504,CUST000766,2020-12-08,4,The streaming quality has been excellent and the app feels much faster after the update.,Positive
FB0000505,CUST000768,2026-01-16,2,Constant buffering issues during peak hours have made this frustrating to use lately.,Negative
FB0000506,CUST000772,2026-06-05,3,"Average experience overall, some months are better than others depending on new releases.",Neutral
FB0000507,CUST000772,2026-05-02,4,"Love the recommendation engine, it keeps suggesting shows I actually end up enjoying.",Positive
FB0000508,CUST000774,2024-07-28,1,"Not enough new content being added, feels like I have already watched everything worth watching.",Negative
FB0000509,CUST000774,2025-09-12,3,"It works fine most of the time, occasional buffering but nothing major to complain about.",Neutral
FB0000510,CUST000776,2021-09-28,2,"Not enough new content being added, feels like I have already watched everything worth watching.",Negative
FB0000511,CUST000778,2024-11-03,5,"Really happy with the content library, discovered several great shows this month.",Positive
FB0000512,CUST000779,2024-08-01,3,"It works fine most of the time, occasional buffering but nothing major to complain about.",Neutral
FB0000513,CUST000780,2026-05-06,3,"Average experience overall, some months are better than others depending on new releases.",Neutral
FB0000514,CUST000780,2026-06-06,5,"Great value for the price, my whole family uses different profiles without any issues.",Positive
FB0000515,CUST000781,2025-07-24,2,"Customer support took too long to respond to my billing complaint, very disappointing experience.",Negative
FB0000516,CUST000784,2026-03-30,1,"Not enough new content being added, feels like I have already watched everything worth watching.",Negative
FB0000517,CUST000785,2025-11-30,3,"Average experience overall, some months are better than others depending on new releases.",Neutral
FB0000518,CUST000785,2026-02-01,1,"Not enough new content being added, feels like I have already watched everything worth watching.",Negative
FB0000519,CUST000786,2026-05-18,4,The streaming quality has been excellent and the app feels much faster after the update.,Positive
FB0000520,CUST000788,2024-03-24,3,"Average experience overall, some months are better than others depending on new releases.",Neutral
FB0000521,CUST000790,2026-06-28,3,The service is decent but the content library could use more variety in regional languages.,Neutral
FB0000522,CUST000790,2026-04-29,3,The service is decent but the content library could use more variety in regional languages.,Neutral
FB0000523,CUST000791,2024-03-10,3,"Average experience overall, some months are better than others depending on new releases.",Neutral
FB0000524,CUST000793,2025-07-22,2,Cancelled my plan because the price increase was not worth the content available right now.,Negative
FB0000525,CUST000796,2025-09-16,4,"Love the recommendation engine, it keeps suggesting shows I actually end up enjoying.",Positive
FB0000526,CUST000801,2021-10-24,3,"Average experience overall, some months are better than others depending on new releases.",Neutral
FB0000527,CUST000803,2021-09-09,1,Constant buffering issues during peak hours have made this frustrating to use lately.,Negative
FB0000528,CUST000803,2021-08-10,3,The service is decent but the content library could use more variety in regional languages.,Neutral
FB0000529,CUST000806,2023-04-13,4,"Really happy with the content library, discovered several great shows this month.",Positive
FB0000530,CUST000808,2023-08-05,4,The streaming quality has been excellent and the app feels much faster after the update.,Positive
FB0000531,CUST000809,2025-07-20,4,"Great value for the price, my whole family uses different profiles without any issues.",Positive
FB0000532,CUST000809,2025-10-21,2,Constant buffering issues during peak hours have made this frustrating to use lately.,Positive
FB0000533,CUST000810,2025-08-24,1,Cancelled my plan because the price increase was not worth the content available right now.,Negative
FB0000534,CUST000810,2025-08-28,4,"Love the recommendation engine, it keeps suggesting shows I actually end up enjoying.",Positive
FB0000535,CUST000812,2024-07-27,5,Customer support resolved my issue quickly and the experience was smooth overall.,Positive
FB0000536,CUST000815,2026-06-27,3,The service is decent but the content library could use more variety in regional languages.,Neutral
FB0000537,CUST000815,2026-01-09,4,"Really happy with the content library, discovered several great shows this month.",Positive
FB0000538,CUST000815,2026-06-22,5,Customer support resolved my issue quickly and the experience was smooth overall.,Positive
FB0000539,CUST000815,2026-04-19,1,The app keeps crashing on my device and I have not been able to watch anything for days.,Negative
FB0000540,CUST000817,2025-08-28,3,"It works fine most of the time, occasional buffering but nothing major to complain about.",Neutral
FB0000541,CUST000821,2026-06-21,3,The service is decent but the content library could use more variety in regional languages.,Positive
FB0000542,CUST000821,2025-12-22,3,The service is decent but the content library could use more variety in regional languages.,Neutral
FB0000543,CUST000825,2025-02-16,1,"Customer support took too long to respond to my billing complaint, very disappointing experience.",Negative
FB0000544,CUST000826,2025-06-16,4,"Great value for the price, my whole family uses different profiles without any issues.",Positive
FB0000545,CUST000828,2023-09-09,3,The service is decent but the content library could use more variety in regional languages.,Neutral
FB0000546,CUST000829,2023-04-07,3,"Average experience overall, some months are better than others depending on new releases.",Neutral
FB0000547,CUST000829,2025-10-16,4,"Really happy with the content library, discovered several great shows this month.",Positive
FB0000548,CUST000830,2021-01-30,3,"It works fine most of the time, occasional buffering but nothing major to complain about.",Neutral
FB0000549,CUST000834,2023-05-10,4,"Love the recommendation engine, it keeps suggesting shows I actually end up enjoying.",Positive
FB0000550,CUST000835,2021-12-16,3,The service is decent but the content library could use more variety in regional languages.,Neutral
FB0000551,CUST000835,2022-04-25,4,"Love the recommendation engine, it keeps suggesting shows I actually end up enjoying.",Positive
FB0000552,CUST000835,2022-03-27,3,"It works fine most of the time, occasional buffering but nothing major to complain about.",Neutral
FB0000553,CUST000836,2026-03-23,3,The service is decent but the content library could use more variety in regional languages.,Neutral
FB0000554,CUST000836,2025-10-30,4,"Love the recommendation engine, it keeps suggesting shows I actually end up enjoying.",Positive
FB0000555,CUST000836,2023-12-15,5,Customer support resolved my issue quickly and the experience was smooth overall.,Positive
FB0000556,CUST000836,2023-08-05,3,"It works fine most of the time, occasional buffering but nothing major to complain about.",Neutral
FB0000557,CUST000836,2024-08-17,5,"Love the recommendation engine, it keeps suggesting shows I actually end up enjoying.",Positive
FB0000558,CUST000837,2025-02-25,3,"It works fine most of the time, occasional buffering but nothing major to complain about.",Neutral
FB0000559,CUST000837,2023-04-09,3,"It works fine most of the time, occasional buffering but nothing major to complain about.",Neutral
FB0000560,CUST000838,2019-11-17,4,"Really happy with the content library, discovered several great shows this month.",Positive
FB0000561,CUST000842,2024-08-03,2,"Not enough new content being added, feels like I have already watched everything worth watching.",Negative
FB0000562,CUST000844,2023-08-23,5,The streaming quality has been excellent and the app feels much faster after the update.,Positive
FB0000563,CUST000844,2021-08-11,3,"It works fine most of the time, occasional buffering but nothing major to complain about.",Neutral
FB0000564,CUST000846,2025-11-18,4,The streaming quality has been excellent and the app feels much faster after the update.,Positive
FB0000565,CUST000847,2021-06-23,5,Customer support resolved my issue quickly and the experience was smooth overall.,Negative
FB0000566,CUST000847,2020-06-05,3,The service is decent but the content library could use more variety in regional languages.,Neutral
FB0000567,CUST000848,2025-09-05,4,"Great value for the price, my whole family uses different profiles without any issues.",Positive
FB0000568,CUST000850,2026-02-17,4,"Great value for the price, my whole family uses different profiles without any issues.",Positive
FB0000569,CUST000853,2025-11-13,4,Customer support resolved my issue quickly and the experience was smooth overall.,Positive
FB0000570,CUST000855,2026-04-28,2,Constant buffering issues during peak hours have made this frustrating to use lately.,Negative
FB0000571,CUST000857,2025-10-01,3,"Average experience overall, some months are better than others depending on new releases.",Negative
FB0000572,CUST000858,2024-03-06,3,"It works fine most of the time, occasional buffering but nothing major to complain about.",Neutral
FB0000573,CUST000858,2023-12-01,3,"Average experience overall, some months are better than others depending on new releases.",Neutral
FB0000574,CUST000859,2023-07-02,3,"Average experience overall, some months are better than others depending on new releases.",Neutral
FB0000575,CUST000861,2025-11-05,4,The streaming quality has been excellent and the app feels much faster after the update.,Positive
FB0000576,CUST000864,2024-07-29,4,Customer support resolved my issue quickly and the experience was smooth overall.,Positive
FB0000577,CUST000865,2025-12-15,3,The service is decent but the content library could use more variety in regional languages.,Neutral
FB0000578,CUST000870,2022-02-09,4,"Really happy with the content library, discovered several great shows this month.",Positive
FB0000579,CUST000876,2019-11-09,3,The service is decent but the content library could use more variety in regional languages.,Neutral
FB0000580,CUST000882,2026-01-05,3,The service is decent but the content library could use more variety in regional languages.,Negative
FB0000581,CUST000882,2024-12-10,1,The app keeps crashing on my device and I have not been able to watch anything for days.,Negative
FB0000582,CUST000884,2024-12-18,4,Customer support resolved my issue quickly and the experience was smooth overall.,Positive
FB0000583,CUST000885,2026-01-03,5,"Love the recommendation engine, it keeps suggesting shows I actually end up enjoying.",Positive
FB0000584,CUST000888,2026-03-25,2,Constant buffering issues during peak hours have made this frustrating to use lately.,Negative
FB0000585,CUST000890,2020-03-07,5,"Really happy with the content library, discovered several great shows this month.",Positive
FB0000586,CUST000890,2021-01-19,4,"Love the recommendation engine, it keeps suggesting shows I actually end up enjoying.",Positive
FB0000587,CUST000890,2026-06-10,3,The service is decent but the content library could use more variety in regional languages.,Positive
FB0000588,CUST000894,2021-02-16,5,"Great value for the price, my whole family uses different profiles without any issues.",Positive
FB0000589,CUST000894,2024-11-10,4,"Really happy with the content library, discovered several great shows this month.",Positive
FB0000590,CUST000896,2025-12-08,3,"Average experience overall, some months are better than others depending on new releases.",Neutral
FB0000591,CUST000896,2025-10-10,3,"Average experience overall, some months are better than others depending on new releases.",Neutral
FB0000592,CUST000901,2026-03-02,1,"Not enough new content being added, feels like I have already watched everything worth watching.",Negative
FB0000593,CUST000903,2020-01-22,3,"It works fine most of the time, occasional buffering but nothing major to complain about.",Neutral
FB0000594,CUST000905,2024-07-02,1,"Customer support took too long to respond to my billing complaint, very disappointing experience.",Negative
FB0000595,CUST000907,2022-02-18,3,The service is decent but the content library could use more variety in regional languages.,Neutral
FB0000596,CUST000912,2023-12-21,3,"Average experience overall, some months are better than others depending on new releases.",Neutral
FB0000597,CUST000914,2022-08-27,4,"Love the recommendation engine, it keeps suggesting shows I actually end up enjoying.",Positive
FB0000598,CUST000916,2025-12-12,1,Constant buffering issues during peak hours have made this frustrating to use lately.,Negative
FB0000599,CUST000917,2024-02-04,2,Cancelled my plan because the price increase was not worth the content available right now.,Negative
FB0000600,CUST000921,2026-05-05,1,The app keeps crashing on my device and I have not been able to watch anything for days.,Negative
FB0000601,CUST000922,2026-05-17,5,"Really happy with the content library, discovered several great shows this month.",Positive
FB0000602,CUST000922,2026-05-06,3,"Average experience overall, some months are better than others depending on new releases.",Neutral
FB0000603,CUST000925,2024-10-04,5,"Really happy with the content library, discovered several great shows this month.",Positive
FB0000604,CUST000925,2026-03-28,3,"Average experience overall, some months are better than others depending on new releases.",Neutral
FB0000605,CUST000927,2025-03-01,2,"Not enough new content being added, feels like I have already watched everything worth watching.",Negative
FB0000606,CUST000928,2020-07-29,3,The service is decent but the content library could use more variety in regional languages.,Neutral
FB0000607,CUST000929,2024-07-16,3,"Average experience overall, some months are better than others depending on new releases.",Neutral
FB0000608,CUST000929,2023-02-20,4,"Great value for the price, my whole family uses different profiles without any issues.",Positive
FB0000609,CUST000929,2022-06-01,2,Cancelled my plan because the price increase was not worth the content available right now.,Negative
FB0000610,CUST000930,2025-07-30,4,"Really happy with the content library, discovered several great shows this month.",Negative
FB0000611,CUST000933,2024-01-04,3,"Average experience overall, some months are better than others depending on new releases.",Neutral
FB0000612,CUST000935,2022-03-02,4,"Love the recommendation engine, it keeps suggesting shows I actually end up enjoying.",Positive
FB0000613,CUST000936,2026-06-24,5,"Really happy with the content library, discovered several great shows this month.",Positive
FB0000614,CUST000939,2024-05-03,1,Constant buffering issues during peak hours have made this frustrating to use lately.,Negative
FB0000615,CUST000941,2022-07-05,5,"Really happy with the content library, discovered several great shows this month.",Positive
FB0000616,CUST000945,2026-03-17,4,"Great value for the price, my whole family uses different profiles without any issues.",Negative
FB0000617,CUST000946,2025-06-29,4,"Love the recommendation engine, it keeps suggesting shows I actually end up enjoying.",Positive
FB0000618,CUST000950,2024-08-15,3,"It works fine most of the time, occasional buffering but nothing major to complain about.",Neutral
FB0000619,CUST000950,2026-01-08,2,Constant buffering issues during peak hours have made this frustrating to use lately.,Negative
FB0000620,CUST000950,2025-06-07,3,The service is decent but the content library could use more variety in regional languages.,Neutral
FB0000621,CUST000950,2025-09-15,4,Customer support resolved my issue quickly and the experience was smooth overall.,Positive
FB0000622,CUST000952,2024-03-05,5,The streaming quality has been excellent and the app feels much faster after the update.,Positive
FB0000623,CUST000956,2021-11-25,1,Constant buffering issues during peak hours have made this frustrating to use lately.,Negative
FB0000624,CUST000957,2023-11-28,5,Customer support resolved my issue quickly and the experience was smooth overall.,Positive
FB0000625,CUST000958,2024-11-06,5,The streaming quality has been excellent and the app feels much faster after the update.,Positive
FB0000626,CUST000958,2026-04-11,2,"Customer support took too long to respond to my billing complaint, very disappointing experience.",Negative
FB0000627,CUST000961,2022-02-27,3,"Average experience overall, some months are better than others depending on new releases.",Neutral
FB0000628,CUST000962,2026-04-02,3,The service is decent but the content library could use more variety in regional languages.,Neutral
FB0000629,CUST000962,2026-04-04,4,"Great value for the price, my whole family uses different profiles without any issues.",Positive
FB0000630,CUST000971,2025-09-11,5,"Love the recommendation engine, it keeps suggesting shows I actually end up enjoying.",Positive
FB0000631,CUST000972,2020-12-27,4,"Love the recommendation engine, it keeps suggesting shows I actually end up enjoying.",Positive
FB0000632,CUST000972,2020-12-16,2,The app keeps crashing on my device and I have not been able to watch anything for days.,Negative
FB0000633,CUST000972,2024-05-09,4,"Love the recommendation engine, it keeps suggesting shows I actually end up enjoying.",Positive
FB0000634,CUST000975,2023-05-06,5,"Love the recommendation engine, it keeps suggesting shows I actually end up enjoying.",Positive
FB0000635,CUST000977,2024-11-20,3,The service is decent but the content library could use more variety in regional languages.,Neutral
FB0000636,CUST000978,2026-01-26,1,The app keeps crashing on my device and I have not been able to watch anything for days.,Negative
FB0000637,CUST000979,2019-07-16,3,The service is decent but the content library could use more variety in regional languages.,Neutral
FB0000638,CUST000983,2026-04-06,4,Customer support resolved my issue quickly and the experience was smooth overall.,Positive
FB0000639,CUST000985,2026-01-30,2,The app keeps crashing on my device and I have not been able to watch anything for days.,Negative
FB0000640,CUST000986,2025-04-10,2,"Customer support took too long to respond to my billing complaint, very disappointing experience.",Negative
FB0000641,CUST000988,2024-12-01,3,The service is decent but the content library could use more variety in regional languages.,Neutral
FB0000642,CUST000988,2026-01-31,5,"Love the recommendation engine, it keeps suggesting shows I actually end up enjoying.",Positive
FB0000643,CUST000988,2026-05-17,1,"Customer support took too long to respond to my billing complaint, very disappointing experience.",Negative
FB0000644,CUST000988,2024-06-15,2,The app keeps crashing on my device and I have not been able to watch anything for days.,Negative
FB0000645,CUST000988,2024-04-17,4,"Love the recommendation engine, it keeps suggesting shows I actually end up enjoying.",Positive
FB0000646,CUST000988,2024-12-07,2,"Not enough new content being added, feels like I have already watched everything worth watching.",Negative
FB0000647,CUST000988,2025-09-11,2,"Not enough new content being added, feels like I have already watched everything worth watching.",Negative
FB0000648,CUST000989,2025-06-01,3,The service is decent but the content library could use more variety in regional languages.,Neutral
FB0000649,CUST000993,2026-05-01,4,Customer support resolved my issue quickly and the experience was smooth overall.,Positive
FB0000650,CUST000993,2025-11-15,3,"Average experience overall, some months are better than others depending on new releases.",Neutral
FB0000651,CUST000998,2020-06-02,5,"Really happy with the content library, discovered several great shows this month.",Positive
FB0000652,CUST001000,2025-07-21,2,"Not enough new content being added, feels like I have already watched everything worth watching.",Positive
FB0000653,CUST001000,2025-01-11,5,Customer support resolved my issue quickly and the experience was smooth overall.,Positive
FB0000654,CUST001002,2024-11-19,3,"Average experience overall, some months are better than others depending on new releases.",Neutral
FB0000655,CUST001003,2023-05-15,3,The service is decent but the content library could use more variety in regional languages.,Neutral
FB0000656,CUST001003,2021-12-23,2,Constant buffering issues during peak hours have made this frustrating to use lately.,Negative
FB0000657,CUST001003,2022-06-30,3,"It works fine most of the time, occasional buffering but nothing major to complain about.",Neutral
FB0000658,CUST001003,2023-05-11,5,"Really happy with the content library, discovered several great shows this month.",Positive
FB0000659,CUST001003,2019-06-13,2,The app keeps crashing on my device and I have not been able to watch anything for days.,Negative
FB0000660,CUST001004,2021-03-09,2,Constant buffering issues during peak hours have made this frustrating to use lately.,Negative
FB0000661,CUST001006,2026-05-29,2,Constant buffering issues during peak hours have made this frustrating to use lately.,Negative
FB0000662,CUST001007,2025-02-24,3,"It works fine most of the time, occasional buffering but nothing major to complain about.",Positive
FB0000663,CUST001010,2025-04-01,3,"It works fine most of the time, occasional buffering but nothing major to complain about.",Neutral
FB0000664,CUST001012,2026-04-11,4,"Great value for the price, my whole family uses different profiles without any issues.",Positive
FB0000665,CUST001015,2023-06-18,4,The streaming quality has been excellent and the app feels much faster after the update.,Positive
FB0000666,CUST001016,2024-09-06,3,"It works fine most of the time, occasional buffering but nothing major to complain about.",Neutral
FB0000667,CUST001018,2022-06-08,1,Cancelled my plan because the price increase was not worth the content available right now.,Negative
FB0000668,CUST001019,2025-07-05,4,"Great value for the price, my whole family uses different profiles without any issues.",Positive
FB0000669,CUST001019,2021-11-25,3,"Average experience overall, some months are better than others depending on new releases.",Neutral
FB0000670,CUST001026,2025-04-16,4,"Great value for the price, my whole family uses different profiles without any issues.",Positive
FB0000671,CUST001027,2024-05-16,1,Constant buffering issues during peak hours have made this frustrating to use lately.,Negative
FB0000672,CUST001031,2024-01-08,4,"Love the recommendation engine, it keeps suggesting shows I actually end up enjoying.",Positive
FB0000673,CUST001031,2026-05-08,3,"Average experience overall, some months are better than others depending on new releases.",Neutral
FB0000674,CUST001031,2024-07-31,1,"Not enough new content being added, feels like I have already watched everything worth watching.",Negative
FB0000675,CUST001040,2023-02-05,2,"Not enough new content being added, feels like I have already watched everything worth watching.",Negative
FB0000676,CUST001040,2023-06-21,1,Constant buffering issues during peak hours have made this frustrating to use lately.,Negative
FB0000677,CUST001041,2024-04-16,5,Customer support resolved my issue quickly and the experience was smooth overall.,Positive
FB0000678,CUST001043,2023-07-06,4,The streaming quality has been excellent and the app feels much faster after the update.,Positive
FB0000679,CUST001043,2023-06-21,1,Cancelled my plan because the price increase was not worth the content available right now.,Negative
FB0000680,CUST001045,2025-05-23,4,The streaming quality has been excellent and the app feels much faster after the update.,Positive
FB0000681,CUST001048,2025-09-19,3,"It works fine most of the time, occasional buffering but nothing major to complain about.",Neutral
FB0000682,CUST001051,2022-05-13,4,"Love the recommendation engine, it keeps suggesting shows I actually end up enjoying.",Positive
FB0000683,CUST001053,2026-02-19,4,The streaming quality has been excellent and the app feels much faster after the update.,Positive
FB0000684,CUST001058,2025-04-02,4,Customer support resolved my issue quickly and the experience was smooth overall.,Positive
FB0000685,CUST001060,2024-03-17,5,The streaming quality has been excellent and the app feels much faster after the update.,Positive
FB0000686,CUST001061,2025-09-11,3,"It works fine most of the time, occasional buffering but nothing major to complain about.",Neutral
FB0000687,CUST001062,2026-06-23,2,"Customer support took too long to respond to my billing complaint, very disappointing experience.",Negative
FB0000688,CUST001064,2026-06-10,3,"It works fine most of the time, occasional buffering but nothing major to complain about.",Neutral
FB0000689,CUST001066,2026-05-01,5,"Love the recommendation engine, it keeps suggesting shows I actually end up enjoying.",Positive
FB0000690,CUST001067,2026-04-10,3,The service is decent but the content library could use more variety in regional languages.,Positive
FB0000691,CUST001067,2026-04-24,3,"It works fine most of the time, occasional buffering but nothing major to complain about.",Neutral
FB0000692,CUST001069,2026-05-21,2,Constant buffering issues during peak hours have made this frustrating to use lately.,Negative
FB0000693,CUST001072,2025-12-31,1,"Customer support took too long to respond to my billing complaint, very disappointing experience.",Negative
FB0000694,CUST001072,2025-11-20,1,The app keeps crashing on my device and I have not been able to watch anything for days.,Negative
FB0000695,CUST001072,2026-06-27,1,Constant buffering issues during peak hours have made this frustrating to use lately.,Negative
FB0000696,CUST001073,2023-04-05,3,The service is decent but the content library could use more variety in regional languages.,Neutral
FB0000697,CUST001073,2022-08-25,3,"Average experience overall, some months are better than others depending on new releases.",Neutral
FB0000698,CUST001077,2023-07-15,1,The app keeps crashing on my device and I have not been able to watch anything for days.,Negative
FB0000699,CUST001081,2024-10-27,5,The streaming quality has been excellent and the app feels much faster after the update.,Positive
FB0000700,CUST001084,2025-06-04,5,"Great value for the price, my whole family uses different profiles without any issues.",Negative
FB0000701,CUST001087,2026-06-03,4,"Really happy with the content library, discovered several great shows this month.",Positive
FB0000702,CUST001088,2026-06-19,3,The service is decent but the content library could use more variety in regional languages.,Neutral
FB0000703,CUST001090,2023-12-13,1,Cancelled my plan because the price increase was not worth the content available right now.,Negative
FB0000704,CUST001091,2024-07-18,2,Constant buffering issues during peak hours have made this frustrating to use lately.,Negative
FB0000705,CUST001091,2024-02-24,3,"It works fine most of the time, occasional buffering but nothing major to complain about.",Neutral
FB0000706,CUST001093,2024-08-20,5,"Great value for the price, my whole family uses different profiles without any issues.",Neutral
FB0000707,CUST001094,2024-06-13,1,Cancelled my plan because the price increase was not worth the content available right now.,Negative
FB0000708,CUST001095,2025-12-02,4,Customer support resolved my issue quickly and the experience was smooth overall.,Positive
FB0000709,CUST001096,2024-10-12,5,Customer support resolved my issue quickly and the experience was smooth overall.,Positive
FB0000710,CUST001098,2026-01-19,4,"Really happy with the content library, discovered several great shows this month.",Positive
FB0000711,CUST001100,2022-06-26,4,Customer support resolved my issue quickly and the experience was smooth overall.,Positive
FB0000712,CUST001100,2022-02-26,5,"Love the recommendation engine, it keeps suggesting shows I actually end up enjoying.",Positive
FB0000713,CUST001102,2026-04-29,5,Customer support resolved my issue quickly and the experience was smooth overall.,Positive
FB0000714,CUST001103,2024-06-14,3,The service is decent but the content library could use more variety in regional languages.,Neutral
FB0000715,CUST001103,2023-01-21,3,"Average experience overall, some months are better than others depending on new releases.",Neutral
FB0000716,CUST001104,2022-08-28,4,The streaming quality has been excellent and the app feels much faster after the update.,Positive
FB0000717,CUST001105,2020-09-16,1,Constant buffering issues during peak hours have made this frustrating to use lately.,Negative
FB0000718,CUST001106,2025-04-19,3,The service is decent but the content library could use more variety in regional languages.,Neutral
FB0000719,CUST001115,2024-12-07,3,"Average experience overall, some months are better than others depending on new releases.",Neutral
FB0000720,CUST001121,2022-07-25,2,Cancelled my plan because the price increase was not worth the content available right now.,Negative
FB0000721,CUST001123,2025-05-16,1,"Customer support took too long to respond to my billing complaint, very disappointing experience.",Negative
FB0000722,CUST001124,2026-05-11,2,"Not enough new content being added, feels like I have already watched everything worth watching.",Negative
FB0000723,CUST001125,2026-04-23,4,"Love the recommendation engine, it keeps suggesting shows I actually end up enjoying.",Positive
FB0000724,CUST001126,2026-04-21,4,"Love the recommendation engine, it keeps suggesting shows I actually end up enjoying.",Positive
FB0000725,CUST001127,2022-11-05,5,"Really happy with the content library, discovered several great shows this month.",Positive
FB0000726,CUST001131,2024-03-12,3,"It works fine most of the time, occasional buffering but nothing major to complain about.",Neutral
FB0000727,CUST001131,2023-10-28,2,The app keeps crashing on my device and I have not been able to watch anything for days.,Negative
FB0000728,CUST001131,2024-12-16,1,The app keeps crashing on my device and I have not been able to watch anything for days.,Negative
FB0000729,CUST001135,2022-12-09,2,"Customer support took too long to respond to my billing complaint, very disappointing experience.",Negative
FB0000730,CUST001135,2025-09-14,2,Constant buffering issues during peak hours have made this frustrating to use lately.,Negative
FB0000731,CUST001136,2023-09-30,2,The app keeps crashing on my device and I have not been able to watch anything for days.,Negative
FB0000732,CUST001139,2024-10-26,2,"Not enough new content being added, feels like I have already watched everything worth watching.",Negative
FB0000733,CUST001139,2026-06-28,3,"Average experience overall, some months are better than others depending on new releases.",Neutral
FB0000734,CUST001139,2025-10-21,1,Cancelled my plan because the price increase was not worth the content available right now.,Negative
FB0000735,CUST001139,2025-03-18,5,"Really happy with the content library, discovered several great shows this month.",Positive
FB0000736,CUST001139,2025-10-21,5,Customer support resolved my issue quickly and the experience was smooth overall.,Positive
FB0000737,CUST001140,2025-07-11,4,"Really happy with the content library, discovered several great shows this month.",Positive
FB0000738,CUST001146,2022-02-18,2,"Customer support took too long to respond to my billing complaint, very disappointing experience.",Negative
FB0000739,CUST001147,2025-12-14,3,"Average experience overall, some months are better than others depending on new releases.",Neutral
FB0000740,CUST001149,2026-04-06,3,"Average experience overall, some months are better than others depending on new releases.",Neutral
FB0000741,CUST001150,2026-01-09,5,Customer support resolved my issue quickly and the experience was smooth overall.,Positive
FB0000742,CUST001150,2023-05-19,4,The streaming quality has been excellent and the app feels much faster after the update.,Positive
FB0000743,CUST001156,2025-02-04,4,"Really happy with the content library, discovered several great shows this month.",Positive
FB0000744,CUST001159,2023-06-10,2,"Not enough new content being added, feels like I have already watched everything worth watching.",Negative
FB0000745,CUST001159,2025-05-10,3,The service is decent but the content library could use more variety in regional languages.,Neutral
FB0000746,CUST001159,2026-02-08,3,"Average experience overall, some months are better than others depending on new releases.",Neutral
FB0000747,CUST001161,2026-04-05,3,"Average experience overall, some months are better than others depending on new releases.",Neutral
FB0000748,CUST001162,2024-12-23,5,Customer support resolved my issue quickly and the experience was smooth overall.,Positive
FB0000749,CUST001162,2026-03-21,5,"Really happy with the content library, discovered several great shows this month.",Positive
FB0000750,CUST001164,2022-09-28,5,Customer support resolved my issue quickly and the experience was smooth overall.,Positive
FB0000751,CUST001165,2020-09-05,3,"Average experience overall, some months are better than others depending on new releases.",Neutral
FB0000752,CUST001167,2026-05-16,4,"Love the recommendation engine, it keeps suggesting shows I actually end up enjoying.",Positive
FB0000753,CUST001167,2026-06-23,3,"Average experience overall, some months are better than others depending on new releases.",Neutral
FB0000754,CUST001167,2026-05-15,5,"Love the recommendation engine, it keeps suggesting shows I actually end up enjoying.",Positive
FB0000755,CUST001167,2026-06-01,5,"Love the recommendation engine, it keeps suggesting shows I actually end up enjoying.",Positive
FB0000756,CUST001171,2026-06-21,4,"Really happy with the content library, discovered several great shows this month.",Positive
FB0000757,CUST001177,2026-05-20,3,"Average experience overall, some months are better than others depending on new releases.",Neutral
FB0000758,CUST001178,2025-10-12,5,"Really happy with the content library, discovered several great shows this month.",Positive
FB0000759,CUST001180,2024-12-08,2,"Customer support took too long to respond to my billing complaint, very disappointing experience.",Negative
FB0000760,CUST001184,2023-07-16,1,"Not enough new content being added, feels like I have already watched everything worth watching.",Negative
FB0000761,CUST001186,2025-12-22,1,The app keeps crashing on my device and I have not been able to watch anything for days.,Negative
FB0000762,CUST001189,2025-03-05,5,"Great value for the price, my whole family uses different profiles without any issues.",Positive
FB0000763,CUST001190,2025-10-05,3,The service is decent but the content library could use more variety in regional languages.,Neutral
FB0000764,CUST001190,2026-03-05,3,"It works fine most of the time, occasional buffering but nothing major to complain about.",Neutral
FB0000765,CUST001192,2024-05-22,3,"It works fine most of the time, occasional buffering but nothing major to complain about.",Neutral
FB0000766,CUST001193,2025-10-31,5,The streaming quality has been excellent and the app feels much faster after the update.,Positive
FB0000767,CUST001195,2026-05-02,3,The service is decent but the content library could use more variety in regional languages.,Neutral
FB0000768,CUST001196,2025-08-29,4,The streaming quality has been excellent and the app feels much faster after the update.,Positive
FB0000769,CUST001198,2022-07-17,5,"Love the recommendation engine, it keeps suggesting shows I actually end up enjoying.",Positive
FB0000770,CUST001201,2026-01-17,5,"Really happy with the content library, discovered several great shows this month.",Positive
FB0000771,CUST001201,2026-05-29,3,"It works fine most of the time, occasional buffering but nothing major to complain about.",Neutral
FB0000772,CUST001202,2022-12-04,4,Customer support resolved my issue quickly and the experience was smooth overall.,Positive
FB0000773,CUST001203,2024-12-17,2,The app keeps crashing on my device and I have not been able to watch anything for days.,Negative
FB0000774,CUST001204,2024-06-30,2,Constant buffering issues during peak hours have made this frustrating to use lately.,Negative
FB0000775,CUST001205,2024-03-30,1,Constant buffering issues during peak hours have made this frustrating to use lately.,Negative
FB0000776,CUST001206,2023-06-16,1,Cancelled my plan because the price increase was not worth the content available right now.,Negative
FB0000777,CUST001211,2021-11-29,3,"It works fine most of the time, occasional buffering but nothing major to complain about.",Neutral
FB0000778,CUST001211,2024-11-24,3,The service is decent but the content library could use more variety in regional languages.,Neutral
FB0000779,CUST001213,2022-12-06,3,"Average experience overall, some months are better than others depending on new releases.",Neutral
FB0000780,CUST001215,2024-02-06,1,Cancelled my plan because the price increase was not worth the content available right now.,Negative
FB0000781,CUST001216,2025-10-27,4,"Great value for the price, my whole family uses different profiles without any issues.",Neutral
FB0000782,CUST001218,2023-12-17,3,"It works fine most of the time, occasional buffering but nothing major to complain about.",Neutral
FB0000783,CUST001219,2026-03-14,5,"Great value for the price, my whole family uses different profiles without any issues.",Positive
FB0000784,CUST001220,2026-02-01,2,Cancelled my plan because the price increase was not worth the content available right now.,Negative
FB0000785,CUST001221,2024-12-28,3,The service is decent but the content library could use more variety in regional languages.,Neutral
FB0000786,CUST001222,2021-10-13,4,The streaming quality has been excellent and the app feels much faster after the update.,Positive
FB0000787,CUST001224,2023-12-23,3,"It works fine most of the time, occasional buffering but nothing major to complain about.",Neutral
FB0000788,CUST001227,2024-05-13,4,"Love the recommendation engine, it keeps suggesting shows I actually end up enjoying.",Positive
FB0000789,CUST001227,2023-07-15,1,"Not enough new content being added, feels like I have already watched everything worth watching.",Negative
FB0000790,CUST001228,2026-03-25,5,"Love the recommendation engine, it keeps suggesting shows I actually end up enjoying.",Positive
FB0000791,CUST001230,2025-08-27,2,Cancelled my plan because the price increase was not worth the content available right now.,Negative
FB0000792,CUST001240,2026-06-22,3,The service is decent but the content library could use more variety in regional languages.,Neutral
FB0000793,CUST001241,2021-12-11,4,"Love the recommendation engine, it keeps suggesting shows I actually end up enjoying.",Neutral
FB0000794,CUST001242,2025-10-28,3,"It works fine most of the time, occasional buffering but nothing major to complain about.",Neutral
FB0000795,CUST001243,2024-02-10,2,Cancelled my plan because the price increase was not worth the content available right now.,Negative
FB0000796,CUST001243,2024-09-19,5,"Love the recommendation engine, it keeps suggesting shows I actually end up enjoying.",Positive
FB0000797,CUST001244,2024-03-19,3,"It works fine most of the time, occasional buffering but nothing major to complain about.",Neutral
FB0000798,CUST001246,2019-07-17,5,"Really happy with the content library, discovered several great shows this month.",Positive
FB0000799,CUST001246,2024-06-24,3,"Average experience overall, some months are better than others depending on new releases.",Neutral
FB0000800,CUST001246,2021-10-31,2,Constant buffering issues during peak hours have made this frustrating to use lately.,Negative
FB0000801,CUST001252,2025-12-19,3,"Average experience overall, some months are better than others depending on new releases.",Neutral
FB0000802,CUST001252,2026-06-28,4,The streaming quality has been excellent and the app feels much faster after the update.,Positive
FB0000803,CUST001252,2026-04-12,4,The streaming quality has been excellent and the app feels much faster after the update.,Positive
FB0000804,CUST001254,2023-02-20,3,The service is decent but the content library could use more variety in regional languages.,Neutral
FB0000805,CUST001256,2024-08-29,5,"Great value for the price, my whole family uses different profiles without any issues.",Positive
FB0000806,CUST001256,2020-01-02,5,"Really happy with the content library, discovered several great shows this month.",Positive
FB0000807,CUST001256,2025-10-13,5,Customer support resolved my issue quickly and the experience was smooth overall.,Neutral
FB0000808,CUST001257,2025-07-09,2,"Not enough new content being added, feels like I have already watched everything worth watching.",Negative
FB0000809,CUST001258,2022-08-05,3,"It works fine most of the time, occasional buffering but nothing major to complain about.",Neutral
FB0000810,CUST001261,2020-12-18,3,The service is decent but the content library could use more variety in regional languages.,Neutral
FB0000811,CUST001262,2022-10-15,2,The app keeps crashing on my device and I have not been able to watch anything for days.,Negative
FB0000812,CUST001263,2026-05-16,3,"Average experience overall, some months are better than others depending on new releases.",Neutral
FB0000813,CUST001263,2024-10-10,1,The app keeps crashing on my device and I have not been able to watch anything for days.,Negative
FB0000814,CUST001265,2019-04-05,5,Customer support resolved my issue quickly and the experience was smooth overall.,Positive
FB0000815,CUST001265,2022-12-12,4,"Really happy with the content library, discovered several great shows this month.",Positive
FB0000816,CUST001266,2024-08-30,3,"Average experience overall, some months are better than others depending on new releases.",Neutral
FB0000817,CUST001267,2026-04-05,3,"Average experience overall, some months are better than others depending on new releases.",Neutral
FB0000818,CUST001269,2025-12-14,5,Customer support resolved my issue quickly and the experience was smooth overall.,Positive
FB0000819,CUST001275,2025-06-02,4,The streaming quality has been excellent and the app feels much faster after the update.,Positive
FB0000820,CUST001277,2025-10-29,1,Cancelled my plan because the price increase was not worth the content available right now.,Negative
FB0000821,CUST001280,2026-03-20,3,"It works fine most of the time, occasional buffering but nothing major to complain about.",Neutral
FB0000822,CUST001281,2024-04-03,4,"Love the recommendation engine, it keeps suggesting shows I actually end up enjoying.",Positive
FB0000823,CUST001283,2026-03-04,2,"Customer support took too long to respond to my billing complaint, very disappointing experience.",Negative
FB0000824,CUST001283,2026-04-19,3,The service is decent but the content library could use more variety in regional languages.,Neutral
FB0000825,CUST001283,2026-05-20,1,Cancelled my plan because the price increase was not worth the content available right now.,Negative
FB0000826,CUST001286,2025-12-03,3,The service is decent but the content library could use more variety in regional languages.,Neutral
FB0000827,CUST001286,2024-09-15,1,"Not enough new content being added, feels like I have already watched everything worth watching.",Negative
FB0000828,CUST001286,2025-03-11,5,The streaming quality has been excellent and the app feels much faster after the update.,Positive
FB0000829,CUST001289,2026-01-25,4,"Great value for the price, my whole family uses different profiles without any issues.",Positive
FB0000830,CUST001290,2025-12-21,5,"Love the recommendation engine, it keeps suggesting shows I actually end up enjoying.",Positive
FB0000831,CUST001291,2024-03-23,5,The streaming quality has been excellent and the app feels much faster after the update.,Positive
FB0000832,CUST001291,2025-05-15,3,"It works fine most of the time, occasional buffering but nothing major to complain about.",Neutral
FB0000833,CUST001291,2022-05-30,4,"Really happy with the content library, discovered several great shows this month.",Negative
FB0000834,CUST001293,2025-06-02,1,"Customer support took too long to respond to my billing complaint, very disappointing experience.",Negative
FB0000835,CUST001295,2023-11-25,4,Customer support resolved my issue quickly and the experience was smooth overall.,Positive
FB0000836,CUST001296,2024-01-12,1,The app keeps crashing on my device and I have not been able to watch anything for days.,Negative
FB0000837,CUST001296,2020-06-15,2,"Not enough new content being added, feels like I have already watched everything worth watching.",Negative
FB0000838,CUST001300,2025-08-20,3,"Average experience overall, some months are better than others depending on new releases.",Neutral
FB0000839,CUST001300,2023-08-28,5,"Really happy with the content library, discovered several great shows this month.",Positive
FB0000840,CUST001300,2025-01-12,3,The service is decent but the content library could use more variety in regional languages.,Neutral
FB0000841,CUST001301,2025-11-29,3,"Average experience overall, some months are better than others depending on new releases.",Neutral
FB0000842,CUST001301,2024-06-04,2,Constant buffering issues during peak hours have made this frustrating to use lately.,Negative
FB0000843,CUST001306,2022-07-05,3,"Average experience overall, some months are better than others depending on new releases.",Neutral
FB0000844,CUST001308,2026-05-26,4,"Great value for the price, my whole family uses different profiles without any issues.",Positive
FB0000845,CUST001310,2024-04-15,3,"It works fine most of the time, occasional buffering but nothing major to complain about.",Neutral
FB0000846,CUST001311,2024-01-30,1,"Not enough new content being added, feels like I have already watched everything worth watching.",Negative
FB0000847,CUST001314,2023-05-19,4,The streaming quality has been excellent and the app feels much faster after the update.,Positive
FB0000848,CUST001319,2025-11-06,3,"It works fine most of the time, occasional buffering but nothing major to complain about.",Negative
FB0000849,CUST001319,2026-05-10,2,Constant buffering issues during peak hours have made this frustrating to use lately.,Negative
FB0000850,CUST001319,2025-04-08,3,"It works fine most of the time, occasional buffering but nothing major to complain about.",Neutral
FB0000851,CUST001320,2025-03-25,1,Constant buffering issues during peak hours have made this frustrating to use lately.,Negative
FB0000852,CUST001321,2025-07-27,3,"It works fine most of the time, occasional buffering but nothing major to complain about.",Neutral
FB0000853,CUST001322,2026-06-11,3,"Average experience overall, some months are better than others depending on new releases.",Neutral
FB0000854,CUST001322,2026-05-15,3,The service is decent but the content library could use more variety in regional languages.,Neutral
FB0000855,CUST001324,2025-01-05,3,The service is decent but the content library could use more variety in regional languages.,Neutral
FB0000856,CUST001325,2026-05-17,1,Cancelled my plan because the price increase was not worth the content available right now.,Negative
FB0000857,CUST001327,2024-03-09,3,The service is decent but the content library could use more variety in regional languages.,Neutral
FB0000858,CUST001329,2026-06-17,5,The streaming quality has been excellent and the app feels much faster after the update.,Positive
FB0000859,CUST001329,2026-05-15,5,"Really happy with the content library, discovered several great shows this month.",Negative
FB0000860,CUST001329,2026-05-23,3,"It works fine most of the time, occasional buffering but nothing major to complain about.",Neutral
FB0000861,CUST001332,2021-08-08,4,The streaming quality has been excellent and the app feels much faster after the update.,Positive
FB0000862,CUST001333,2024-02-12,2,Constant buffering issues during peak hours have made this frustrating to use lately.,Negative
FB0000863,CUST001334,2024-11-25,3,"It works fine most of the time, occasional buffering but nothing major to complain about.",Neutral
FB0000864,CUST001336,2026-04-08,5,"Love the recommendation engine, it keeps suggesting shows I actually end up enjoying.",Positive
FB0000865,CUST001339,2024-11-19,4,"Great value for the price, my whole family uses different profiles without any issues.",Positive
FB0000866,CUST001341,2022-12-30,5,Customer support resolved my issue quickly and the experience was smooth overall.,Positive
FB0000867,CUST001343,2021-10-17,4,"Really happy with the content library, discovered several great shows this month.",Positive
FB0000868,CUST001343,2026-02-02,4,The streaming quality has been excellent and the app feels much faster after the update.,Positive
FB0000869,CUST001345,2024-08-28,4,"Great value for the price, my whole family uses different profiles without any issues.",Positive
FB0000870,CUST001350,2024-04-04,5,The streaming quality has been excellent and the app feels much faster after the update.,Positive
FB0000871,CUST001350,2023-11-09,3,"Average experience overall, some months are better than others depending on new releases.",Neutral
FB0000872,CUST001351,2026-01-01,4,"Great value for the price, my whole family uses different profiles without any issues.",Positive
FB0000873,CUST001351,2024-07-18,5,"Great value for the price, my whole family uses different profiles without any issues.",Positive
FB0000874,CUST001357,2021-05-27,5,The streaming quality has been excellent and the app feels much faster after the update.,Positive
FB0000875,CUST001361,2025-09-10,3,"Average experience overall, some months are better than others depending on new releases.",Neutral
FB0000876,CUST001361,2025-09-26,3,The service is decent but the content library could use more variety in regional languages.,Neutral
FB0000877,CUST001361,2026-01-05,2,"Customer support took too long to respond to my billing complaint, very disappointing experience.",Negative
FB0000878,CUST001361,2025-09-09,3,The service is decent but the content library could use more variety in regional languages.,Neutral
FB0000879,CUST001364,2026-03-26,5,"Great value for the price, my whole family uses different profiles without any issues.",Neutral
FB0000880,CUST001364,2023-08-25,1,Constant buffering issues during peak hours have made this frustrating to use lately.,Negative
FB0000881,CUST001366,2025-10-19,4,"Really happy with the content library, discovered several great shows this month.",Negative
FB0000882,CUST001366,2026-05-18,3,"It works fine most of the time, occasional buffering but nothing major to complain about.",Negative
FB0000883,CUST001367,2026-03-25,2,Constant buffering issues during peak hours have made this frustrating to use lately.,Negative
FB0000884,CUST001370,2025-11-19,3,"Average experience overall, some months are better than others depending on new releases.",Neutral
FB0000885,CUST001372,2024-08-08,4,"Love the recommendation engine, it keeps suggesting shows I actually end up enjoying.",Positive
FB0000886,CUST001372,2022-12-21,5,"Really happy with the content library, discovered several great shows this month.",Positive
FB0000887,CUST001373,2023-11-19,1,Constant buffering issues during peak hours have made this frustrating to use lately.,Negative
FB0000888,CUST001373,2026-02-02,2,Constant buffering issues during peak hours have made this frustrating to use lately.,Negative
FB0000889,CUST001379,2024-09-22,5,"Love the recommendation engine, it keeps suggesting shows I actually end up enjoying.",Positive
FB0000890,CUST001382,2025-09-10,3,"Average experience overall, some months are better than others depending on new releases.",Negative
FB0000891,CUST001384,2023-08-30,5,"Great value for the price, my whole family uses different profiles without any issues.",Positive
FB0000892,CUST001388,2024-03-22,2,Constant buffering issues during peak hours have made this frustrating to use lately.,Negative
FB0000893,CUST001389,2022-06-22,3,"Average experience overall, some months are better than others depending on new releases.",Neutral
FB0000894,CUST001390,2024-04-11,5,"Love the recommendation engine, it keeps suggesting shows I actually end up enjoying.",Positive
FB0000895,CUST001397,2024-09-15,3,The service is decent but the content library could use more variety in regional languages.,Neutral
FB0000896,CUST001397,2025-12-02,4,"Great value for the price, my whole family uses different profiles without any issues.",Positive
FB0000897,CUST001397,2023-04-27,3,"It works fine most of the time, occasional buffering but nothing major to complain about.",Neutral
FB0000898,CUST001398,2025-10-30,1,The app keeps crashing on my device and I have not been able to watch anything for days.,Negative
FB0000899,CUST001398,2026-06-16,1,Constant buffering issues during peak hours have made this frustrating to use lately.,Negative
FB0000900,CUST001399,2024-10-09,1,"Customer support took too long to respond to my billing complaint, very disappointing experience.",Negative
FB0000901,CUST001399,2026-03-02,5,Customer support resolved my issue quickly and the experience was smooth overall.,Positive
FB0000902,CUST001401,2025-10-14,3,The service is decent but the content library could use more variety in regional languages.,Neutral
FB0000903,CUST001408,2023-04-27,5,"Great value for the price, my whole family uses different profiles without any issues.",Positive
FB0000904,CUST001412,2026-01-03,5,Customer support resolved my issue quickly and the experience was smooth overall.,Positive
FB0000905,CUST001417,2022-02-02,1,"Not enough new content being added, feels like I have already watched everything worth watching.",Negative
FB0000906,CUST001420,2025-11-14,5,Customer support resolved my issue quickly and the experience was smooth overall.,Positive
FB0000907,CUST001420,2025-12-17,4,"Great value for the price, my whole family uses different profiles without any issues.",Positive
FB0000908,CUST001421,2025-11-29,2,Constant buffering issues during peak hours have made this frustrating to use lately.,Negative
FB0000909,CUST001426,2026-01-07,2,"Not enough new content being added, feels like I have already watched everything worth watching.",Negative
FB0000910,CUST001426,2024-09-03,2,The app keeps crashing on my device and I have not been able to watch anything for days.,Positive
FB0000911,CUST001427,2026-04-26,4,Customer support resolved my issue quickly and the experience was smooth overall.,Positive
FB0000912,CUST001427,2025-05-31,2,"Not enough new content being added, feels like I have already watched everything worth watching.",Negative
FB0000913,CUST001429,2025-12-22,3,"It works fine most of the time, occasional buffering but nothing major to complain about.",Neutral
FB0000914,CUST001434,2025-07-25,1,"Customer support took too long to respond to my billing complaint, very disappointing experience.",Negative
FB0000915,CUST001436,2025-11-02,3,"Average experience overall, some months are better than others depending on new releases.",Negative
FB0000916,CUST001436,2025-04-08,5,"Great value for the price, my whole family uses different profiles without any issues.",Positive
FB0000917,CUST001441,2025-04-10,3,The service is decent but the content library could use more variety in regional languages.,Neutral
FB0000918,CUST001442,2025-08-26,3,"Average experience overall, some months are better than others depending on new releases.",Neutral
FB0000919,CUST001443,2025-03-29,3,"Average experience overall, some months are better than others depending on new releases.",Neutral
FB0000920,CUST001443,2026-02-20,3,The service is decent but the content library could use more variety in regional languages.,Neutral
FB0000921,CUST001446,2026-01-16,1,"Customer support took too long to respond to my billing complaint, very disappointing experience.",Negative
FB0000922,CUST001446,2026-01-09,3,"It works fine most of the time, occasional buffering but nothing major to complain about.",Neutral
FB0000923,CUST001448,2024-05-08,5,The streaming quality has been excellent and the app feels much faster after the update.,Positive
FB0000924,CUST001449,2024-12-06,4,"Really happy with the content library, discovered several great shows this month.",Positive
FB0000925,CUST001450,2024-10-29,2,"Not enough new content being added, feels like I have already watched everything worth watching.",Negative
FB0000926,CUST001450,2026-06-09,2,Constant buffering issues during peak hours have made this frustrating to use lately.,Positive
FB0000927,CUST001452,2023-06-19,3,"It works fine most of the time, occasional buffering but nothing major to complain about.",Neutral
FB0000928,CUST001453,2024-08-27,3,"It works fine most of the time, occasional buffering but nothing major to complain about.",Neutral
FB0000929,CUST001454,2025-10-31,3,The service is decent but the content library could use more variety in regional languages.,Neutral
FB0000930,CUST001455,2026-05-24,4,"Love the recommendation engine, it keeps suggesting shows I actually end up enjoying.",Positive
FB0000931,CUST001455,2025-06-04,5,"Love the recommendation engine, it keeps suggesting shows I actually end up enjoying.",Positive
FB0000932,CUST001455,2025-06-07,1,"Customer support took too long to respond to my billing complaint, very disappointing experience.",Negative
FB0000933,CUST001455,2025-12-21,1,Constant buffering issues during peak hours have made this frustrating to use lately.,Neutral
FB0000934,CUST001457,2026-03-10,1,Cancelled my plan because the price increase was not worth the content available right now.,Negative
FB0000935,CUST001457,2026-06-09,3,The service is decent but the content library could use more variety in regional languages.,Neutral
FB0000936,CUST001457,2026-06-25,4,"Love the recommendation engine, it keeps suggesting shows I actually end up enjoying.",Positive
FB0000937,CUST001457,2026-06-05,5,"Great value for the price, my whole family uses different profiles without any issues.",Positive
FB0000938,CUST001460,2026-03-18,5,Customer support resolved my issue quickly and the experience was smooth overall.,Positive
FB0000939,CUST001463,2023-07-16,1,Constant buffering issues during peak hours have made this frustrating to use lately.,Negative
FB0000940,CUST001463,2023-04-17,2,"Customer support took too long to respond to my billing complaint, very disappointing experience.",Negative
FB0000941,CUST001468,2026-04-03,3,"It works fine most of the time, occasional buffering but nothing major to complain about.",Neutral
FB0000942,CUST001470,2024-10-17,1,Constant buffering issues during peak hours have made this frustrating to use lately.,Negative
FB0000943,CUST001472,2026-03-26,5,Customer support resolved my issue quickly and the experience was smooth overall.,Positive
FB0000944,CUST001476,2026-05-06,1,"Not enough new content being added, feels like I have already watched everything worth watching.",Negative
FB0000945,CUST001477,2026-05-25,4,"Love the recommendation engine, it keeps suggesting shows I actually end up enjoying.",Positive
FB0000946,CUST001478,2026-01-27,5,"Great value for the price, my whole family uses different profiles without any issues.",Positive
FB0000947,CUST001478,2023-02-10,3,"It works fine most of the time, occasional buffering but nothing major to complain about.",Neutral
FB0000948,CUST001479,2025-12-18,4,The streaming quality has been excellent and the app feels much faster after the update.,Positive
FB0000949,CUST001480,2025-08-13,3,"It works fine most of the time, occasional buffering but nothing major to complain about.",Neutral
FB0000950,CUST001483,2025-10-13,5,"Really happy with the content library, discovered several great shows this month.",Positive
FB0000951,CUST001484,2025-08-27,1,"Not enough new content being added, feels like I have already watched everything worth watching.",Positive
FB0000952,CUST001484,2026-03-10,2,The app keeps crashing on my device and I have not been able to watch anything for days.,Negative
FB0000953,CUST001486,2024-05-20,5,"Really happy with the content library, discovered several great shows this month.",Positive
FB0000954,CUST001490,2024-02-17,3,The service is decent but the content library could use more variety in regional languages.,Neutral
FB0000955,CUST001493,2021-02-17,1,Cancelled my plan because the price increase was not worth the content available right now.,Negative
FB0000956,CUST001493,2025-11-26,3,"It works fine most of the time, occasional buffering but nothing major to complain about.",Neutral
FB0000957,CUST001495,2025-07-10,5,"Love the recommendation engine, it keeps suggesting shows I actually end up enjoying.",Positive
FB0000958,CUST001497,2026-03-18,4,"Great value for the price, my whole family uses different profiles without any issues.",Positive
FB0000959,CUST001505,2024-01-26,4,Customer support resolved my issue quickly and the experience was smooth overall.,Positive
FB0000960,CUST001505,2026-04-02,4,"Great value for the price, my whole family uses different profiles without any issues.",Positive
FB0000961,CUST001508,2025-11-22,4,"Great value for the price, my whole family uses different profiles without any issues.",Positive
FB0000962,CUST001509,2025-12-07,4,"Really happy with the content library, discovered several great shows this month.",Positive
FB0000963,CUST001509,2026-05-17,3,"Average experience overall, some months are better than others depending on new releases.",Neutral
FB0000964,CUST001514,2024-03-15,3,"Average experience overall, some months are better than others depending on new releases.",Neutral
FB0000965,CUST001516,2024-03-19,3,"Average experience overall, some months are better than others depending on new releases.",Neutral
FB0000966,CUST001520,2026-06-13,5,"Really happy with the content library, discovered several great shows this month.",Positive
FB0000967,CUST001521,2022-08-15,5,"Love the recommendation engine, it keeps suggesting shows I actually end up enjoying.",Positive
FB0000968,CUST001522,2023-09-19,1,"Not enough new content being added, feels like I have already watched everything worth watching.",Negative
FB0000969,CUST001522,2020-05-14,2,"Not enough new content being added, feels like I have already watched everything worth watching.",Negative
FB0000970,CUST001524,2024-09-16,4,"Love the recommendation engine, it keeps suggesting shows I actually end up enjoying.",Positive
FB0000971,CUST001524,2024-03-09,4,Customer support resolved my issue quickly and the experience was smooth overall.,Positive
FB0000972,CUST001525,2024-02-25,3,The service is decent but the content library could use more variety in regional languages.,Neutral
FB0000973,CUST001526,2024-06-04,1,Cancelled my plan because the price increase was not worth the content available right now.,Neutral
FB0000974,CUST001527,2025-12-30,3,"It works fine most of the time, occasional buffering but nothing major to complain about.",Neutral
FB0000975,CUST001530,2026-02-28,3,The service is decent but the content library could use more variety in regional languages.,Neutral
FB0000976,CUST001532,2023-03-05,3,"It works fine most of the time, occasional buffering but nothing major to complain about.",Neutral
FB0000977,CUST001532,2023-02-28,3,"It works fine most of the time, occasional buffering but nothing major to complain about.",Neutral
FB0000978,CUST001534,2026-04-24,3,"Average experience overall, some months are better than others depending on new releases.",Neutral
FB0000979,CUST001535,2021-02-10,3,"Average experience overall, some months are better than others depending on new releases.",Neutral
FB0000980,CUST001536,2024-01-07,5,"Love the recommendation engine, it keeps suggesting shows I actually end up enjoying.",Positive
FB0000981,CUST001539,2025-06-13,3,"Average experience overall, some months are better than others depending on new releases.",Neutral
FB0000982,CUST001539,2025-08-01,3,"It works fine most of the time, occasional buffering but nothing major to complain about.",Neutral
FB0000983,CUST001545,2025-01-19,3,"It works fine most of the time, occasional buffering but nothing major to complain about.",Neutral
FB0000984,CUST001548,2023-08-18,1,"Not enough new content being added, feels like I have already watched everything worth watching.",Negative
FB0000985,CUST001549,2026-01-03,4,"Love the recommendation engine, it keeps suggesting shows I actually end up enjoying.",Positive
FB0000986,CUST001551,2026-03-25,3,"It works fine most of the time, occasional buffering but nothing major to complain about.",Neutral
FB0000987,CUST001551,2024-07-21,5,"Great value for the price, my whole family uses different profiles without any issues.",Positive
FB0000988,CUST001556,2025-11-27,5,Customer support resolved my issue quickly and the experience was smooth overall.,Positive
FB0000989,CUST001556,2025-07-10,3,The service is decent but the content library could use more variety in regional languages.,Neutral
FB0000990,CUST001559,2026-05-01,4,Customer support resolved my issue quickly and the experience was smooth overall.,Positive
FB0000991,CUST001559,2026-02-16,5,The streaming quality has been excellent and the app feels much faster after the update.,Positive
FB0000992,CUST001559,2025-07-24,4,"Great value for the price, my whole family uses different profiles without any issues.",Positive
FB0000993,CUST001559,2025-07-29,1,Cancelled my plan because the price increase was not worth the content available right now.,Negative
FB0000994,CUST001563,2024-12-24,1,"Customer support took too long to respond to my billing complaint, very disappointing experience.",Negative
FB0000995,CUST001564,2021-03-15,1,Constant buffering issues during peak hours have made this frustrating to use lately.,Negative
FB0000996,CUST001566,2026-06-29,3,The service is decent but the content library could use more variety in regional languages.,Neutral
FB0000997,CUST001567,2026-05-17,3,"It works fine most of the time, occasional buffering but nothing major to complain about.",Neutral
FB0000998,CUST001568,2024-08-24,2,The app keeps crashing on my device and I have not been able to watch anything for days.,Negative
FB0000999,CUST001569,2026-03-21,2,"Customer support took too long to respond to my billing complaint, very disappointing experience.",Negative
FB0001000,CUST001572,2020-12-13,1,Constant buffering issues during peak hours have made this frustrating to use lately.,Negative
FB0001001,CUST001572,2024-07-06,3,"Average experience overall, some months are better than others depending on new releases.",Neutral
FB0001002,CUST001574,2020-02-24,4,The streaming quality has been excellent and the app feels much faster after the update.,Positive
FB0001003,CUST001575,2024-12-23,5,Customer support resolved my issue quickly and the experience was smooth overall.,Positive
FB0001004,CUST001575,2023-07-03,5,Customer support resolved my issue quickly and the experience was smooth overall.,Positive
FB0001005,CUST001575,2024-07-15,5,"Great value for the price, my whole family uses different profiles without any issues.",Positive
FB0001006,CUST001578,2026-03-12,3,"Average experience overall, some months are better than others depending on new releases.",Neutral
FB0001007,CUST001579,2022-08-08,4,"Great value for the price, my whole family uses different profiles without any issues.",Positive
FB0001008,CUST001580,2026-05-05,4,The streaming quality has been excellent and the app feels much faster after the update.,Positive
FB0001009,CUST001582,2026-06-05,4,The streaming quality has been excellent and the app feels much faster after the update.,Positive
FB0001010,CUST001584,2026-03-04,5,"Great value for the price, my whole family uses different profiles without any issues.",Positive
FB0001011,CUST001584,2022-03-22,3,The service is decent but the content library could use more variety in regional languages.,Neutral
FB0001012,CUST001588,2023-03-16,5,"Really happy with the content library, discovered several great shows this month.",Positive
FB0001013,CUST001594,2024-03-21,3,"Average experience overall, some months are better than others depending on new releases.",Neutral
FB0001014,CUST001595,2020-07-04,2,Cancelled my plan because the price increase was not worth the content available right now.,Negative
FB0001015,CUST001596,2023-08-10,3,"It works fine most of the time, occasional buffering but nothing major to complain about.",Neutral
FB0001016,CUST001598,2024-05-21,2,"Not enough new content being added, feels like I have already watched everything worth watching.",Negative
FB0001017,CUST001604,2024-06-15,1,"Not enough new content being added, feels like I have already watched everything worth watching.",Negative
FB0001018,CUST001606,2022-08-06,5,The streaming quality has been excellent and the app feels much faster after the update.,Positive
FB0001019,CUST001608,2025-05-15,2,The app keeps crashing on my device and I have not been able to watch anything for days.,Negative
FB0001020,CUST001609,2025-06-18,4,"Really happy with the content library, discovered several great shows this month.",Positive
FB0001021,CUST001610,2023-04-08,4,"Really happy with the content library, discovered several great shows this month.",Neutral
FB0001022,CUST001611,2024-08-20,1,"Customer support took too long to respond to my billing complaint, very disappointing experience.",Negative
FB0001023,CUST001613,2024-05-27,5,The streaming quality has been excellent and the app feels much faster after the update.,Positive
FB0001024,CUST001615,2023-07-06,3,"Average experience overall, some months are better than others depending on new releases.",Neutral
FB0001025,CUST001616,2022-01-23,2,Cancelled my plan because the price increase was not worth the content available right now.,Negative
FB0001026,CUST001618,2026-02-22,5,The streaming quality has been excellent and the app feels much faster after the update.,Positive
FB0001027,CUST001619,2024-04-04,3,"Average experience overall, some months are better than others depending on new releases.",Neutral
FB0001028,CUST001620,2026-01-21,2,"Customer support took too long to respond to my billing complaint, very disappointing experience.",Negative
FB0001029,CUST001623,2026-01-22,5,"Love the recommendation engine, it keeps suggesting shows I actually end up enjoying.",Positive
FB0001030,CUST001625,2026-02-12,4,The streaming quality has been excellent and the app feels much faster after the update.,Positive
FB0001031,CUST001625,2025-12-03,2,"Customer support took too long to respond to my billing complaint, very disappointing experience.",Negative
FB0001032,CUST001631,2025-01-19,5,"Great value for the price, my whole family uses different profiles without any issues.",Positive
FB0001033,CUST001632,2024-08-09,5,"Great value for the price, my whole family uses different profiles without any issues.",Positive
FB0001034,CUST001634,2024-06-14,2,The app keeps crashing on my device and I have not been able to watch anything for days.,Negative
FB0001035,CUST001636,2022-04-01,3,"It works fine most of the time, occasional buffering but nothing major to complain about.",Neutral
FB0001036,CUST001641,2024-02-08,3,"It works fine most of the time, occasional buffering but nothing major to complain about.",Neutral
FB0001037,CUST001641,2025-03-13,5,"Love the recommendation engine, it keeps suggesting shows I actually end up enjoying.",Negative
FB0001038,CUST001646,2022-03-18,3,"Average experience overall, some months are better than others depending on new releases.",Neutral
FB0001039,CUST001647,2024-11-28,5,"Love the recommendation engine, it keeps suggesting shows I actually end up enjoying.",Positive
FB0001040,CUST001647,2021-09-08,1,Cancelled my plan because the price increase was not worth the content available right now.,Negative
FB0001041,CUST001648,2023-12-29,2,"Customer support took too long to respond to my billing complaint, very disappointing experience.",Negative
FB0001042,CUST001648,2026-05-07,3,The service is decent but the content library could use more variety in regional languages.,Neutral
FB0001043,CUST001653,2026-01-01,2,Constant buffering issues during peak hours have made this frustrating to use lately.,Negative
FB0001044,CUST001656,2024-12-20,2,The app keeps crashing on my device and I have not been able to watch anything for days.,Negative
FB0001045,CUST001659,2024-12-22,3,The service is decent but the content library could use more variety in regional languages.,Neutral
FB0001046,CUST001665,2026-01-21,5,"Love the recommendation engine, it keeps suggesting shows I actually end up enjoying.",Positive
FB0001047,CUST001666,2025-03-17,1,Constant buffering issues during peak hours have made this frustrating to use lately.,Negative
FB0001048,CUST001666,2025-06-10,5,"Love the recommendation engine, it keeps suggesting shows I actually end up enjoying.",Positive
FB0001049,CUST001666,2022-07-28,1,The app keeps crashing on my device and I have not been able to watch anything for days.,Negative
FB0001050,CUST001670,2024-10-26,1,The app keeps crashing on my device and I have not been able to watch anything for days.,Negative
FB0001051,CUST001673,2023-10-05,3,"Average experience overall, some months are better than others depending on new releases.",Neutral
FB0001052,CUST001676,2022-10-29,3,The service is decent but the content library could use more variety in regional languages.,Neutral
FB0001053,CUST001677,2021-11-15,2,Cancelled my plan because the price increase was not worth the content available right now.,Negative
FB0001054,CUST001680,2023-03-14,3,"Average experience overall, some months are better than others depending on new releases.",Neutral
FB0001055,CUST001680,2024-09-26,1,"Customer support took too long to respond to my billing complaint, very disappointing experience.",Negative
FB0001056,CUST001682,2025-02-26,5,"Love the recommendation engine, it keeps suggesting shows I actually end up enjoying.",Positive
FB0001057,CUST001686,2026-05-20,3,"It works fine most of the time, occasional buffering but nothing major to complain about.",Neutral
FB0001058,CUST001689,2020-08-08,4,The streaming quality has been excellent and the app feels much faster after the update.,Positive
FB0001059,CUST001692,2023-08-17,3,"Average experience overall, some months are better than others depending on new releases.",Neutral
FB0001060,CUST001693,2023-10-24,3,"It works fine most of the time, occasional buffering but nothing major to complain about.",Neutral
FB0001061,CUST001694,2026-04-06,2,"Customer support took too long to respond to my billing complaint, very disappointing experience.",Negative
FB0001062,CUST001695,2026-04-20,4,Customer support resolved my issue quickly and the experience was smooth overall.,Positive
FB0001063,CUST001699,2025-08-14,3,"Average experience overall, some months are better than others depending on new releases.",Neutral
FB0001064,CUST001700,2025-10-28,3,"Average experience overall, some months are better than others depending on new releases.",Neutral
FB0001065,CUST001700,2025-09-29,3,"Average experience overall, some months are better than others depending on new releases.",Neutral
FB0001066,CUST001701,2024-04-16,3,The service is decent but the content library could use more variety in regional languages.,Neutral
FB0001067,CUST001701,2024-04-17,1,The app keeps crashing on my device and I have not been able to watch anything for days.,Negative
FB0001068,CUST001701,2025-08-09,3,"Average experience overall, some months are better than others depending on new releases.",Neutral
FB0001069,CUST001701,2024-06-21,5,"Really happy with the content library, discovered several great shows this month.",Positive
FB0001070,CUST001703,2025-09-24,4,The streaming quality has been excellent and the app feels much faster after the update.,Positive
FB0001071,CUST001706,2019-08-25,3,"Average experience overall, some months are better than others depending on new releases.",Neutral
FB0001072,CUST001709,2023-12-29,3,"Average experience overall, some months are better than others depending on new releases.",Neutral
FB0001073,CUST001710,2026-06-11,3,The service is decent but the content library could use more variety in regional languages.,Neutral
FB0001074,CUST001711,2026-05-14,4,"Really happy with the content library, discovered several great shows this month.",Positive
FB0001075,CUST001711,2025-10-21,4,"Really happy with the content library, discovered several great shows this month.",Positive
FB0001076,CUST001711,2025-10-29,3,"It works fine most of the time, occasional buffering but nothing major to complain about.",Neutral
FB0001077,CUST001716,2025-11-04,5,"Really happy with the content library, discovered several great shows this month.",Positive
FB0001078,CUST001716,2026-02-09,3,"It works fine most of the time, occasional buffering but nothing major to complain about.",Neutral
FB0001079,CUST001718,2025-12-20,1,The app keeps crashing on my device and I have not been able to watch anything for days.,Negative
FB0001080,CUST001725,2024-09-21,3,The service is decent but the content library could use more variety in regional languages.,Positive
FB0001081,CUST001726,2025-12-02,4,The streaming quality has been excellent and the app feels much faster after the update.,Positive
FB0001082,CUST001727,2022-03-10,2,"Customer support took too long to respond to my billing complaint, very disappointing experience.",Negative
FB0001083,CUST001728,2023-09-02,2,Cancelled my plan because the price increase was not worth the content available right now.,Negative
FB0001084,CUST001734,2022-09-24,3,"It works fine most of the time, occasional buffering but nothing major to complain about.",Neutral
FB0001085,CUST001734,2024-06-26,4,The streaming quality has been excellent and the app feels much faster after the update.,Positive
FB0001086,CUST001735,2025-08-14,4,"Really happy with the content library, discovered several great shows this month.",Positive
FB0001087,CUST001735,2025-07-26,4,"Really happy with the content library, discovered several great shows this month.",Positive
FB0001088,CUST001736,2025-08-04,5,The streaming quality has been excellent and the app feels much faster after the update.,Positive
FB0001089,CUST001737,2021-07-28,2,Cancelled my plan because the price increase was not worth the content available right now.,Positive
FB0001090,CUST001740,2026-06-18,5,"Love the recommendation engine, it keeps suggesting shows I actually end up enjoying.",Positive
FB0001091,CUST001740,2026-05-05,3,"It works fine most of the time, occasional buffering but nothing major to complain about.",Neutral
FB0001092,CUST001741,2024-07-22,5,The streaming quality has been excellent and the app feels much faster after the update.,Positive
FB0001093,CUST001742,2026-01-28,1,Constant buffering issues during peak hours have made this frustrating to use lately.,Positive
FB0001094,CUST001742,2025-10-05,1,"Not enough new content being added, feels like I have already watched everything worth watching.",Negative
FB0001095,CUST001743,2023-12-08,1,"Not enough new content being added, feels like I have already watched everything worth watching.",Negative
FB0001096,CUST001743,2026-02-28,5,"Love the recommendation engine, it keeps suggesting shows I actually end up enjoying.",Positive
FB0001097,CUST001743,2020-08-14,3,"Average experience overall, some months are better than others depending on new releases.",Neutral
FB0001098,CUST001746,2026-06-01,5,The streaming quality has been excellent and the app feels much faster after the update.,Positive
FB0001099,CUST001746,2026-01-20,2,"Customer support took too long to respond to my billing complaint, very disappointing experience.",Negative
FB0001100,CUST001747,2026-02-22,1,Constant buffering issues during peak hours have made this frustrating to use lately.,Negative
FB0001101,CUST001747,2024-11-24,2,The app keeps crashing on my device and I have not been able to watch anything for days.,Negative
FB0001102,CUST001752,2025-09-02,1,The app keeps crashing on my device and I have not been able to watch anything for days.,Negative
FB0001103,CUST001754,2024-10-01,5,"Great value for the price, my whole family uses different profiles without any issues.",Positive
FB0001104,CUST001757,2026-03-28,4,"Great value for the price, my whole family uses different profiles without any issues.",Positive
FB0001105,CUST001760,2025-01-02,1,The app keeps crashing on my device and I have not been able to watch anything for days.,Negative
FB0001106,CUST001762,2021-08-21,3,The service is decent but the content library could use more variety in regional languages.,Neutral
FB0001107,CUST001763,2025-06-17,4,The streaming quality has been excellent and the app feels much faster after the update.,Positive
FB0001108,CUST001764,2023-08-02,2,Constant buffering issues during peak hours have made this frustrating to use lately.,Negative
FB0001109,CUST001764,2020-12-15,1,Constant buffering issues during peak hours have made this frustrating to use lately.,Negative
FB0001110,CUST001772,2025-01-17,5,The streaming quality has been excellent and the app feels much faster after the update.,Positive
FB0001111,CUST001774,2022-12-26,2,Cancelled my plan because the price increase was not worth the content available right now.,Negative
FB0001112,CUST001775,2023-10-10,1,The app keeps crashing on my device and I have not been able to watch anything for days.,Negative
FB0001113,CUST001778,2026-05-24,1,Cancelled my plan because the price increase was not worth the content available right now.,Negative
FB0001114,CUST001779,2021-04-06,3,The service is decent but the content library could use more variety in regional languages.,Neutral
FB0001115,CUST001780,2026-06-04,3,The service is decent but the content library could use more variety in regional languages.,Neutral
FB0001116,CUST001781,2024-04-24,3,"It works fine most of the time, occasional buffering but nothing major to complain about.",Neutral
FB0001117,CUST001782,2022-10-01,3,The service is decent but the content library could use more variety in regional languages.,Neutral
FB0001118,CUST001782,2024-03-23,4,The streaming quality has been excellent and the app feels much faster after the update.,Negative
FB0001119,CUST001782,2021-05-25,3,"It works fine most of the time, occasional buffering but nothing major to complain about.",Neutral
FB0001120,CUST001783,2025-11-09,3,"It works fine most of the time, occasional buffering but nothing major to complain about.",Neutral
FB0001121,CUST001784,2024-03-13,4,"Great value for the price, my whole family uses different profiles without any issues.",Positive
FB0001122,CUST001784,2024-10-12,5,"Really happy with the content library, discovered several great shows this month.",Positive
FB0001123,CUST001784,2025-10-07,4,Customer support resolved my issue quickly and the experience was smooth overall.,Neutral
FB0001124,CUST001784,2025-12-08,3,The service is decent but the content library could use more variety in regional languages.,Neutral
FB0001125,CUST001791,2022-10-30,2,The app keeps crashing on my device and I have not been able to watch anything for days.,Negative
FB0001126,CUST001793,2024-07-10,4,"Great value for the price, my whole family uses different profiles without any issues.",Positive
FB0001127,CUST001795,2024-02-23,5,Customer support resolved my issue quickly and the experience was smooth overall.,Positive
FB0001128,CUST001797,2022-08-28,3,"Average experience overall, some months are better than others depending on new releases.",Neutral
FB0001129,CUST001798,2025-05-20,4,"Really happy with the content library, discovered several great shows this month.",Positive
FB0001130,CUST001798,2025-06-14,5,Customer support resolved my issue quickly and the experience was smooth overall.,Positive
FB0001131,CUST001800,2025-11-27,5,"Great value for the price, my whole family uses different profiles without any issues.",Negative
FB0001132,CUST001800,2025-12-20,3,"It works fine most of the time, occasional buffering but nothing major to complain about.",Neutral
FB0001133,CUST001805,2023-05-31,3,"It works fine most of the time, occasional buffering but nothing major to complain about.",Neutral
FB0001134,CUST001806,2024-08-19,3,The service is decent but the content library could use more variety in regional languages.,Neutral
FB0001135,CUST001809,2023-10-30,1,Constant buffering issues during peak hours have made this frustrating to use lately.,Negative
FB0001136,CUST001811,2023-09-22,2,Cancelled my plan because the price increase was not worth the content available right now.,Negative
FB0001137,CUST001811,2025-12-24,2,"Customer support took too long to respond to my billing complaint, very disappointing experience.",Negative
FB0001138,CUST001811,2024-10-17,2,Cancelled my plan because the price increase was not worth the content available right now.,Negative
FB0001139,CUST001812,2025-04-19,1,The app keeps crashing on my device and I have not been able to watch anything for days.,Negative
FB0001140,CUST001813,2023-05-12,5,"Really happy with the content library, discovered several great shows this month.",Positive
FB0001141,CUST001813,2022-08-20,4,The streaming quality has been excellent and the app feels much faster after the update.,Positive
FB0001142,CUST001818,2024-05-10,4,The streaming quality has been excellent and the app feels much faster after the update.,Neutral
FB0001143,CUST001819,2021-06-22,3,"Average experience overall, some months are better than others depending on new releases.",Neutral
FB0001144,CUST001824,2026-06-26,1,The app keeps crashing on my device and I have not been able to watch anything for days.,Negative
FB0001145,CUST001824,2026-06-24,4,Customer support resolved my issue quickly and the experience was smooth overall.,Positive
FB0001146,CUST001828,2026-01-07,1,"Customer support took too long to respond to my billing complaint, very disappointing experience.",Negative
FB0001147,CUST001829,2025-07-06,5,The streaming quality has been excellent and the app feels much faster after the update.,Positive
FB0001148,CUST001830,2026-05-02,3,"It works fine most of the time, occasional buffering but nothing major to complain about.",Neutral
FB0001149,CUST001830,2024-10-01,5,"Really happy with the content library, discovered several great shows this month.",Positive
FB0001150,CUST001832,2026-04-30,5,"Great value for the price, my whole family uses different profiles without any issues.",Positive
FB0001151,CUST001833,2026-04-06,5,"Great value for the price, my whole family uses different profiles without any issues.",Positive
FB0001152,CUST001833,2025-08-05,4,"Really happy with the content library, discovered several great shows this month.",Positive
FB0001153,CUST001835,2026-06-29,1,"Customer support took too long to respond to my billing complaint, very disappointing experience.",Negative
FB0001154,CUST001838,2025-11-12,4,"Really happy with the content library, discovered several great shows this month.",Negative
FB0001155,CUST001840,2026-03-12,3,"It works fine most of the time, occasional buffering but nothing major to complain about.",Neutral
FB0001156,CUST001840,2025-12-20,4,The streaming quality has been excellent and the app feels much faster after the update.,Positive
FB0001157,CUST001841,2025-04-11,2,"Customer support took too long to respond to my billing complaint, very disappointing experience.",Positive
FB0001158,CUST001842,2025-08-13,4,The streaming quality has been excellent and the app feels much faster after the update.,Positive
FB0001159,CUST001842,2026-03-25,3,"Average experience overall, some months are better than others depending on new releases.",Neutral
FB0001160,CUST001843,2026-06-24,3,"Average experience overall, some months are better than others depending on new releases.",Neutral
FB0001161,CUST001843,2025-11-08,3,The service is decent but the content library could use more variety in regional languages.,Neutral
FB0001162,CUST001846,2026-01-14,3,The service is decent but the content library could use more variety in regional languages.,Neutral
FB0001163,CUST001846,2022-11-21,4,"Really happy with the content library, discovered several great shows this month.",Positive
FB0001164,CUST001847,2026-05-26,3,"Average experience overall, some months are better than others depending on new releases.",Neutral
FB0001165,CUST001847,2026-06-10,4,"Really happy with the content library, discovered several great shows this month.",Positive
FB0001166,CUST001847,2026-06-28,3,The service is decent but the content library could use more variety in regional languages.,Neutral
FB0001167,CUST001848,2023-07-12,3,"Average experience overall, some months are better than others depending on new releases.",Neutral
FB0001168,CUST001850,2025-11-29,5,"Really happy with the content library, discovered several great shows this month.",Positive
FB0001169,CUST001852,2025-02-19,2,Constant buffering issues during peak hours have made this frustrating to use lately.,Negative
FB0001170,CUST001854,2025-12-29,4,"Really happy with the content library, discovered several great shows this month.",Positive
FB0001171,CUST001856,2025-04-29,5,The streaming quality has been excellent and the app feels much faster after the update.,Positive
FB0001172,CUST001857,2022-01-27,5,Customer support resolved my issue quickly and the experience was smooth overall.,Positive
FB0001173,CUST001859,2025-06-09,5,Customer support resolved my issue quickly and the experience was smooth overall.,Positive
FB0001174,CUST001862,2022-05-20,3,The service is decent but the content library could use more variety in regional languages.,Neutral
FB0001175,CUST001864,2025-12-30,4,"Love the recommendation engine, it keeps suggesting shows I actually end up enjoying.",Positive
FB0001176,CUST001864,2025-10-18,5,"Great value for the price, my whole family uses different profiles without any issues.",Positive
FB0001177,CUST001868,2026-04-07,3,"Average experience overall, some months are better than others depending on new releases.",Neutral
FB0001178,CUST001868,2026-04-27,3,"Average experience overall, some months are better than others depending on new releases.",Neutral
FB0001179,CUST001869,2025-11-04,2,Constant buffering issues during peak hours have made this frustrating to use lately.,Negative
FB0001180,CUST001872,2025-07-05,1,Constant buffering issues during peak hours have made this frustrating to use lately.,Negative
FB0001181,CUST001873,2025-01-23,5,Customer support resolved my issue quickly and the experience was smooth overall.,Positive
FB0001182,CUST001878,2026-06-18,4,"Great value for the price, my whole family uses different profiles without any issues.",Positive
FB0001183,CUST001879,2025-06-22,2,"Customer support took too long to respond to my billing complaint, very disappointing experience.",Neutral
FB0001184,CUST001879,2024-07-27,1,"Customer support took too long to respond to my billing complaint, very disappointing experience.",Negative
FB0001185,CUST001879,2026-05-20,3,"Average experience overall, some months are better than others depending on new releases.",Neutral
FB0001186,CUST001881,2025-09-07,3,The service is decent but the content library could use more variety in regional languages.,Neutral
FB0001187,CUST001883,2025-08-30,5,The streaming quality has been excellent and the app feels much faster after the update.,Neutral
FB0001188,CUST001885,2024-10-18,3,"Average experience overall, some months are better than others depending on new releases.",Neutral
FB0001189,CUST001888,2026-06-10,5,The streaming quality has been excellent and the app feels much faster after the update.,Positive
FB0001190,CUST001888,2024-08-30,2,"Not enough new content being added, feels like I have already watched everything worth watching.",Negative
FB0001191,CUST001889,2024-08-29,3,"Average experience overall, some months are better than others depending on new releases.",Neutral
FB0001192,CUST001890,2026-06-24,3,The service is decent but the content library could use more variety in regional languages.,Neutral
FB0001193,CUST001892,2021-05-21,2,Cancelled my plan because the price increase was not worth the content available right now.,Negative
FB0001194,CUST001896,2023-01-30,5,Customer support resolved my issue quickly and the experience was smooth overall.,Negative
FB0001195,CUST001897,2022-07-17,3,The service is decent but the content library could use more variety in regional languages.,Neutral
FB0001196,CUST001898,2025-08-25,3,The service is decent but the content library could use more variety in regional languages.,Positive
FB0001197,CUST001899,2026-05-05,5,"Great value for the price, my whole family uses different profiles without any issues.",Positive
FB0001198,CUST001900,2024-06-20,3,"Average experience overall, some months are better than others depending on new releases.",Neutral
FB0001199,CUST001901,2023-06-24,5,"Really happy with the content library, discovered several great shows this month.",Positive
FB0001200,CUST001903,2025-10-01,2,"Customer support took too long to respond to my billing complaint, very disappointing experience.",Negative
FB0001201,CUST001906,2024-06-16,2,The app keeps crashing on my device and I have not been able to watch anything for days.,Negative
FB0001202,CUST001906,2024-10-25,1,Constant buffering issues during peak hours have made this frustrating to use lately.,Negative
FB0001203,CUST001906,2025-09-01,4,The streaming quality has been excellent and the app feels much faster after the update.,Positive
FB0001204,CUST001911,2025-05-22,3,The service is decent but the content library could use more variety in regional languages.,Neutral
FB0001205,CUST001911,2026-06-06,1,Constant buffering issues during peak hours have made this frustrating to use lately.,Negative
FB0001206,CUST001915,2025-04-21,3,"Average experience overall, some months are better than others depending on new releases.",Neutral
FB0001207,CUST001917,2023-02-06,3,"It works fine most of the time, occasional buffering but nothing major to complain about.",Neutral
FB0001208,CUST001917,2022-01-08,2,Constant buffering issues during peak hours have made this frustrating to use lately.,Negative
FB0001209,CUST001918,2024-07-27,3,The service is decent but the content library could use more variety in regional languages.,Neutral
FB0001210,CUST001919,2026-06-29,1,Cancelled my plan because the price increase was not worth the content available right now.,Negative
FB0001211,CUST001920,2022-10-16,4,The streaming quality has been excellent and the app feels much faster after the update.,Positive
FB0001212,CUST001923,2023-01-14,1,Constant buffering issues during peak hours have made this frustrating to use lately.,Negative
FB0001213,CUST001925,2025-02-26,3,The service is decent but the content library could use more variety in regional languages.,Neutral
FB0001214,CUST001934,2023-11-16,3,The service is decent but the content library could use more variety in regional languages.,Neutral
FB0001215,CUST001935,2024-02-24,3,"It works fine most of the time, occasional buffering but nothing major to complain about.",Neutral
FB0001216,CUST001939,2022-11-28,5,"Great value for the price, my whole family uses different profiles without any issues.",Neutral
FB0001217,CUST001940,2022-08-05,2,"Not enough new content being added, feels like I have already watched everything worth watching.",Negative
FB0001218,CUST001941,2024-05-21,4,"Great value for the price, my whole family uses different profiles without any issues.",Positive
FB0001219,CUST001941,2024-08-03,5,"Great value for the price, my whole family uses different profiles without any issues.",Positive
FB0001220,CUST001942,2024-06-30,5,Customer support resolved my issue quickly and the experience was smooth overall.,Positive
FB0001221,CUST001942,2024-12-07,3,"It works fine most of the time, occasional buffering but nothing major to complain about.",Neutral
FB0001222,CUST001946,2026-03-15,5,"Great value for the price, my whole family uses different profiles without any issues.",Positive
FB0001223,CUST001952,2025-08-03,4,Customer support resolved my issue quickly and the experience was smooth overall.,Positive
FB0001224,CUST001953,2021-04-29,3,The service is decent but the content library could use more variety in regional languages.,Neutral
FB0001225,CUST001953,2023-04-06,4,"Really happy with the content library, discovered several great shows this month.",Positive
FB0001226,CUST001955,2023-06-27,2,Constant buffering issues during peak hours have made this frustrating to use lately.,Negative
FB0001227,CUST001956,2021-12-09,3,The service is decent but the content library could use more variety in regional languages.,Neutral
FB0001228,CUST001957,2024-03-12,3,The service is decent but the content library could use more variety in regional languages.,Neutral
FB0001229,CUST001959,2024-07-06,2,Cancelled my plan because the price increase was not worth the content available right now.,Negative
FB0001230,CUST001959,2026-06-25,2,Constant buffering issues during peak hours have made this frustrating to use lately.,Negative
FB0001231,CUST001960,2025-08-06,3,"It works fine most of the time, occasional buffering but nothing major to complain about.",Neutral
FB0001232,CUST001961,2021-12-21,1,"Customer support took too long to respond to my billing complaint, very disappointing experience.",Negative
FB0001233,CUST001961,2019-05-10,2,"Not enough new content being added, feels like I have already watched everything worth watching.",Negative
FB0001234,CUST001963,2023-02-10,4,"Love the recommendation engine, it keeps suggesting shows I actually end up enjoying.",Positive
FB0001235,CUST001963,2024-04-15,4,Customer support resolved my issue quickly and the experience was smooth overall.,Positive
FB0001236,CUST001964,2023-03-10,5,"Really happy with the content library, discovered several great shows this month.",Positive
FB0001237,CUST001965,2026-05-15,4,"Love the recommendation engine, it keeps suggesting shows I actually end up enjoying.",Positive
FB0001238,CUST001966,2022-11-22,1,"Not enough new content being added, feels like I have already watched everything worth watching.",Negative
FB0001239,CUST001971,2026-03-11,4,"Really happy with the content library, discovered several great shows this month.",Positive
FB0001240,CUST001971,2026-05-30,4,"Great value for the price, my whole family uses different profiles without any issues.",Positive
FB0001241,CUST001973,2024-05-17,3,"Average experience overall, some months are better than others depending on new releases.",Neutral
FB0001242,CUST001974,2026-02-22,5,"Really happy with the content library, discovered several great shows this month.",Positive
FB0001243,CUST001974,2022-10-20,3,"Average experience overall, some months are better than others depending on new releases.",Neutral
FB0001244,CUST001977,2023-03-31,3,"It works fine most of the time, occasional buffering but nothing major to complain about.",Neutral
FB0001245,CUST001979,2022-04-09,2,Constant buffering issues during peak hours have made this frustrating to use lately.,Negative
FB0001246,CUST001980,2026-04-03,2,"Not enough new content being added, feels like I have already watched everything worth watching.",Negative
FB0001247,CUST001980,2022-07-12,4,"Great value for the price, my whole family uses different profiles without any issues.",Positive
FB0001248,CUST001981,2022-10-02,1,"Not enough new content being added, feels like I have already watched everything worth watching.",Negative
FB0001249,CUST001981,2021-08-10,2,Cancelled my plan because the price increase was not worth the content available right now.,Negative
FB0001250,CUST001985,2019-06-21,5,"Really happy with the content library, discovered several great shows this month.",Positive
FB0001251,CUST001986,2023-01-26,5,"Great value for the price, my whole family uses different profiles without any issues.",Positive
FB0001252,CUST001990,2021-12-20,4,"Great value for the price, my whole family uses different profiles without any issues.",Positive
FB0001253,CUST001995,2025-07-22,3,The service is decent but the content library could use more variety in regional languages.,Neutral
FB0001254,CUST001997,2024-09-11,5,"Great value for the price, my whole family uses different profiles without any issues.",Negative
FB0001255,CUST001998,2026-03-16,2,The app keeps crashing on my device and I have not been able to watch anything for days.,Negative
FB0001256,CUST001999,2025-03-30,4,"Great value for the price, my whole family uses different profiles without any issues.",Positive
FB0001257,CUST001999,2024-02-11,4,Customer support resolved my issue quickly and the experience was smooth overall.,Positive
FB0001258,CUST001999,2023-11-08,3,The service is decent but the content library could use more variety in regional languages.,Neutral
FB0001259,CUST002001,2023-06-05,1,The app keeps crashing on my device and I have not been able to watch anything for days.,Negative
FB0001260,CUST002003,2023-04-22,3,The service is decent but the content library could use more variety in regional languages.,Neutral
FB0001261,CUST002003,2025-07-03,3,"Average experience overall, some months are better than others depending on new releases.",Neutral
FB0001262,CUST002010,2025-10-28,3,"It works fine most of the time, occasional buffering but nothing major to complain about.",Neutral
FB0001263,CUST002010,2025-05-07,4,Customer support resolved my issue quickly and the experience was smooth overall.,Neutral
FB0001264,CUST002012,2025-10-13,3,"It works fine most of the time, occasional buffering but nothing major to complain about.",Neutral
FB0001265,CUST002013,2025-12-06,2,"Customer support took too long to respond to my billing complaint, very disappointing experience.",Negative
FB0001266,CUST002013,2020-11-12,4,The streaming quality has been excellent and the app feels much faster after the update.,Positive
FB0001267,CUST002015,2026-05-15,5,"Love the recommendation engine, it keeps suggesting shows I actually end up enjoying.",Positive
FB0001268,CUST002015,2026-05-15,2,The app keeps crashing on my device and I have not been able to watch anything for days.,Negative
FB0001269,CUST002016,2021-02-15,1,"Customer support took too long to respond to my billing complaint, very disappointing experience.",Negative
FB0001270,CUST002020,2025-12-02,5,"Really happy with the content library, discovered several great shows this month.",Positive
FB0001271,CUST002022,2026-03-26,1,Constant buffering issues during peak hours have made this frustrating to use lately.,Negative
FB0001272,CUST002023,2025-03-24,3,"It works fine most of the time, occasional buffering but nothing major to complain about.",Neutral
FB0001273,CUST002024,2026-01-03,5,The streaming quality has been excellent and the app feels much faster after the update.,Positive
FB0001274,CUST002026,2024-08-05,2,The app keeps crashing on my device and I have not been able to watch anything for days.,Negative
FB0001275,CUST002027,2026-02-15,1,The app keeps crashing on my device and I have not been able to watch anything for days.,Negative
FB0001276,CUST002030,2025-04-10,4,Customer support resolved my issue quickly and the experience was smooth overall.,Positive
FB0001277,CUST002034,2026-06-02,1,"Customer support took too long to respond to my billing complaint, very disappointing experience.",Negative
FB0001278,CUST002034,2026-04-17,2,The app keeps crashing on my device and I have not been able to watch anything for days.,Negative
FB0001279,CUST002034,2026-05-15,4,"Love the recommendation engine, it keeps suggesting shows I actually end up enjoying.",Positive
FB0001280,CUST002037,2026-05-27,5,The streaming quality has been excellent and the app feels much faster after the update.,Positive
FB0001281,CUST002040,2025-04-19,3,The service is decent but the content library could use more variety in regional languages.,Neutral
FB0001282,CUST002040,2023-04-28,3,"It works fine most of the time, occasional buffering but nothing major to complain about.",Positive
FB0001283,CUST002042,2024-01-12,1,The app keeps crashing on my device and I have not been able to watch anything for days.,Negative
FB0001284,CUST002044,2020-08-03,5,The streaming quality has been excellent and the app feels much faster after the update.,Positive
FB0001285,CUST002044,2026-01-04,4,"Really happy with the content library, discovered several great shows this month.",Positive
FB0001286,CUST002045,2025-05-13,4,Customer support resolved my issue quickly and the experience was smooth overall.,Positive
FB0001287,CUST002045,2019-11-12,4,"Great value for the price, my whole family uses different profiles without any issues.",Positive
FB0001288,CUST002046,2026-02-22,1,The app keeps crashing on my device and I have not been able to watch anything for days.,Negative
FB0001289,CUST002046,2025-11-12,3,The service is decent but the content library could use more variety in regional languages.,Neutral
FB0001290,CUST002046,2025-11-15,3,"Average experience overall, some months are better than others depending on new releases.",Negative
FB0001291,CUST002050,2023-12-19,4,"Really happy with the content library, discovered several great shows this month.",Positive
FB0001292,CUST002051,2025-01-23,1,"Customer support took too long to respond to my billing complaint, very disappointing experience.",Neutral
FB0001293,CUST002051,2023-07-11,4,The streaming quality has been excellent and the app feels much faster after the update.,Positive
FB0001294,CUST002051,2022-03-12,4,"Love the recommendation engine, it keeps suggesting shows I actually end up enjoying.",Positive
FB0001295,CUST002051,2022-05-07,1,The app keeps crashing on my device and I have not been able to watch anything for days.,Negative
FB0001296,CUST002055,2022-01-21,3,"It works fine most of the time, occasional buffering but nothing major to complain about.",Neutral
FB0001297,CUST002055,2023-01-31,3,"It works fine most of the time, occasional buffering but nothing major to complain about.",Neutral
FB0001298,CUST002057,2026-04-12,5,The streaming quality has been excellent and the app feels much faster after the update.,Positive
FB0001299,CUST002057,2026-03-24,1,"Customer support took too long to respond to my billing complaint, very disappointing experience.",Negative
FB0001300,CUST002059,2026-05-06,5,"Great value for the price, my whole family uses different profiles without any issues.",Positive
FB0001301,CUST002059,2024-01-21,2,Cancelled my plan because the price increase was not worth the content available right now.,Negative
FB0001302,CUST002061,2026-03-24,5,Customer support resolved my issue quickly and the experience was smooth overall.,Positive
FB0001303,CUST002062,2026-02-14,4,Customer support resolved my issue quickly and the experience was smooth overall.,Positive
FB0001304,CUST002063,2026-02-05,4,"Love the recommendation engine, it keeps suggesting shows I actually end up enjoying.",Neutral
FB0001305,CUST002063,2023-04-18,5,"Really happy with the content library, discovered several great shows this month.",Positive
FB0001306,CUST002064,2024-12-28,4,"Really happy with the content library, discovered several great shows this month.",Positive
FB0001307,CUST002065,2026-06-30,3,"It works fine most of the time, occasional buffering but nothing major to complain about.",Neutral
FB0001308,CUST002068,2026-02-22,3,"It works fine most of the time, occasional buffering but nothing major to complain about.",Neutral
FB0001309,CUST002069,2025-07-28,3,The service is decent but the content library could use more variety in regional languages.,Neutral
FB0001310,CUST002072,2025-11-22,3,"It works fine most of the time, occasional buffering but nothing major to complain about.",Neutral
FB0001311,CUST002073,2021-03-01,4,"Love the recommendation engine, it keeps suggesting shows I actually end up enjoying.",Positive
FB0001312,CUST002076,2026-05-24,4,"Really happy with the content library, discovered several great shows this month.",Positive
FB0001313,CUST002076,2025-12-23,5,Customer support resolved my issue quickly and the experience was smooth overall.,Positive
FB0001314,CUST002078,2025-12-03,1,"Customer support took too long to respond to my billing complaint, very disappointing experience.",Negative
FB0001315,CUST002081,2026-01-25,1,Constant buffering issues during peak hours have made this frustrating to use lately.,Negative
FB0001316,CUST002086,2025-10-31,3,The service is decent but the content library could use more variety in regional languages.,Neutral
FB0001317,CUST002088,2024-04-21,2,Constant buffering issues during peak hours have made this frustrating to use lately.,Negative
FB0001318,CUST002088,2024-12-25,4,"Really happy with the content library, discovered several great shows this month.",Positive
FB0001319,CUST002088,2025-03-13,1,"Customer support took too long to respond to my billing complaint, very disappointing experience.",Negative
FB0001320,CUST002088,2026-05-28,3,The service is decent but the content library could use more variety in regional languages.,Neutral
FB0001321,CUST002089,2026-02-24,2,"Customer support took too long to respond to my billing complaint, very disappointing experience.",Negative
FB0001322,CUST002089,2024-10-09,5,Customer support resolved my issue quickly and the experience was smooth overall.,Positive
FB0001323,CUST002090,2023-06-12,3,"It works fine most of the time, occasional buffering but nothing major to complain about.",Neutral
FB0001324,CUST002091,2020-02-05,2,"Customer support took too long to respond to my billing complaint, very disappointing experience.",Negative
FB0001325,CUST002093,2025-03-16,2,The app keeps crashing on my device and I have not been able to watch anything for days.,Negative
FB0001326,CUST002095,2024-12-07,4,"Love the recommendation engine, it keeps suggesting shows I actually end up enjoying.",Positive
FB0001327,CUST002101,2024-12-23,4,"Love the recommendation engine, it keeps suggesting shows I actually end up enjoying.",Negative
FB0001328,CUST002102,2022-09-29,3,The service is decent but the content library could use more variety in regional languages.,Neutral
FB0001329,CUST002105,2024-10-04,4,The streaming quality has been excellent and the app feels much faster after the update.,Positive
FB0001330,CUST002106,2026-01-28,3,"Average experience overall, some months are better than others depending on new releases.",Neutral
FB0001331,CUST002113,2025-12-20,3,"It works fine most of the time, occasional buffering but nothing major to complain about.",Neutral
FB0001332,CUST002114,2026-05-05,5,"Love the recommendation engine, it keeps suggesting shows I actually end up enjoying.",Positive
FB0001333,CUST002115,2025-09-01,3,"It works fine most of the time, occasional buffering but nothing major to complain about.",Neutral
FB0001334,CUST002115,2025-03-10,5,"Love the recommendation engine, it keeps suggesting shows I actually end up enjoying.",Negative
FB0001335,CUST002115,2025-12-24,3,"It works fine most of the time, occasional buffering but nothing major to complain about.",Neutral
FB0001336,CUST002119,2026-03-24,2,Constant buffering issues during peak hours have made this frustrating to use lately.,Negative
FB0001337,CUST002119,2021-02-24,3,"It works fine most of the time, occasional buffering but nothing major to complain about.",Neutral
FB0001338,CUST002121,2022-12-31,3,"It works fine most of the time, occasional buffering but nothing major to complain about.",Neutral
FB0001339,CUST002124,2026-05-28,1,Constant buffering issues during peak hours have made this frustrating to use lately.,Negative
FB0001340,CUST002131,2026-04-21,3,"It works fine most of the time, occasional buffering but nothing major to complain about.",Neutral
FB0001341,CUST002135,2025-02-14,5,"Really happy with the content library, discovered several great shows this month.",Positive
FB0001342,CUST002135,2023-11-27,1,"Not enough new content being added, feels like I have already watched everything worth watching.",Negative
FB0001343,CUST002136,2024-10-07,4,Customer support resolved my issue quickly and the experience was smooth overall.,Positive
FB0001344,CUST002136,2023-10-24,4,"Love the recommendation engine, it keeps suggesting shows I actually end up enjoying.",Positive
FB0001345,CUST002137,2026-05-17,3,"Average experience overall, some months are better than others depending on new releases.",Neutral
FB0001346,CUST002138,2026-01-14,3,"It works fine most of the time, occasional buffering but nothing major to complain about.",Negative
FB0001347,CUST002139,2024-12-20,4,"Really happy with the content library, discovered several great shows this month.",Positive
FB0001348,CUST002145,2025-09-18,4,"Really happy with the content library, discovered several great shows this month.",Neutral
FB0001349,CUST002145,2026-06-19,4,"Love the recommendation engine, it keeps suggesting shows I actually end up enjoying.",Positive
FB0001350,CUST002147,2024-09-06,1,"Not enough new content being added, feels like I have already watched everything worth watching.",Neutral
FB0001351,CUST002147,2025-02-23,2,Constant buffering issues during peak hours have made this frustrating to use lately.,Negative
FB0001352,CUST002149,2022-02-01,4,"Great value for the price, my whole family uses different profiles without any issues.",Positive
FB0001353,CUST002149,2023-01-04,3,"It works fine most of the time, occasional buffering but nothing major to complain about.",Neutral
FB0001354,CUST002149,2021-08-28,3,"It works fine most of the time, occasional buffering but nothing major to complain about.",Neutral
FB0001355,CUST002149,2025-02-21,1,Cancelled my plan because the price increase was not worth the content available right now.,Negative
FB0001356,CUST002150,2024-10-31,2,"Not enough new content being added, feels like I have already watched everything worth watching.",Negative
FB0001357,CUST002151,2024-04-24,5,Customer support resolved my issue quickly and the experience was smooth overall.,Positive
FB0001358,CUST002152,2025-11-19,4,"Great value for the price, my whole family uses different profiles without any issues.",Positive
FB0001359,CUST002152,2026-03-12,1,Constant buffering issues during peak hours have made this frustrating to use lately.,Negative
FB0001360,CUST002153,2025-09-13,4,The streaming quality has been excellent and the app feels much faster after the update.,Neutral
FB0001361,CUST002160,2024-01-14,2,Cancelled my plan because the price increase was not worth the content available right now.,Negative
FB0001362,CUST002160,2024-02-11,3,"It works fine most of the time, occasional buffering but nothing major to complain about.",Neutral
FB0001363,CUST002168,2020-11-08,5,"Love the recommendation engine, it keeps suggesting shows I actually end up enjoying.",Positive
FB0001364,CUST002170,2026-03-03,4,The streaming quality has been excellent and the app feels much faster after the update.,Negative
FB0001365,CUST002171,2025-09-16,3,"Average experience overall, some months are better than others depending on new releases.",Neutral
FB0001366,CUST002171,2026-04-19,5,The streaming quality has been excellent and the app feels much faster after the update.,Positive
FB0001367,CUST002172,2023-10-24,4,"Really happy with the content library, discovered several great shows this month.",Positive
FB0001368,CUST002173,2026-06-19,4,"Really happy with the content library, discovered several great shows this month.",Positive
FB0001369,CUST002179,2024-12-16,2,"Not enough new content being added, feels like I have already watched everything worth watching.",Negative
FB0001370,CUST002181,2024-07-01,3,"Average experience overall, some months are better than others depending on new releases.",Neutral
FB0001371,CUST002181,2025-02-24,4,Customer support resolved my issue quickly and the experience was smooth overall.,Positive
FB0001372,CUST002182,2026-03-06,3,The service is decent but the content library could use more variety in regional languages.,Neutral
FB0001373,CUST002182,2026-05-10,2,"Not enough new content being added, feels like I have already watched everything worth watching.",Negative
FB0001374,CUST002184,2026-03-18,4,"Really happy with the content library, discovered several great shows this month.",Positive
FB0001375,CUST002191,2023-08-19,1,The app keeps crashing on my device and I have not been able to watch anything for days.,Negative
FB0001376,CUST002191,2024-01-19,1,Constant buffering issues during peak hours have made this frustrating to use lately.,Negative
FB0001377,CUST002196,2026-06-23,5,Customer support resolved my issue quickly and the experience was smooth overall.,Positive
FB0001378,CUST002198,2020-08-26,1,"Customer support took too long to respond to my billing complaint, very disappointing experience.",Negative
FB0001379,CUST002199,2024-08-22,4,The streaming quality has been excellent and the app feels much faster after the update.,Positive
FB0001380,CUST002199,2024-09-30,1,"Customer support took too long to respond to my billing complaint, very disappointing experience.",Negative
FB0001381,CUST002201,2025-07-10,1,Cancelled my plan because the price increase was not worth the content available right now.,Negative
FB0001382,CUST002201,2024-05-13,3,"It works fine most of the time, occasional buffering but nothing major to complain about.",Neutral
FB0001383,CUST002203,2023-12-20,4,"Love the recommendation engine, it keeps suggesting shows I actually end up enjoying.",Positive
FB0001384,CUST002204,2025-01-30,3,"It works fine most of the time, occasional buffering but nothing major to complain about.",Neutral
FB0001385,CUST002204,2023-08-23,1,The app keeps crashing on my device and I have not been able to watch anything for days.,Negative
FB0001386,CUST002205,2025-03-17,5,The streaming quality has been excellent and the app feels much faster after the update.,Positive
FB0001387,CUST002206,2025-08-23,5,"Love the recommendation engine, it keeps suggesting shows I actually end up enjoying.",Positive
FB0001388,CUST002208,2026-06-15,2,The app keeps crashing on my device and I have not been able to watch anything for days.,Negative
FB0001389,CUST002208,2024-08-31,5,"Great value for the price, my whole family uses different profiles without any issues.",Positive
FB0001390,CUST002208,2025-09-10,4,"Great value for the price, my whole family uses different profiles without any issues.",Positive
FB0001391,CUST002210,2026-06-21,4,The streaming quality has been excellent and the app feels much faster after the update.,Positive
FB0001392,CUST002213,2021-12-17,1,"Customer support took too long to respond to my billing complaint, very disappointing experience.",Negative
FB0001393,CUST002217,2023-10-11,5,"Really happy with the content library, discovered several great shows this month.",Positive
FB0001394,CUST002217,2024-02-19,5,"Love the recommendation engine, it keeps suggesting shows I actually end up enjoying.",Positive
FB0001395,CUST002218,2026-01-06,3,The service is decent but the content library could use more variety in regional languages.,Neutral
FB0001396,CUST002222,2023-06-09,4,"Really happy with the content library, discovered several great shows this month.",Positive
FB0001397,CUST002223,2025-09-14,4,The streaming quality has been excellent and the app feels much faster after the update.,Positive
FB0001398,CUST002225,2022-04-18,3,"Average experience overall, some months are better than others depending on new releases.",Neutral
FB0001399,CUST002227,2025-12-16,4,"Really happy with the content library, discovered several great shows this month.",Positive
FB0001400,CUST002229,2023-12-10,4,Customer support resolved my issue quickly and the experience was smooth overall.,Negative
FB0001401,CUST002230,2026-03-18,3,"Average experience overall, some months are better than others depending on new releases.",Neutral
FB0001402,CUST002231,2021-01-24,5,"Really happy with the content library, discovered several great shows this month.",Positive
FB0001403,CUST002234,2025-06-04,3,"It works fine most of the time, occasional buffering but nothing major to complain about.",Neutral
FB0001404,CUST002235,2024-03-07,1,"Customer support took too long to respond to my billing complaint, very disappointing experience.",Negative
FB0001405,CUST002237,2025-08-21,4,Customer support resolved my issue quickly and the experience was smooth overall.,Neutral
FB0001406,CUST002239,2023-10-11,4,Customer support resolved my issue quickly and the experience was smooth overall.,Positive
FB0001407,CUST002240,2021-11-14,5,"Really happy with the content library, discovered several great shows this month.",Positive
FB0001408,CUST002241,2024-03-12,5,The streaming quality has been excellent and the app feels much faster after the update.,Positive
FB0001409,CUST002243,2023-04-26,2,The app keeps crashing on my device and I have not been able to watch anything for days.,Negative
FB0001410,CUST002243,2025-12-29,5,Customer support resolved my issue quickly and the experience was smooth overall.,Positive
FB0001411,CUST002244,2025-06-21,3,The service is decent but the content library could use more variety in regional languages.,Neutral
FB0001412,CUST002244,2026-06-13,3,"It works fine most of the time, occasional buffering but nothing major to complain about.",Neutral
FB0001413,CUST002245,2021-07-17,3,"Average experience overall, some months are better than others depending on new releases.",Neutral
FB0001414,CUST002245,2023-10-09,3,"It works fine most of the time, occasional buffering but nothing major to complain about.",Neutral
FB0001415,CUST002247,2025-11-07,3,"Average experience overall, some months are better than others depending on new releases.",Neutral
FB0001416,CUST002248,2024-01-23,5,Customer support resolved my issue quickly and the experience was smooth overall.,Positive
FB0001417,CUST002251,2025-11-27,5,The streaming quality has been excellent and the app feels much faster after the update.,Positive
FB0001418,CUST002254,2026-06-05,3,"Average experience overall, some months are better than others depending on new releases.",Neutral
FB0001419,CUST002254,2025-09-07,5,"Great value for the price, my whole family uses different profiles without any issues.",Positive
FB0001420,CUST002254,2026-02-08,3,"Average experience overall, some months are better than others depending on new releases.",Neutral
FB0001421,CUST002255,2025-11-07,5,"Really happy with the content library, discovered several great shows this month.",Positive
FB0001422,CUST002255,2025-05-19,4,"Love the recommendation engine, it keeps suggesting shows I actually end up enjoying.",Positive
FB0001423,CUST002256,2023-10-23,5,"Love the recommendation engine, it keeps suggesting shows I actually end up enjoying.",Positive
FB0001424,CUST002260,2024-04-16,4,"Really happy with the content library, discovered several great shows this month.",Positive
FB0001425,CUST002260,2023-09-08,4,Customer support resolved my issue quickly and the experience was smooth overall.,Positive
FB0001426,CUST002260,2023-02-24,5,Customer support resolved my issue quickly and the experience was smooth overall.,Positive
FB0001427,CUST002261,2024-06-21,4,"Really happy with the content library, discovered several great shows this month.",Positive
FB0001428,CUST002265,2024-04-02,3,"It works fine most of the time, occasional buffering but nothing major to complain about.",Neutral
FB0001429,CUST002266,2025-06-10,3,"It works fine most of the time, occasional buffering but nothing major to complain about.",Neutral
FB0001430,CUST002266,2026-01-02,5,The streaming quality has been excellent and the app feels much faster after the update.,Positive
FB0001431,CUST002266,2022-10-20,1,"Customer support took too long to respond to my billing complaint, very disappointing experience.",Negative
FB0001432,CUST002271,2026-02-14,3,"Average experience overall, some months are better than others depending on new releases.",Neutral
FB0001433,CUST002276,2020-03-14,3,"It works fine most of the time, occasional buffering but nothing major to complain about.",Neutral
FB0001434,CUST002279,2025-03-05,4,"Love the recommendation engine, it keeps suggesting shows I actually end up enjoying.",Positive
FB0001435,CUST002282,2024-10-18,1,The app keeps crashing on my device and I have not been able to watch anything for days.,Negative
FB0001436,CUST002284,2026-02-22,3,The service is decent but the content library could use more variety in regional languages.,Neutral
FB0001437,CUST002285,2025-09-10,4,"Love the recommendation engine, it keeps suggesting shows I actually end up enjoying.",Positive
FB0001438,CUST002286,2024-12-03,5,"Love the recommendation engine, it keeps suggesting shows I actually end up enjoying.",Positive
FB0001439,CUST002288,2024-06-21,5,"Love the recommendation engine, it keeps suggesting shows I actually end up enjoying.",Positive
FB0001440,CUST002289,2022-11-28,3,The service is decent but the content library could use more variety in regional languages.,Neutral
FB0001441,CUST002294,2026-03-15,1,Cancelled my plan because the price increase was not worth the content available right now.,Negative
FB0001442,CUST002294,2025-11-18,3,"It works fine most of the time, occasional buffering but nothing major to complain about.",Neutral
FB0001443,CUST002294,2025-12-05,5,The streaming quality has been excellent and the app feels much faster after the update.,Positive
FB0001444,CUST002295,2025-04-30,3,The service is decent but the content library could use more variety in regional languages.,Neutral
FB0001445,CUST002296,2022-08-03,3,The service is decent but the content library could use more variety in regional languages.,Neutral
FB0001446,CUST002297,2025-07-21,1,"Customer support took too long to respond to my billing complaint, very disappointing experience.",Negative
FB0001447,CUST002299,2024-10-17,3,"Average experience overall, some months are better than others depending on new releases.",Neutral
FB0001448,CUST002299,2023-07-14,4,The streaming quality has been excellent and the app feels much faster after the update.,Positive
FB0001449,CUST002303,2026-06-05,2,"Not enough new content being added, feels like I have already watched everything worth watching.",Negative
FB0001450,CUST002306,2022-02-11,2,Cancelled my plan because the price increase was not worth the content available right now.,Negative
FB0001451,CUST002306,2024-03-30,3,"It works fine most of the time, occasional buffering but nothing major to complain about.",Neutral
FB0001452,CUST002313,2026-04-02,5,"Really happy with the content library, discovered several great shows this month.",Positive
FB0001453,CUST002314,2026-05-28,3,"It works fine most of the time, occasional buffering but nothing major to complain about.",Neutral
FB0001454,CUST002314,2025-09-03,2,"Not enough new content being added, feels like I have already watched everything worth watching.",Negative
FB0001455,CUST002314,2026-03-04,4,"Love the recommendation engine, it keeps suggesting shows I actually end up enjoying.",Positive
FB0001456,CUST002316,2022-02-08,5,"Love the recommendation engine, it keeps suggesting shows I actually end up enjoying.",Positive
FB0001457,CUST002317,2026-03-27,2,The app keeps crashing on my device and I have not been able to watch anything for days.,Negative
FB0001458,CUST002317,2020-10-16,3,The service is decent but the content library could use more variety in regional languages.,Neutral
FB0001459,CUST002317,2022-07-09,5,"Love the recommendation engine, it keeps suggesting shows I actually end up enjoying.",Positive
FB0001460,CUST002318,2023-11-02,5,Customer support resolved my issue quickly and the experience was smooth overall.,Positive
FB0001461,CUST002318,2020-05-28,2,The app keeps crashing on my device and I have not been able to watch anything for days.,Negative
FB0001462,CUST002318,2024-08-04,3,"Average experience overall, some months are better than others depending on new releases.",Neutral
FB0001463,CUST002323,2021-12-28,5,"Great value for the price, my whole family uses different profiles without any issues.",Positive
FB0001464,CUST002323,2022-06-20,3,"It works fine most of the time, occasional buffering but nothing major to complain about.",Neutral
FB0001465,CUST002323,2025-04-10,5,"Great value for the price, my whole family uses different profiles without any issues.",Positive
FB0001466,CUST002323,2022-06-10,5,The streaming quality has been excellent and the app feels much faster after the update.,Positive
FB0001467,CUST002325,2023-07-22,5,"Really happy with the content library, discovered several great shows this month.",Positive
FB0001468,CUST002325,2021-08-10,2,"Customer support took too long to respond to my billing complaint, very disappointing experience.",Negative
FB0001469,CUST002325,2022-11-26,3,"Average experience overall, some months are better than others depending on new releases.",Neutral
FB0001470,CUST002325,2026-06-22,2,"Customer support took too long to respond to my billing complaint, very disappointing experience.",Negative
FB0001471,CUST002325,2023-08-14,1,Constant buffering issues during peak hours have made this frustrating to use lately.,Negative
FB0001472,CUST002327,2024-11-15,5,Customer support resolved my issue quickly and the experience was smooth overall.,Positive
FB0001473,CUST002330,2025-07-10,5,Customer support resolved my issue quickly and the experience was smooth overall.,Positive
FB0001474,CUST002331,2024-02-11,4,"Great value for the price, my whole family uses different profiles without any issues.",Positive
FB0001475,CUST002333,2024-01-05,4,"Great value for the price, my whole family uses different profiles without any issues.",Positive
FB0001476,CUST002333,2023-04-18,4,The streaming quality has been excellent and the app feels much faster after the update.,Positive
FB0001477,CUST002335,2023-06-23,3,The service is decent but the content library could use more variety in regional languages.,Neutral
FB0001478,CUST002336,2025-07-05,4,"Really happy with the content library, discovered several great shows this month.",Positive
FB0001479,CUST002337,2025-06-18,3,"It works fine most of the time, occasional buffering but nothing major to complain about.",Neutral
FB0001480,CUST002337,2024-01-27,4,"Love the recommendation engine, it keeps suggesting shows I actually end up enjoying.",Positive
FB0001481,CUST002340,2025-03-05,3,"It works fine most of the time, occasional buffering but nothing major to complain about.",Neutral
FB0001482,CUST002340,2025-02-26,3,"It works fine most of the time, occasional buffering but nothing major to complain about.",Neutral
FB0001483,CUST002344,2023-10-02,5,Customer support resolved my issue quickly and the experience was smooth overall.,Positive
FB0001484,CUST002346,2026-02-03,5,"Great value for the price, my whole family uses different profiles without any issues.",Positive
FB0001485,CUST002349,2026-06-16,3,"Average experience overall, some months are better than others depending on new releases.",Neutral
FB0001486,CUST002349,2025-04-28,4,"Great value for the price, my whole family uses different profiles without any issues.",Positive
FB0001487,CUST002353,2023-12-31,4,"Love the recommendation engine, it keeps suggesting shows I actually end up enjoying.",Positive
FB0001488,CUST002354,2024-12-15,5,"Love the recommendation engine, it keeps suggesting shows I actually end up enjoying.",Positive
FB0001489,CUST002354,2025-02-27,2,"Not enough new content being added, feels like I have already watched everything worth watching.",Negative
FB0001490,CUST002354,2022-12-05,1,"Not enough new content being added, feels like I have already watched everything worth watching.",Negative
FB0001491,CUST002357,2026-03-18,2,"Not enough new content being added, feels like I have already watched everything worth watching.",Negative
FB0001492,CUST002357,2022-07-29,5,The streaming quality has been excellent and the app feels much faster after the update.,Positive
FB0001493,CUST002357,2022-08-17,5,"Love the recommendation engine, it keeps suggesting shows I actually end up enjoying.",Positive
FB0001494,CUST002358,2025-08-01,3,The service is decent but the content library could use more variety in regional languages.,Neutral
FB0001495,CUST002359,2025-05-19,1,"Customer support took too long to respond to my billing complaint, very disappointing experience.",Negative
FB0001496,CUST002360,2024-11-18,4,"Great value for the price, my whole family uses different profiles without any issues.",Positive
FB0001497,CUST002360,2024-12-30,2,Constant buffering issues during peak hours have made this frustrating to use lately.,Negative
FB0001498,CUST002360,2024-11-21,3,The service is decent but the content library could use more variety in regional languages.,Neutral
FB0001499,CUST002362,2025-05-27,5,"Really happy with the content library, discovered several great shows this month.",Positive
FB0001500,CUST002362,2022-05-08,4,"Really happy with the content library, discovered several great shows this month.",Positive
FB0001501,CUST002362,2024-12-03,2,Cancelled my plan because the price increase was not worth the content available right now.,Negative
FB0001502,CUST002364,2026-05-30,2,Constant buffering issues during peak hours have made this frustrating to use lately.,Negative
FB0001503,CUST002364,2026-06-29,2,"Customer support took too long to respond to my billing complaint, very disappointing experience.",Negative
FB0001504,CUST002365,2024-07-12,4,"Love the recommendation engine, it keeps suggesting shows I actually end up enjoying.",Positive
FB0001505,CUST002370,2021-03-27,3,"Average experience overall, some months are better than others depending on new releases.",Neutral
FB0001506,CUST002370,2021-08-22,3,"Average experience overall, some months are better than others depending on new releases.",Neutral
FB0001507,CUST002371,2025-04-23,5,The streaming quality has been excellent and the app feels much faster after the update.,Positive
FB0001508,CUST002371,2023-11-23,4,Customer support resolved my issue quickly and the experience was smooth overall.,Positive
FB0001509,CUST002375,2025-06-09,4,"Great value for the price, my whole family uses different profiles without any issues.",Positive
FB0001510,CUST002378,2023-03-08,3,"It works fine most of the time, occasional buffering but nothing major to complain about.",Neutral
FB0001511,CUST002379,2026-03-05,1,"Not enough new content being added, feels like I have already watched everything worth watching.",Negative
FB0001512,CUST002381,2025-11-17,3,"It works fine most of the time, occasional buffering but nothing major to complain about.",Neutral
FB0001513,CUST002381,2025-10-01,3,"Average experience overall, some months are better than others depending on new releases.",Neutral
FB0001514,CUST002382,2026-03-16,4,"Really happy with the content library, discovered several great shows this month.",Positive
FB0001515,CUST002385,2023-01-17,1,Constant buffering issues during peak hours have made this frustrating to use lately.,Negative
FB0001516,CUST002387,2020-09-14,1,Cancelled my plan because the price increase was not worth the content available right now.,Negative
FB0001517,CUST002389,2021-03-13,3,"It works fine most of the time, occasional buffering but nothing major to complain about.",Neutral
FB0001518,CUST002389,2021-02-26,3,"It works fine most of the time, occasional buffering but nothing major to complain about.",Neutral
FB0001519,CUST002389,2023-04-17,3,"Average experience overall, some months are better than others depending on new releases.",Neutral
FB0001520,CUST002390,2024-07-25,5,"Love the recommendation engine, it keeps suggesting shows I actually end up enjoying.",Positive
FB0001521,CUST002391,2026-05-15,5,Customer support resolved my issue quickly and the experience was smooth overall.,Positive
FB0001522,CUST002395,2023-01-29,5,"Really happy with the content library, discovered several great shows this month.",Positive
FB0001523,CUST002396,2025-06-05,3,"Average experience overall, some months are better than others depending on new releases.",Neutral
FB0001524,CUST002397,2026-03-27,5,Customer support resolved my issue quickly and the experience was smooth overall.,Positive
FB0001525,CUST002400,2022-10-25,2,Constant buffering issues during peak hours have made this frustrating to use lately.,Negative
FB0001526,CUST002403,2026-06-02,4,"Really happy with the content library, discovered several great shows this month.",Positive
FB0001527,CUST002403,2024-10-21,3,The service is decent but the content library could use more variety in regional languages.,Neutral
FB0001528,CUST002403,2024-08-29,4,"Great value for the price, my whole family uses different profiles without any issues.",Positive
FB0001529,CUST002406,2026-05-13,1,The app keeps crashing on my device and I have not been able to watch anything for days.,Negative
FB0001530,CUST002407,2025-09-25,3,"It works fine most of the time, occasional buffering but nothing major to complain about.",Neutral
FB0001531,CUST002410,2024-05-27,3,"It works fine most of the time, occasional buffering but nothing major to complain about.",Neutral
FB0001532,CUST002410,2026-05-14,3,"Average experience overall, some months are better than others depending on new releases.",Neutral
FB0001533,CUST002410,2022-06-03,5,"Great value for the price, my whole family uses different profiles without any issues.",Positive
FB0001534,CUST002412,2025-11-25,5,Customer support resolved my issue quickly and the experience was smooth overall.,Positive
FB0001535,CUST002412,2026-06-27,5,"Great value for the price, my whole family uses different profiles without any issues.",Positive
FB0001536,CUST002413,2025-04-21,4,"Great value for the price, my whole family uses different profiles without any issues.",Positive
FB0001537,CUST002413,2026-01-04,3,"It works fine most of the time, occasional buffering but nothing major to complain about.",Positive
FB0001538,CUST002415,2024-03-28,4,"Really happy with the content library, discovered several great shows this month.",Positive
FB0001539,CUST002417,2025-11-03,5,"Really happy with the content library, discovered several great shows this month.",Positive
FB0001540,CUST002418,2022-09-05,1,Cancelled my plan because the price increase was not worth the content available right now.,Negative
FB0001541,CUST002419,2025-12-07,4,"Love the recommendation engine, it keeps suggesting shows I actually end up enjoying.",Positive
FB0001542,CUST002425,2026-05-12,3,"It works fine most of the time, occasional buffering but nothing major to complain about.",Neutral
FB0001543,CUST002426,2022-10-10,3,The service is decent but the content library could use more variety in regional languages.,Neutral
FB0001544,CUST002427,2022-10-03,5,The streaming quality has been excellent and the app feels much faster after the update.,Positive
FB0001545,CUST002429,2021-10-30,5,"Really happy with the content library, discovered several great shows this month.",Positive
FB0001546,CUST002429,2023-03-11,3,"Average experience overall, some months are better than others depending on new releases.",Neutral
FB0001547,CUST002429,2022-12-05,3,"It works fine most of the time, occasional buffering but nothing major to complain about.",Neutral
FB0001548,CUST002430,2024-08-12,3,The service is decent but the content library could use more variety in regional languages.,Neutral
FB0001549,CUST002430,2025-01-11,2,"Not enough new content being added, feels like I have already watched everything worth watching.",Negative
FB0001550,CUST002430,2024-06-25,1,Cancelled my plan because the price increase was not worth the content available right now.,Negative
FB0001551,CUST002431,2021-03-12,2,The app keeps crashing on my device and I have not been able to watch anything for days.,Negative
FB0001552,CUST002433,2023-03-04,3,The service is decent but the content library could use more variety in regional languages.,Neutral
FB0001553,CUST002433,2025-01-04,4,Customer support resolved my issue quickly and the experience was smooth overall.,Positive
FB0001554,CUST002433,2021-08-27,4,"Really happy with the content library, discovered several great shows this month.",Positive
FB0001555,CUST002433,2024-03-16,1,"Not enough new content being added, feels like I have already watched everything worth watching.",Negative
FB0001556,CUST002436,2024-12-06,5,The streaming quality has been excellent and the app feels much faster after the update.,Positive
FB0001557,CUST002444,2026-04-27,1,The app keeps crashing on my device and I have not been able to watch anything for days.,Negative
FB0001558,CUST002445,2021-05-08,5,"Love the recommendation engine, it keeps suggesting shows I actually end up enjoying.",Positive
FB0001559,CUST002445,2026-01-24,1,"Not enough new content being added, feels like I have already watched everything worth watching.",Neutral
FB0001560,CUST002450,2024-07-18,3,"Average experience overall, some months are better than others depending on new releases.",Neutral
FB0001561,CUST002451,2025-03-26,3,"It works fine most of the time, occasional buffering but nothing major to complain about.",Neutral
FB0001562,CUST002452,2025-05-09,1,The app keeps crashing on my device and I have not been able to watch anything for days.,Negative
FB0001563,CUST002458,2024-07-02,3,"Average experience overall, some months are better than others depending on new releases.",Neutral
FB0001564,CUST002463,2026-05-26,1,Constant buffering issues during peak hours have made this frustrating to use lately.,Negative
FB0001565,CUST002463,2026-03-23,5,"Really happy with the content library, discovered several great shows this month.",Positive
FB0001566,CUST002463,2025-06-28,1,"Customer support took too long to respond to my billing complaint, very disappointing experience.",Negative
FB0001567,CUST002464,2026-03-15,3,"It works fine most of the time, occasional buffering but nothing major to complain about.",Neutral
FB0001568,CUST002465,2023-07-27,5,The streaming quality has been excellent and the app feels much faster after the update.,Positive
FB0001569,CUST002466,2021-07-22,3,The service is decent but the content library could use more variety in regional languages.,Neutral
FB0001570,CUST002470,2021-05-18,2,"Customer support took too long to respond to my billing complaint, very disappointing experience.",Negative
FB0001571,CUST002474,2023-06-28,4,The streaming quality has been excellent and the app feels much faster after the update.,Positive
FB0001572,CUST002475,2025-11-01,4,"Great value for the price, my whole family uses different profiles without any issues.",Positive
FB0001573,CUST002478,2026-05-21,3,"Average experience overall, some months are better than others depending on new releases.",Neutral
FB0001574,CUST002480,2023-06-18,1,The app keeps crashing on my device and I have not been able to watch anything for days.,Negative
FB0001575,CUST002483,2021-05-21,2,"Not enough new content being added, feels like I have already watched everything worth watching.",Negative
FB0001576,CUST002484,2024-02-11,1,The app keeps crashing on my device and I have not been able to watch anything for days.,Positive
FB0001577,CUST002485,2025-12-01,3,"Average experience overall, some months are better than others depending on new releases.",Neutral
FB0001578,CUST002488,2022-12-31,2,The app keeps crashing on my device and I have not been able to watch anything for days.,Negative
FB0001579,CUST002488,2024-01-13,1,The app keeps crashing on my device and I have not been able to watch anything for days.,Negative
FB0001580,CUST002489,2026-03-22,1,"Customer support took too long to respond to my billing complaint, very disappointing experience.",Neutral
FB0001581,CUST002490,2024-05-26,3,"It works fine most of the time, occasional buffering but nothing major to complain about.",Neutral
FB0001582,CUST002492,2025-04-28,3,"Average experience overall, some months are better than others depending on new releases.",Neutral
FB0001583,CUST002493,2025-12-09,4,The streaming quality has been excellent and the app feels much faster after the update.,Positive
FB0001584,CUST002495,2023-03-01,2,Constant buffering issues during peak hours have made this frustrating to use lately.,Negative
FB0001585,CUST002496,2025-12-04,3,"It works fine most of the time, occasional buffering but nothing major to complain about.",Neutral
FB0001586,CUST002496,2025-10-08,1,"Not enough new content being added, feels like I have already watched everything worth watching.",Negative
FB0001587,CUST002498,2026-03-09,5,The streaming quality has been excellent and the app feels much faster after the update.,Positive
FB0001588,CUST002500,2026-05-25,4,Customer support resolved my issue quickly and the experience was smooth overall.,Positive
FB0001589,CUST002500,2026-04-23,5,The streaming quality has been excellent and the app feels much faster after the update.,Positive
FB0001590,CUST002501,2025-01-19,3,"Average experience overall, some months are better than others depending on new releases.",Neutral
FB0001591,CUST002502,2026-04-11,3,"Average experience overall, some months are better than others depending on new releases.",Neutral
FB0001592,CUST002504,2026-03-08,2,Cancelled my plan because the price increase was not worth the content available right now.,Negative
FB0001593,CUST002505,2021-05-11,5,"Great value for the price, my whole family uses different profiles without any issues.",Positive
FB0001594,CUST002505,2025-08-05,4,The streaming quality has been excellent and the app feels much faster after the update.,Positive
FB0001595,CUST002505,2024-04-13,3,"It works fine most of the time, occasional buffering but nothing major to complain about.",Neutral
FB0001596,CUST002505,2020-06-29,4,"Love the recommendation engine, it keeps suggesting shows I actually end up enjoying.",Positive
FB0001597,CUST002507,2026-05-11,5,Customer support resolved my issue quickly and the experience was smooth overall.,Positive
FB0001598,CUST002508,2023-05-07,1,"Customer support took too long to respond to my billing complaint, very disappointing experience.",Positive
FB0001599,CUST002511,2026-04-28,3,"It works fine most of the time, occasional buffering but nothing major to complain about.",Negative
FB0001600,CUST002511,2025-01-31,2,Cancelled my plan because the price increase was not worth the content available right now.,Negative
FB0001601,CUST002511,2023-07-29,3,"Average experience overall, some months are better than others depending on new releases.",Positive
FB0001602,CUST002512,2024-07-23,3,The service is decent but the content library could use more variety in regional languages.,Neutral
FB0001603,CUST002515,2022-09-03,3,"It works fine most of the time, occasional buffering but nothing major to complain about.",Negative
FB0001604,CUST002515,2020-11-15,1,The app keeps crashing on my device and I have not been able to watch anything for days.,Negative
FB0001605,CUST002517,2023-09-08,4,"Really happy with the content library, discovered several great shows this month.",Positive
FB0001606,CUST002518,2025-03-31,5,The streaming quality has been excellent and the app feels much faster after the update.,Positive
FB0001607,CUST002522,2023-06-23,3,"Average experience overall, some months are better than others depending on new releases.",Neutral
FB0001608,CUST002524,2025-08-04,4,"Great value for the price, my whole family uses different profiles without any issues.",Positive
FB0001609,CUST002525,2026-06-05,1,Cancelled my plan because the price increase was not worth the content available right now.,Negative
FB0001610,CUST002527,2020-09-07,1,"Not enough new content being added, feels like I have already watched everything worth watching.",Negative
FB0001611,CUST002528,2025-05-21,5,Customer support resolved my issue quickly and the experience was smooth overall.,Positive
FB0001612,CUST002530,2025-05-12,1,"Not enough new content being added, feels like I have already watched everything worth watching.",Negative
FB0001613,CUST002531,2024-04-08,3,"Average experience overall, some months are better than others depending on new releases.",Neutral
FB0001614,CUST002531,2025-02-02,4,"Really happy with the content library, discovered several great shows this month.",Positive
FB0001615,CUST002535,2024-12-05,4,"Love the recommendation engine, it keeps suggesting shows I actually end up enjoying.",Positive
FB0001616,CUST002535,2025-04-23,3,"It works fine most of the time, occasional buffering but nothing major to complain about.",Neutral
FB0001617,CUST002539,2022-04-24,3,"Average experience overall, some months are better than others depending on new releases.",Neutral
FB0001618,CUST002540,2024-05-10,3,"Average experience overall, some months are better than others depending on new releases.",Neutral
FB0001619,CUST002541,2026-01-21,4,Customer support resolved my issue quickly and the experience was smooth overall.,Positive
FB0001620,CUST002541,2025-11-10,3,"It works fine most of the time, occasional buffering but nothing major to complain about.",Neutral
FB0001621,CUST002542,2026-01-25,4,Customer support resolved my issue quickly and the experience was smooth overall.,Positive
FB0001622,CUST002542,2026-04-24,4,"Great value for the price, my whole family uses different profiles without any issues.",Positive
FB0001623,CUST002542,2026-03-15,4,"Great value for the price, my whole family uses different profiles without any issues.",Positive
FB0001624,CUST002543,2025-06-11,4,"Love the recommendation engine, it keeps suggesting shows I actually end up enjoying.",Positive
FB0001625,CUST002550,2025-05-10,3,The service is decent but the content library could use more variety in regional languages.,Neutral
FB0001626,CUST002550,2025-05-30,4,"Love the recommendation engine, it keeps suggesting shows I actually end up enjoying.",Positive
FB0001627,CUST002550,2025-11-19,1,Cancelled my plan because the price increase was not worth the content available right now.,Negative
FB0001628,CUST002553,2026-02-05,3,"Average experience overall, some months are better than others depending on new releases.",Neutral
FB0001629,CUST002554,2025-12-07,5,"Love the recommendation engine, it keeps suggesting shows I actually end up enjoying.",Positive
FB0001630,CUST002555,2021-03-12,5,"Love the recommendation engine, it keeps suggesting shows I actually end up enjoying.",Positive
FB0001631,CUST002560,2023-10-30,3,The service is decent but the content library could use more variety in regional languages.,Neutral
FB0001632,CUST002561,2020-04-03,4,"Great value for the price, my whole family uses different profiles without any issues.",Positive
FB0001633,CUST002564,2022-09-01,1,"Customer support took too long to respond to my billing complaint, very disappointing experience.",Negative
FB0001634,CUST002567,2025-06-05,1,"Customer support took too long to respond to my billing complaint, very disappointing experience.",Neutral
FB0001635,CUST002567,2025-06-30,2,Cancelled my plan because the price increase was not worth the content available right now.,Negative
FB0001636,CUST002569,2024-02-24,4,"Love the recommendation engine, it keeps suggesting shows I actually end up enjoying.",Positive
FB0001637,CUST002570,2026-05-06,5,"Great value for the price, my whole family uses different profiles without any issues.",Positive
FB0001638,CUST002570,2026-05-02,3,"Average experience overall, some months are better than others depending on new releases.",Neutral
FB0001639,CUST002570,2026-05-10,1,"Not enough new content being added, feels like I have already watched everything worth watching.",Negative
FB0001640,CUST002570,2026-04-10,3,"Average experience overall, some months are better than others depending on new releases.",Neutral
FB0001641,CUST002572,2025-08-29,4,"Really happy with the content library, discovered several great shows this month.",Positive
FB0001642,CUST002575,2026-06-27,3,"It works fine most of the time, occasional buffering but nothing major to complain about.",Neutral
FB0001643,CUST002575,2026-06-19,4,"Love the recommendation engine, it keeps suggesting shows I actually end up enjoying.",Positive
FB0001644,CUST002576,2024-06-09,5,Customer support resolved my issue quickly and the experience was smooth overall.,Positive
FB0001645,CUST002579,2026-04-01,5,"Love the recommendation engine, it keeps suggesting shows I actually end up enjoying.",Positive
FB0001646,CUST002579,2020-08-11,1,"Customer support took too long to respond to my billing complaint, very disappointing experience.",Negative
FB0001647,CUST002582,2020-12-30,4,"Great value for the price, my whole family uses different profiles without any issues.",Positive
FB0001648,CUST002585,2024-12-28,5,"Really happy with the content library, discovered several great shows this month.",Positive
FB0001649,CUST002587,2024-04-29,5,"Love the recommendation engine, it keeps suggesting shows I actually end up enjoying.",Positive
FB0001650,CUST002588,2025-02-15,2,The app keeps crashing on my device and I have not been able to watch anything for days.,Negative
FB0001651,CUST002588,2023-09-19,4,Customer support resolved my issue quickly and the experience was smooth overall.,Positive
FB0001652,CUST002589,2025-11-24,1,Constant buffering issues during peak hours have made this frustrating to use lately.,Negative
FB0001653,CUST002589,2020-12-16,1,"Customer support took too long to respond to my billing complaint, very disappointing experience.",Negative
FB0001654,CUST002590,2026-02-23,5,"Great value for the price, my whole family uses different profiles without any issues.",Positive
FB0001655,CUST002592,2023-11-14,1,The app keeps crashing on my device and I have not been able to watch anything for days.,Negative
FB0001656,CUST002592,2024-03-20,3,The service is decent but the content library could use more variety in regional languages.,Neutral
FB0001657,CUST002593,2023-08-04,3,"It works fine most of the time, occasional buffering but nothing major to complain about.",Neutral
FB0001658,CUST002595,2026-06-01,4,"Great value for the price, my whole family uses different profiles without any issues.",Positive
FB0001659,CUST002596,2025-05-22,1,Cancelled my plan because the price increase was not worth the content available right now.,Negative
FB0001660,CUST002597,2022-04-21,3,The service is decent but the content library could use more variety in regional languages.,Neutral
FB0001661,CUST002598,2026-01-19,2,"Not enough new content being added, feels like I have already watched everything worth watching.",Negative
FB0001662,CUST002603,2025-04-17,2,"Customer support took too long to respond to my billing complaint, very disappointing experience.",Negative
FB0001663,CUST002604,2024-10-18,3,"It works fine most of the time, occasional buffering but nothing major to complain about.",Neutral
FB0001664,CUST002604,2024-06-28,3,"Average experience overall, some months are better than others depending on new releases.",Neutral
FB0001665,CUST002605,2023-09-13,3,"It works fine most of the time, occasional buffering but nothing major to complain about.",Neutral
FB0001666,CUST002606,2025-04-04,2,Constant buffering issues during peak hours have made this frustrating to use lately.,Negative
FB0001667,CUST002608,2023-01-06,4,"Really happy with the content library, discovered several great shows this month.",Positive
FB0001668,CUST002609,2021-08-10,2,Constant buffering issues during peak hours have made this frustrating to use lately.,Negative
FB0001669,CUST002610,2026-06-19,3,The service is decent but the content library could use more variety in regional languages.,Neutral
FB0001670,CUST002614,2026-03-02,3,"Average experience overall, some months are better than others depending on new releases.",Neutral
FB0001671,CUST002614,2026-01-06,3,"It works fine most of the time, occasional buffering but nothing major to complain about.",Neutral
FB0001672,CUST002614,2025-04-01,2,The app keeps crashing on my device and I have not been able to watch anything for days.,Negative
FB0001673,CUST002615,2020-09-19,2,Constant buffering issues during peak hours have made this frustrating to use lately.,Negative
FB0001674,CUST002625,2020-06-27,3,The service is decent but the content library could use more variety in regional languages.,Neutral
FB0001675,CUST002626,2026-06-04,3,"It works fine most of the time, occasional buffering but nothing major to complain about.",Neutral
FB0001676,CUST002627,2025-10-13,3,The service is decent but the content library could use more variety in regional languages.,Neutral
FB0001677,CUST002629,2026-04-06,3,The service is decent but the content library could use more variety in regional languages.,Neutral
FB0001678,CUST002634,2024-10-15,2,Cancelled my plan because the price increase was not worth the content available right now.,Negative
FB0001679,CUST002635,2022-08-27,3,The service is decent but the content library could use more variety in regional languages.,Positive
FB0001680,CUST002635,2026-05-11,3,The service is decent but the content library could use more variety in regional languages.,Neutral
FB0001681,CUST002635,2026-01-06,1,"Not enough new content being added, feels like I have already watched everything worth watching.",Negative
FB0001682,CUST002636,2019-10-19,1,"Customer support took too long to respond to my billing complaint, very disappointing experience.",Negative
FB0001683,CUST002636,2020-03-29,3,"Average experience overall, some months are better than others depending on new releases.",Neutral
FB0001684,CUST002638,2025-05-04,4,"Really happy with the content library, discovered several great shows this month.",Positive
FB0001685,CUST002642,2025-06-26,3,"Average experience overall, some months are better than others depending on new releases.",Neutral
FB0001686,CUST002643,2024-07-26,5,"Really happy with the content library, discovered several great shows this month.",Positive
FB0001687,CUST002643,2025-09-29,2,Constant buffering issues during peak hours have made this frustrating to use lately.,Negative
FB0001688,CUST002643,2025-12-20,3,The service is decent but the content library could use more variety in regional languages.,Positive
FB0001689,CUST002645,2025-11-25,3,"It works fine most of the time, occasional buffering but nothing major to complain about.",Neutral
FB0001690,CUST002648,2021-07-08,4,"Great value for the price, my whole family uses different profiles without any issues.",Positive
FB0001691,CUST002650,2025-09-28,3,"Average experience overall, some months are better than others depending on new releases.",Neutral
FB0001692,CUST002651,2024-07-14,3,"Average experience overall, some months are better than others depending on new releases.",Neutral
FB0001693,CUST002656,2023-06-01,4,"Love the recommendation engine, it keeps suggesting shows I actually end up enjoying.",Positive
FB0001694,CUST002658,2023-09-17,1,"Not enough new content being added, feels like I have already watched everything worth watching.",Negative
FB0001695,CUST002659,2026-03-08,2,Cancelled my plan because the price increase was not worth the content available right now.,Negative
FB0001696,CUST002659,2025-04-30,4,"Great value for the price, my whole family uses different profiles without any issues.",Positive
FB0001697,CUST002660,2020-09-15,4,The streaming quality has been excellent and the app feels much faster after the update.,Positive
FB0001698,CUST002661,2025-04-11,5,"Love the recommendation engine, it keeps suggesting shows I actually end up enjoying.",Positive
FB0001699,CUST002670,2022-02-15,5,"Love the recommendation engine, it keeps suggesting shows I actually end up enjoying.",Positive
FB0001700,CUST002673,2022-05-14,3,"Average experience overall, some months are better than others depending on new releases.",Negative
FB0001701,CUST002677,2026-03-20,3,"It works fine most of the time, occasional buffering but nothing major to complain about.",Neutral
FB0001702,CUST002680,2025-06-19,5,The streaming quality has been excellent and the app feels much faster after the update.,Positive
FB0001703,CUST002680,2024-12-04,1,Cancelled my plan because the price increase was not worth the content available right now.,Negative
FB0001704,CUST002682,2025-10-06,2,"Not enough new content being added, feels like I have already watched everything worth watching.",Negative
FB0001705,CUST002685,2026-05-31,2,"Not enough new content being added, feels like I have already watched everything worth watching.",Negative
FB0001706,CUST002686,2024-07-02,5,"Love the recommendation engine, it keeps suggesting shows I actually end up enjoying.",Positive
FB0001707,CUST002688,2023-12-05,3,"It works fine most of the time, occasional buffering but nothing major to complain about.",Neutral
FB0001708,CUST002689,2023-09-15,5,Customer support resolved my issue quickly and the experience was smooth overall.,Positive
FB0001709,CUST002689,2026-02-23,5,"Really happy with the content library, discovered several great shows this month.",Positive
FB0001710,CUST002689,2026-01-19,3,The service is decent but the content library could use more variety in regional languages.,Neutral
FB0001711,CUST002689,2023-04-23,5,"Love the recommendation engine, it keeps suggesting shows I actually end up enjoying.",Positive
FB0001712,CUST002690,2021-03-24,5,"Love the recommendation engine, it keeps suggesting shows I actually end up enjoying.",Positive
FB0001713,CUST002694,2022-06-17,1,"Customer support took too long to respond to my billing complaint, very disappointing experience.",Negative
FB0001714,CUST002697,2025-02-15,3,The service is decent but the content library could use more variety in regional languages.,Neutral
FB0001715,CUST002697,2021-02-18,3,"It works fine most of the time, occasional buffering but nothing major to complain about.",Neutral
FB0001716,CUST002700,2026-02-03,1,The app keeps crashing on my device and I have not been able to watch anything for days.,Negative
FB0001717,CUST002702,2026-06-30,4,The streaming quality has been excellent and the app feels much faster after the update.,Positive
FB0001718,CUST002704,2025-07-21,5,Customer support resolved my issue quickly and the experience was smooth overall.,Positive
FB0001719,CUST002704,2022-10-10,2,"Customer support took too long to respond to my billing complaint, very disappointing experience.",Negative
FB0001720,CUST002709,2026-03-11,4,"Love the recommendation engine, it keeps suggesting shows I actually end up enjoying.",Positive
FB0001721,CUST002709,2025-07-01,5,"Really happy with the content library, discovered several great shows this month.",Positive
FB0001722,CUST002709,2022-07-04,4,"Really happy with the content library, discovered several great shows this month.",Positive
FB0001723,CUST002714,2022-07-23,3,"It works fine most of the time, occasional buffering but nothing major to complain about.",Neutral
FB0001724,CUST002714,2024-10-28,5,Customer support resolved my issue quickly and the experience was smooth overall.,Positive
FB0001725,CUST002717,2021-01-26,1,The app keeps crashing on my device and I have not been able to watch anything for days.,Negative
FB0001726,CUST002719,2024-06-23,4,Customer support resolved my issue quickly and the experience was smooth overall.,Positive
FB0001727,CUST002721,2026-06-16,1,"Not enough new content being added, feels like I have already watched everything worth watching.",Negative
FB0001728,CUST002723,2020-12-03,2,The app keeps crashing on my device and I have not been able to watch anything for days.,Negative
FB0001729,CUST002727,2025-01-17,3,The service is decent but the content library could use more variety in regional languages.,Neutral
FB0001730,CUST002732,2023-10-18,4,"Love the recommendation engine, it keeps suggesting shows I actually end up enjoying.",Positive
FB0001731,CUST002733,2023-06-05,4,"Great value for the price, my whole family uses different profiles without any issues.",Positive
FB0001732,CUST002734,2022-09-17,2,"Not enough new content being added, feels like I have already watched everything worth watching.",Negative
FB0001733,CUST002735,2024-12-22,4,Customer support resolved my issue quickly and the experience was smooth overall.,Positive
FB0001734,CUST002737,2025-04-09,3,"Average experience overall, some months are better than others depending on new releases.",Neutral
FB0001735,CUST002744,2025-03-16,3,The service is decent but the content library could use more variety in regional languages.,Positive
FB0001736,CUST002745,2024-12-29,4,"Great value for the price, my whole family uses different profiles without any issues.",Positive
FB0001737,CUST002745,2024-05-30,5,The streaming quality has been excellent and the app feels much faster after the update.,Positive
FB0001738,CUST002751,2024-12-29,1,"Not enough new content being added, feels like I have already watched everything worth watching.",Negative
FB0001739,CUST002753,2026-06-27,1,Constant buffering issues during peak hours have made this frustrating to use lately.,Negative
FB0001740,CUST002757,2020-01-02,2,Cancelled my plan because the price increase was not worth the content available right now.,Negative
FB0001741,CUST002759,2021-11-18,4,The streaming quality has been excellent and the app feels much faster after the update.,Positive
FB0001742,CUST002764,2026-01-27,4,"Really happy with the content library, discovered several great shows this month.",Positive
FB0001743,CUST002768,2026-06-26,4,"Love the recommendation engine, it keeps suggesting shows I actually end up enjoying.",Positive
FB0001744,CUST002769,2026-03-07,4,"Love the recommendation engine, it keeps suggesting shows I actually end up enjoying.",Positive
FB0001745,CUST002769,2026-03-16,3,The service is decent but the content library could use more variety in regional languages.,Neutral
FB0001746,CUST002770,2025-05-02,4,"Really happy with the content library, discovered several great shows this month.",Positive
FB0001747,CUST002771,2026-02-13,1,"Not enough new content being added, feels like I have already watched everything worth watching.",Negative
FB0001748,CUST002771,2026-03-24,1,Constant buffering issues during peak hours have made this frustrating to use lately.,Negative
FB0001749,CUST002771,2025-08-02,2,The app keeps crashing on my device and I have not been able to watch anything for days.,Negative
FB0001750,CUST002777,2026-03-28,1,"Customer support took too long to respond to my billing complaint, very disappointing experience.",Negative
FB0001751,CUST002778,2026-03-02,2,Constant buffering issues during peak hours have made this frustrating to use lately.,Negative
FB0001752,CUST002778,2026-01-05,3,"It works fine most of the time, occasional buffering but nothing major to complain about.",Neutral
FB0001753,CUST002780,2024-06-16,5,"Love the recommendation engine, it keeps suggesting shows I actually end up enjoying.",Positive
FB0001754,CUST002780,2026-05-07,5,"Great value for the price, my whole family uses different profiles without any issues.",Positive
FB0001755,CUST002780,2024-04-28,5,"Really happy with the content library, discovered several great shows this month.",Positive
FB0001756,CUST002781,2022-07-23,3,"It works fine most of the time, occasional buffering but nothing major to complain about.",Neutral
FB0001757,CUST002782,2024-03-31,4,"Really happy with the content library, discovered several great shows this month.",Positive
FB0001758,CUST002785,2026-04-16,4,The streaming quality has been excellent and the app feels much faster after the update.,Positive
FB0001759,CUST002789,2025-12-23,3,"It works fine most of the time, occasional buffering but nothing major to complain about.",Neutral
FB0001760,CUST002789,2024-06-29,3,The service is decent but the content library could use more variety in regional languages.,Neutral
FB0001761,CUST002790,2024-10-04,4,"Great value for the price, my whole family uses different profiles without any issues.",Positive
FB0001762,CUST002792,2026-06-03,4,"Love the recommendation engine, it keeps suggesting shows I actually end up enjoying.",Positive
FB0001763,CUST002793,2022-08-25,5,"Great value for the price, my whole family uses different profiles without any issues.",Positive
FB0001764,CUST002793,2020-01-23,3,The service is decent but the content library could use more variety in regional languages.,Positive
FB0001765,CUST002793,2021-03-07,1,"Customer support took too long to respond to my billing complaint, very disappointing experience.",Negative
FB0001766,CUST002794,2022-07-22,2,"Not enough new content being added, feels like I have already watched everything worth watching.",Negative
FB0001767,CUST002796,2026-06-12,3,The service is decent but the content library could use more variety in regional languages.,Neutral
FB0001768,CUST002799,2023-07-27,2,The app keeps crashing on my device and I have not been able to watch anything for days.,Negative
FB0001769,CUST002799,2025-07-08,3,The service is decent but the content library could use more variety in regional languages.,Neutral
FB0001770,CUST002799,2022-09-12,3,"It works fine most of the time, occasional buffering but nothing major to complain about.",Neutral
FB0001771,CUST002805,2022-06-23,1,Constant buffering issues during peak hours have made this frustrating to use lately.,Negative
FB0001772,CUST002805,2026-01-22,5,"Love the recommendation engine, it keeps suggesting shows I actually end up enjoying.",Positive
FB0001773,CUST002811,2026-06-05,4,Customer support resolved my issue quickly and the experience was smooth overall.,Positive
FB0001774,CUST002813,2025-07-11,1,Cancelled my plan because the price increase was not worth the content available right now.,Negative
FB0001775,CUST002814,2025-11-24,2,"Customer support took too long to respond to my billing complaint, very disappointing experience.",Negative
FB0001776,CUST002818,2024-01-26,1,"Not enough new content being added, feels like I have already watched everything worth watching.",Negative
FB0001777,CUST002819,2026-03-31,4,Customer support resolved my issue quickly and the experience was smooth overall.,Positive
FB0001778,CUST002821,2025-06-04,2,"Customer support took too long to respond to my billing complaint, very disappointing experience.",Negative
FB0001779,CUST002821,2025-03-23,3,"It works fine most of the time, occasional buffering but nothing major to complain about.",Neutral
FB0001780,CUST002822,2025-12-08,1,"Customer support took too long to respond to my billing complaint, very disappointing experience.",Negative
FB0001781,CUST002822,2026-01-11,5,The streaming quality has been excellent and the app feels much faster after the update.,Positive
FB0001782,CUST002826,2025-11-17,4,"Love the recommendation engine, it keeps suggesting shows I actually end up enjoying.",Positive
FB0001783,CUST002829,2026-03-12,5,"Love the recommendation engine, it keeps suggesting shows I actually end up enjoying.",Positive
FB0001784,CUST002830,2025-01-03,1,"Customer support took too long to respond to my billing complaint, very disappointing experience.",Negative
FB0001785,CUST002832,2023-07-29,5,Customer support resolved my issue quickly and the experience was smooth overall.,Positive
FB0001786,CUST002834,2025-04-24,3,"Average experience overall, some months are better than others depending on new releases.",Neutral
FB0001787,CUST002836,2024-11-13,3,"Average experience overall, some months are better than others depending on new releases.",Neutral
FB0001788,CUST002837,2024-02-13,3,"Average experience overall, some months are better than others depending on new releases.",Neutral
FB0001789,CUST002837,2025-02-26,4,The streaming quality has been excellent and the app feels much faster after the update.,Positive
FB0001790,CUST002837,2025-11-21,5,Customer support resolved my issue quickly and the experience was smooth overall.,Positive
FB0001791,CUST002838,2026-01-25,3,The service is decent but the content library could use more variety in regional languages.,Neutral
FB0001792,CUST002839,2022-11-24,4,"Really happy with the content library, discovered several great shows this month.",Positive
FB0001793,CUST002839,2023-06-16,4,"Really happy with the content library, discovered several great shows this month.",Positive
FB0001794,CUST002839,2025-04-23,3,"It works fine most of the time, occasional buffering but nothing major to complain about.",Neutral
FB0001795,CUST002840,2026-04-15,5,The streaming quality has been excellent and the app feels much faster after the update.,Positive
FB0001796,CUST002841,2026-03-11,3,"Average experience overall, some months are better than others depending on new releases.",Neutral
FB0001797,CUST002844,2024-09-10,2,"Not enough new content being added, feels like I have already watched everything worth watching.",Negative
FB0001798,CUST002844,2023-03-25,5,Customer support resolved my issue quickly and the experience was smooth overall.,Positive
FB0001799,CUST002845,2023-04-18,4,"Great value for the price, my whole family uses different profiles without any issues.",Positive
FB0001800,CUST002848,2025-11-16,2,Constant buffering issues during peak hours have made this frustrating to use lately.,Negative
FB0001801,CUST002849,2025-07-08,1,The app keeps crashing on my device and I have not been able to watch anything for days.,Negative
FB0001802,CUST002853,2024-07-28,2,"Customer support took too long to respond to my billing complaint, very disappointing experience.",Neutral
FB0001803,CUST002854,2024-11-10,3,The service is decent but the content library could use more variety in regional languages.,Neutral
FB0001804,CUST002859,2026-06-23,3,"Average experience overall, some months are better than others depending on new releases.",Neutral
FB0001805,CUST002861,2025-04-03,3,The service is decent but the content library could use more variety in regional languages.,Neutral
FB0001806,CUST002862,2025-11-07,4,The streaming quality has been excellent and the app feels much faster after the update.,Positive
FB0001807,CUST002862,2022-01-03,2,Constant buffering issues during peak hours have made this frustrating to use lately.,Negative
FB0001808,CUST002863,2024-02-14,3,"It works fine most of the time, occasional buffering but nothing major to complain about.",Neutral
FB0001809,CUST002863,2026-05-30,1,Constant buffering issues during peak hours have made this frustrating to use lately.,Negative
FB0001810,CUST002863,2026-01-15,3,The service is decent but the content library could use more variety in regional languages.,Neutral
FB0001811,CUST002863,2024-07-04,4,"Great value for the price, my whole family uses different profiles without any issues.",Positive
FB0001812,CUST002865,2025-04-28,1,Constant buffering issues during peak hours have made this frustrating to use lately.,Negative
FB0001813,CUST002866,2025-07-14,4,The streaming quality has been excellent and the app feels much faster after the update.,Positive
FB0001814,CUST002867,2021-09-12,4,Customer support resolved my issue quickly and the experience was smooth overall.,Positive
FB0001815,CUST002867,2026-03-09,4,"Love the recommendation engine, it keeps suggesting shows I actually end up enjoying.",Positive
FB0001816,CUST002868,2026-06-27,4,"Love the recommendation engine, it keeps suggesting shows I actually end up enjoying.",Neutral
FB0001817,CUST002869,2026-06-27,4,"Great value for the price, my whole family uses different profiles without any issues.",Positive
FB0001818,CUST002870,2022-10-29,5,"Love the recommendation engine, it keeps suggesting shows I actually end up enjoying.",Positive
FB0001819,CUST002871,2025-01-05,4,Customer support resolved my issue quickly and the experience was smooth overall.,Positive
FB0001820,CUST002877,2026-01-01,2,The app keeps crashing on my device and I have not been able to watch anything for days.,Negative
FB0001821,CUST002878,2022-10-08,1,Constant buffering issues during peak hours have made this frustrating to use lately.,Negative
FB0001822,CUST002882,2025-11-01,3,The service is decent but the content library could use more variety in regional languages.,Neutral
FB0001823,CUST002886,2025-02-02,2,Constant buffering issues during peak hours have made this frustrating to use lately.,Negative
FB0001824,CUST002889,2026-04-07,3,"Average experience overall, some months are better than others depending on new releases.",Neutral
FB0001825,CUST002891,2026-06-20,2,The app keeps crashing on my device and I have not been able to watch anything for days.,Negative
FB0001826,CUST002894,2025-08-05,1,Constant buffering issues during peak hours have made this frustrating to use lately.,Neutral
FB0001827,CUST002897,2025-06-03,5,"Great value for the price, my whole family uses different profiles without any issues.",Positive
FB0001828,CUST002899,2026-04-30,1,The app keeps crashing on my device and I have not been able to watch anything for days.,Negative
FB0001829,CUST002900,2026-03-28,1,Constant buffering issues during peak hours have made this frustrating to use lately.,Negative
FB0001830,CUST002902,2026-04-22,4,The streaming quality has been excellent and the app feels much faster after the update.,Positive
FB0001831,CUST002904,2026-02-13,4,"Love the recommendation engine, it keeps suggesting shows I actually end up enjoying.",Positive
FB0001832,CUST002904,2026-05-01,1,The app keeps crashing on my device and I have not been able to watch anything for days.,Negative
FB0001833,CUST002907,2026-05-21,3,"It works fine most of the time, occasional buffering but nothing major to complain about.",Neutral
FB0001834,CUST002908,2020-08-13,1,"Customer support took too long to respond to my billing complaint, very disappointing experience.",Negative
FB0001835,CUST002909,2021-09-08,1,"Not enough new content being added, feels like I have already watched everything worth watching.",Negative
FB0001836,CUST002910,2025-04-04,2,Cancelled my plan because the price increase was not worth the content available right now.,Negative
FB0001837,CUST002911,2024-07-07,5,"Really happy with the content library, discovered several great shows this month.",Positive
FB0001838,CUST002912,2021-07-23,2,Cancelled my plan because the price increase was not worth the content available right now.,Negative
FB0001839,CUST002915,2021-12-18,2,Constant buffering issues during peak hours have made this frustrating to use lately.,Negative
FB0001840,CUST002919,2024-04-29,3,The service is decent but the content library could use more variety in regional languages.,Neutral
FB0001841,CUST002920,2025-05-01,4,Customer support resolved my issue quickly and the experience was smooth overall.,Positive
FB0001842,CUST002921,2021-11-08,1,Constant buffering issues during peak hours have made this frustrating to use lately.,Negative
FB0001843,CUST002922,2023-02-19,4,Customer support resolved my issue quickly and the experience was smooth overall.,Positive
FB0001844,CUST002922,2026-02-08,4,"Great value for the price, my whole family uses different profiles without any issues.",Positive
FB0001845,CUST002923,2026-05-24,4,"Really happy with the content library, discovered several great shows this month.",Positive
FB0001846,CUST002925,2021-03-29,3,The service is decent but the content library could use more variety in regional languages.,Neutral
FB0001847,CUST002926,2025-03-23,5,Customer support resolved my issue quickly and the experience was smooth overall.,Negative
FB0001848,CUST002928,2025-11-12,4,Customer support resolved my issue quickly and the experience was smooth overall.,Positive
FB0001849,CUST002931,2025-09-27,3,The service is decent but the content library could use more variety in regional languages.,Neutral
FB0001850,CUST002934,2021-03-17,4,The streaming quality has been excellent and the app feels much faster after the update.,Positive
FB0001851,CUST002937,2021-07-07,4,"Love the recommendation engine, it keeps suggesting shows I actually end up enjoying.",Negative
FB0001852,CUST002938,2023-01-09,3,The service is decent but the content library could use more variety in regional languages.,Neutral
FB0001853,CUST002942,2023-01-03,3,The service is decent but the content library could use more variety in regional languages.,Neutral
FB0001854,CUST002942,2022-03-25,4,"Love the recommendation engine, it keeps suggesting shows I actually end up enjoying.",Positive
FB0001855,CUST002945,2024-01-03,1,"Customer support took too long to respond to my billing complaint, very disappointing experience.",Negative
FB0001856,CUST002946,2026-04-03,3,"It works fine most of the time, occasional buffering but nothing major to complain about.",Neutral
FB0001857,CUST002947,2024-09-04,5,Customer support resolved my issue quickly and the experience was smooth overall.,Positive
FB0001858,CUST002947,2024-07-24,3,"It works fine most of the time, occasional buffering but nothing major to complain about.",Positive
FB0001859,CUST002948,2025-03-28,5,Customer support resolved my issue quickly and the experience was smooth overall.,Positive
FB0001860,CUST002949,2025-06-18,5,The streaming quality has been excellent and the app feels much faster after the update.,Positive
FB0001861,CUST002949,2025-09-21,5,"Love the recommendation engine, it keeps suggesting shows I actually end up enjoying.",Positive
FB0001862,CUST002950,2019-03-06,3,"Average experience overall, some months are better than others depending on new releases.",Neutral
FB0001863,CUST002957,2024-09-01,4,"Love the recommendation engine, it keeps suggesting shows I actually end up enjoying.",Positive
FB0001864,CUST002958,2024-11-29,3,"It works fine most of the time, occasional buffering but nothing major to complain about.",Neutral
FB0001865,CUST002962,2023-09-17,3,"It works fine most of the time, occasional buffering but nothing major to complain about.",Negative
FB0001866,CUST002963,2025-12-17,4,"Great value for the price, my whole family uses different profiles without any issues.",Positive
FB0001867,CUST002964,2026-02-07,3,The service is decent but the content library could use more variety in regional languages.,Neutral
FB0001868,CUST002964,2024-04-01,2,Constant buffering issues during peak hours have made this frustrating to use lately.,Negative
FB0001869,CUST002964,2025-06-23,4,Customer support resolved my issue quickly and the experience was smooth overall.,Positive
FB0001870,CUST002964,2022-11-09,5,"Great value for the price, my whole family uses different profiles without any issues.",Positive
FB0001871,CUST002965,2025-12-13,5,"Love the recommendation engine, it keeps suggesting shows I actually end up enjoying.",Positive
FB0001872,CUST002965,2024-09-16,4,Customer support resolved my issue quickly and the experience was smooth overall.,Negative
FB0001873,CUST002966,2025-02-23,1,Cancelled my plan because the price increase was not worth the content available right now.,Negative
FB0001874,CUST002968,2023-09-07,4,"Great value for the price, my whole family uses different profiles without any issues.",Positive
FB0001875,CUST002968,2024-02-09,3,"Average experience overall, some months are better than others depending on new releases.",Neutral
FB0001876,CUST002971,2026-02-19,3,"Average experience overall, some months are better than others depending on new releases.",Neutral
FB0001877,CUST002971,2025-01-16,4,"Love the recommendation engine, it keeps suggesting shows I actually end up enjoying.",Positive
FB0001878,CUST002972,2026-06-05,1,"Customer support took too long to respond to my billing complaint, very disappointing experience.",Negative
FB0001879,CUST002974,2024-03-11,3,The service is decent but the content library could use more variety in regional languages.,Negative
FB0001880,CUST002976,2024-11-11,4,The streaming quality has been excellent and the app feels much faster after the update.,Positive
FB0001881,CUST002976,2025-12-19,4,Customer support resolved my issue quickly and the experience was smooth overall.,Positive
FB0001882,CUST002982,2025-08-31,1,The app keeps crashing on my device and I have not been able to watch anything for days.,Negative
FB0001883,CUST002984,2022-11-24,3,"It works fine most of the time, occasional buffering but nothing major to complain about.",Neutral
FB0001884,CUST002984,2022-02-24,3,"It works fine most of the time, occasional buffering but nothing major to complain about.",Neutral
FB0001885,CUST002986,2025-06-12,5,"Really happy with the content library, discovered several great shows this month.",Positive
FB0001886,CUST002987,2022-10-31,5,"Really happy with the content library, discovered several great shows this month.",Positive
FB0001887,CUST002987,2022-05-02,3,The service is decent but the content library could use more variety in regional languages.,Neutral
FB0001888,CUST002988,2021-05-20,3,"Average experience overall, some months are better than others depending on new releases.",Neutral
FB0001889,CUST002989,2025-04-08,3,The service is decent but the content library could use more variety in regional languages.,Neutral
FB0001890,CUST002991,2024-07-11,3,"Average experience overall, some months are better than others depending on new releases.",Neutral
FB0001891,CUST002993,2025-06-25,3,"Average experience overall, some months are better than others depending on new releases.",Neutral
FB0001892,CUST002994,2026-02-25,4,Customer support resolved my issue quickly and the experience was smooth overall.,Positive
FB0001893,CUST002994,2023-01-30,2,Cancelled my plan because the price increase was not worth the content available right now.,Negative
FB0001894,CUST002994,2023-06-29,3,The service is decent but the content library could use more variety in regional languages.,Neutral
FB0001895,CUST002995,2022-03-02,3,"It works fine most of the time, occasional buffering but nothing major to complain about.",Neutral
FB0001896,CUST002996,2024-09-06,1,Constant buffering issues during peak hours have made this frustrating to use lately.,Negative
FB0001897,CUST002996,2024-10-12,2,"Not enough new content being added, feels like I have already watched everything worth watching.",Negative
FB0001898,CUST002996,2023-12-02,1,Cancelled my plan because the price increase was not worth the content available right now.,Negative
FB0001899,CUST002997,2022-01-07,1,The app keeps crashing on my device and I have not been able to watch anything for days.,Negative
FB0001900,CUST002998,2026-02-03,5,"Really happy with the content library, discovered several great shows this month.",Neutral
FB0001901,CUST003001,2026-04-25,5,"Love the recommendation engine, it keeps suggesting shows I actually end up enjoying.",Positive
FB0001902,CUST003001,2026-05-02,5,"Great value for the price, my whole family uses different profiles without any issues.",Positive
FB0001903,CUST003002,2026-01-28,4,The streaming quality has been excellent and the app feels much faster after the update.,Positive
FB0001904,CUST003004,2025-08-19,5,The streaming quality has been excellent and the app feels much faster after the update.,Positive
FB0001905,CUST003005,2023-06-20,3,"It works fine most of the time, occasional buffering but nothing major to complain about.",Neutral
FB0001906,CUST003008,2022-02-04,3,"It works fine most of the time, occasional buffering but nothing major to complain about.",Neutral
FB0001907,CUST003008,2025-07-31,3,The service is decent but the content library could use more variety in regional languages.,Neutral
FB0001908,CUST003008,2024-12-25,4,The streaming quality has been excellent and the app feels much faster after the update.,Positive
FB0001909,CUST003009,2026-06-23,4,"Love the recommendation engine, it keeps suggesting shows I actually end up enjoying.",Positive
FB0001910,CUST003013,2024-04-26,3,"It works fine most of the time, occasional buffering but nothing major to complain about.",Neutral
FB0001911,CUST003013,2023-09-15,5,Customer support resolved my issue quickly and the experience was smooth overall.,Positive
FB0001912,CUST003013,2025-04-28,3,"It works fine most of the time, occasional buffering but nothing major to complain about.",Neutral
FB0001913,CUST003013,2025-11-23,2,Constant buffering issues during peak hours have made this frustrating to use lately.,Negative
FB0001914,CUST003015,2026-04-19,3,"Average experience overall, some months are better than others depending on new releases.",Neutral
FB0001915,CUST003019,2024-08-18,4,"Great value for the price, my whole family uses different profiles without any issues.",Positive
FB0001916,CUST003021,2023-06-18,5,Customer support resolved my issue quickly and the experience was smooth overall.,Positive
FB0001917,CUST003023,2023-05-29,2,"Not enough new content being added, feels like I have already watched everything worth watching.",Negative
FB0001918,CUST003026,2025-10-24,4,Customer support resolved my issue quickly and the experience was smooth overall.,Positive
FB0001919,CUST003027,2025-10-30,5,"Love the recommendation engine, it keeps suggesting shows I actually end up enjoying.",Positive
FB0001920,CUST003027,2026-05-23,4,"Great value for the price, my whole family uses different profiles without any issues.",Positive
FB0001921,CUST003030,2026-05-30,1,Constant buffering issues during peak hours have made this frustrating to use lately.,Negative
FB0001922,CUST003032,2026-01-13,1,"Customer support took too long to respond to my billing complaint, very disappointing experience.",Negative
FB0001923,CUST003033,2025-12-14,3,"Average experience overall, some months are better than others depending on new releases.",Neutral
FB0001924,CUST003033,2024-10-09,3,"Average experience overall, some months are better than others depending on new releases.",Neutral
FB0001925,CUST003034,2026-05-26,3,"Average experience overall, some months are better than others depending on new releases.",Neutral
FB0001926,CUST003035,2025-09-17,1,Constant buffering issues during peak hours have made this frustrating to use lately.,Negative
FB0001927,CUST003037,2023-11-19,3,"Average experience overall, some months are better than others depending on new releases.",Neutral
FB0001928,CUST003038,2025-04-22,5,"Great value for the price, my whole family uses different profiles without any issues.",Positive
FB0001929,CUST003041,2026-03-06,1,The app keeps crashing on my device and I have not been able to watch anything for days.,Negative
FB0001930,CUST003042,2026-01-22,4,"Really happy with the content library, discovered several great shows this month.",Positive
FB0001931,CUST003042,2026-02-10,3,"Average experience overall, some months are better than others depending on new releases.",Neutral
FB0001932,CUST003043,2025-06-28,4,Customer support resolved my issue quickly and the experience was smooth overall.,Positive
FB0001933,CUST003045,2021-11-22,1,"Not enough new content being added, feels like I have already watched everything worth watching.",Negative
FB0001934,CUST003045,2022-11-04,4,"Great value for the price, my whole family uses different profiles without any issues.",Positive
FB0001935,CUST003045,2023-05-08,1,"Not enough new content being added, feels like I have already watched everything worth watching.",Negative
FB0001936,CUST003047,2024-09-18,5,Customer support resolved my issue quickly and the experience was smooth overall.,Positive
FB0001937,CUST003052,2025-03-24,3,"Average experience overall, some months are better than others depending on new releases.",Neutral
FB0001938,CUST003055,2026-02-27,3,"Average experience overall, some months are better than others depending on new releases.",Neutral
FB0001939,CUST003055,2025-10-23,3,The service is decent but the content library could use more variety in regional languages.,Neutral
FB0001940,CUST003057,2025-12-15,2,Cancelled my plan because the price increase was not worth the content available right now.,Negative
FB0001941,CUST003058,2023-03-20,3,"It works fine most of the time, occasional buffering but nothing major to complain about.",Neutral
FB0001942,CUST003060,2026-02-13,1,Constant buffering issues during peak hours have made this frustrating to use lately.,Negative
FB0001943,CUST003061,2026-06-15,3,"Average experience overall, some months are better than others depending on new releases.",Neutral
FB0001944,CUST003062,2022-06-12,3,"It works fine most of the time, occasional buffering but nothing major to complain about.",Neutral
FB0001945,CUST003063,2023-09-09,5,"Love the recommendation engine, it keeps suggesting shows I actually end up enjoying.",Positive
FB0001946,CUST003064,2022-06-28,5,Customer support resolved my issue quickly and the experience was smooth overall.,Positive
FB0001947,CUST003065,2024-08-12,5,Customer support resolved my issue quickly and the experience was smooth overall.,Positive
FB0001948,CUST003068,2023-02-15,4,Customer support resolved my issue quickly and the experience was smooth overall.,Positive
FB0001949,CUST003068,2022-07-08,4,"Love the recommendation engine, it keeps suggesting shows I actually end up enjoying.",Positive
FB0001950,CUST003068,2023-04-26,4,The streaming quality has been excellent and the app feels much faster after the update.,Negative
FB0001951,CUST003074,2021-10-22,3,"It works fine most of the time, occasional buffering but nothing major to complain about.",Neutral
FB0001952,CUST003074,2020-01-16,1,The app keeps crashing on my device and I have not been able to watch anything for days.,Negative
FB0001953,CUST003074,2022-03-04,5,"Really happy with the content library, discovered several great shows this month.",Positive
FB0001954,CUST003074,2022-03-15,5,The streaming quality has been excellent and the app feels much faster after the update.,Positive
FB0001955,CUST003076,2023-09-15,4,"Love the recommendation engine, it keeps suggesting shows I actually end up enjoying.",Positive
FB0001956,CUST003077,2020-02-08,4,The streaming quality has been excellent and the app feels much faster after the update.,Positive
FB0001957,CUST003077,2021-10-24,5,Customer support resolved my issue quickly and the experience was smooth overall.,Neutral
FB0001958,CUST003079,2024-12-02,4,Customer support resolved my issue quickly and the experience was smooth overall.,Positive
FB0001959,CUST003080,2026-04-05,5,"Love the recommendation engine, it keeps suggesting shows I actually end up enjoying.",Positive
FB0001960,CUST003081,2023-10-14,4,Customer support resolved my issue quickly and the experience was smooth overall.,Positive
FB0001961,CUST003082,2026-05-23,4,"Love the recommendation engine, it keeps suggesting shows I actually end up enjoying.",Positive
FB0001962,CUST003083,2025-06-22,3,The service is decent but the content library could use more variety in regional languages.,Neutral
FB0001963,CUST003085,2024-08-03,4,Customer support resolved my issue quickly and the experience was smooth overall.,Positive
FB0001964,CUST003086,2022-09-06,4,The streaming quality has been excellent and the app feels much faster after the update.,Positive
FB0001965,CUST003089,2025-10-04,4,The streaming quality has been excellent and the app feels much faster after the update.,Positive
FB0001966,CUST003091,2024-09-21,3,"It works fine most of the time, occasional buffering but nothing major to complain about.",Neutral
FB0001967,CUST003093,2025-05-09,4,Customer support resolved my issue quickly and the experience was smooth overall.,Positive
FB0001968,CUST003093,2024-07-12,3,"Average experience overall, some months are better than others depending on new releases.",Neutral
FB0001969,CUST003094,2024-01-21,3,"It works fine most of the time, occasional buffering but nothing major to complain about.",Neutral
FB0001970,CUST003094,2023-06-29,3,The service is decent but the content library could use more variety in regional languages.,Neutral
FB0001971,CUST003095,2024-02-22,4,"Really happy with the content library, discovered several great shows this month.",Neutral
FB0001972,CUST003099,2024-02-14,1,Constant buffering issues during peak hours have made this frustrating to use lately.,Negative
FB0001973,CUST003100,2024-06-20,5,Customer support resolved my issue quickly and the experience was smooth overall.,Positive
FB0001974,CUST003100,2026-05-19,3,"It works fine most of the time, occasional buffering but nothing major to complain about.",Neutral
FB0001975,CUST003101,2024-10-28,5,"Love the recommendation engine, it keeps suggesting shows I actually end up enjoying.",Positive
FB0001976,CUST003108,2025-12-27,2,Constant buffering issues during peak hours have made this frustrating to use lately.,Negative
FB0001977,CUST003110,2024-11-10,3,"It works fine most of the time, occasional buffering but nothing major to complain about.",Neutral
FB0001978,CUST003111,2025-11-08,4,"Love the recommendation engine, it keeps suggesting shows I actually end up enjoying.",Positive
FB0001979,CUST003113,2024-04-29,3,"It works fine most of the time, occasional buffering but nothing major to complain about.",Neutral
FB0001980,CUST003114,2024-12-12,5,Customer support resolved my issue quickly and the experience was smooth overall.,Positive
FB0001981,CUST003114,2025-07-01,4,The streaming quality has been excellent and the app feels much faster after the update.,Positive
FB0001982,CUST003114,2023-02-08,4,"Great value for the price, my whole family uses different profiles without any issues.",Positive
FB0001983,CUST003115,2025-10-28,4,"Really happy with the content library, discovered several great shows this month.",Positive
FB0001984,CUST003115,2023-11-16,4,"Great value for the price, my whole family uses different profiles without any issues.",Positive
FB0001985,CUST003115,2023-09-29,4,"Really happy with the content library, discovered several great shows this month.",Positive
FB0001986,CUST003117,2021-09-15,5,The streaming quality has been excellent and the app feels much faster after the update.,Positive
FB0001987,CUST003118,2025-08-14,4,"Really happy with the content library, discovered several great shows this month.",Positive
FB0001988,CUST003119,2025-05-10,2,The app keeps crashing on my device and I have not been able to watch anything for days.,Negative
FB0001989,CUST003119,2024-03-19,1,"Not enough new content being added, feels like I have already watched everything worth watching.",Negative
FB0001990,CUST003120,2024-02-19,3,"Average experience overall, some months are better than others depending on new releases.",Neutral
FB0001991,CUST003123,2024-12-27,5,"Really happy with the content library, discovered several great shows this month.",Positive
FB0001992,CUST003125,2025-12-10,4,"Great value for the price, my whole family uses different profiles without any issues.",Positive
FB0001993,CUST003128,2025-11-16,1,"Not enough new content being added, feels like I have already watched everything worth watching.",Negative
FB0001994,CUST003128,2025-04-15,4,"Really happy with the content library, discovered several great shows this month.",Positive
FB0001995,CUST003128,2026-04-02,2,"Not enough new content being added, feels like I have already watched everything worth watching.",Negative
FB0001996,CUST003130,2022-10-03,3,"It works fine most of the time, occasional buffering but nothing major to complain about.",Neutral
FB0001997,CUST003130,2024-07-03,1,Cancelled my plan because the price increase was not worth the content available right now.,Negative
FB0001998,CUST003133,2026-03-24,1,Cancelled my plan because the price increase was not worth the content available right now.,Negative
FB0001999,CUST003133,2025-07-12,4,"Really happy with the content library, discovered several great shows this month.",Positive
FB0002000,CUST003134,2025-12-03,2,Cancelled my plan because the price increase was not worth the content available right now.,Negative
FB0002001,CUST003134,2025-12-03,5,Customer support resolved my issue quickly and the experience was smooth overall.,Positive
FB0002002,CUST003134,2025-11-05,4,"Love the recommendation engine, it keeps suggesting shows I actually end up enjoying.",Positive
FB0002003,CUST003134,2025-11-03,3,"It works fine most of the time, occasional buffering but nothing major to complain about.",Neutral
FB0002004,CUST003134,2026-02-11,4,The streaming quality has been excellent and the app feels much faster after the update.,Positive
FB0002005,CUST003135,2024-02-02,1,Cancelled my plan because the price increase was not worth the content available right now.,Negative
FB0002006,CUST003138,2021-11-23,2,Cancelled my plan because the price increase was not worth the content available right now.,Neutral
FB0002007,CUST003139,2026-06-24,1,Cancelled my plan because the price increase was not worth the content available right now.,Negative
FB0002008,CUST003144,2023-10-10,3,"Average experience overall, some months are better than others depending on new releases.",Neutral
FB0002009,CUST003144,2023-03-05,5,Customer support resolved my issue quickly and the experience was smooth overall.,Positive
FB0002010,CUST003146,2026-05-03,5,"Love the recommendation engine, it keeps suggesting shows I actually end up enjoying.",Positive
FB0002011,CUST003147,2025-06-18,1,The app keeps crashing on my device and I have not been able to watch anything for days.,Negative
FB0002012,CUST003148,2025-05-21,1,Constant buffering issues during peak hours have made this frustrating to use lately.,Negative
FB0002013,CUST003151,2024-11-01,1,The app keeps crashing on my device and I have not been able to watch anything for days.,Negative
FB0002014,CUST003151,2025-08-02,5,The streaming quality has been excellent and the app feels much faster after the update.,Positive
FB0002015,CUST003152,2026-06-02,5,"Great value for the price, my whole family uses different profiles without any issues.",Positive
FB0002016,CUST003154,2026-03-25,5,"Great value for the price, my whole family uses different profiles without any issues.",Positive
FB0002017,CUST003157,2026-04-01,5,Customer support resolved my issue quickly and the experience was smooth overall.,Positive
FB0002018,CUST003157,2024-01-29,4,"Great value for the price, my whole family uses different profiles without any issues.",Positive
FB0002019,CUST003161,2026-05-08,5,"Really happy with the content library, discovered several great shows this month.",Positive
FB0002020,CUST003161,2026-05-28,3,"It works fine most of the time, occasional buffering but nothing major to complain about.",Neutral
FB0002021,CUST003161,2025-09-12,1,"Customer support took too long to respond to my billing complaint, very disappointing experience.",Negative
FB0002022,CUST003165,2026-01-18,2,Constant buffering issues during peak hours have made this frustrating to use lately.,Negative
FB0002023,CUST003168,2025-03-07,3,The service is decent but the content library could use more variety in regional languages.,Neutral
FB0002024,CUST003169,2019-12-16,2,The app keeps crashing on my device and I have not been able to watch anything for days.,Negative
FB0002025,CUST003169,2026-02-05,3,The service is decent but the content library could use more variety in regional languages.,Neutral
FB0002026,CUST003171,2026-05-16,2,Constant buffering issues during peak hours have made this frustrating to use lately.,Negative
FB0002027,CUST003172,2024-06-05,5,"Really happy with the content library, discovered several great shows this month.",Positive
FB0002028,CUST003173,2026-02-08,2,Cancelled my plan because the price increase was not worth the content available right now.,Positive
FB0002029,CUST003176,2023-09-26,3,"Average experience overall, some months are better than others depending on new releases.",Neutral
FB0002030,CUST003176,2024-06-10,3,"Average experience overall, some months are better than others depending on new releases.",Neutral
FB0002031,CUST003179,2026-06-11,2,The app keeps crashing on my device and I have not been able to watch anything for days.,Negative
FB0002032,CUST003179,2025-02-18,3,"Average experience overall, some months are better than others depending on new releases.",Neutral
FB0002033,CUST003181,2024-06-18,2,Constant buffering issues during peak hours have made this frustrating to use lately.,Negative
FB0002034,CUST003181,2023-08-31,1,"Customer support took too long to respond to my billing complaint, very disappointing experience.",Negative
FB0002035,CUST003181,2023-12-26,2,Cancelled my plan because the price increase was not worth the content available right now.,Negative
FB0002036,CUST003181,2023-09-07,1,"Customer support took too long to respond to my billing complaint, very disappointing experience.",Negative
FB0002037,CUST003182,2025-05-18,4,"Love the recommendation engine, it keeps suggesting shows I actually end up enjoying.",Positive
FB0002038,CUST003183,2025-11-18,4,Customer support resolved my issue quickly and the experience was smooth overall.,Positive
FB0002039,CUST003185,2022-11-13,3,"Average experience overall, some months are better than others depending on new releases.",Neutral
FB0002040,CUST003185,2025-11-23,1,"Customer support took too long to respond to my billing complaint, very disappointing experience.",Negative
FB0002041,CUST003188,2024-11-03,3,"Average experience overall, some months are better than others depending on new releases.",Neutral
FB0002042,CUST003194,2024-10-14,1,The app keeps crashing on my device and I have not been able to watch anything for days.,Negative
FB0002043,CUST003198,2026-06-15,4,"Love the recommendation engine, it keeps suggesting shows I actually end up enjoying.",Positive
FB0002044,CUST003199,2024-07-21,4,"Really happy with the content library, discovered several great shows this month.",Neutral
FB0002045,CUST003199,2025-11-01,5,"Great value for the price, my whole family uses different profiles without any issues.",Positive
FB0002046,CUST003201,2024-10-28,4,Customer support resolved my issue quickly and the experience was smooth overall.,Positive
FB0002047,CUST003201,2025-07-12,5,Customer support resolved my issue quickly and the experience was smooth overall.,Positive
FB0002048,CUST003202,2025-05-02,5,"Love the recommendation engine, it keeps suggesting shows I actually end up enjoying.",Positive
FB0002049,CUST003204,2023-05-09,5,The streaming quality has been excellent and the app feels much faster after the update.,Positive
FB0002050,CUST003204,2024-10-24,3,"Average experience overall, some months are better than others depending on new releases.",Neutral
FB0002051,CUST003207,2021-07-15,2,"Customer support took too long to respond to my billing complaint, very disappointing experience.",Negative
FB0002052,CUST003207,2021-11-03,3,"It works fine most of the time, occasional buffering but nothing major to complain about.",Neutral
FB0002053,CUST003213,2025-08-12,3,The service is decent but the content library could use more variety in regional languages.,Neutral
FB0002054,CUST003220,2025-05-15,1,Constant buffering issues during peak hours have made this frustrating to use lately.,Negative
FB0002055,CUST003220,2026-06-19,3,"Average experience overall, some months are better than others depending on new releases.",Neutral
FB0002056,CUST003221,2023-06-09,4,"Really happy with the content library, discovered several great shows this month.",Positive
FB0002057,CUST003222,2021-12-31,3,"It works fine most of the time, occasional buffering but nothing major to complain about.",Neutral
FB0002058,CUST003223,2025-12-27,4,"Great value for the price, my whole family uses different profiles without any issues.",Positive
FB0002059,CUST003232,2022-10-29,2,Constant buffering issues during peak hours have made this frustrating to use lately.,Negative
FB0002060,CUST003233,2025-06-03,5,"Love the recommendation engine, it keeps suggesting shows I actually end up enjoying.",Positive
FB0002061,CUST003238,2023-12-10,3,"Average experience overall, some months are better than others depending on new releases.",Positive
FB0002062,CUST003239,2021-12-29,1,Cancelled my plan because the price increase was not worth the content available right now.,Negative
FB0002063,CUST003241,2023-02-09,2,Cancelled my plan because the price increase was not worth the content available right now.,Negative
FB0002064,CUST003242,2026-03-25,4,"Love the recommendation engine, it keeps suggesting shows I actually end up enjoying.",Positive
FB0002065,CUST003242,2026-04-17,5,"Great value for the price, my whole family uses different profiles without any issues.",Positive
FB0002066,CUST003243,2022-10-28,2,Constant buffering issues during peak hours have made this frustrating to use lately.,Negative
FB0002067,CUST003245,2022-11-14,5,"Love the recommendation engine, it keeps suggesting shows I actually end up enjoying.",Positive
FB0002068,CUST003246,2025-11-24,3,"Average experience overall, some months are better than others depending on new releases.",Neutral
FB0002069,CUST003247,2025-10-18,1,Constant buffering issues during peak hours have made this frustrating to use lately.,Negative
FB0002070,CUST003248,2026-06-19,2,Cancelled my plan because the price increase was not worth the content available right now.,Negative
FB0002071,CUST003249,2025-02-21,3,"It works fine most of the time, occasional buffering but nothing major to complain about.",Neutral
FB0002072,CUST003250,2022-07-04,3,The service is decent but the content library could use more variety in regional languages.,Neutral
FB0002073,CUST003253,2025-01-15,2,Constant buffering issues during peak hours have made this frustrating to use lately.,Negative
FB0002074,CUST003253,2022-12-29,1,The app keeps crashing on my device and I have not been able to watch anything for days.,Negative
FB0002075,CUST003259,2026-05-06,5,Customer support resolved my issue quickly and the experience was smooth overall.,Positive
FB0002076,CUST003260,2024-07-10,4,"Love the recommendation engine, it keeps suggesting shows I actually end up enjoying.",Positive
FB0002077,CUST003261,2022-04-03,4,"Love the recommendation engine, it keeps suggesting shows I actually end up enjoying.",Positive
FB0002078,CUST003262,2024-08-10,5,The streaming quality has been excellent and the app feels much faster after the update.,Positive
FB0002079,CUST003263,2025-05-21,3,"It works fine most of the time, occasional buffering but nothing major to complain about.",Neutral
FB0002080,CUST003267,2025-09-19,1,"Customer support took too long to respond to my billing complaint, very disappointing experience.",Negative
FB0002081,CUST003268,2025-09-08,5,"Love the recommendation engine, it keeps suggesting shows I actually end up enjoying.",Positive
FB0002082,CUST003268,2026-05-09,3,"It works fine most of the time, occasional buffering but nothing major to complain about.",Neutral
FB0002083,CUST003268,2026-06-10,4,The streaming quality has been excellent and the app feels much faster after the update.,Positive
FB0002084,CUST003269,2026-06-21,2,Constant buffering issues during peak hours have made this frustrating to use lately.,Negative
FB0002085,CUST003270,2025-03-01,1,Constant buffering issues during peak hours have made this frustrating to use lately.,Negative
FB0002086,CUST003272,2022-04-16,5,"Great value for the price, my whole family uses different profiles without any issues.",Positive
FB0002087,CUST003274,2025-08-02,4,"Really happy with the content library, discovered several great shows this month.",Positive
FB0002088,CUST003275,2024-09-15,3,"Average experience overall, some months are better than others depending on new releases.",Negative
FB0002089,CUST003277,2022-02-01,5,"Great value for the price, my whole family uses different profiles without any issues.",Positive
FB0002090,CUST003278,2025-12-05,5,"Love the recommendation engine, it keeps suggesting shows I actually end up enjoying.",Positive
FB0002091,CUST003278,2026-04-30,3,"Average experience overall, some months are better than others depending on new releases.",Neutral
FB0002092,CUST003278,2025-06-21,5,Customer support resolved my issue quickly and the experience was smooth overall.,Positive
FB0002093,CUST003282,2025-07-19,4,"Love the recommendation engine, it keeps suggesting shows I actually end up enjoying.",Positive
FB0002094,CUST003285,2020-10-06,1,Cancelled my plan because the price increase was not worth the content available right now.,Neutral
FB0002095,CUST003290,2024-07-04,3,The service is decent but the content library could use more variety in regional languages.,Neutral
FB0002096,CUST003291,2026-02-18,5,The streaming quality has been excellent and the app feels much faster after the update.,Positive
FB0002097,CUST003291,2025-02-24,5,"Really happy with the content library, discovered several great shows this month.",Positive
FB0002098,CUST003295,2026-03-31,4,Customer support resolved my issue quickly and the experience was smooth overall.,Positive
FB0002099,CUST003296,2024-05-05,5,"Really happy with the content library, discovered several great shows this month.",Positive
FB0002100,CUST003298,2025-03-22,1,The app keeps crashing on my device and I have not been able to watch anything for days.,Negative
FB0002101,CUST003300,2026-06-03,3,"Average experience overall, some months are better than others depending on new releases.",Neutral
FB0002102,CUST003300,2024-08-13,4,"Love the recommendation engine, it keeps suggesting shows I actually end up enjoying.",Neutral
FB0002103,CUST003301,2021-11-24,3,The service is decent but the content library could use more variety in regional languages.,Neutral
FB0002104,CUST003302,2024-10-23,2,Constant buffering issues during peak hours have made this frustrating to use lately.,Negative
FB0002105,CUST003302,2026-04-23,3,The service is decent but the content library could use more variety in regional languages.,Neutral
FB0002106,CUST003306,2024-10-15,5,The streaming quality has been excellent and the app feels much faster after the update.,Positive
FB0002107,CUST003307,2026-05-06,4,The streaming quality has been excellent and the app feels much faster after the update.,Positive
FB0002108,CUST003307,2026-03-05,3,The service is decent but the content library could use more variety in regional languages.,Neutral
FB0002109,CUST003311,2023-11-10,1,"Not enough new content being added, feels like I have already watched everything worth watching.",Negative
FB0002110,CUST003312,2023-07-27,1,Cancelled my plan because the price increase was not worth the content available right now.,Negative
FB0002111,CUST003314,2025-02-05,2,"Customer support took too long to respond to my billing complaint, very disappointing experience.",Negative
FB0002112,CUST003320,2024-11-22,5,"Great value for the price, my whole family uses different profiles without any issues.",Positive
FB0002113,CUST003323,2024-11-17,1,The app keeps crashing on my device and I have not been able to watch anything for days.,Negative
FB0002114,CUST003324,2026-03-15,2,The app keeps crashing on my device and I have not been able to watch anything for days.,Negative
FB0002115,CUST003324,2026-04-04,1,"Not enough new content being added, feels like I have already watched everything worth watching.",Negative
FB0002116,CUST003325,2025-02-21,5,"Really happy with the content library, discovered several great shows this month.",Positive
FB0002117,CUST003326,2026-03-19,2,The app keeps crashing on my device and I have not been able to watch anything for days.,Negative
FB0002118,CUST003327,2026-01-19,5,"Love the recommendation engine, it keeps suggesting shows I actually end up enjoying.",Positive
FB0002119,CUST003327,2026-04-18,2,Constant buffering issues during peak hours have made this frustrating to use lately.,Negative
FB0002120,CUST003328,2026-05-22,3,"It works fine most of the time, occasional buffering but nothing major to complain about.",Neutral
FB0002121,CUST003330,2025-11-23,4,"Love the recommendation engine, it keeps suggesting shows I actually end up enjoying.",Positive
FB0002122,CUST003330,2026-03-09,3,The service is decent but the content library could use more variety in regional languages.,Neutral
FB0002123,CUST003331,2023-09-28,5,"Really happy with the content library, discovered several great shows this month.",Positive
FB0002124,CUST003336,2026-04-01,1,"Not enough new content being added, feels like I have already watched everything worth watching.",Negative
FB0002125,CUST003339,2024-05-26,5,"Really happy with the content library, discovered several great shows this month.",Positive
FB0002126,CUST003340,2025-01-21,5,The streaming quality has been excellent and the app feels much faster after the update.,Positive
FB0002127,CUST003343,2024-03-03,4,"Great value for the price, my whole family uses different profiles without any issues.",Positive
FB0002128,CUST003344,2020-12-05,5,"Great value for the price, my whole family uses different profiles without any issues.",Positive
FB0002129,CUST003346,2025-12-15,3,"Average experience overall, some months are better than others depending on new releases.",Neutral
FB0002130,CUST003352,2026-01-30,5,"Really happy with the content library, discovered several great shows this month.",Positive
FB0002131,CUST003356,2025-10-27,4,"Really happy with the content library, discovered several great shows this month.",Positive
FB0002132,CUST003357,2023-10-11,3,"Average experience overall, some months are better than others depending on new releases.",Neutral
FB0002133,CUST003358,2021-04-22,4,Customer support resolved my issue quickly and the experience was smooth overall.,Positive
FB0002134,CUST003360,2026-06-13,5,"Love the recommendation engine, it keeps suggesting shows I actually end up enjoying.",Positive
FB0002135,CUST003362,2022-06-23,5,"Love the recommendation engine, it keeps suggesting shows I actually end up enjoying.",Positive
FB0002136,CUST003362,2019-03-16,4,Customer support resolved my issue quickly and the experience was smooth overall.,Positive
FB0002137,CUST003365,2020-03-02,2,The app keeps crashing on my device and I have not been able to watch anything for days.,Negative
FB0002138,CUST003367,2023-07-29,3,"Average experience overall, some months are better than others depending on new releases.",Neutral
FB0002139,CUST003372,2023-11-24,5,"Great value for the price, my whole family uses different profiles without any issues.",Positive
FB0002140,CUST003374,2024-07-27,1,The app keeps crashing on my device and I have not been able to watch anything for days.,Negative
FB0002141,CUST003379,2025-07-22,3,"It works fine most of the time, occasional buffering but nothing major to complain about.",Neutral
FB0002142,CUST003380,2024-01-02,4,"Really happy with the content library, discovered several great shows this month.",Positive
FB0002143,CUST003381,2022-03-25,1,Constant buffering issues during peak hours have made this frustrating to use lately.,Negative
FB0002144,CUST003381,2025-10-05,3,"It works fine most of the time, occasional buffering but nothing major to complain about.",Neutral
FB0002145,CUST003385,2023-10-11,3,The service is decent but the content library could use more variety in regional languages.,Neutral
FB0002146,CUST003387,2026-03-27,3,"Average experience overall, some months are better than others depending on new releases.",Neutral
FB0002147,CUST003387,2021-01-06,3,"It works fine most of the time, occasional buffering but nothing major to complain about.",Neutral
FB0002148,CUST003387,2024-10-10,1,Cancelled my plan because the price increase was not worth the content available right now.,Negative
FB0002149,CUST003387,2024-09-29,4,"Really happy with the content library, discovered several great shows this month.",Positive
FB0002150,CUST003393,2022-12-30,3,"Average experience overall, some months are better than others depending on new releases.",Neutral
FB0002151,CUST003397,2022-09-30,2,"Customer support took too long to respond to my billing complaint, very disappointing experience.",Negative
FB0002152,CUST003399,2025-06-28,1,The app keeps crashing on my device and I have not been able to watch anything for days.,Negative
FB0002153,CUST003399,2025-12-27,3,"It works fine most of the time, occasional buffering but nothing major to complain about.",Neutral
FB0002154,CUST003399,2025-10-19,1,"Not enough new content being added, feels like I have already watched everything worth watching.",Negative
FB0002155,CUST003400,2022-09-21,5,"Great value for the price, my whole family uses different profiles without any issues.",Positive
FB0002156,CUST003402,2025-07-19,1,"Customer support took too long to respond to my billing complaint, very disappointing experience.",Negative
FB0002157,CUST003402,2022-06-17,3,"It works fine most of the time, occasional buffering but nothing major to complain about.",Neutral
FB0002158,CUST003404,2022-06-12,2,The app keeps crashing on my device and I have not been able to watch anything for days.,Negative
FB0002159,CUST003405,2025-10-29,4,"Really happy with the content library, discovered several great shows this month.",Positive
FB0002160,CUST003407,2025-03-21,3,"It works fine most of the time, occasional buffering but nothing major to complain about.",Neutral
FB0002161,CUST003409,2025-05-02,1,The app keeps crashing on my device and I have not been able to watch anything for days.,Negative
FB0002162,CUST003411,2025-11-14,2,"Not enough new content being added, feels like I have already watched everything worth watching.",Negative
FB0002163,CUST003414,2026-02-20,5,"Love the recommendation engine, it keeps suggesting shows I actually end up enjoying.",Positive
FB0002164,CUST003415,2021-10-02,1,Cancelled my plan because the price increase was not worth the content available right now.,Positive
FB0002165,CUST003418,2026-03-29,3,"It works fine most of the time, occasional buffering but nothing major to complain about.",Neutral
FB0002166,CUST003421,2023-10-29,2,Constant buffering issues during peak hours have made this frustrating to use lately.,Negative
FB0002167,CUST003423,2026-05-02,2,"Not enough new content being added, feels like I have already watched everything worth watching.",Negative
FB0002168,CUST003426,2026-06-03,2,"Customer support took too long to respond to my billing complaint, very disappointing experience.",Negative
FB0002169,CUST003432,2025-01-05,3,"Average experience overall, some months are better than others depending on new releases.",Neutral
FB0002170,CUST003434,2023-09-02,3,"It works fine most of the time, occasional buffering but nothing major to complain about.",Neutral
FB0002171,CUST003434,2022-06-14,5,"Really happy with the content library, discovered several great shows this month.",Neutral
FB0002172,CUST003436,2026-06-26,5,"Love the recommendation engine, it keeps suggesting shows I actually end up enjoying.",Positive
FB0002173,CUST003436,2026-02-28,3,"Average experience overall, some months are better than others depending on new releases.",Neutral
FB0002174,CUST003436,2025-10-28,3,The service is decent but the content library could use more variety in regional languages.,Neutral
FB0002175,CUST003437,2026-04-27,3,"It works fine most of the time, occasional buffering but nothing major to complain about.",Neutral
FB0002176,CUST003437,2026-05-30,5,Customer support resolved my issue quickly and the experience was smooth overall.,Positive
FB0002177,CUST003437,2025-09-22,3,The service is decent but the content library could use more variety in regional languages.,Neutral
FB0002178,CUST003437,2025-11-27,3,"It works fine most of the time, occasional buffering but nothing major to complain about.",Neutral
FB0002179,CUST003439,2025-11-22,5,"Great value for the price, my whole family uses different profiles without any issues.",Neutral
FB0002180,CUST003439,2025-03-10,1,"Customer support took too long to respond to my billing complaint, very disappointing experience.",Negative
FB0002181,CUST003439,2026-04-14,2,"Not enough new content being added, feels like I have already watched everything worth watching.",Negative
FB0002182,CUST003440,2025-11-11,5,"Love the recommendation engine, it keeps suggesting shows I actually end up enjoying.",Negative
FB0002183,CUST003443,2026-05-12,4,"Love the recommendation engine, it keeps suggesting shows I actually end up enjoying.",Positive
FB0002184,CUST003443,2026-06-12,2,Cancelled my plan because the price increase was not worth the content available right now.,Negative
FB0002185,CUST003444,2025-11-24,3,"It works fine most of the time, occasional buffering but nothing major to complain about.",Neutral
FB0002186,CUST003453,2021-05-27,2,"Not enough new content being added, feels like I have already watched everything worth watching.",Negative
FB0002187,CUST003453,2021-07-07,5,"Really happy with the content library, discovered several great shows this month.",Positive
FB0002188,CUST003456,2023-06-11,3,"It works fine most of the time, occasional buffering but nothing major to complain about.",Neutral
FB0002189,CUST003457,2025-01-09,3,The service is decent but the content library could use more variety in regional languages.,Neutral
FB0002190,CUST003459,2023-10-25,1,Cancelled my plan because the price increase was not worth the content available right now.,Negative
FB0002191,CUST003459,2020-11-28,3,The service is decent but the content library could use more variety in regional languages.,Neutral
FB0002192,CUST003460,2022-12-03,1,"Not enough new content being added, feels like I have already watched everything worth watching.",Negative
FB0002193,CUST003461,2026-05-13,3,"It works fine most of the time, occasional buffering but nothing major to complain about.",Neutral
FB0002194,CUST003464,2026-06-22,5,"Really happy with the content library, discovered several great shows this month.",Positive
FB0002195,CUST003468,2024-10-11,3,"It works fine most of the time, occasional buffering but nothing major to complain about.",Neutral
FB0002196,CUST003469,2020-01-12,4,The streaming quality has been excellent and the app feels much faster after the update.,Positive
FB0002197,CUST003472,2025-03-27,2,"Not enough new content being added, feels like I have already watched everything worth watching.",Negative
FB0002198,CUST003474,2025-04-19,5,"Love the recommendation engine, it keeps suggesting shows I actually end up enjoying.",Positive
FB0002199,CUST003475,2023-11-19,5,"Great value for the price, my whole family uses different profiles without any issues.",Negative
FB0002200,CUST003475,2025-02-20,3,The service is decent but the content library could use more variety in regional languages.,Neutral
FB0002201,CUST003476,2026-01-25,5,Customer support resolved my issue quickly and the experience was smooth overall.,Positive
FB0002202,CUST003477,2023-03-09,1,"Not enough new content being added, feels like I have already watched everything worth watching.",Negative
FB0002203,CUST003479,2022-09-24,1,"Not enough new content being added, feels like I have already watched everything worth watching.",Negative
FB0002204,CUST003480,2025-02-01,1,Cancelled my plan because the price increase was not worth the content available right now.,Negative
FB0002205,CUST003480,2023-07-09,2,"Not enough new content being added, feels like I have already watched everything worth watching.",Negative
FB0002206,CUST003480,2025-05-03,5,"Great value for the price, my whole family uses different profiles without any issues.",Positive
FB0002207,CUST003480,2025-12-16,1,Cancelled my plan because the price increase was not worth the content available right now.,Positive
FB0002208,CUST003483,2021-09-25,3,"It works fine most of the time, occasional buffering but nothing major to complain about.",Neutral
FB0002209,CUST003486,2025-08-23,5,"Really happy with the content library, discovered several great shows this month.",Positive
FB0002210,CUST003486,2026-05-13,4,"Love the recommendation engine, it keeps suggesting shows I actually end up enjoying.",Positive
FB0002211,CUST003493,2026-04-25,3,The service is decent but the content library could use more variety in regional languages.,Neutral
FB0002212,CUST003496,2025-07-15,3,"Average experience overall, some months are better than others depending on new releases.",Positive
FB0002213,CUST003497,2025-12-16,3,"Average experience overall, some months are better than others depending on new releases.",Neutral
FB0002214,CUST003498,2025-06-13,3,The service is decent but the content library could use more variety in regional languages.,Neutral
FB0002215,CUST003499,2022-01-09,5,The streaming quality has been excellent and the app feels much faster after the update.,Positive
FB0002216,CUST003500,2026-04-21,4,The streaming quality has been excellent and the app feels much faster after the update.,Positive
FB0002217,CUST003504,2023-10-23,2,The app keeps crashing on my device and I have not been able to watch anything for days.,Negative
FB0002218,CUST003505,2025-07-14,4,"Great value for the price, my whole family uses different profiles without any issues.",Positive
FB0002219,CUST003506,2023-04-28,1,The app keeps crashing on my device and I have not been able to watch anything for days.,Negative
FB0002220,CUST003506,2022-12-30,3,"It works fine most of the time, occasional buffering but nothing major to complain about.",Neutral
FB0002221,CUST003513,2026-06-03,4,Customer support resolved my issue quickly and the experience was smooth overall.,Positive
FB0002222,CUST003514,2021-01-28,3,"It works fine most of the time, occasional buffering but nothing major to complain about.",Neutral
FB0002223,CUST003515,2025-07-29,3,The service is decent but the content library could use more variety in regional languages.,Neutral
FB0002224,CUST003516,2024-09-29,3,"Average experience overall, some months are better than others depending on new releases.",Neutral
FB0002225,CUST003516,2025-05-14,4,The streaming quality has been excellent and the app feels much faster after the update.,Positive
FB0002226,CUST003517,2026-02-10,4,"Really happy with the content library, discovered several great shows this month.",Positive
FB0002227,CUST003518,2025-11-12,3,"Average experience overall, some months are better than others depending on new releases.",Neutral
FB0002228,CUST003520,2025-02-12,3,The service is decent but the content library could use more variety in regional languages.,Neutral
FB0002229,CUST003521,2024-08-02,4,"Love the recommendation engine, it keeps suggesting shows I actually end up enjoying.",Positive
FB0002230,CUST003526,2026-03-24,4,"Love the recommendation engine, it keeps suggesting shows I actually end up enjoying.",Positive
FB0002231,CUST003526,2023-05-22,2,Constant buffering issues during peak hours have made this frustrating to use lately.,Negative
FB0002232,CUST003526,2025-12-24,5,"Great value for the price, my whole family uses different profiles without any issues.",Positive
FB0002233,CUST003528,2022-07-17,3,"Average experience overall, some months are better than others depending on new releases.",Neutral
FB0002234,CUST003528,2022-09-13,5,"Love the recommendation engine, it keeps suggesting shows I actually end up enjoying.",Positive
FB0002235,CUST003528,2022-06-08,2,Cancelled my plan because the price increase was not worth the content available right now.,Negative
FB0002236,CUST003531,2025-03-27,2,Constant buffering issues during peak hours have made this frustrating to use lately.,Negative
FB0002237,CUST003535,2025-07-13,3,"Average experience overall, some months are better than others depending on new releases.",Neutral
FB0002238,CUST003536,2022-01-06,2,Cancelled my plan because the price increase was not worth the content available right now.,Negative
FB0002239,CUST003536,2022-12-11,1,"Customer support took too long to respond to my billing complaint, very disappointing experience.",Negative
FB0002240,CUST003541,2023-10-08,1,Cancelled my plan because the price increase was not worth the content available right now.,Negative
FB0002241,CUST003541,2023-04-22,5,The streaming quality has been excellent and the app feels much faster after the update.,Positive
FB0002242,CUST003542,2023-11-30,2,Constant buffering issues during peak hours have made this frustrating to use lately.,Negative
FB0002243,CUST003542,2026-02-01,3,"It works fine most of the time, occasional buffering but nothing major to complain about.",Neutral
FB0002244,CUST003545,2020-08-21,2,Constant buffering issues during peak hours have made this frustrating to use lately.,Negative
FB0002245,CUST003547,2026-05-13,4,"Love the recommendation engine, it keeps suggesting shows I actually end up enjoying.",Positive
FB0002246,CUST003549,2023-03-13,4,"Great value for the price, my whole family uses different profiles without any issues.",Positive
FB0002247,CUST003549,2021-09-30,2,"Customer support took too long to respond to my billing complaint, very disappointing experience.",Negative
FB0002248,CUST003552,2025-08-02,4,The streaming quality has been excellent and the app feels much faster after the update.,Positive
FB0002249,CUST003557,2025-01-01,2,Cancelled my plan because the price increase was not worth the content available right now.,Negative
FB0002250,CUST003560,2025-10-19,5,"Really happy with the content library, discovered several great shows this month.",Negative
FB0002251,CUST003560,2026-06-10,4,The streaming quality has been excellent and the app feels much faster after the update.,Positive
FB0002252,CUST003560,2024-10-26,4,"Really happy with the content library, discovered several great shows this month.",Positive
FB0002253,CUST003563,2021-04-27,5,"Really happy with the content library, discovered several great shows this month.",Positive
FB0002254,CUST003565,2024-11-11,5,Customer support resolved my issue quickly and the experience was smooth overall.,Positive
FB0002255,CUST003566,2024-12-31,1,"Customer support took too long to respond to my billing complaint, very disappointing experience.",Negative
FB0002256,CUST003567,2025-07-26,3,The service is decent but the content library could use more variety in regional languages.,Neutral
FB0002257,CUST003568,2023-10-13,2,Constant buffering issues during peak hours have made this frustrating to use lately.,Negative
FB0002258,CUST003569,2026-04-18,3,The service is decent but the content library could use more variety in regional languages.,Neutral
FB0002259,CUST003570,2025-03-13,5,"Love the recommendation engine, it keeps suggesting shows I actually end up enjoying.",Positive
FB0002260,CUST003572,2022-12-13,1,"Customer support took too long to respond to my billing complaint, very disappointing experience.",Negative
FB0002261,CUST003572,2022-11-07,5,"Really happy with the content library, discovered several great shows this month.",Positive
FB0002262,CUST003573,2026-06-06,3,"Average experience overall, some months are better than others depending on new releases.",Neutral
FB0002263,CUST003573,2026-06-14,1,Cancelled my plan because the price increase was not worth the content available right now.,Negative
FB0002264,CUST003574,2026-06-12,5,"Love the recommendation engine, it keeps suggesting shows I actually end up enjoying.",Positive
FB0002265,CUST003576,2019-10-28,3,"Average experience overall, some months are better than others depending on new releases.",Neutral
FB0002266,CUST003579,2026-03-29,1,The app keeps crashing on my device and I have not been able to watch anything for days.,Negative
FB0002267,CUST003584,2024-04-23,2,"Not enough new content being added, feels like I have already watched everything worth watching.",Negative
FB0002268,CUST003587,2025-01-30,1,"Not enough new content being added, feels like I have already watched everything worth watching.",Negative
FB0002269,CUST003597,2025-09-03,2,The app keeps crashing on my device and I have not been able to watch anything for days.,Negative
FB0002270,CUST003597,2024-05-26,3,"Average experience overall, some months are better than others depending on new releases.",Negative
FB0002271,CUST003602,2021-07-06,5,Customer support resolved my issue quickly and the experience was smooth overall.,Positive
FB0002272,CUST003603,2024-07-06,5,"Really happy with the content library, discovered several great shows this month.",Positive
FB0002273,CUST003605,2023-06-10,4,The streaming quality has been excellent and the app feels much faster after the update.,Positive
FB0002274,CUST003608,2024-12-19,4,Customer support resolved my issue quickly and the experience was smooth overall.,Positive
FB0002275,CUST003610,2025-01-31,3,"It works fine most of the time, occasional buffering but nothing major to complain about.",Neutral
FB0002276,CUST003610,2025-07-29,5,"Great value for the price, my whole family uses different profiles without any issues.",Positive
FB0002277,CUST003610,2024-10-23,4,The streaming quality has been excellent and the app feels much faster after the update.,Positive
FB0002278,CUST003613,2026-06-01,1,"Not enough new content being added, feels like I have already watched everything worth watching.",Negative
FB0002279,CUST003613,2021-08-02,1,Constant buffering issues during peak hours have made this frustrating to use lately.,Negative
FB0002280,CUST003615,2025-02-08,3,"It works fine most of the time, occasional buffering but nothing major to complain about.",Neutral
FB0002281,CUST003616,2025-12-20,3,"It works fine most of the time, occasional buffering but nothing major to complain about.",Neutral
FB0002282,CUST003618,2026-05-29,3,The service is decent but the content library could use more variety in regional languages.,Neutral
FB0002283,CUST003619,2026-03-12,3,"Average experience overall, some months are better than others depending on new releases.",Neutral
FB0002284,CUST003619,2026-05-29,4,The streaming quality has been excellent and the app feels much faster after the update.,Positive
FB0002285,CUST003620,2025-07-21,2,The app keeps crashing on my device and I have not been able to watch anything for days.,Negative
FB0002286,CUST003623,2025-04-23,1,Constant buffering issues during peak hours have made this frustrating to use lately.,Negative
FB0002287,CUST003623,2026-04-28,3,The service is decent but the content library could use more variety in regional languages.,Neutral
FB0002288,CUST003624,2026-03-25,5,"Love the recommendation engine, it keeps suggesting shows I actually end up enjoying.",Positive
FB0002289,CUST003624,2025-10-03,3,The service is decent but the content library could use more variety in regional languages.,Neutral
FB0002290,CUST003626,2023-06-05,1,"Not enough new content being added, feels like I have already watched everything worth watching.",Negative
FB0002291,CUST003628,2025-10-09,3,The service is decent but the content library could use more variety in regional languages.,Neutral
FB0002292,CUST003631,2025-02-25,1,"Not enough new content being added, feels like I have already watched everything worth watching.",Neutral
FB0002293,CUST003632,2026-04-29,4,"Love the recommendation engine, it keeps suggesting shows I actually end up enjoying.",Positive
FB0002294,CUST003634,2026-01-14,1,Constant buffering issues during peak hours have made this frustrating to use lately.,Negative
FB0002295,CUST003639,2026-05-14,3,The service is decent but the content library could use more variety in regional languages.,Neutral
FB0002296,CUST003640,2023-07-28,1,Cancelled my plan because the price increase was not worth the content available right now.,Negative
FB0002297,CUST003643,2026-04-06,4,"Great value for the price, my whole family uses different profiles without any issues.",Positive
FB0002298,CUST003644,2026-05-19,3,"It works fine most of the time, occasional buffering but nothing major to complain about.",Neutral
FB0002299,CUST003645,2024-04-26,3,The service is decent but the content library could use more variety in regional languages.,Neutral
FB0002300,CUST003646,2026-06-28,5,"Great value for the price, my whole family uses different profiles without any issues.",Positive
FB0002301,CUST003647,2024-05-20,3,"Average experience overall, some months are better than others depending on new releases.",Neutral
FB0002302,CUST003649,2021-06-23,3,"It works fine most of the time, occasional buffering but nothing major to complain about.",Neutral
FB0002303,CUST003649,2024-07-30,5,"Really happy with the content library, discovered several great shows this month.",Positive
FB0002304,CUST003650,2026-04-22,2,"Customer support took too long to respond to my billing complaint, very disappointing experience.",Negative
FB0002305,CUST003650,2026-05-04,5,"Great value for the price, my whole family uses different profiles without any issues.",Positive
FB0002306,CUST003652,2023-10-25,3,"Average experience overall, some months are better than others depending on new releases.",Neutral
FB0002307,CUST003652,2024-03-19,3,The service is decent but the content library could use more variety in regional languages.,Neutral
FB0002308,CUST003652,2025-04-03,3,The service is decent but the content library could use more variety in regional languages.,Neutral
FB0002309,CUST003654,2025-12-12,4,The streaming quality has been excellent and the app feels much faster after the update.,Positive
FB0002310,CUST003655,2023-12-20,4,The streaming quality has been excellent and the app feels much faster after the update.,Positive
FB0002311,CUST003655,2024-01-15,4,Customer support resolved my issue quickly and the experience was smooth overall.,Positive
FB0002312,CUST003655,2021-12-31,3,"Average experience overall, some months are better than others depending on new releases.",Neutral
FB0002313,CUST003656,2026-05-25,2,"Customer support took too long to respond to my billing complaint, very disappointing experience.",Negative
FB0002314,CUST003657,2025-06-09,3,"Average experience overall, some months are better than others depending on new releases.",Neutral
FB0002315,CUST003658,2021-08-16,4,"Great value for the price, my whole family uses different profiles without any issues.",Positive
FB0002316,CUST003660,2023-06-14,2,Cancelled my plan because the price increase was not worth the content available right now.,Negative
FB0002317,CUST003662,2021-07-18,5,"Love the recommendation engine, it keeps suggesting shows I actually end up enjoying.",Positive
FB0002318,CUST003662,2020-11-27,3,The service is decent but the content library could use more variety in regional languages.,Neutral
FB0002319,CUST003662,2021-09-23,4,"Really happy with the content library, discovered several great shows this month.",Positive
FB0002320,CUST003662,2023-05-22,4,"Really happy with the content library, discovered several great shows this month.",Positive
FB0002321,CUST003666,2025-05-26,1,Constant buffering issues during peak hours have made this frustrating to use lately.,Negative
FB0002322,CUST003666,2022-08-27,3,"It works fine most of the time, occasional buffering but nothing major to complain about.",Neutral
FB0002323,CUST003667,2025-04-17,5,"Really happy with the content library, discovered several great shows this month.",Positive
FB0002324,CUST003668,2020-11-15,3,The service is decent but the content library could use more variety in regional languages.,Neutral
FB0002325,CUST003672,2024-12-02,3,"Average experience overall, some months are better than others depending on new releases.",Neutral
FB0002326,CUST003672,2025-11-07,1,Cancelled my plan because the price increase was not worth the content available right now.,Negative
FB0002327,CUST003672,2026-05-06,5,"Really happy with the content library, discovered several great shows this month.",Positive
FB0002328,CUST003673,2024-10-04,4,"Great value for the price, my whole family uses different profiles without any issues.",Positive
FB0002329,CUST003674,2024-10-05,3,"It works fine most of the time, occasional buffering but nothing major to complain about.",Neutral
FB0002330,CUST003675,2023-03-02,2,Cancelled my plan because the price increase was not worth the content available right now.,Negative
FB0002331,CUST003676,2024-01-22,5,"Great value for the price, my whole family uses different profiles without any issues.",Positive
FB0002332,CUST003677,2024-10-24,3,The service is decent but the content library could use more variety in regional languages.,Neutral
FB0002333,CUST003677,2024-08-16,2,The app keeps crashing on my device and I have not been able to watch anything for days.,Negative
FB0002334,CUST003679,2023-08-19,1,Constant buffering issues during peak hours have made this frustrating to use lately.,Negative
FB0002335,CUST003681,2026-01-13,2,Constant buffering issues during peak hours have made this frustrating to use lately.,Negative
FB0002336,CUST003685,2023-06-03,1,"Not enough new content being added, feels like I have already watched everything worth watching.",Negative
FB0002337,CUST003686,2020-06-19,4,"Really happy with the content library, discovered several great shows this month.",Positive
FB0002338,CUST003686,2022-07-19,5,"Love the recommendation engine, it keeps suggesting shows I actually end up enjoying.",Positive
FB0002339,CUST003687,2019-12-13,3,"Average experience overall, some months are better than others depending on new releases.",Neutral
FB0002340,CUST003687,2025-10-25,5,"Love the recommendation engine, it keeps suggesting shows I actually end up enjoying.",Neutral
FB0002341,CUST003688,2025-12-17,3,"Average experience overall, some months are better than others depending on new releases.",Neutral
FB0002342,CUST003688,2025-06-15,3,"Average experience overall, some months are better than others depending on new releases.",Positive
FB0002343,CUST003691,2025-08-15,4,"Love the recommendation engine, it keeps suggesting shows I actually end up enjoying.",Positive
FB0002344,CUST003692,2023-05-10,4,The streaming quality has been excellent and the app feels much faster after the update.,Positive
FB0002345,CUST003694,2025-05-04,5,The streaming quality has been excellent and the app feels much faster after the update.,Positive
FB0002346,CUST003696,2024-01-07,4,"Love the recommendation engine, it keeps suggesting shows I actually end up enjoying.",Positive
FB0002347,CUST003696,2026-05-25,2,The app keeps crashing on my device and I have not been able to watch anything for days.,Negative
FB0002348,CUST003697,2023-05-08,5,"Great value for the price, my whole family uses different profiles without any issues.",Positive
FB0002349,CUST003698,2024-02-25,5,The streaming quality has been excellent and the app feels much faster after the update.,Positive
FB0002350,CUST003698,2024-01-26,5,Customer support resolved my issue quickly and the experience was smooth overall.,Positive
FB0002351,CUST003698,2025-11-06,3,"Average experience overall, some months are better than others depending on new releases.",Neutral
FB0002352,CUST003699,2023-07-17,1,"Not enough new content being added, feels like I have already watched everything worth watching.",Negative
FB0002353,CUST003699,2026-01-08,4,Customer support resolved my issue quickly and the experience was smooth overall.,Positive
FB0002354,CUST003699,2022-06-23,2,"Not enough new content being added, feels like I have already watched everything worth watching.",Negative
FB0002355,CUST003699,2023-05-12,1,Constant buffering issues during peak hours have made this frustrating to use lately.,Negative
FB0002356,CUST003705,2023-09-13,3,"It works fine most of the time, occasional buffering but nothing major to complain about.",Neutral
FB0002357,CUST003706,2019-11-21,2,The app keeps crashing on my device and I have not been able to watch anything for days.,Negative
FB0002358,CUST003707,2022-05-29,1,The app keeps crashing on my device and I have not been able to watch anything for days.,Negative
FB0002359,CUST003707,2023-06-09,3,"It works fine most of the time, occasional buffering but nothing major to complain about.",Neutral
FB0002360,CUST003708,2025-12-19,2,"Customer support took too long to respond to my billing complaint, very disappointing experience.",Negative
FB0002361,CUST003710,2026-01-15,5,The streaming quality has been excellent and the app feels much faster after the update.,Neutral
FB0002362,CUST003713,2022-07-05,5,"Great value for the price, my whole family uses different profiles without any issues.",Positive
FB0002363,CUST003715,2026-01-27,3,"Average experience overall, some months are better than others depending on new releases.",Neutral
FB0002364,CUST003717,2026-02-14,5,"Really happy with the content library, discovered several great shows this month.",Positive
FB0002365,CUST003719,2024-12-06,4,"Great value for the price, my whole family uses different profiles without any issues.",Positive
FB0002366,CUST003723,2023-01-28,3,"Average experience overall, some months are better than others depending on new releases.",Neutral
FB0002367,CUST003725,2023-04-06,4,"Love the recommendation engine, it keeps suggesting shows I actually end up enjoying.",Positive
FB0002368,CUST003725,2024-11-29,5,"Really happy with the content library, discovered several great shows this month.",Positive
FB0002369,CUST003729,2025-12-31,3,"Average experience overall, some months are better than others depending on new releases.",Neutral
FB0002370,CUST003730,2026-02-21,4,Customer support resolved my issue quickly and the experience was smooth overall.,Positive
FB0002371,CUST003731,2023-03-01,3,"It works fine most of the time, occasional buffering but nothing major to complain about.",Neutral
FB0002372,CUST003735,2024-10-25,3,"It works fine most of the time, occasional buffering but nothing major to complain about.",Neutral
FB0002373,CUST003735,2025-10-31,3,"Average experience overall, some months are better than others depending on new releases.",Neutral
FB0002374,CUST003735,2023-02-06,2,"Not enough new content being added, feels like I have already watched everything worth watching.",Negative
FB0002375,CUST003738,2024-08-18,4,"Great value for the price, my whole family uses different profiles without any issues.",Positive
FB0002376,CUST003739,2024-01-12,4,"Great value for the price, my whole family uses different profiles without any issues.",Positive
FB0002377,CUST003740,2026-04-12,2,"Customer support took too long to respond to my billing complaint, very disappointing experience.",Positive
FB0002378,CUST003744,2025-06-06,3,The service is decent but the content library could use more variety in regional languages.,Neutral
FB0002379,CUST003746,2022-06-19,3,"Average experience overall, some months are better than others depending on new releases.",Neutral
FB0002380,CUST003747,2022-03-30,3,"It works fine most of the time, occasional buffering but nothing major to complain about.",Neutral
FB0002381,CUST003749,2024-01-30,5,"Love the recommendation engine, it keeps suggesting shows I actually end up enjoying.",Positive
FB0002382,CUST003750,2021-01-15,2,Constant buffering issues during peak hours have made this frustrating to use lately.,Negative
FB0002383,CUST003751,2026-06-06,3,"Average experience overall, some months are better than others depending on new releases.",Neutral
FB0002384,CUST003754,2023-09-06,2,Cancelled my plan because the price increase was not worth the content available right now.,Positive
FB0002385,CUST003755,2024-12-06,3,The service is decent but the content library could use more variety in regional languages.,Neutral
FB0002386,CUST003755,2026-06-08,4,The streaming quality has been excellent and the app feels much faster after the update.,Positive
FB0002387,CUST003757,2026-05-20,3,"It works fine most of the time, occasional buffering but nothing major to complain about.",Neutral
FB0002388,CUST003757,2026-05-23,3,The service is decent but the content library could use more variety in regional languages.,Neutral
FB0002389,CUST003759,2024-05-09,4,"Great value for the price, my whole family uses different profiles without any issues.",Positive
FB0002390,CUST003760,2026-03-10,3,"It works fine most of the time, occasional buffering but nothing major to complain about.",Neutral
FB0002391,CUST003762,2026-04-10,4,"Love the recommendation engine, it keeps suggesting shows I actually end up enjoying.",Positive
FB0002392,CUST003763,2026-03-03,3,The service is decent but the content library could use more variety in regional languages.,Neutral
FB0002393,CUST003764,2023-03-21,3,"Average experience overall, some months are better than others depending on new releases.",Neutral
FB0002394,CUST003765,2024-08-22,3,"It works fine most of the time, occasional buffering but nothing major to complain about.",Neutral
FB0002395,CUST003766,2025-04-05,1,The app keeps crashing on my device and I have not been able to watch anything for days.,Negative
FB0002396,CUST003766,2025-04-26,3,"It works fine most of the time, occasional buffering but nothing major to complain about.",Neutral
FB0002397,CUST003767,2025-11-09,5,"Great value for the price, my whole family uses different profiles without any issues.",Positive
FB0002398,CUST003770,2023-05-31,3,"It works fine most of the time, occasional buffering but nothing major to complain about.",Neutral
FB0002399,CUST003772,2026-01-01,5,The streaming quality has been excellent and the app feels much faster after the update.,Positive
FB0002400,CUST003774,2022-12-04,2,The app keeps crashing on my device and I have not been able to watch anything for days.,Negative
FB0002401,CUST003776,2025-06-13,4,"Great value for the price, my whole family uses different profiles without any issues.",Positive
FB0002402,CUST003777,2025-01-16,1,"Not enough new content being added, feels like I have already watched everything worth watching.",Negative
FB0002403,CUST003777,2026-06-03,3,The service is decent but the content library could use more variety in regional languages.,Neutral
FB0002404,CUST003777,2024-09-27,4,"Love the recommendation engine, it keeps suggesting shows I actually end up enjoying.",Positive
FB0002405,CUST003777,2025-08-31,3,"It works fine most of the time, occasional buffering but nothing major to complain about.",Neutral
FB0002406,CUST003780,2026-02-23,3,The service is decent but the content library could use more variety in regional languages.,Neutral
FB0002407,CUST003781,2023-10-04,5,"Great value for the price, my whole family uses different profiles without any issues.",Positive
FB0002408,CUST003785,2022-01-25,5,"Great value for the price, my whole family uses different profiles without any issues.",Positive
FB0002409,CUST003786,2021-12-22,5,Customer support resolved my issue quickly and the experience was smooth overall.,Positive
FB0002410,CUST003786,2021-12-17,5,"Love the recommendation engine, it keeps suggesting shows I actually end up enjoying.",Positive
FB0002411,CUST003786,2024-01-17,4,"Great value for the price, my whole family uses different profiles without any issues.",Positive
FB0002412,CUST003788,2024-11-29,3,"Average experience overall, some months are better than others depending on new releases.",Neutral
FB0002413,CUST003792,2025-12-05,2,"Not enough new content being added, feels like I have already watched everything worth watching.",Negative
FB0002414,CUST003796,2022-12-25,3,"Average experience overall, some months are better than others depending on new releases.",Neutral
FB0002415,CUST003797,2022-07-24,3,"Average experience overall, some months are better than others depending on new releases.",Neutral
FB0002416,CUST003798,2024-09-11,1,"Customer support took too long to respond to my billing complaint, very disappointing experience.",Negative
FB0002417,CUST003799,2023-02-21,5,"Really happy with the content library, discovered several great shows this month.",Positive
FB0002418,CUST003799,2025-02-22,1,Constant buffering issues during peak hours have made this frustrating to use lately.,Negative
FB0002419,CUST003799,2024-02-12,3,The service is decent but the content library could use more variety in regional languages.,Neutral
FB0002420,CUST003800,2026-06-15,2,"Customer support took too long to respond to my billing complaint, very disappointing experience.",Neutral
FB0002421,CUST003801,2025-12-03,4,The streaming quality has been excellent and the app feels much faster after the update.,Positive
FB0002422,CUST003805,2024-10-27,4,"Great value for the price, my whole family uses different profiles without any issues.",Positive
FB0002423,CUST003805,2024-02-10,3,"Average experience overall, some months are better than others depending on new releases.",Neutral
FB0002424,CUST003805,2025-07-27,4,"Love the recommendation engine, it keeps suggesting shows I actually end up enjoying.",Positive
FB0002425,CUST003805,2025-09-01,1,The app keeps crashing on my device and I have not been able to watch anything for days.,Negative
FB0002426,CUST003809,2023-02-20,3,"Average experience overall, some months are better than others depending on new releases.",Neutral
FB0002427,CUST003809,2025-05-29,4,"Really happy with the content library, discovered several great shows this month.",Positive
FB0002428,CUST003810,2022-12-01,3,"It works fine most of the time, occasional buffering but nothing major to complain about.",Neutral
FB0002429,CUST003813,2021-06-15,3,"Average experience overall, some months are better than others depending on new releases.",Neutral
FB0002430,CUST003814,2025-07-04,5,Customer support resolved my issue quickly and the experience was smooth overall.,Positive
FB0002431,CUST003814,2025-04-01,3,The service is decent but the content library could use more variety in regional languages.,Neutral
FB0002432,CUST003816,2022-03-03,4,"Really happy with the content library, discovered several great shows this month.",Positive
FB0002433,CUST003817,2026-04-21,1,Cancelled my plan because the price increase was not worth the content available right now.,Negative
FB0002434,CUST003821,2026-01-04,1,The app keeps crashing on my device and I have not been able to watch anything for days.,Negative
FB0002435,CUST003821,2026-06-17,5,The streaming quality has been excellent and the app feels much faster after the update.,Positive
FB0002436,CUST003822,2024-01-29,3,The service is decent but the content library could use more variety in regional languages.,Neutral
FB0002437,CUST003823,2026-05-28,1,The app keeps crashing on my device and I have not been able to watch anything for days.,Negative
FB0002438,CUST003823,2026-01-11,3,The service is decent but the content library could use more variety in regional languages.,Neutral
FB0002439,CUST003825,2026-01-05,3,The service is decent but the content library could use more variety in regional languages.,Neutral
FB0002440,CUST003826,2020-10-13,2,Constant buffering issues during peak hours have made this frustrating to use lately.,Negative
FB0002441,CUST003836,2026-06-10,4,"Love the recommendation engine, it keeps suggesting shows I actually end up enjoying.",Positive
FB0002442,CUST003837,2025-01-02,5,"Great value for the price, my whole family uses different profiles without any issues.",Positive
FB0002443,CUST003837,2024-02-04,3,"It works fine most of the time, occasional buffering but nothing major to complain about.",Neutral
FB0002444,CUST003837,2024-10-18,1,"Customer support took too long to respond to my billing complaint, very disappointing experience.",Negative
FB0002445,CUST003840,2025-05-09,1,The app keeps crashing on my device and I have not been able to watch anything for days.,Negative
FB0002446,CUST003841,2026-01-24,5,The streaming quality has been excellent and the app feels much faster after the update.,Positive
FB0002447,CUST003842,2021-07-13,3,"It works fine most of the time, occasional buffering but nothing major to complain about.",Neutral
FB0002448,CUST003845,2024-01-07,1,The app keeps crashing on my device and I have not been able to watch anything for days.,Negative
FB0002449,CUST003845,2024-04-01,4,The streaming quality has been excellent and the app feels much faster after the update.,Positive
FB0002450,CUST003845,2021-08-19,4,Customer support resolved my issue quickly and the experience was smooth overall.,Positive
FB0002451,CUST003846,2025-09-05,2,"Customer support took too long to respond to my billing complaint, very disappointing experience.",Negative
FB0002452,CUST003847,2024-03-19,2,The app keeps crashing on my device and I have not been able to watch anything for days.,Negative
FB0002453,CUST003848,2022-07-31,5,"Love the recommendation engine, it keeps suggesting shows I actually end up enjoying.",Positive
FB0002454,CUST003848,2024-03-04,4,"Love the recommendation engine, it keeps suggesting shows I actually end up enjoying.",Positive
FB0002455,CUST003848,2024-06-09,3,"Average experience overall, some months are better than others depending on new releases.",Neutral
FB0002456,CUST003849,2025-05-28,1,Constant buffering issues during peak hours have made this frustrating to use lately.,Negative
FB0002457,CUST003850,2023-03-31,1,The app keeps crashing on my device and I have not been able to watch anything for days.,Positive
FB0002458,CUST003850,2022-05-10,4,"Really happy with the content library, discovered several great shows this month.",Positive
FB0002459,CUST003853,2025-12-23,5,"Really happy with the content library, discovered several great shows this month.",Positive
FB0002460,CUST003853,2024-07-29,3,"Average experience overall, some months are better than others depending on new releases.",Negative
FB0002461,CUST003855,2023-07-12,5,The streaming quality has been excellent and the app feels much faster after the update.,Positive
FB0002462,CUST003855,2025-03-24,2,Cancelled my plan because the price increase was not worth the content available right now.,Negative
FB0002463,CUST003855,2026-02-26,3,"It works fine most of the time, occasional buffering but nothing major to complain about.",Neutral
FB0002464,CUST003858,2026-02-28,1,"Customer support took too long to respond to my billing complaint, very disappointing experience.",Negative
FB0002465,CUST003858,2023-02-18,1,The app keeps crashing on my device and I have not been able to watch anything for days.,Negative
FB0002466,CUST003858,2020-07-20,1,"Not enough new content being added, feels like I have already watched everything worth watching.",Negative
FB0002467,CUST003861,2025-02-03,1,The app keeps crashing on my device and I have not been able to watch anything for days.,Negative
FB0002468,CUST003862,2021-05-03,3,"It works fine most of the time, occasional buffering but nothing major to complain about.",Neutral
FB0002469,CUST003863,2023-08-25,3,"Average experience overall, some months are better than others depending on new releases.",Neutral
FB0002470,CUST003863,2025-05-22,3,"Average experience overall, some months are better than others depending on new releases.",Neutral
FB0002471,CUST003873,2023-02-05,2,Constant buffering issues during peak hours have made this frustrating to use lately.,Negative
FB0002472,CUST003873,2023-11-19,2,Cancelled my plan because the price increase was not worth the content available right now.,Negative
FB0002473,CUST003876,2025-09-11,1,Cancelled my plan because the price increase was not worth the content available right now.,Negative
FB0002474,CUST003876,2025-10-22,2,Constant buffering issues during peak hours have made this frustrating to use lately.,Negative
FB0002475,CUST003876,2023-12-08,3,"It works fine most of the time, occasional buffering but nothing major to complain about.",Neutral
FB0002476,CUST003876,2025-03-07,3,"It works fine most of the time, occasional buffering but nothing major to complain about.",Neutral
FB0002477,CUST003878,2025-01-03,1,The app keeps crashing on my device and I have not been able to watch anything for days.,Negative
FB0002478,CUST003882,2025-07-26,3,"It works fine most of the time, occasional buffering but nothing major to complain about.",Neutral
FB0002479,CUST003882,2025-07-15,3,"Average experience overall, some months are better than others depending on new releases.",Neutral
FB0002480,CUST003883,2024-12-16,4,Customer support resolved my issue quickly and the experience was smooth overall.,Positive
FB0002481,CUST003884,2026-05-02,5,Customer support resolved my issue quickly and the experience was smooth overall.,Positive
FB0002482,CUST003884,2026-04-15,1,"Customer support took too long to respond to my billing complaint, very disappointing experience.",Negative
FB0002483,CUST003884,2026-04-25,3,"It works fine most of the time, occasional buffering but nothing major to complain about.",Neutral
FB0002484,CUST003887,2024-01-19,5,"Great value for the price, my whole family uses different profiles without any issues.",Positive
FB0002485,CUST003889,2026-01-29,3,"It works fine most of the time, occasional buffering but nothing major to complain about.",Neutral
FB0002486,CUST003892,2020-10-03,5,"Love the recommendation engine, it keeps suggesting shows I actually end up enjoying.",Positive
FB0002487,CUST003893,2022-04-12,1,Constant buffering issues during peak hours have made this frustrating to use lately.,Negative
FB0002488,CUST003895,2024-10-22,3,"Average experience overall, some months are better than others depending on new releases.",Neutral
FB0002489,CUST003897,2026-02-04,3,The service is decent but the content library could use more variety in regional languages.,Neutral
FB0002490,CUST003897,2026-06-15,3,"Average experience overall, some months are better than others depending on new releases.",Neutral
FB0002491,CUST003898,2023-12-07,3,"It works fine most of the time, occasional buffering but nothing major to complain about.",Neutral
FB0002492,CUST003901,2026-06-22,4,Customer support resolved my issue quickly and the experience was smooth overall.,Positive
FB0002493,CUST003903,2026-01-10,1,Cancelled my plan because the price increase was not worth the content available right now.,Negative
FB0002494,CUST003904,2024-07-30,4,"Love the recommendation engine, it keeps suggesting shows I actually end up enjoying.",Positive
FB0002495,CUST003905,2025-11-16,3,"Average experience overall, some months are better than others depending on new releases.",Neutral
FB0002496,CUST003908,2023-06-25,3,"Average experience overall, some months are better than others depending on new releases.",Neutral
FB0002497,CUST003910,2022-06-26,1,"Customer support took too long to respond to my billing complaint, very disappointing experience.",Negative
FB0002498,CUST003914,2024-02-04,3,"It works fine most of the time, occasional buffering but nothing major to complain about.",Neutral
FB0002499,CUST003915,2022-06-11,4,The streaming quality has been excellent and the app feels much faster after the update.,Positive
FB0002500,CUST003923,2024-07-20,5,The streaming quality has been excellent and the app feels much faster after the update.,Positive
FB0002501,CUST003927,2023-12-23,3,"It works fine most of the time, occasional buffering but nothing major to complain about.",Neutral
FB0002502,CUST003927,2025-08-22,3,"Average experience overall, some months are better than others depending on new releases.",Neutral
FB0002503,CUST003930,2024-12-29,3,"Average experience overall, some months are better than others depending on new releases.",Neutral
FB0002504,CUST003930,2024-01-26,4,"Love the recommendation engine, it keeps suggesting shows I actually end up enjoying.",Positive
FB0002505,CUST003932,2026-06-22,1,Cancelled my plan because the price increase was not worth the content available right now.,Negative
FB0002506,CUST003935,2026-05-31,4,The streaming quality has been excellent and the app feels much faster after the update.,Negative
FB0002507,CUST003936,2023-04-16,4,The streaming quality has been excellent and the app feels much faster after the update.,Positive
FB0002508,CUST003936,2023-09-28,4,The streaming quality has been excellent and the app feels much faster after the update.,Positive
FB0002509,CUST003937,2024-05-16,2,"Customer support took too long to respond to my billing complaint, very disappointing experience.",Negative
FB0002510,CUST003937,2026-06-08,3,"It works fine most of the time, occasional buffering but nothing major to complain about.",Neutral
FB0002511,CUST003937,2023-09-12,5,"Love the recommendation engine, it keeps suggesting shows I actually end up enjoying.",Positive
FB0002512,CUST003937,2024-06-10,1,"Customer support took too long to respond to my billing complaint, very disappointing experience.",Negative
FB0002513,CUST003938,2020-09-01,4,"Love the recommendation engine, it keeps suggesting shows I actually end up enjoying.",Positive
FB0002514,CUST003938,2023-05-15,1,The app keeps crashing on my device and I have not been able to watch anything for days.,Negative
FB0002515,CUST003940,2022-11-30,1,Constant buffering issues during peak hours have made this frustrating to use lately.,Negative
FB0002516,CUST003943,2024-07-27,5,"Love the recommendation engine, it keeps suggesting shows I actually end up enjoying.",Positive
FB0002517,CUST003944,2025-05-07,2,The app keeps crashing on my device and I have not been able to watch anything for days.,Negative
FB0002518,CUST003947,2023-07-21,2,Constant buffering issues during peak hours have made this frustrating to use lately.,Negative
FB0002519,CUST003948,2025-05-05,3,"Average experience overall, some months are better than others depending on new releases.",Neutral
FB0002520,CUST003956,2021-08-11,2,Cancelled my plan because the price increase was not worth the content available right now.,Negative
FB0002521,CUST003958,2024-01-03,4,Customer support resolved my issue quickly and the experience was smooth overall.,Positive
FB0002522,CUST003958,2023-05-14,3,The service is decent but the content library could use more variety in regional languages.,Neutral
FB0002523,CUST003958,2025-10-10,2,Constant buffering issues during peak hours have made this frustrating to use lately.,Negative
FB0002524,CUST003961,2026-06-22,2,"Customer support took too long to respond to my billing complaint, very disappointing experience.",Negative
FB0002525,CUST003962,2022-11-26,2,Cancelled my plan because the price increase was not worth the content available right now.,Negative
FB0002526,CUST003963,2025-11-10,4,Customer support resolved my issue quickly and the experience was smooth overall.,Positive
FB0002527,CUST003963,2025-06-14,2,"Not enough new content being added, feels like I have already watched everything worth watching.",Negative
FB0002528,CUST003963,2026-01-26,3,The service is decent but the content library could use more variety in regional languages.,Neutral
FB0002529,CUST003967,2025-01-17,5,"Really happy with the content library, discovered several great shows this month.",Positive
FB0002530,CUST003967,2026-05-19,4,The streaming quality has been excellent and the app feels much faster after the update.,Positive
FB0002531,CUST003967,2025-08-17,3,"Average experience overall, some months are better than others depending on new releases.",Neutral
FB0002532,CUST003969,2024-02-08,4,Customer support resolved my issue quickly and the experience was smooth overall.,Positive
FB0002533,CUST003971,2021-08-17,4,"Love the recommendation engine, it keeps suggesting shows I actually end up enjoying.",Positive
FB0002534,CUST003976,2025-06-11,5,"Really happy with the content library, discovered several great shows this month.",Positive
FB0002535,CUST003978,2023-11-14,3,The service is decent but the content library could use more variety in regional languages.,Neutral
FB0002536,CUST003978,2025-04-17,3,"Average experience overall, some months are better than others depending on new releases.",Neutral
FB0002537,CUST003981,2021-07-01,2,"Customer support took too long to respond to my billing complaint, very disappointing experience.",Negative
FB0002538,CUST003981,2021-07-13,1,"Not enough new content being added, feels like I have already watched everything worth watching.",Negative
FB0002539,CUST003983,2026-06-12,3,The service is decent but the content library could use more variety in regional languages.,Neutral
FB0002540,CUST003983,2025-10-09,2,"Customer support took too long to respond to my billing complaint, very disappointing experience.",Negative
FB0002541,CUST003986,2024-03-13,4,"Love the recommendation engine, it keeps suggesting shows I actually end up enjoying.",Positive
FB0002542,CUST003987,2022-07-15,4,Customer support resolved my issue quickly and the experience was smooth overall.,Positive
FB0002543,CUST003987,2022-03-14,2,"Not enough new content being added, feels like I have already watched everything worth watching.",Neutral
FB0002544,CUST003987,2026-06-30,4,Customer support resolved my issue quickly and the experience was smooth overall.,Positive
FB0002545,CUST003989,2025-02-15,3,"It works fine most of the time, occasional buffering but nothing major to complain about.",Neutral
FB0002546,CUST003990,2025-11-26,3,"It works fine most of the time, occasional buffering but nothing major to complain about.",Neutral
FB0002547,CUST003992,2026-04-29,2,Constant buffering issues during peak hours have made this frustrating to use lately.,Negative
FB0002548,CUST003994,2019-10-18,5,"Really happy with the content library, discovered several great shows this month.",Positive
FB0002549,CUST003995,2024-11-05,1,The app keeps crashing on my device and I have not been able to watch anything for days.,Negative
FB0002550,CUST004000,2023-02-12,4,The streaming quality has been excellent and the app feels much faster after the update.,Positive
FB0002551,CUST004002,2024-08-18,3,"Average experience overall, some months are better than others depending on new releases.",Negative
FB0002552,CUST004002,2023-08-13,1,The app keeps crashing on my device and I have not been able to watch anything for days.,Negative
FB0002553,CUST004004,2026-03-19,5,Customer support resolved my issue quickly and the experience was smooth overall.,Positive
FB0002554,CUST004011,2024-09-09,2,"Not enough new content being added, feels like I have already watched everything worth watching.",Negative
FB0002555,CUST004011,2023-09-09,5,The streaming quality has been excellent and the app feels much faster after the update.,Positive
FB0002556,CUST004015,2023-09-29,5,Customer support resolved my issue quickly and the experience was smooth overall.,Positive
FB0002557,CUST004019,2022-11-05,3,The service is decent but the content library could use more variety in regional languages.,Neutral
FB0002558,CUST004024,2025-06-29,3,"It works fine most of the time, occasional buffering but nothing major to complain about.",Neutral
FB0002559,CUST004024,2023-12-27,3,"Average experience overall, some months are better than others depending on new releases.",Positive
FB0002560,CUST004030,2026-04-05,3,"Average experience overall, some months are better than others depending on new releases.",Neutral
FB0002561,CUST004030,2026-02-17,1,The app keeps crashing on my device and I have not been able to watch anything for days.,Negative
FB0002562,CUST004032,2025-11-01,4,Customer support resolved my issue quickly and the experience was smooth overall.,Positive
FB0002563,CUST004034,2024-07-06,3,The service is decent but the content library could use more variety in regional languages.,Positive
FB0002564,CUST004039,2024-05-02,2,"Customer support took too long to respond to my billing complaint, very disappointing experience.",Negative
FB0002565,CUST004040,2026-02-18,5,Customer support resolved my issue quickly and the experience was smooth overall.,Positive
FB0002566,CUST004040,2023-07-04,5,"Really happy with the content library, discovered several great shows this month.",Positive
FB0002567,CUST004042,2023-12-17,3,"It works fine most of the time, occasional buffering but nothing major to complain about.",Neutral
FB0002568,CUST004042,2025-02-01,1,Constant buffering issues during peak hours have made this frustrating to use lately.,Negative
FB0002569,CUST004043,2025-08-20,2,"Customer support took too long to respond to my billing complaint, very disappointing experience.",Negative
FB0002570,CUST004045,2026-05-27,4,"Great value for the price, my whole family uses different profiles without any issues.",Positive
FB0002571,CUST004048,2024-07-08,4,"Great value for the price, my whole family uses different profiles without any issues.",Positive
FB0002572,CUST004049,2026-04-01,2,Constant buffering issues during peak hours have made this frustrating to use lately.,Negative
FB0002573,CUST004052,2026-01-22,3,"Average experience overall, some months are better than others depending on new releases.",Neutral
FB0002574,CUST004052,2026-01-28,2,"Customer support took too long to respond to my billing complaint, very disappointing experience.",Negative
FB0002575,CUST004052,2026-01-30,3,The service is decent but the content library could use more variety in regional languages.,Neutral
FB0002576,CUST004054,2024-12-16,2,"Customer support took too long to respond to my billing complaint, very disappointing experience.",Negative
FB0002577,CUST004055,2022-10-06,3,"It works fine most of the time, occasional buffering but nothing major to complain about.",Neutral
FB0002578,CUST004058,2020-12-30,5,"Really happy with the content library, discovered several great shows this month.",Positive
FB0002579,CUST004060,2024-02-10,3,"Average experience overall, some months are better than others depending on new releases.",Neutral
FB0002580,CUST004060,2025-08-07,4,The streaming quality has been excellent and the app feels much faster after the update.,Positive
FB0002581,CUST004060,2024-12-21,5,Customer support resolved my issue quickly and the experience was smooth overall.,Positive
FB0002582,CUST004066,2024-04-08,4,Customer support resolved my issue quickly and the experience was smooth overall.,Positive
FB0002583,CUST004067,2026-02-08,2,"Customer support took too long to respond to my billing complaint, very disappointing experience.",Negative
FB0002584,CUST004070,2022-12-08,1,Constant buffering issues during peak hours have made this frustrating to use lately.,Negative
FB0002585,CUST004072,2023-03-17,4,The streaming quality has been excellent and the app feels much faster after the update.,Positive
FB0002586,CUST004072,2024-10-13,3,"It works fine most of the time, occasional buffering but nothing major to complain about.",Neutral
FB0002587,CUST004072,2024-06-09,3,The service is decent but the content library could use more variety in regional languages.,Neutral
FB0002588,CUST004072,2025-09-12,5,"Great value for the price, my whole family uses different profiles without any issues.",Positive
FB0002589,CUST004074,2024-10-30,3,"Average experience overall, some months are better than others depending on new releases.",Neutral
FB0002590,CUST004076,2026-06-08,3,"Average experience overall, some months are better than others depending on new releases.",Neutral
FB0002591,CUST004076,2026-06-20,3,"It works fine most of the time, occasional buffering but nothing major to complain about.",Neutral
FB0002592,CUST004077,2025-12-13,3,"Average experience overall, some months are better than others depending on new releases.",Neutral
FB0002593,CUST004077,2022-04-14,5,"Great value for the price, my whole family uses different profiles without any issues.",Positive
FB0002594,CUST004078,2022-03-26,4,"Great value for the price, my whole family uses different profiles without any issues.",Positive
FB0002595,CUST004079,2021-01-22,5,"Really happy with the content library, discovered several great shows this month.",Positive
FB0002596,CUST004082,2025-10-08,3,"Average experience overall, some months are better than others depending on new releases.",Neutral
FB0002597,CUST004084,2025-12-18,4,The streaming quality has been excellent and the app feels much faster after the update.,Positive
FB0002598,CUST004086,2025-11-04,5,Customer support resolved my issue quickly and the experience was smooth overall.,Positive
FB0002599,CUST004089,2025-05-22,1,"Not enough new content being added, feels like I have already watched everything worth watching.",Negative
FB0002600,CUST004089,2025-02-26,2,"Not enough new content being added, feels like I have already watched everything worth watching.",Negative
FB0002601,CUST004093,2024-12-06,1,Constant buffering issues during peak hours have made this frustrating to use lately.,Negative
FB0002602,CUST004097,2024-03-25,3,The service is decent but the content library could use more variety in regional languages.,Neutral
FB0002603,CUST004099,2026-01-27,1,The app keeps crashing on my device and I have not been able to watch anything for days.,Negative
FB0002604,CUST004106,2020-10-07,2,The app keeps crashing on my device and I have not been able to watch anything for days.,Negative
FB0002605,CUST004107,2026-02-19,5,"Really happy with the content library, discovered several great shows this month.",Positive
FB0002606,CUST004108,2026-06-24,4,"Love the recommendation engine, it keeps suggesting shows I actually end up enjoying.",Positive
FB0002607,CUST004108,2026-06-25,2,"Customer support took too long to respond to my billing complaint, very disappointing experience.",Negative
FB0002608,CUST004110,2026-05-11,3,The service is decent but the content library could use more variety in regional languages.,Negative
FB0002609,CUST004110,2026-04-23,3,"Average experience overall, some months are better than others depending on new releases.",Negative
FB0002610,CUST004111,2026-06-07,1,"Not enough new content being added, feels like I have already watched everything worth watching.",Negative
FB0002611,CUST004113,2023-05-16,4,The streaming quality has been excellent and the app feels much faster after the update.,Positive
FB0002612,CUST004113,2023-09-03,5,Customer support resolved my issue quickly and the experience was smooth overall.,Positive
FB0002613,CUST004114,2022-06-07,3,The service is decent but the content library could use more variety in regional languages.,Neutral
FB0002614,CUST004120,2022-08-26,3,"Average experience overall, some months are better than others depending on new releases.",Neutral
FB0002615,CUST004127,2021-08-24,5,"Great value for the price, my whole family uses different profiles without any issues.",Positive
FB0002616,CUST004131,2026-06-20,1,"Not enough new content being added, feels like I have already watched everything worth watching.",Negative
FB0002617,CUST004134,2026-06-11,4,"Great value for the price, my whole family uses different profiles without any issues.",Positive
FB0002618,CUST004139,2023-12-11,3,The service is decent but the content library could use more variety in regional languages.,Positive
FB0002619,CUST004142,2022-04-19,5,Customer support resolved my issue quickly and the experience was smooth overall.,Positive
FB0002620,CUST004145,2023-12-01,2,"Not enough new content being added, feels like I have already watched everything worth watching.",Negative
FB0002621,CUST004147,2023-06-24,3,"Average experience overall, some months are better than others depending on new releases.",Neutral
FB0002622,CUST004148,2026-03-27,3,The service is decent but the content library could use more variety in regional languages.,Neutral
FB0002623,CUST004150,2025-09-06,5,Customer support resolved my issue quickly and the experience was smooth overall.,Positive
FB0002624,CUST004155,2026-04-29,1,"Customer support took too long to respond to my billing complaint, very disappointing experience.",Negative
FB0002625,CUST004159,2022-08-01,3,"Average experience overall, some months are better than others depending on new releases.",Neutral
FB0002626,CUST004159,2022-10-15,3,The service is decent but the content library could use more variety in regional languages.,Neutral
FB0002627,CUST004160,2025-03-27,5,The streaming quality has been excellent and the app feels much faster after the update.,Positive
FB0002628,CUST004162,2025-03-03,5,"Great value for the price, my whole family uses different profiles without any issues.",Negative
FB0002629,CUST004162,2025-09-26,3,"It works fine most of the time, occasional buffering but nothing major to complain about.",Neutral
FB0002630,CUST004163,2026-02-08,2,"Customer support took too long to respond to my billing complaint, very disappointing experience.",Negative
FB0002631,CUST004164,2021-01-11,1,The app keeps crashing on my device and I have not been able to watch anything for days.,Negative
FB0002632,CUST004168,2026-05-20,5,"Really happy with the content library, discovered several great shows this month.",Positive
FB0002633,CUST004171,2021-07-26,1,"Customer support took too long to respond to my billing complaint, very disappointing experience.",Negative
FB0002634,CUST004173,2025-07-19,1,Constant buffering issues during peak hours have made this frustrating to use lately.,Negative
FB0002635,CUST004173,2025-08-16,2,"Not enough new content being added, feels like I have already watched everything worth watching.",Negative
FB0002636,CUST004174,2026-04-16,3,The service is decent but the content library could use more variety in regional languages.,Neutral
FB0002637,CUST004177,2026-06-20,1,Constant buffering issues during peak hours have made this frustrating to use lately.,Negative
FB0002638,CUST004177,2026-02-25,2,"Customer support took too long to respond to my billing complaint, very disappointing experience.",Negative
FB0002639,CUST004177,2024-09-05,4,The streaming quality has been excellent and the app feels much faster after the update.,Positive
FB0002640,CUST004182,2026-01-04,3,The service is decent but the content library could use more variety in regional languages.,Neutral
FB0002641,CUST004183,2023-12-27,1,"Not enough new content being added, feels like I have already watched everything worth watching.",Negative
FB0002642,CUST004183,2023-02-07,1,Cancelled my plan because the price increase was not worth the content available right now.,Negative
FB0002643,CUST004188,2026-05-22,4,Customer support resolved my issue quickly and the experience was smooth overall.,Positive
FB0002644,CUST004189,2025-10-05,2,Constant buffering issues during peak hours have made this frustrating to use lately.,Negative
FB0002645,CUST004191,2025-04-17,3,"Average experience overall, some months are better than others depending on new releases.",Neutral
FB0002646,CUST004192,2026-01-23,2,Cancelled my plan because the price increase was not worth the content available right now.,Negative
FB0002647,CUST004196,2026-06-15,3,The service is decent but the content library could use more variety in regional languages.,Neutral
FB0002648,CUST004197,2023-12-21,3,"It works fine most of the time, occasional buffering but nothing major to complain about.",Neutral
FB0002649,CUST004198,2026-03-23,2,Cancelled my plan because the price increase was not worth the content available right now.,Negative
FB0002650,CUST004202,2026-03-03,3,The service is decent but the content library could use more variety in regional languages.,Neutral
FB0002651,CUST004202,2025-09-04,1,Constant buffering issues during peak hours have made this frustrating to use lately.,Negative
FB0002652,CUST004204,2024-01-04,2,The app keeps crashing on my device and I have not been able to watch anything for days.,Positive
FB0002653,CUST004205,2021-07-07,4,Customer support resolved my issue quickly and the experience was smooth overall.,Positive
FB0002654,CUST004206,2022-01-21,3,"It works fine most of the time, occasional buffering but nothing major to complain about.",Neutral
FB0002655,CUST004208,2022-01-18,2,Cancelled my plan because the price increase was not worth the content available right now.,Negative
FB0002656,CUST004209,2025-08-22,3,"It works fine most of the time, occasional buffering but nothing major to complain about.",Neutral
FB0002657,CUST004210,2024-04-15,4,Customer support resolved my issue quickly and the experience was smooth overall.,Positive
FB0002658,CUST004212,2022-02-26,5,Customer support resolved my issue quickly and the experience was smooth overall.,Positive
FB0002659,CUST004213,2026-02-10,5,The streaming quality has been excellent and the app feels much faster after the update.,Positive
FB0002660,CUST004214,2026-03-26,2,"Not enough new content being added, feels like I have already watched everything worth watching.",Negative
FB0002661,CUST004214,2026-06-27,1,"Customer support took too long to respond to my billing complaint, very disappointing experience.",Negative
FB0002662,CUST004220,2025-12-08,3,"Average experience overall, some months are better than others depending on new releases.",Neutral
FB0002663,CUST004220,2025-09-26,3,"Average experience overall, some months are better than others depending on new releases.",Negative
FB0002664,CUST004224,2023-10-14,5,The streaming quality has been excellent and the app feels much faster after the update.,Positive
FB0002665,CUST004226,2026-02-26,3,"Average experience overall, some months are better than others depending on new releases.",Neutral
FB0002666,CUST004227,2026-05-31,4,The streaming quality has been excellent and the app feels much faster after the update.,Positive
FB0002667,CUST004228,2025-06-02,3,"It works fine most of the time, occasional buffering but nothing major to complain about.",Neutral
FB0002668,CUST004232,2025-07-20,3,The service is decent but the content library could use more variety in regional languages.,Neutral
FB0002669,CUST004237,2024-08-17,3,"It works fine most of the time, occasional buffering but nothing major to complain about.",Neutral
FB0002670,CUST004240,2024-10-22,2,Constant buffering issues during peak hours have made this frustrating to use lately.,Negative
FB0002671,CUST004249,2025-09-28,5,Customer support resolved my issue quickly and the experience was smooth overall.,Positive
FB0002672,CUST004249,2026-05-13,3,"It works fine most of the time, occasional buffering but nothing major to complain about.",Neutral
FB0002673,CUST004249,2026-06-27,3,The service is decent but the content library could use more variety in regional languages.,Neutral
FB0002674,CUST004251,2023-08-24,2,Cancelled my plan because the price increase was not worth the content available right now.,Negative
FB0002675,CUST004253,2024-05-13,1,Constant buffering issues during peak hours have made this frustrating to use lately.,Negative
FB0002676,CUST004258,2025-11-19,4,"Love the recommendation engine, it keeps suggesting shows I actually end up enjoying.",Positive
FB0002677,CUST004258,2026-06-19,5,"Really happy with the content library, discovered several great shows this month.",Positive
FB0002678,CUST004262,2025-07-24,2,"Customer support took too long to respond to my billing complaint, very disappointing experience.",Positive
FB0002679,CUST004266,2024-08-19,3,"Average experience overall, some months are better than others depending on new releases.",Neutral
FB0002680,CUST004267,2019-05-29,4,"Great value for the price, my whole family uses different profiles without any issues.",Positive
FB0002681,CUST004270,2023-09-23,3,"It works fine most of the time, occasional buffering but nothing major to complain about.",Neutral
FB0002682,CUST004270,2024-11-25,4,"Really happy with the content library, discovered several great shows this month.",Positive
FB0002683,CUST004271,2024-07-23,2,Cancelled my plan because the price increase was not worth the content available right now.,Negative
FB0002684,CUST004271,2023-10-28,1,Cancelled my plan because the price increase was not worth the content available right now.,Negative
FB0002685,CUST004272,2026-04-14,2,Constant buffering issues during peak hours have made this frustrating to use lately.,Negative
FB0002686,CUST004272,2023-03-09,1,The app keeps crashing on my device and I have not been able to watch anything for days.,Negative
FB0002687,CUST004274,2024-02-29,4,"Great value for the price, my whole family uses different profiles without any issues.",Positive
FB0002688,CUST004276,2025-01-19,3,"Average experience overall, some months are better than others depending on new releases.",Neutral
FB0002689,CUST004277,2026-02-05,2,The app keeps crashing on my device and I have not been able to watch anything for days.,Negative
FB0002690,CUST004279,2024-08-07,2,"Not enough new content being added, feels like I have already watched everything worth watching.",Negative
FB0002691,CUST004280,2026-03-31,1,Cancelled my plan because the price increase was not worth the content available right now.,Negative
FB0002692,CUST004287,2024-08-09,2,Constant buffering issues during peak hours have made this frustrating to use lately.,Negative
FB0002693,CUST004291,2024-12-29,3,"Average experience overall, some months are better than others depending on new releases.",Neutral
FB0002694,CUST004291,2021-06-13,5,"Great value for the price, my whole family uses different profiles without any issues.",Positive
FB0002695,CUST004293,2026-06-26,1,"Customer support took too long to respond to my billing complaint, very disappointing experience.",Negative
FB0002696,CUST004294,2022-07-27,5,Customer support resolved my issue quickly and the experience was smooth overall.,Positive
FB0002697,CUST004295,2023-12-02,3,"Average experience overall, some months are better than others depending on new releases.",Neutral
FB0002698,CUST004297,2025-04-04,3,"Average experience overall, some months are better than others depending on new releases.",Neutral
FB0002699,CUST004298,2026-04-19,2,Constant buffering issues during peak hours have made this frustrating to use lately.,Negative
FB0002700,CUST004301,2020-09-07,3,"Average experience overall, some months are better than others depending on new releases.",Neutral
FB0002701,CUST004304,2025-09-07,2,Constant buffering issues during peak hours have made this frustrating to use lately.,Negative
FB0002702,CUST004312,2023-01-16,5,"Love the recommendation engine, it keeps suggesting shows I actually end up enjoying.",Positive
FB0002703,CUST004317,2024-01-29,3,"Average experience overall, some months are better than others depending on new releases.",Neutral
FB0002704,CUST004317,2024-02-05,1,The app keeps crashing on my device and I have not been able to watch anything for days.,Negative
FB0002705,CUST004317,2025-11-11,4,Customer support resolved my issue quickly and the experience was smooth overall.,Positive
FB0002706,CUST004318,2026-06-13,5,"Really happy with the content library, discovered several great shows this month.",Positive
FB0002707,CUST004318,2026-01-19,4,Customer support resolved my issue quickly and the experience was smooth overall.,Positive
FB0002708,CUST004321,2025-06-16,5,Customer support resolved my issue quickly and the experience was smooth overall.,Positive
FB0002709,CUST004321,2022-02-06,4,"Love the recommendation engine, it keeps suggesting shows I actually end up enjoying.",Positive
FB0002710,CUST004321,2026-05-27,3,"It works fine most of the time, occasional buffering but nothing major to complain about.",Positive
FB0002711,CUST004322,2026-05-18,4,Customer support resolved my issue quickly and the experience was smooth overall.,Positive
FB0002712,CUST004323,2024-09-17,4,The streaming quality has been excellent and the app feels much faster after the update.,Positive
FB0002713,CUST004324,2022-05-03,4,The streaming quality has been excellent and the app feels much faster after the update.,Positive
FB0002714,CUST004324,2024-03-05,1,The app keeps crashing on my device and I have not been able to watch anything for days.,Negative
FB0002715,CUST004324,2022-01-08,4,"Love the recommendation engine, it keeps suggesting shows I actually end up enjoying.",Positive
FB0002716,CUST004327,2025-09-09,1,The app keeps crashing on my device and I have not been able to watch anything for days.,Negative
FB0002717,CUST004328,2023-03-24,3,"It works fine most of the time, occasional buffering but nothing major to complain about.",Neutral
FB0002718,CUST004331,2024-02-14,5,The streaming quality has been excellent and the app feels much faster after the update.,Positive
FB0002719,CUST004332,2026-04-21,4,"Really happy with the content library, discovered several great shows this month.",Positive
FB0002720,CUST004333,2025-08-28,3,"Average experience overall, some months are better than others depending on new releases.",Neutral
FB0002721,CUST004334,2023-10-22,2,Cancelled my plan because the price increase was not worth the content available right now.,Negative
FB0002722,CUST004341,2026-03-14,1,"Not enough new content being added, feels like I have already watched everything worth watching.",Negative
FB0002723,CUST004341,2025-04-25,1,"Customer support took too long to respond to my billing complaint, very disappointing experience.",Positive
FB0002724,CUST004342,2026-04-01,4,"Great value for the price, my whole family uses different profiles without any issues.",Positive
FB0002725,CUST004344,2024-05-21,5,Customer support resolved my issue quickly and the experience was smooth overall.,Positive
FB0002726,CUST004348,2024-05-18,1,"Customer support took too long to respond to my billing complaint, very disappointing experience.",Negative
FB0002727,CUST004348,2023-09-15,3,"Average experience overall, some months are better than others depending on new releases.",Neutral
FB0002728,CUST004349,2025-06-16,2,"Customer support took too long to respond to my billing complaint, very disappointing experience.",Negative
FB0002729,CUST004352,2024-06-22,5,"Really happy with the content library, discovered several great shows this month.",Positive
FB0002730,CUST004353,2026-05-24,4,"Really happy with the content library, discovered several great shows this month.",Positive
FB0002731,CUST004353,2026-03-31,1,Cancelled my plan because the price increase was not worth the content available right now.,Negative
FB0002732,CUST004353,2025-05-03,3,"Average experience overall, some months are better than others depending on new releases.",Neutral
FB0002733,CUST004355,2024-09-04,2,"Not enough new content being added, feels like I have already watched everything worth watching.",Negative
FB0002734,CUST004356,2020-01-01,3,The service is decent but the content library could use more variety in regional languages.,Neutral
FB0002735,CUST004356,2024-12-03,2,"Not enough new content being added, feels like I have already watched everything worth watching.",Negative
FB0002736,CUST004362,2025-09-22,4,The streaming quality has been excellent and the app feels much faster after the update.,Positive
FB0002737,CUST004362,2026-01-04,5,Customer support resolved my issue quickly and the experience was smooth overall.,Positive
FB0002738,CUST004364,2025-10-04,4,Customer support resolved my issue quickly and the experience was smooth overall.,Positive
FB0002739,CUST004364,2026-03-10,5,Customer support resolved my issue quickly and the experience was smooth overall.,Positive
FB0002740,CUST004370,2024-03-06,3,"It works fine most of the time, occasional buffering but nothing major to complain about.",Neutral
FB0002741,CUST004370,2023-07-01,4,"Love the recommendation engine, it keeps suggesting shows I actually end up enjoying.",Negative
FB0002742,CUST004373,2023-05-21,2,Cancelled my plan because the price increase was not worth the content available right now.,Negative
FB0002743,CUST004376,2026-02-21,5,"Great value for the price, my whole family uses different profiles without any issues.",Positive
FB0002744,CUST004380,2024-04-09,3,The service is decent but the content library could use more variety in regional languages.,Neutral
FB0002745,CUST004380,2023-03-12,3,"Average experience overall, some months are better than others depending on new releases.",Neutral
FB0002746,CUST004380,2024-01-08,3,"It works fine most of the time, occasional buffering but nothing major to complain about.",Neutral
FB0002747,CUST004384,2026-05-30,4,The streaming quality has been excellent and the app feels much faster after the update.,Positive
FB0002748,CUST004385,2022-07-28,3,"It works fine most of the time, occasional buffering but nothing major to complain about.",Neutral
FB0002749,CUST004385,2025-09-19,3,The service is decent but the content library could use more variety in regional languages.,Neutral
FB0002750,CUST004386,2026-06-05,5,"Great value for the price, my whole family uses different profiles without any issues.",Positive
FB0002751,CUST004388,2025-10-10,5,Customer support resolved my issue quickly and the experience was smooth overall.,Positive
FB0002752,CUST004391,2024-12-24,3,"Average experience overall, some months are better than others depending on new releases.",Neutral
FB0002753,CUST004393,2024-11-15,3,"Average experience overall, some months are better than others depending on new releases.",Neutral
FB0002754,CUST004393,2025-08-16,5,"Really happy with the content library, discovered several great shows this month.",Positive
FB0002755,CUST004394,2025-12-27,3,"Average experience overall, some months are better than others depending on new releases.",Neutral
FB0002756,CUST004394,2024-05-01,3,The service is decent but the content library could use more variety in regional languages.,Neutral
FB0002757,CUST004395,2022-06-09,4,The streaming quality has been excellent and the app feels much faster after the update.,Positive
FB0002758,CUST004401,2026-05-11,5,"Great value for the price, my whole family uses different profiles without any issues.",Positive
FB0002759,CUST004401,2021-02-03,3,"It works fine most of the time, occasional buffering but nothing major to complain about.",Neutral
FB0002760,CUST004401,2023-02-23,3,The service is decent but the content library could use more variety in regional languages.,Neutral
FB0002761,CUST004403,2023-12-11,3,"It works fine most of the time, occasional buffering but nothing major to complain about.",Neutral
FB0002762,CUST004404,2026-02-26,4,"Really happy with the content library, discovered several great shows this month.",Positive
FB0002763,CUST004409,2020-07-14,4,"Really happy with the content library, discovered several great shows this month.",Positive
FB0002764,CUST004414,2024-10-30,2,Constant buffering issues during peak hours have made this frustrating to use lately.,Negative
FB0002765,CUST004423,2023-05-10,3,The service is decent but the content library could use more variety in regional languages.,Neutral
FB0002766,CUST004424,2025-08-07,5,"Great value for the price, my whole family uses different profiles without any issues.",Positive
FB0002767,CUST004430,2022-12-22,3,The service is decent but the content library could use more variety in regional languages.,Neutral
FB0002768,CUST004431,2026-05-19,5,"Great value for the price, my whole family uses different profiles without any issues.",Positive
FB0002769,CUST004432,2025-02-24,3,The service is decent but the content library could use more variety in regional languages.,Neutral
FB0002770,CUST004433,2025-10-20,3,"It works fine most of the time, occasional buffering but nothing major to complain about.",Neutral
FB0002771,CUST004442,2022-01-30,5,"Great value for the price, my whole family uses different profiles without any issues.",Positive
FB0002772,CUST004447,2021-02-03,4,The streaming quality has been excellent and the app feels much faster after the update.,Positive
FB0002773,CUST004449,2025-07-16,4,"Great value for the price, my whole family uses different profiles without any issues.",Positive
FB0002774,CUST004450,2024-11-13,5,The streaming quality has been excellent and the app feels much faster after the update.,Positive
FB0002775,CUST004454,2023-06-21,5,The streaming quality has been excellent and the app feels much faster after the update.,Positive
FB0002776,CUST004456,2026-05-17,1,"Customer support took too long to respond to my billing complaint, very disappointing experience.",Negative
FB0002777,CUST004456,2025-02-16,4,"Really happy with the content library, discovered several great shows this month.",Positive
FB0002778,CUST004456,2025-01-18,2,The app keeps crashing on my device and I have not been able to watch anything for days.,Negative
FB0002779,CUST004461,2024-08-13,1,The app keeps crashing on my device and I have not been able to watch anything for days.,Negative
FB0002780,CUST004461,2022-10-02,1,"Customer support took too long to respond to my billing complaint, very disappointing experience.",Negative
FB0002781,CUST004463,2023-11-10,5,"Really happy with the content library, discovered several great shows this month.",Positive
FB0002782,CUST004463,2023-11-13,5,"Really happy with the content library, discovered several great shows this month.",Positive
FB0002783,CUST004463,2022-11-08,3,"It works fine most of the time, occasional buffering but nothing major to complain about.",Neutral
FB0002784,CUST004464,2023-09-18,5,Customer support resolved my issue quickly and the experience was smooth overall.,Positive
FB0002785,CUST004464,2025-01-03,1,"Not enough new content being added, feels like I have already watched everything worth watching.",Negative
FB0002786,CUST004465,2025-12-06,2,"Not enough new content being added, feels like I have already watched everything worth watching.",Negative
FB0002787,CUST004466,2022-01-06,3,The service is decent but the content library could use more variety in regional languages.,Neutral
FB0002788,CUST004466,2025-03-25,4,The streaming quality has been excellent and the app feels much faster after the update.,Positive
FB0002789,CUST004471,2022-04-04,3,"It works fine most of the time, occasional buffering but nothing major to complain about.",Neutral
FB0002790,CUST004471,2025-10-03,3,"It works fine most of the time, occasional buffering but nothing major to complain about.",Neutral
FB0002791,CUST004472,2025-10-11,5,Customer support resolved my issue quickly and the experience was smooth overall.,Positive
FB0002792,CUST004472,2024-11-08,4,"Great value for the price, my whole family uses different profiles without any issues.",Positive
FB0002793,CUST004472,2024-04-08,4,The streaming quality has been excellent and the app feels much faster after the update.,Positive
FB0002794,CUST004474,2021-11-23,3,The service is decent but the content library could use more variety in regional languages.,Neutral
FB0002795,CUST004477,2026-04-11,1,The app keeps crashing on my device and I have not been able to watch anything for days.,Negative
FB0002796,CUST004478,2026-02-03,3,The service is decent but the content library could use more variety in regional languages.,Neutral
FB0002797,CUST004479,2025-12-09,3,"It works fine most of the time, occasional buffering but nothing major to complain about.",Neutral
FB0002798,CUST004479,2025-07-22,3,"It works fine most of the time, occasional buffering but nothing major to complain about.",Neutral
FB0002799,CUST004479,2023-10-16,5,"Great value for the price, my whole family uses different profiles without any issues.",Positive
FB0002800,CUST004479,2026-03-27,3,"Average experience overall, some months are better than others depending on new releases.",Neutral
FB0002801,CUST004480,2026-05-23,1,"Not enough new content being added, feels like I have already watched everything worth watching.",Negative
FB0002802,CUST004480,2026-06-20,1,"Not enough new content being added, feels like I have already watched everything worth watching.",Negative
FB0002803,CUST004481,2026-02-26,4,The streaming quality has been excellent and the app feels much faster after the update.,Positive
FB0002804,CUST004481,2026-03-29,4,The streaming quality has been excellent and the app feels much faster after the update.,Positive
FB0002805,CUST004481,2025-07-24,4,The streaming quality has been excellent and the app feels much faster after the update.,Positive
FB0002806,CUST004484,2024-08-17,1,"Not enough new content being added, feels like I have already watched everything worth watching.",Negative
FB0002807,CUST004485,2024-01-16,4,"Great value for the price, my whole family uses different profiles without any issues.",Positive
FB0002808,CUST004485,2025-05-22,5,The streaming quality has been excellent and the app feels much faster after the update.,Positive
FB0002809,CUST004496,2022-08-27,1,"Customer support took too long to respond to my billing complaint, very disappointing experience.",Negative
FB0002810,CUST004498,2025-10-25,3,The service is decent but the content library could use more variety in regional languages.,Neutral
FB0002811,CUST004498,2026-04-07,1,"Not enough new content being added, feels like I have already watched everything worth watching.",Negative
FB0002812,CUST004499,2023-01-24,2,"Customer support took too long to respond to my billing complaint, very disappointing experience.",Negative
FB0002813,CUST004499,2022-04-07,4,"Love the recommendation engine, it keeps suggesting shows I actually end up enjoying.",Positive
FB0002814,CUST004501,2022-03-12,5,"Great value for the price, my whole family uses different profiles without any issues.",Positive
FB0002815,CUST004503,2026-01-07,4,The streaming quality has been excellent and the app feels much faster after the update.,Positive
FB0002816,CUST004504,2022-01-05,3,"It works fine most of the time, occasional buffering but nothing major to complain about.",Neutral
FB0002817,CUST004504,2022-08-29,3,The service is decent but the content library could use more variety in regional languages.,Neutral
FB0002818,CUST004505,2023-11-01,4,The streaming quality has been excellent and the app feels much faster after the update.,Positive
FB0002819,CUST004506,2026-03-04,1,The app keeps crashing on my device and I have not been able to watch anything for days.,Negative
FB0002820,CUST004509,2026-02-03,3,The service is decent but the content library could use more variety in regional languages.,Neutral
FB0002821,CUST004510,2025-12-16,2,"Not enough new content being added, feels like I have already watched everything worth watching.",Negative
FB0002822,CUST004510,2025-08-16,3,The service is decent but the content library could use more variety in regional languages.,Neutral
FB0002823,CUST004512,2025-07-01,3,"It works fine most of the time, occasional buffering but nothing major to complain about.",Neutral
FB0002824,CUST004519,2026-05-23,3,"It works fine most of the time, occasional buffering but nothing major to complain about.",Neutral
FB0002825,CUST004522,2026-03-31,3,"Average experience overall, some months are better than others depending on new releases.",Neutral
FB0002826,CUST004524,2025-10-26,3,"It works fine most of the time, occasional buffering but nothing major to complain about.",Neutral
FB0002827,CUST004524,2025-10-12,3,The service is decent but the content library could use more variety in regional languages.,Neutral
FB0002828,CUST004526,2022-07-27,4,"Love the recommendation engine, it keeps suggesting shows I actually end up enjoying.",Positive
FB0002829,CUST004528,2025-07-25,5,"Really happy with the content library, discovered several great shows this month.",Positive
FB0002830,CUST004529,2020-04-27,3,The service is decent but the content library could use more variety in regional languages.,Neutral
FB0002831,CUST004530,2025-02-06,5,"Great value for the price, my whole family uses different profiles without any issues.",Positive
FB0002832,CUST004530,2026-05-21,1,The app keeps crashing on my device and I have not been able to watch anything for days.,Negative
FB0002833,CUST004531,2021-02-23,3,"Average experience overall, some months are better than others depending on new releases.",Neutral
FB0002834,CUST004531,2025-01-23,1,Constant buffering issues during peak hours have made this frustrating to use lately.,Negative
FB0002835,CUST004531,2021-08-27,2,Constant buffering issues during peak hours have made this frustrating to use lately.,Negative
FB0002836,CUST004535,2023-01-04,3,"Average experience overall, some months are better than others depending on new releases.",Neutral
FB0002837,CUST004537,2023-01-31,3,The service is decent but the content library could use more variety in regional languages.,Neutral
FB0002838,CUST004538,2023-12-18,2,The app keeps crashing on my device and I have not been able to watch anything for days.,Negative
FB0002839,CUST004538,2023-11-10,2,"Not enough new content being added, feels like I have already watched everything worth watching.",Negative
FB0002840,CUST004540,2025-07-24,1,Cancelled my plan because the price increase was not worth the content available right now.,Negative
FB0002841,CUST004540,2025-11-04,4,"Great value for the price, my whole family uses different profiles without any issues.",Positive
FB0002842,CUST004545,2021-07-08,2,Cancelled my plan because the price increase was not worth the content available right now.,Negative
FB0002843,CUST004548,2025-01-26,4,Customer support resolved my issue quickly and the experience was smooth overall.,Positive
FB0002844,CUST004548,2025-12-07,4,The streaming quality has been excellent and the app feels much faster after the update.,Positive
FB0002845,CUST004550,2024-06-12,3,"Average experience overall, some months are better than others depending on new releases.",Neutral
FB0002846,CUST004552,2024-01-06,1,The app keeps crashing on my device and I have not been able to watch anything for days.,Negative
FB0002847,CUST004554,2025-12-17,5,Customer support resolved my issue quickly and the experience was smooth overall.,Positive
FB0002848,CUST004554,2025-03-29,4,The streaming quality has been excellent and the app feels much faster after the update.,Positive
FB0002849,CUST004559,2026-04-30,4,Customer support resolved my issue quickly and the experience was smooth overall.,Negative
FB0002850,CUST004560,2026-05-08,4,The streaming quality has been excellent and the app feels much faster after the update.,Positive
FB0002851,CUST004560,2025-10-28,3,"Average experience overall, some months are better than others depending on new releases.",Neutral
FB0002852,CUST004561,2024-07-17,1,The app keeps crashing on my device and I have not been able to watch anything for days.,Negative
FB0002853,CUST004564,2024-06-14,3,"Average experience overall, some months are better than others depending on new releases.",Neutral
FB0002854,CUST004565,2026-01-29,3,The service is decent but the content library could use more variety in regional languages.,Neutral
FB0002855,CUST004566,2025-04-16,3,The service is decent but the content library could use more variety in regional languages.,Neutral
FB0002856,CUST004567,2023-08-17,4,The streaming quality has been excellent and the app feels much faster after the update.,Positive
FB0002857,CUST004568,2025-11-13,4,"Love the recommendation engine, it keeps suggesting shows I actually end up enjoying.",Positive
FB0002858,CUST004569,2026-01-07,3,"It works fine most of the time, occasional buffering but nothing major to complain about.",Neutral
FB0002859,CUST004571,2026-02-01,4,Customer support resolved my issue quickly and the experience was smooth overall.,Positive
FB0002860,CUST004572,2024-04-04,3,The service is decent but the content library could use more variety in regional languages.,Neutral
FB0002861,CUST004583,2026-05-22,3,"Average experience overall, some months are better than others depending on new releases.",Neutral
FB0002862,CUST004584,2026-06-10,4,"Really happy with the content library, discovered several great shows this month.",Positive
FB0002863,CUST004584,2025-04-22,3,"Average experience overall, some months are better than others depending on new releases.",Neutral
FB0002864,CUST004584,2026-05-17,3,"It works fine most of the time, occasional buffering but nothing major to complain about.",Neutral
FB0002865,CUST004587,2024-06-11,2,Constant buffering issues during peak hours have made this frustrating to use lately.,Negative
FB0002866,CUST004588,2024-10-15,3,The service is decent but the content library could use more variety in regional languages.,Neutral
FB0002867,CUST004588,2026-04-07,2,"Not enough new content being added, feels like I have already watched everything worth watching.",Negative
FB0002868,CUST004589,2025-09-19,3,The service is decent but the content library could use more variety in regional languages.,Negative
FB0002869,CUST004592,2022-12-06,3,The service is decent but the content library could use more variety in regional languages.,Neutral
FB0002870,CUST004595,2025-05-25,4,"Great value for the price, my whole family uses different profiles without any issues.",Positive
FB0002871,CUST004596,2025-09-02,3,"It works fine most of the time, occasional buffering but nothing major to complain about.",Neutral
FB0002872,CUST004597,2026-03-11,3,The service is decent but the content library could use more variety in regional languages.,Neutral
FB0002873,CUST004597,2024-12-18,4,"Great value for the price, my whole family uses different profiles without any issues.",Positive
FB0002874,CUST004602,2023-06-11,5,"Really happy with the content library, discovered several great shows this month.",Positive
FB0002875,CUST004603,2024-08-17,5,"Great value for the price, my whole family uses different profiles without any issues.",Positive
FB0002876,CUST004606,2022-10-19,4,"Really happy with the content library, discovered several great shows this month.",Positive
FB0002877,CUST004612,2026-04-06,2,The app keeps crashing on my device and I have not been able to watch anything for days.,Negative
FB0002878,CUST004612,2026-05-09,3,"Average experience overall, some months are better than others depending on new releases.",Positive
FB0002879,CUST004612,2026-02-24,3,The service is decent but the content library could use more variety in regional languages.,Neutral
FB0002880,CUST004615,2021-06-22,2,Constant buffering issues during peak hours have made this frustrating to use lately.,Negative
FB0002881,CUST004617,2020-05-11,4,"Great value for the price, my whole family uses different profiles without any issues.",Positive
FB0002882,CUST004620,2025-11-21,4,Customer support resolved my issue quickly and the experience was smooth overall.,Positive
FB0002883,CUST004622,2025-07-08,5,"Love the recommendation engine, it keeps suggesting shows I actually end up enjoying.",Positive
FB0002884,CUST004624,2025-01-10,2,"Customer support took too long to respond to my billing complaint, very disappointing experience.",Negative
FB0002885,CUST004629,2025-12-12,3,The service is decent but the content library could use more variety in regional languages.,Neutral
FB0002886,CUST004630,2026-04-04,2,Constant buffering issues during peak hours have made this frustrating to use lately.,Negative
FB0002887,CUST004631,2026-06-25,1,"Not enough new content being added, feels like I have already watched everything worth watching.",Negative
FB0002888,CUST004633,2026-02-19,3,The service is decent but the content library could use more variety in regional languages.,Neutral
FB0002889,CUST004633,2023-08-03,3,"Average experience overall, some months are better than others depending on new releases.",Neutral
FB0002890,CUST004633,2025-02-18,4,The streaming quality has been excellent and the app feels much faster after the update.,Positive
FB0002891,CUST004638,2025-03-12,3,The service is decent but the content library could use more variety in regional languages.,Neutral
FB0002892,CUST004638,2025-09-10,2,Constant buffering issues during peak hours have made this frustrating to use lately.,Negative
FB0002893,CUST004639,2019-03-20,3,"It works fine most of the time, occasional buffering but nothing major to complain about.",Neutral
FB0002894,CUST004643,2024-09-08,1,Constant buffering issues during peak hours have made this frustrating to use lately.,Negative
FB0002895,CUST004647,2025-11-04,3,"Average experience overall, some months are better than others depending on new releases.",Neutral
FB0002896,CUST004647,2026-05-01,3,"Average experience overall, some months are better than others depending on new releases.",Neutral
FB0002897,CUST004649,2024-07-03,4,"Great value for the price, my whole family uses different profiles without any issues.",Positive
FB0002898,CUST004650,2020-09-20,1,"Not enough new content being added, feels like I have already watched everything worth watching.",Negative
FB0002899,CUST004651,2026-03-22,3,The service is decent but the content library could use more variety in regional languages.,Neutral
FB0002900,CUST004653,2020-05-26,5,"Love the recommendation engine, it keeps suggesting shows I actually end up enjoying.",Positive
FB0002901,CUST004658,2026-06-04,4,The streaming quality has been excellent and the app feels much faster after the update.,Positive
FB0002902,CUST004659,2022-07-06,4,"Really happy with the content library, discovered several great shows this month.",Positive
FB0002903,CUST004660,2026-01-27,2,"Customer support took too long to respond to my billing complaint, very disappointing experience.",Negative
FB0002904,CUST004663,2022-10-08,3,"It works fine most of the time, occasional buffering but nothing major to complain about.",Negative
FB0002905,CUST004666,2025-10-01,4,"Love the recommendation engine, it keeps suggesting shows I actually end up enjoying.",Positive
FB0002906,CUST004669,2024-12-23,3,"Average experience overall, some months are better than others depending on new releases.",Neutral
FB0002907,CUST004669,2024-12-06,4,"Really happy with the content library, discovered several great shows this month.",Positive
FB0002908,CUST004671,2021-09-24,3,"Average experience overall, some months are better than others depending on new releases.",Neutral
FB0002909,CUST004674,2025-10-16,3,"Average experience overall, some months are better than others depending on new releases.",Positive
FB0002910,CUST004674,2023-10-20,4,"Love the recommendation engine, it keeps suggesting shows I actually end up enjoying.",Positive
FB0002911,CUST004675,2024-05-27,3,The service is decent but the content library could use more variety in regional languages.,Neutral
FB0002912,CUST004675,2023-01-16,5,"Really happy with the content library, discovered several great shows this month.",Positive
FB0002913,CUST004677,2025-06-14,4,Customer support resolved my issue quickly and the experience was smooth overall.,Positive
FB0002914,CUST004685,2025-06-23,5,"Really happy with the content library, discovered several great shows this month.",Positive
FB0002915,CUST004686,2025-12-17,5,"Love the recommendation engine, it keeps suggesting shows I actually end up enjoying.",Positive
FB0002916,CUST004689,2026-02-10,2,"Not enough new content being added, feels like I have already watched everything worth watching.",Positive
FB0002917,CUST004691,2026-03-11,4,"Really happy with the content library, discovered several great shows this month.",Positive
FB0002918,CUST004693,2026-01-06,1,The app keeps crashing on my device and I have not been able to watch anything for days.,Negative
FB0002919,CUST004694,2025-03-07,2,"Customer support took too long to respond to my billing complaint, very disappointing experience.",Negative
FB0002920,CUST004695,2025-02-09,5,"Great value for the price, my whole family uses different profiles without any issues.",Positive
FB0002921,CUST004696,2026-02-12,2,The app keeps crashing on my device and I have not been able to watch anything for days.,Negative
FB0002922,CUST004696,2025-12-05,5,Customer support resolved my issue quickly and the experience was smooth overall.,Positive
FB0002923,CUST004698,2025-03-01,5,"Love the recommendation engine, it keeps suggesting shows I actually end up enjoying.",Positive
FB0002924,CUST004700,2023-02-28,5,"Love the recommendation engine, it keeps suggesting shows I actually end up enjoying.",Positive
FB0002925,CUST004701,2025-12-04,2,"Customer support took too long to respond to my billing complaint, very disappointing experience.",Negative
FB0002926,CUST004701,2026-05-20,4,The streaming quality has been excellent and the app feels much faster after the update.,Positive
FB0002927,CUST004713,2024-05-27,5,"Really happy with the content library, discovered several great shows this month.",Positive
FB0002928,CUST004713,2025-04-11,5,Customer support resolved my issue quickly and the experience was smooth overall.,Positive
FB0002929,CUST004715,2021-12-07,5,"Love the recommendation engine, it keeps suggesting shows I actually end up enjoying.",Negative
FB0002930,CUST004717,2023-08-25,4,The streaming quality has been excellent and the app feels much faster after the update.,Positive
FB0002931,CUST004718,2025-06-03,4,Customer support resolved my issue quickly and the experience was smooth overall.,Positive
FB0002932,CUST004720,2026-06-02,3,The service is decent but the content library could use more variety in regional languages.,Neutral
FB0002933,CUST004721,2026-02-23,3,"It works fine most of the time, occasional buffering but nothing major to complain about.",Neutral
FB0002934,CUST004721,2024-03-03,3,"It works fine most of the time, occasional buffering but nothing major to complain about.",Neutral
FB0002935,CUST004723,2025-09-29,2,The app keeps crashing on my device and I have not been able to watch anything for days.,Positive
FB0002936,CUST004725,2023-04-20,1,Constant buffering issues during peak hours have made this frustrating to use lately.,Negative
FB0002937,CUST004728,2026-03-02,1,Cancelled my plan because the price increase was not worth the content available right now.,Negative
FB0002938,CUST004729,2025-08-09,1,The app keeps crashing on my device and I have not been able to watch anything for days.,Negative
FB0002939,CUST004732,2024-06-03,1,"Customer support took too long to respond to my billing complaint, very disappointing experience.",Negative
FB0002940,CUST004733,2025-07-26,3,"It works fine most of the time, occasional buffering but nothing major to complain about.",Neutral
FB0002941,CUST004733,2024-06-24,5,"Really happy with the content library, discovered several great shows this month.",Positive
FB0002942,CUST004734,2025-08-30,3,The service is decent but the content library could use more variety in regional languages.,Neutral
FB0002943,CUST004737,2021-04-09,5,"Love the recommendation engine, it keeps suggesting shows I actually end up enjoying.",Positive
FB0002944,CUST004737,2024-02-29,4,"Great value for the price, my whole family uses different profiles without any issues.",Positive
FB0002945,CUST004738,2026-03-15,4,Customer support resolved my issue quickly and the experience was smooth overall.,Positive
FB0002946,CUST004741,2022-02-07,5,Customer support resolved my issue quickly and the experience was smooth overall.,Positive
FB0002947,CUST004742,2026-06-11,4,"Great value for the price, my whole family uses different profiles without any issues.",Positive
FB0002948,CUST004743,2024-01-03,1,The app keeps crashing on my device and I have not been able to watch anything for days.,Negative
FB0002949,CUST004746,2023-07-13,3,"Average experience overall, some months are better than others depending on new releases.",Neutral
FB0002950,CUST004747,2021-07-29,1,The app keeps crashing on my device and I have not been able to watch anything for days.,Negative
FB0002951,CUST004747,2024-01-22,4,"Love the recommendation engine, it keeps suggesting shows I actually end up enjoying.",Positive
FB0002952,CUST004747,2021-12-10,2,"Customer support took too long to respond to my billing complaint, very disappointing experience.",Negative
FB0002953,CUST004749,2025-09-20,3,The service is decent but the content library could use more variety in regional languages.,Neutral
FB0002954,CUST004750,2026-06-20,5,Customer support resolved my issue quickly and the experience was smooth overall.,Positive
FB0002955,CUST004751,2026-05-13,5,The streaming quality has been excellent and the app feels much faster after the update.,Positive
FB0002956,CUST004751,2025-10-07,3,"It works fine most of the time, occasional buffering but nothing major to complain about.",Neutral
FB0002957,CUST004752,2023-10-04,5,"Love the recommendation engine, it keeps suggesting shows I actually end up enjoying.",Positive
FB0002958,CUST004754,2026-06-01,1,"Customer support took too long to respond to my billing complaint, very disappointing experience.",Negative
FB0002959,CUST004755,2024-11-26,4,The streaming quality has been excellent and the app feels much faster after the update.,Positive
FB0002960,CUST004755,2025-02-10,5,"Really happy with the content library, discovered several great shows this month.",Positive
FB0002961,CUST004755,2021-02-25,4,"Love the recommendation engine, it keeps suggesting shows I actually end up enjoying.",Positive
FB0002962,CUST004757,2026-03-26,2,"Not enough new content being added, feels like I have already watched everything worth watching.",Negative
FB0002963,CUST004757,2025-01-09,5,The streaming quality has been excellent and the app feels much faster after the update.,Positive
FB0002964,CUST004768,2026-05-28,4,The streaming quality has been excellent and the app feels much faster after the update.,Positive
FB0002965,CUST004768,2025-08-22,3,"It works fine most of the time, occasional buffering but nothing major to complain about.",Neutral
FB0002966,CUST004770,2022-04-26,2,Constant buffering issues during peak hours have made this frustrating to use lately.,Neutral
FB0002967,CUST004771,2023-11-06,2,"Customer support took too long to respond to my billing complaint, very disappointing experience.",Negative
FB0002968,CUST004772,2025-06-16,3,"It works fine most of the time, occasional buffering but nothing major to complain about.",Neutral
FB0002969,CUST004772,2022-09-26,5,"Love the recommendation engine, it keeps suggesting shows I actually end up enjoying.",Positive
FB0002970,CUST004772,2021-11-13,3,"Average experience overall, some months are better than others depending on new releases.",Neutral
FB0002971,CUST004773,2025-02-22,3,"It works fine most of the time, occasional buffering but nothing major to complain about.",Positive
FB0002972,CUST004773,2026-05-12,3,"It works fine most of the time, occasional buffering but nothing major to complain about.",Neutral
FB0002973,CUST004773,2022-02-16,2,"Customer support took too long to respond to my billing complaint, very disappointing experience.",Negative
FB0002974,CUST004774,2022-07-08,2,Cancelled my plan because the price increase was not worth the content available right now.,Negative
FB0002975,CUST004774,2022-04-25,3,"It works fine most of the time, occasional buffering but nothing major to complain about.",Neutral
FB0002976,CUST004775,2023-02-15,3,The service is decent but the content library could use more variety in regional languages.,Neutral
FB0002977,CUST004775,2023-10-26,3,The service is decent but the content library could use more variety in regional languages.,Neutral
FB0002978,CUST004779,2024-01-12,1,The app keeps crashing on my device and I have not been able to watch anything for days.,Negative
FB0002979,CUST004780,2026-01-03,3,"It works fine most of the time, occasional buffering but nothing major to complain about.",Neutral
FB0002980,CUST004782,2023-12-04,4,"Great value for the price, my whole family uses different profiles without any issues.",Positive
FB0002981,CUST004782,2023-12-16,2,The app keeps crashing on my device and I have not been able to watch anything for days.,Negative
FB0002982,CUST004783,2025-05-06,5,The streaming quality has been excellent and the app feels much faster after the update.,Positive
FB0002983,CUST004784,2025-10-05,5,Customer support resolved my issue quickly and the experience was smooth overall.,Positive
FB0002984,CUST004784,2023-05-02,4,The streaming quality has been excellent and the app feels much faster after the update.,Positive
FB0002985,CUST004788,2020-06-03,3,"It works fine most of the time, occasional buffering but nothing major to complain about.",Neutral
FB0002986,CUST004790,2024-07-27,3,"Average experience overall, some months are better than others depending on new releases.",Neutral
FB0002987,CUST004794,2026-03-22,5,"Really happy with the content library, discovered several great shows this month.",Positive
FB0002988,CUST004795,2025-06-15,3,"It works fine most of the time, occasional buffering but nothing major to complain about.",Neutral
FB0002989,CUST004796,2025-02-01,3,"It works fine most of the time, occasional buffering but nothing major to complain about.",Neutral
FB0002990,CUST004797,2024-09-26,3,"Average experience overall, some months are better than others depending on new releases.",Neutral
FB0002991,CUST004798,2021-05-06,4,"Love the recommendation engine, it keeps suggesting shows I actually end up enjoying.",Positive
FB0002992,CUST004798,2022-08-02,3,The service is decent but the content library could use more variety in regional languages.,Neutral
FB0002993,CUST004799,2024-01-07,1,"Not enough new content being added, feels like I have already watched everything worth watching.",Negative
FB0002994,CUST004799,2024-05-27,3,"It works fine most of the time, occasional buffering but nothing major to complain about.",Neutral
FB0002995,CUST004801,2026-04-04,1,Constant buffering issues during peak hours have made this frustrating to use lately.,Negative
FB0002996,CUST004802,2025-08-29,1,The app keeps crashing on my device and I have not been able to watch anything for days.,Negative
FB0002997,CUST004805,2025-11-17,1,"Not enough new content being added, feels like I have already watched everything worth watching.",Negative
FB0002998,CUST004805,2025-06-10,3,"It works fine most of the time, occasional buffering but nothing major to complain about.",Neutral
FB0002999,CUST004805,2026-06-19,2,"Not enough new content being added, feels like I have already watched everything worth watching.",Negative
FB0003000,CUST004806,2026-02-13,5,The streaming quality has been excellent and the app feels much faster after the update.,Positive
FB0003001,CUST004806,2022-06-09,3,"It works fine most of the time, occasional buffering but nothing major to complain about.",Neutral
FB0003002,CUST004810,2026-03-27,5,Customer support resolved my issue quickly and the experience was smooth overall.,Positive
FB0003003,CUST004815,2025-03-27,1,Cancelled my plan because the price increase was not worth the content available right now.,Negative
FB0003004,CUST004817,2026-01-29,1,Cancelled my plan because the price increase was not worth the content available right now.,Negative
FB0003005,CUST004819,2025-12-18,2,Cancelled my plan because the price increase was not worth the content available right now.,Negative
FB0003006,CUST004819,2026-05-06,3,The service is decent but the content library could use more variety in regional languages.,Neutral
FB0003007,CUST004819,2026-06-08,5,Customer support resolved my issue quickly and the experience was smooth overall.,Positive
FB0003008,CUST004822,2025-05-08,4,"Great value for the price, my whole family uses different profiles without any issues.",Positive
FB0003009,CUST004824,2021-02-19,3,The service is decent but the content library could use more variety in regional languages.,Neutral
FB0003010,CUST004824,2021-08-13,4,Customer support resolved my issue quickly and the experience was smooth overall.,Positive
FB0003011,CUST004825,2021-05-05,4,Customer support resolved my issue quickly and the experience was smooth overall.,Positive
FB0003012,CUST004825,2022-12-19,3,"It works fine most of the time, occasional buffering but nothing major to complain about.",Neutral
FB0003013,CUST004827,2021-10-31,4,The streaming quality has been excellent and the app feels much faster after the update.,Positive
FB0003014,CUST004827,2022-08-07,2,"Customer support took too long to respond to my billing complaint, very disappointing experience.",Negative
FB0003015,CUST004829,2021-03-18,3,"It works fine most of the time, occasional buffering but nothing major to complain about.",Neutral
FB0003016,CUST004831,2024-02-21,4,"Great value for the price, my whole family uses different profiles without any issues.",Positive
FB0003017,CUST004832,2025-10-12,5,"Great value for the price, my whole family uses different profiles without any issues.",Positive
FB0003018,CUST004833,2025-10-24,3,"Average experience overall, some months are better than others depending on new releases.",Neutral
FB0003019,CUST004834,2022-04-12,2,The app keeps crashing on my device and I have not been able to watch anything for days.,Negative
FB0003020,CUST004835,2025-02-16,3,The service is decent but the content library could use more variety in regional languages.,Neutral
FB0003021,CUST004836,2026-04-30,5,"Love the recommendation engine, it keeps suggesting shows I actually end up enjoying.",Positive
FB0003022,CUST004839,2024-01-04,3,"Average experience overall, some months are better than others depending on new releases.",Neutral
FB0003023,CUST004839,2023-01-01,3,"It works fine most of the time, occasional buffering but nothing major to complain about.",Neutral
FB0003024,CUST004839,2023-11-23,4,"Really happy with the content library, discovered several great shows this month.",Positive
FB0003025,CUST004840,2026-02-01,3,"Average experience overall, some months are better than others depending on new releases.",Neutral
FB0003026,CUST004842,2022-08-13,4,The streaming quality has been excellent and the app feels much faster after the update.,Positive
FB0003027,CUST004842,2026-04-22,3,"It works fine most of the time, occasional buffering but nothing major to complain about.",Neutral
FB0003028,CUST004842,2024-03-17,3,"Average experience overall, some months are better than others depending on new releases.",Neutral
FB0003029,CUST004844,2026-02-17,4,"Really happy with the content library, discovered several great shows this month.",Positive
FB0003030,CUST004845,2025-10-14,2,"Not enough new content being added, feels like I have already watched everything worth watching.",Negative
FB0003031,CUST004847,2024-02-11,1,The app keeps crashing on my device and I have not been able to watch anything for days.,Negative
FB0003032,CUST004852,2025-12-11,3,"It works fine most of the time, occasional buffering but nothing major to complain about.",Neutral
FB0003033,CUST004853,2024-12-02,3,"Average experience overall, some months are better than others depending on new releases.",Neutral
FB0003034,CUST004853,2025-03-07,3,"Average experience overall, some months are better than others depending on new releases.",Neutral
FB0003035,CUST004859,2023-10-22,3,"Average experience overall, some months are better than others depending on new releases.",Neutral
FB0003036,CUST004860,2025-08-23,2,"Customer support took too long to respond to my billing complaint, very disappointing experience.",Negative
FB0003037,CUST004861,2025-03-06,4,"Really happy with the content library, discovered several great shows this month.",Positive
FB0003038,CUST004861,2026-04-03,3,"Average experience overall, some months are better than others depending on new releases.",Neutral
FB0003039,CUST004863,2025-08-04,4,The streaming quality has been excellent and the app feels much faster after the update.,Neutral
FB0003040,CUST004863,2025-10-12,4,"Love the recommendation engine, it keeps suggesting shows I actually end up enjoying.",Positive
FB0003041,CUST004864,2022-07-13,1,"Customer support took too long to respond to my billing complaint, very disappointing experience.",Negative
FB0003042,CUST004867,2025-02-15,3,The service is decent but the content library could use more variety in regional languages.,Neutral
FB0003043,CUST004869,2026-01-12,3,The service is decent but the content library could use more variety in regional languages.,Neutral
FB0003044,CUST004870,2025-04-11,1,Constant buffering issues during peak hours have made this frustrating to use lately.,Negative
FB0003045,CUST004870,2024-06-16,3,"Average experience overall, some months are better than others depending on new releases.",Neutral
FB0003046,CUST004871,2023-11-05,3,The service is decent but the content library could use more variety in regional languages.,Neutral
FB0003047,CUST004871,2023-07-02,1,The app keeps crashing on my device and I have not been able to watch anything for days.,Negative
FB0003048,CUST004873,2026-03-10,1,The app keeps crashing on my device and I have not been able to watch anything for days.,Negative
FB0003049,CUST004875,2025-12-19,5,"Really happy with the content library, discovered several great shows this month.",Positive
FB0003050,CUST004879,2022-06-16,5,The streaming quality has been excellent and the app feels much faster after the update.,Positive
FB0003051,CUST004879,2023-02-04,4,Customer support resolved my issue quickly and the experience was smooth overall.,Positive
FB0003052,CUST004880,2026-05-27,3,"It works fine most of the time, occasional buffering but nothing major to complain about.",Neutral
FB0003053,CUST004887,2025-08-15,2,The app keeps crashing on my device and I have not been able to watch anything for days.,Negative
FB0003054,CUST004888,2023-01-14,5,Customer support resolved my issue quickly and the experience was smooth overall.,Positive
FB0003055,CUST004889,2025-11-07,2,The app keeps crashing on my device and I have not been able to watch anything for days.,Negative
FB0003056,CUST004889,2026-06-30,2,"Customer support took too long to respond to my billing complaint, very disappointing experience.",Negative
FB0003057,CUST004891,2022-10-18,3,"Average experience overall, some months are better than others depending on new releases.",Neutral
FB0003058,CUST004892,2020-05-05,2,"Customer support took too long to respond to my billing complaint, very disappointing experience.",Negative
FB0003059,CUST004893,2024-03-08,4,"Love the recommendation engine, it keeps suggesting shows I actually end up enjoying.",Positive
FB0003060,CUST004893,2024-01-17,3,"It works fine most of the time, occasional buffering but nothing major to complain about.",Neutral
FB0003061,CUST004893,2024-01-06,2,Constant buffering issues during peak hours have made this frustrating to use lately.,Negative
FB0003062,CUST004896,2025-02-26,3,The service is decent but the content library could use more variety in regional languages.,Neutral
FB0003063,CUST004896,2026-02-21,5,"Love the recommendation engine, it keeps suggesting shows I actually end up enjoying.",Positive
FB0003064,CUST004897,2025-09-21,1,"Not enough new content being added, feels like I have already watched everything worth watching.",Negative
FB0003065,CUST004897,2024-01-15,5,"Great value for the price, my whole family uses different profiles without any issues.",Positive
FB0003066,CUST004898,2021-04-21,1,The app keeps crashing on my device and I have not been able to watch anything for days.,Negative
FB0003067,CUST004902,2023-11-10,5,"Great value for the price, my whole family uses different profiles without any issues.",Positive
FB0003068,CUST004903,2025-05-25,3,"It works fine most of the time, occasional buffering but nothing major to complain about.",Neutral
FB0003069,CUST004903,2024-12-06,2,Constant buffering issues during peak hours have made this frustrating to use lately.,Negative
FB0003070,CUST004904,2021-09-18,4,"Love the recommendation engine, it keeps suggesting shows I actually end up enjoying.",Positive
FB0003071,CUST004907,2024-10-08,1,"Not enough new content being added, feels like I have already watched everything worth watching.",Negative
FB0003072,CUST004909,2024-02-16,3,The service is decent but the content library could use more variety in regional languages.,Neutral
FB0003073,CUST004909,2026-04-25,3,"Average experience overall, some months are better than others depending on new releases.",Neutral
FB0003074,CUST004910,2023-03-23,3,The service is decent but the content library could use more variety in regional languages.,Neutral
FB0003075,CUST004911,2025-04-10,3,The service is decent but the content library could use more variety in regional languages.,Neutral
FB0003076,CUST004911,2025-07-25,4,The streaming quality has been excellent and the app feels much faster after the update.,Positive
FB0003077,CUST004912,2026-06-04,5,Customer support resolved my issue quickly and the experience was smooth overall.,Positive
FB0003078,CUST004916,2022-06-07,2,"Customer support took too long to respond to my billing complaint, very disappointing experience.",Negative
FB0003079,CUST004917,2021-09-21,3,"It works fine most of the time, occasional buffering but nothing major to complain about.",Neutral
FB0003080,CUST004919,2025-02-03,3,"Average experience overall, some months are better than others depending on new releases.",Neutral
FB0003081,CUST004920,2025-11-17,3,The service is decent but the content library could use more variety in regional languages.,Neutral
FB0003082,CUST004922,2026-06-16,3,The service is decent but the content library could use more variety in regional languages.,Neutral
FB0003083,CUST004922,2026-02-28,4,"Really happy with the content library, discovered several great shows this month.",Positive
FB0003084,CUST004923,2025-07-24,5,"Really happy with the content library, discovered several great shows this month.",Positive
FB0003085,CUST004924,2024-03-17,3,The service is decent but the content library could use more variety in regional languages.,Neutral
FB0003086,CUST004925,2025-02-25,2,"Customer support took too long to respond to my billing complaint, very disappointing experience.",Negative
FB0003087,CUST004926,2023-06-20,3,"It works fine most of the time, occasional buffering but nothing major to complain about.",Neutral
FB0003088,CUST004927,2025-12-26,2,Cancelled my plan because the price increase was not worth the content available right now.,Negative
FB0003089,CUST004927,2026-05-04,5,The streaming quality has been excellent and the app feels much faster after the update.,Positive
FB0003090,CUST004927,2026-04-21,5,"Love the recommendation engine, it keeps suggesting shows I actually end up enjoying.",Positive
FB0003091,CUST004930,2022-12-02,2,"Customer support took too long to respond to my billing complaint, very disappointing experience.",Negative
FB0003092,CUST004934,2024-01-19,5,The streaming quality has been excellent and the app feels much faster after the update.,Positive
FB0003093,CUST004936,2025-08-02,2,Cancelled my plan because the price increase was not worth the content available right now.,Negative
FB0003094,CUST004937,2025-07-05,1,"Not enough new content being added, feels like I have already watched everything worth watching.",Negative
FB0003095,CUST004937,2026-06-18,4,The streaming quality has been excellent and the app feels much faster after the update.,Positive
FB0003096,CUST004940,2024-10-30,2,"Not enough new content being added, feels like I have already watched everything worth watching.",Negative
FB0003097,CUST004941,2026-06-16,2,"Not enough new content being added, feels like I have already watched everything worth watching.",Negative
FB0003098,CUST004945,2024-01-31,5,Customer support resolved my issue quickly and the experience was smooth overall.,Positive
FB0003099,CUST004946,2026-01-25,4,Customer support resolved my issue quickly and the experience was smooth overall.,Positive
FB0003100,CUST004946,2026-04-25,3,The service is decent but the content library could use more variety in regional languages.,Negative
FB0003101,CUST004946,2024-05-20,5,The streaming quality has been excellent and the app feels much faster after the update.,Positive
FB0003102,CUST004948,2023-06-18,5,The streaming quality has been excellent and the app feels much faster after the update.,Positive
FB0003103,CUST004949,2025-02-12,3,"It works fine most of the time, occasional buffering but nothing major to complain about.",Neutral
FB0003104,CUST004949,2025-08-01,1,The app keeps crashing on my device and I have not been able to watch anything for days.,Negative
FB0003105,CUST004951,2025-11-13,3,"Average experience overall, some months are better than others depending on new releases.",Neutral
FB0003106,CUST004951,2021-10-28,3,"Average experience overall, some months are better than others depending on new releases.",Neutral
FB0003107,CUST004951,2023-05-03,5,The streaming quality has been excellent and the app feels much faster after the update.,Positive
FB0003108,CUST004952,2024-05-28,3,"Average experience overall, some months are better than others depending on new releases.",Neutral
FB0003109,CUST004953,2021-03-13,4,"Great value for the price, my whole family uses different profiles without any issues.",Positive
FB0003110,CUST004953,2021-08-11,5,"Really happy with the content library, discovered several great shows this month.",Positive
FB0003111,CUST004955,2025-12-24,4,Customer support resolved my issue quickly and the experience was smooth overall.,Positive
FB0003112,CUST004955,2026-04-22,5,"Great value for the price, my whole family uses different profiles without any issues.",Positive
FB0003113,CUST004958,2023-12-13,1,The app keeps crashing on my device and I have not been able to watch anything for days.,Negative
FB0003114,CUST004958,2025-05-20,3,"It works fine most of the time, occasional buffering but nothing major to complain about.",Neutral
FB0003115,CUST004959,2025-12-22,3,"Average experience overall, some months are better than others depending on new releases.",Neutral
FB0003116,CUST004964,2025-12-07,1,"Customer support took too long to respond to my billing complaint, very disappointing experience.",Negative
FB0003117,CUST004970,2025-09-16,5,"Great value for the price, my whole family uses different profiles without any issues.",Positive
FB0003118,CUST004972,2026-05-12,3,"Average experience overall, some months are better than others depending on new releases.",Neutral
FB0003119,CUST004973,2019-07-31,3,The service is decent but the content library could use more variety in regional languages.,Neutral
FB0003120,CUST004973,2024-06-02,1,Constant buffering issues during peak hours have made this frustrating to use lately.,Negative
FB0003121,CUST004974,2024-03-17,2,The app keeps crashing on my device and I have not been able to watch anything for days.,Negative
FB0003122,CUST004974,2023-12-25,4,"Love the recommendation engine, it keeps suggesting shows I actually end up enjoying.",Positive
FB0003123,CUST004974,2023-12-14,3,"Average experience overall, some months are better than others depending on new releases.",Neutral
FB0003124,CUST004974,2024-03-25,1,Cancelled my plan because the price increase was not worth the content available right now.,Negative
FB0003125,CUST004975,2024-12-20,4,Customer support resolved my issue quickly and the experience was smooth overall.,Positive
FB0003126,CUST004980,2025-08-21,4,"Great value for the price, my whole family uses different profiles without any issues.",Positive
FB0003127,CUST004982,2022-08-06,4,"Great value for the price, my whole family uses different profiles without any issues.",Positive
FB0003128,CUST004983,2024-10-06,1,Constant buffering issues during peak hours have made this frustrating to use lately.,Negative
FB0003129,CUST004984,2021-12-22,3,The service is decent but the content library could use more variety in regional languages.,Neutral
FB0003130,CUST004986,2025-04-25,3,The service is decent but the content library could use more variety in regional languages.,Neutral
FB0003131,CUST004991,2022-10-29,3,"It works fine most of the time, occasional buffering but nothing major to complain about.",Neutral
FB0003132,CUST004991,2022-12-11,2,"Not enough new content being added, feels like I have already watched everything worth watching.",Negative
FB0003133,CUST004992,2026-05-30,4,The streaming quality has been excellent and the app feels much faster after the update.,Positive
FB0003134,CUST004993,2026-03-20,2,The app keeps crashing on my device and I have not been able to watch anything for days.,Negative
FB0003135,CUST004993,2026-04-16,3,The service is decent but the content library could use more variety in regional languages.,Neutral
FB0003136,CUST004993,2026-02-09,2,"Customer support took too long to respond to my billing complaint, very disappointing experience.",Negative
FB0003137,CUST004994,2026-04-11,5,"Great value for the price, my whole family uses different profiles without any issues.",Positive
FB0003138,CUST004995,2025-05-23,5,Customer support resolved my issue quickly and the experience was smooth overall.,Positive
FB0003139,CUST004995,2022-08-23,3,"Average experience overall, some months are better than others depending on new releases.",Neutral
FB0003140,CUST005001,2024-02-05,2,Cancelled my plan because the price increase was not worth the content available right now.,Negative
FB0003141,CUST005003,2025-11-04,3,The service is decent but the content library could use more variety in regional languages.,Neutral
FB0003142,CUST005004,2026-05-05,4,Customer support resolved my issue quickly and the experience was smooth overall.,Positive
FB0003143,CUST005004,2026-01-14,4,"Great value for the price, my whole family uses different profiles without any issues.",Positive
FB0003144,CUST005005,2026-03-18,1,"Not enough new content being added, feels like I have already watched everything worth watching.",Negative
FB0003145,CUST005005,2026-01-24,3,"It works fine most of the time, occasional buffering but nothing major to complain about.",Neutral
FB0003146,CUST005007,2024-01-22,3,"Average experience overall, some months are better than others depending on new releases.",Neutral
FB0003147,CUST005010,2024-08-10,1,Constant buffering issues during peak hours have made this frustrating to use lately.,Negative
FB0003148,CUST005011,2024-01-12,2,"Customer support took too long to respond to my billing complaint, very disappointing experience.",Negative
FB0003149,CUST005015,2025-12-25,4,"Love the recommendation engine, it keeps suggesting shows I actually end up enjoying.",Neutral
FB0003150,CUST005015,2025-07-25,4,"Great value for the price, my whole family uses different profiles without any issues.",Positive
FB0003151,CUST005016,2026-05-17,2,Cancelled my plan because the price increase was not worth the content available right now.,Negative
FB0003152,CUST005018,2023-01-15,2,The app keeps crashing on my device and I have not been able to watch anything for days.,Negative
FB0003153,CUST005021,2023-07-17,1,Cancelled my plan because the price increase was not worth the content available right now.,Negative
FB0003154,CUST005021,2023-05-04,3,The service is decent but the content library could use more variety in regional languages.,Neutral
FB0003155,CUST005023,2022-03-25,5,The streaming quality has been excellent and the app feels much faster after the update.,Negative
FB0003156,CUST005024,2026-04-19,4,"Great value for the price, my whole family uses different profiles without any issues.",Positive
FB0003157,CUST005025,2022-05-04,3,"It works fine most of the time, occasional buffering but nothing major to complain about.",Neutral
FB0003158,CUST005025,2021-04-30,3,"Average experience overall, some months are better than others depending on new releases.",Neutral
FB0003159,CUST005026,2025-04-10,4,The streaming quality has been excellent and the app feels much faster after the update.,Positive
FB0003160,CUST005028,2022-08-28,3,"Average experience overall, some months are better than others depending on new releases.",Neutral
FB0003161,CUST005029,2019-10-18,3,"Average experience overall, some months are better than others depending on new releases.",Neutral
FB0003162,CUST005031,2020-07-24,2,Constant buffering issues during peak hours have made this frustrating to use lately.,Negative
FB0003163,CUST005033,2022-09-28,4,"Really happy with the content library, discovered several great shows this month.",Positive
FB0003164,CUST005034,2025-11-18,5,Customer support resolved my issue quickly and the experience was smooth overall.,Positive
FB0003165,CUST005037,2021-10-08,4,"Great value for the price, my whole family uses different profiles without any issues.",Positive
FB0003166,CUST005038,2026-02-28,5,"Really happy with the content library, discovered several great shows this month.",Positive
FB0003167,CUST005039,2023-12-04,4,"Really happy with the content library, discovered several great shows this month.",Positive
FB0003168,CUST005040,2023-01-14,3,The service is decent but the content library could use more variety in regional languages.,Neutral
FB0003169,CUST005041,2025-05-06,4,The streaming quality has been excellent and the app feels much faster after the update.,Positive
FB0003170,CUST005041,2025-01-12,2,The app keeps crashing on my device and I have not been able to watch anything for days.,Negative
FB0003171,CUST005042,2025-04-27,4,"Great value for the price, my whole family uses different profiles without any issues.",Positive
FB0003172,CUST005042,2025-01-19,5,Customer support resolved my issue quickly and the experience was smooth overall.,Negative
FB0003173,CUST005043,2022-05-23,3,"Average experience overall, some months are better than others depending on new releases.",Neutral
FB0003174,CUST005047,2025-08-16,5,"Really happy with the content library, discovered several great shows this month.",Positive
FB0003175,CUST005052,2025-08-17,5,Customer support resolved my issue quickly and the experience was smooth overall.,Negative
FB0003176,CUST005053,2021-06-25,4,"Great value for the price, my whole family uses different profiles without any issues.",Positive
FB0003177,CUST005058,2021-12-25,1,"Customer support took too long to respond to my billing complaint, very disappointing experience.",Negative
FB0003178,CUST005058,2020-09-07,3,"Average experience overall, some months are better than others depending on new releases.",Neutral
FB0003179,CUST005058,2020-11-26,5,"Great value for the price, my whole family uses different profiles without any issues.",Positive
FB0003180,CUST005060,2026-05-17,3,The service is decent but the content library could use more variety in regional languages.,Neutral
FB0003181,CUST005063,2025-06-08,2,Cancelled my plan because the price increase was not worth the content available right now.,Negative
FB0003182,CUST005065,2023-10-03,3,"It works fine most of the time, occasional buffering but nothing major to complain about.",Neutral
FB0003183,CUST005067,2026-02-05,5,"Really happy with the content library, discovered several great shows this month.",Positive
FB0003184,CUST005072,2025-11-12,4,"Great value for the price, my whole family uses different profiles without any issues.",Positive
FB0003185,CUST005074,2022-08-05,3,"Average experience overall, some months are better than others depending on new releases.",Neutral
FB0003186,CUST005076,2024-08-14,5,"Great value for the price, my whole family uses different profiles without any issues.",Positive
FB0003187,CUST005077,2025-11-11,5,"Great value for the price, my whole family uses different profiles without any issues.",Positive
FB0003188,CUST005082,2026-04-28,5,Customer support resolved my issue quickly and the experience was smooth overall.,Positive
FB0003189,CUST005083,2025-03-12,3,"Average experience overall, some months are better than others depending on new releases.",Negative
FB0003190,CUST005084,2024-08-29,4,"Love the recommendation engine, it keeps suggesting shows I actually end up enjoying.",Positive
FB0003191,CUST005085,2025-07-30,2,Cancelled my plan because the price increase was not worth the content available right now.,Neutral
FB0003192,CUST005090,2025-08-11,5,"Really happy with the content library, discovered several great shows this month.",Positive
FB0003193,CUST005090,2024-07-01,4,The streaming quality has been excellent and the app feels much faster after the update.,Positive
FB0003194,CUST005093,2026-01-03,2,"Not enough new content being added, feels like I have already watched everything worth watching.",Negative
FB0003195,CUST005095,2026-01-18,2,The app keeps crashing on my device and I have not been able to watch anything for days.,Negative
FB0003196,CUST005095,2025-04-14,1,The app keeps crashing on my device and I have not been able to watch anything for days.,Negative
FB0003197,CUST005095,2026-01-04,2,The app keeps crashing on my device and I have not been able to watch anything for days.,Negative
FB0003198,CUST005097,2024-05-15,2,The app keeps crashing on my device and I have not been able to watch anything for days.,Negative
FB0003199,CUST005097,2023-12-31,5,Customer support resolved my issue quickly and the experience was smooth overall.,Positive
FB0003200,CUST005099,2026-04-16,5,"Love the recommendation engine, it keeps suggesting shows I actually end up enjoying.",Positive
FB0003201,CUST005099,2026-02-06,3,"It works fine most of the time, occasional buffering but nothing major to complain about.",Neutral
FB0003202,CUST005099,2026-01-17,4,"Great value for the price, my whole family uses different profiles without any issues.",Positive
FB0003203,CUST005101,2025-04-01,1,The app keeps crashing on my device and I have not been able to watch anything for days.,Negative
FB0003204,CUST005103,2021-03-08,5,The streaming quality has been excellent and the app feels much faster after the update.,Positive
FB0003205,CUST005104,2020-05-11,5,"Really happy with the content library, discovered several great shows this month.",Positive
FB0003206,CUST005108,2025-01-05,3,"Average experience overall, some months are better than others depending on new releases.",Neutral
FB0003207,CUST005110,2023-04-17,2,Constant buffering issues during peak hours have made this frustrating to use lately.,Negative
FB0003208,CUST005112,2022-01-11,1,Cancelled my plan because the price increase was not worth the content available right now.,Negative
FB0003209,CUST005112,2024-01-27,1,The app keeps crashing on my device and I have not been able to watch anything for days.,Negative
FB0003210,CUST005112,2023-04-23,3,The service is decent but the content library could use more variety in regional languages.,Neutral
FB0003211,CUST005112,2022-03-04,3,The service is decent but the content library could use more variety in regional languages.,Neutral
FB0003212,CUST005113,2025-12-17,5,Customer support resolved my issue quickly and the experience was smooth overall.,Positive
FB0003213,CUST005116,2022-01-20,4,"Great value for the price, my whole family uses different profiles without any issues.",Positive
FB0003214,CUST005117,2022-09-17,5,"Great value for the price, my whole family uses different profiles without any issues.",Neutral
FB0003215,CUST005120,2025-05-26,3,The service is decent but the content library could use more variety in regional languages.,Neutral
FB0003216,CUST005121,2025-12-09,2,Constant buffering issues during peak hours have made this frustrating to use lately.,Negative
FB0003217,CUST005122,2023-11-08,3,The service is decent but the content library could use more variety in regional languages.,Negative
FB0003218,CUST005123,2026-04-24,5,"Love the recommendation engine, it keeps suggesting shows I actually end up enjoying.",Neutral
FB0003219,CUST005123,2026-06-03,1,Cancelled my plan because the price increase was not worth the content available right now.,Negative
FB0003220,CUST005124,2025-05-16,1,"Not enough new content being added, feels like I have already watched everything worth watching.",Negative
FB0003221,CUST005124,2023-03-10,5,"Great value for the price, my whole family uses different profiles without any issues.",Positive
FB0003222,CUST005124,2023-03-18,4,"Really happy with the content library, discovered several great shows this month.",Positive
FB0003223,CUST005125,2025-04-12,1,Constant buffering issues during peak hours have made this frustrating to use lately.,Negative
FB0003224,CUST005127,2023-05-19,3,"Average experience overall, some months are better than others depending on new releases.",Negative
FB0003225,CUST005127,2024-01-13,2,Constant buffering issues during peak hours have made this frustrating to use lately.,Negative
FB0003226,CUST005132,2025-06-16,3,"It works fine most of the time, occasional buffering but nothing major to complain about.",Neutral
FB0003227,CUST005134,2025-06-25,3,"Average experience overall, some months are better than others depending on new releases.",Neutral
FB0003228,CUST005134,2025-03-08,2,The app keeps crashing on my device and I have not been able to watch anything for days.,Negative
FB0003229,CUST005136,2025-06-27,1,Cancelled my plan because the price increase was not worth the content available right now.,Negative
FB0003230,CUST005138,2023-10-01,1,Cancelled my plan because the price increase was not worth the content available right now.,Negative
FB0003231,CUST005139,2026-04-29,5,"Love the recommendation engine, it keeps suggesting shows I actually end up enjoying.",Positive
FB0003232,CUST005139,2023-02-27,3,"Average experience overall, some months are better than others depending on new releases.",Neutral
FB0003233,CUST005142,2024-10-06,3,"Average experience overall, some months are better than others depending on new releases.",Neutral
FB0003234,CUST005142,2025-06-30,1,Constant buffering issues during peak hours have made this frustrating to use lately.,Negative
FB0003235,CUST005144,2024-12-11,1,"Customer support took too long to respond to my billing complaint, very disappointing experience.",Negative
FB0003236,CUST005146,2026-01-19,5,"Love the recommendation engine, it keeps suggesting shows I actually end up enjoying.",Positive
FB0003237,CUST005148,2024-12-18,3,The service is decent but the content library could use more variety in regional languages.,Neutral
FB0003238,CUST005148,2025-07-15,2,Constant buffering issues during peak hours have made this frustrating to use lately.,Negative
FB0003239,CUST005151,2025-11-01,3,"Average experience overall, some months are better than others depending on new releases.",Neutral
FB0003240,CUST005153,2025-06-12,5,"Great value for the price, my whole family uses different profiles without any issues.",Positive
FB0003241,CUST005155,2026-06-20,1,The app keeps crashing on my device and I have not been able to watch anything for days.,Negative
FB0003242,CUST005156,2021-07-12,4,The streaming quality has been excellent and the app feels much faster after the update.,Positive
FB0003243,CUST005157,2026-01-16,3,"It works fine most of the time, occasional buffering but nothing major to complain about.",Neutral
FB0003244,CUST005159,2021-07-28,1,Constant buffering issues during peak hours have made this frustrating to use lately.,Negative
FB0003245,CUST005159,2022-07-08,3,The service is decent but the content library could use more variety in regional languages.,Neutral
FB0003246,CUST005161,2025-07-16,3,"It works fine most of the time, occasional buffering but nothing major to complain about.",Neutral
FB0003247,CUST005162,2025-06-29,5,"Great value for the price, my whole family uses different profiles without any issues.",Positive
FB0003248,CUST005162,2025-12-16,3,"Average experience overall, some months are better than others depending on new releases.",Neutral
FB0003249,CUST005163,2026-05-06,5,Customer support resolved my issue quickly and the experience was smooth overall.,Positive
FB0003250,CUST005163,2025-11-23,2,Constant buffering issues during peak hours have made this frustrating to use lately.,Negative
FB0003251,CUST005164,2024-06-01,1,"Not enough new content being added, feels like I have already watched everything worth watching.",Negative
FB0003252,CUST005164,2025-02-01,1,Cancelled my plan because the price increase was not worth the content available right now.,Negative
FB0003253,CUST005165,2024-01-07,5,The streaming quality has been excellent and the app feels much faster after the update.,Positive
FB0003254,CUST005166,2026-03-06,3,"It works fine most of the time, occasional buffering but nothing major to complain about.",Neutral
FB0003255,CUST005166,2026-03-15,3,"It works fine most of the time, occasional buffering but nothing major to complain about.",Neutral
FB0003256,CUST005169,2021-04-14,4,The streaming quality has been excellent and the app feels much faster after the update.,Positive
FB0003257,CUST005171,2024-01-15,1,"Not enough new content being added, feels like I have already watched everything worth watching.",Negative
FB0003258,CUST005171,2022-04-30,1,"Customer support took too long to respond to my billing complaint, very disappointing experience.",Negative
FB0003259,CUST005177,2026-03-08,3,The service is decent but the content library could use more variety in regional languages.,Neutral
FB0003260,CUST005177,2025-07-26,5,"Great value for the price, my whole family uses different profiles without any issues.",Positive
FB0003261,CUST005179,2024-07-11,1,Constant buffering issues during peak hours have made this frustrating to use lately.,Negative
FB0003262,CUST005182,2025-08-18,3,"Average experience overall, some months are better than others depending on new releases.",Neutral
FB0003263,CUST005183,2025-05-21,3,"It works fine most of the time, occasional buffering but nothing major to complain about.",Neutral
FB0003264,CUST005186,2026-02-06,4,The streaming quality has been excellent and the app feels much faster after the update.,Positive
FB0003265,CUST005186,2025-10-28,2,"Customer support took too long to respond to my billing complaint, very disappointing experience.",Negative
FB0003266,CUST005188,2024-10-21,4,The streaming quality has been excellent and the app feels much faster after the update.,Positive
FB0003267,CUST005188,2023-05-16,1,"Not enough new content being added, feels like I have already watched everything worth watching.",Negative
FB0003268,CUST005190,2025-11-25,5,The streaming quality has been excellent and the app feels much faster after the update.,Positive
FB0003269,CUST005193,2024-08-24,3,"It works fine most of the time, occasional buffering but nothing major to complain about.",Neutral
FB0003270,CUST005193,2025-08-05,2,The app keeps crashing on my device and I have not been able to watch anything for days.,Negative
FB0003271,CUST005199,2024-05-06,2,The app keeps crashing on my device and I have not been able to watch anything for days.,Negative
FB0003272,CUST005201,2025-03-16,2,The app keeps crashing on my device and I have not been able to watch anything for days.,Negative
FB0003273,CUST005201,2025-05-14,2,"Not enough new content being added, feels like I have already watched everything worth watching.",Negative
FB0003274,CUST005201,2025-09-12,2,"Customer support took too long to respond to my billing complaint, very disappointing experience.",Negative
FB0003275,CUST005201,2021-11-13,3,The service is decent but the content library could use more variety in regional languages.,Neutral
FB0003276,CUST005202,2026-04-29,2,"Customer support took too long to respond to my billing complaint, very disappointing experience.",Negative
FB0003277,CUST005203,2026-05-14,3,"Average experience overall, some months are better than others depending on new releases.",Neutral
FB0003278,CUST005204,2024-08-10,4,Customer support resolved my issue quickly and the experience was smooth overall.,Positive
FB0003279,CUST005204,2024-01-12,4,The streaming quality has been excellent and the app feels much faster after the update.,Positive
FB0003280,CUST005205,2024-12-09,3,"It works fine most of the time, occasional buffering but nothing major to complain about.",Neutral
FB0003281,CUST005206,2024-03-28,3,"Average experience overall, some months are better than others depending on new releases.",Positive
FB0003282,CUST005206,2021-10-24,3,"It works fine most of the time, occasional buffering but nothing major to complain about.",Neutral
FB0003283,CUST005206,2023-04-30,3,The service is decent but the content library could use more variety in regional languages.,Positive
FB0003284,CUST005207,2021-05-13,4,"Great value for the price, my whole family uses different profiles without any issues.",Positive
FB0003285,CUST005209,2022-03-08,5,"Really happy with the content library, discovered several great shows this month.",Positive
FB0003286,CUST005210,2024-11-11,3,"It works fine most of the time, occasional buffering but nothing major to complain about.",Neutral
FB0003287,CUST005210,2025-09-30,2,Constant buffering issues during peak hours have made this frustrating to use lately.,Negative
FB0003288,CUST005210,2025-09-11,1,Cancelled my plan because the price increase was not worth the content available right now.,Negative
FB0003289,CUST005210,2026-05-31,2,Cancelled my plan because the price increase was not worth the content available right now.,Negative
FB0003290,CUST005210,2025-04-16,1,Constant buffering issues during peak hours have made this frustrating to use lately.,Negative
FB0003291,CUST005213,2025-10-02,3,"It works fine most of the time, occasional buffering but nothing major to complain about.",Neutral
FB0003292,CUST005216,2026-03-06,3,"Average experience overall, some months are better than others depending on new releases.",Neutral
FB0003293,CUST005221,2021-02-22,3,"It works fine most of the time, occasional buffering but nothing major to complain about.",Neutral
FB0003294,CUST005222,2023-08-25,3,"Average experience overall, some months are better than others depending on new releases.",Neutral
FB0003295,CUST005224,2026-04-29,2,"Customer support took too long to respond to my billing complaint, very disappointing experience.",Negative
FB0003296,CUST005224,2024-02-12,5,"Really happy with the content library, discovered several great shows this month.",Positive
FB0003297,CUST005226,2022-02-07,3,"It works fine most of the time, occasional buffering but nothing major to complain about.",Neutral
FB0003298,CUST005228,2025-04-21,5,"Really happy with the content library, discovered several great shows this month.",Positive
FB0003299,CUST005230,2025-06-20,3,"Average experience overall, some months are better than others depending on new releases.",Neutral
FB0003300,CUST005230,2025-05-15,5,Customer support resolved my issue quickly and the experience was smooth overall.,Positive
FB0003301,CUST005233,2026-05-19,2,"Customer support took too long to respond to my billing complaint, very disappointing experience.",Negative
FB0003302,CUST005234,2023-12-19,4,"Love the recommendation engine, it keeps suggesting shows I actually end up enjoying.",Positive
FB0003303,CUST005234,2025-04-18,2,The app keeps crashing on my device and I have not been able to watch anything for days.,Negative
FB0003304,CUST005235,2025-10-12,3,The service is decent but the content library could use more variety in regional languages.,Neutral
FB0003305,CUST005238,2025-12-12,3,The service is decent but the content library could use more variety in regional languages.,Neutral
FB0003306,CUST005238,2023-11-10,4,The streaming quality has been excellent and the app feels much faster after the update.,Positive
FB0003307,CUST005239,2023-07-14,1,Cancelled my plan because the price increase was not worth the content available right now.,Negative
FB0003308,CUST005240,2020-08-27,3,"Average experience overall, some months are better than others depending on new releases.",Neutral
FB0003309,CUST005240,2022-02-02,2,The app keeps crashing on my device and I have not been able to watch anything for days.,Negative
FB0003310,CUST005243,2021-04-07,3,The service is decent but the content library could use more variety in regional languages.,Neutral
FB0003311,CUST005244,2023-10-12,5,Customer support resolved my issue quickly and the experience was smooth overall.,Positive
FB0003312,CUST005246,2023-01-03,3,"Average experience overall, some months are better than others depending on new releases.",Neutral
FB0003313,CUST005248,2026-04-25,5,"Really happy with the content library, discovered several great shows this month.",Positive
FB0003314,CUST005248,2026-05-09,5,Customer support resolved my issue quickly and the experience was smooth overall.,Positive
FB0003315,CUST005248,2026-05-06,4,The streaming quality has been excellent and the app feels much faster after the update.,Positive
FB0003316,CUST005250,2025-03-21,4,The streaming quality has been excellent and the app feels much faster after the update.,Positive
FB0003317,CUST005251,2023-07-15,4,"Really happy with the content library, discovered several great shows this month.",Positive
FB0003318,CUST005251,2025-11-14,3,"It works fine most of the time, occasional buffering but nothing major to complain about.",Neutral
FB0003319,CUST005252,2025-03-15,3,The service is decent but the content library could use more variety in regional languages.,Neutral
FB0003320,CUST005253,2025-03-08,2,"Customer support took too long to respond to my billing complaint, very disappointing experience.",Negative
FB0003321,CUST005254,2025-07-12,1,"Customer support took too long to respond to my billing complaint, very disappointing experience.",Negative
FB0003322,CUST005255,2020-01-04,1,"Customer support took too long to respond to my billing complaint, very disappointing experience.",Negative
FB0003323,CUST005259,2021-08-29,4,"Love the recommendation engine, it keeps suggesting shows I actually end up enjoying.",Positive
FB0003324,CUST005259,2022-11-13,3,The service is decent but the content library could use more variety in regional languages.,Negative
FB0003325,CUST005259,2023-06-08,5,"Love the recommendation engine, it keeps suggesting shows I actually end up enjoying.",Negative
FB0003326,CUST005260,2025-07-29,4,"Love the recommendation engine, it keeps suggesting shows I actually end up enjoying.",Positive
FB0003327,CUST005261,2025-09-20,2,"Customer support took too long to respond to my billing complaint, very disappointing experience.",Negative
FB0003328,CUST005262,2021-11-19,5,The streaming quality has been excellent and the app feels much faster after the update.,Positive
FB0003329,CUST005264,2024-09-02,4,"Love the recommendation engine, it keeps suggesting shows I actually end up enjoying.",Positive
FB0003330,CUST005265,2022-02-06,1,"Customer support took too long to respond to my billing complaint, very disappointing experience.",Negative
FB0003331,CUST005266,2020-06-19,4,"Really happy with the content library, discovered several great shows this month.",Positive
FB0003332,CUST005266,2025-04-14,5,The streaming quality has been excellent and the app feels much faster after the update.,Positive
FB0003333,CUST005268,2021-12-25,3,The service is decent but the content library could use more variety in regional languages.,Neutral
FB0003334,CUST005272,2020-05-14,2,The app keeps crashing on my device and I have not been able to watch anything for days.,Negative
FB0003335,CUST005273,2026-06-09,3,The service is decent but the content library could use more variety in regional languages.,Neutral
FB0003336,CUST005273,2026-06-27,4,"Love the recommendation engine, it keeps suggesting shows I actually end up enjoying.",Positive
FB0003337,CUST005281,2023-04-30,4,"Great value for the price, my whole family uses different profiles without any issues.",Positive
FB0003338,CUST005281,2024-08-10,4,"Great value for the price, my whole family uses different profiles without any issues.",Positive
FB0003339,CUST005284,2025-03-24,4,"Really happy with the content library, discovered several great shows this month.",Positive
FB0003340,CUST005285,2025-02-19,2,"Customer support took too long to respond to my billing complaint, very disappointing experience.",Negative
FB0003341,CUST005289,2026-05-15,5,"Love the recommendation engine, it keeps suggesting shows I actually end up enjoying.",Positive
FB0003342,CUST005289,2026-04-19,3,"Average experience overall, some months are better than others depending on new releases.",Neutral
FB0003343,CUST005292,2024-07-12,5,"Love the recommendation engine, it keeps suggesting shows I actually end up enjoying.",Positive
FB0003344,CUST005292,2022-05-29,3,"It works fine most of the time, occasional buffering but nothing major to complain about.",Neutral
FB0003345,CUST005294,2025-09-27,4,"Love the recommendation engine, it keeps suggesting shows I actually end up enjoying.",Positive
FB0003346,CUST005296,2025-02-03,5,The streaming quality has been excellent and the app feels much faster after the update.,Positive
FB0003347,CUST005298,2025-02-17,3,"Average experience overall, some months are better than others depending on new releases.",Neutral
FB0003348,CUST005299,2022-01-30,3,"It works fine most of the time, occasional buffering but nothing major to complain about.",Neutral
FB0003349,CUST005301,2024-09-16,4,The streaming quality has been excellent and the app feels much faster after the update.,Positive
FB0003350,CUST005302,2025-01-09,3,"It works fine most of the time, occasional buffering but nothing major to complain about.",Neutral
FB0003351,CUST005304,2022-01-07,2,The app keeps crashing on my device and I have not been able to watch anything for days.,Negative
FB0003352,CUST005304,2022-09-26,3,"Average experience overall, some months are better than others depending on new releases.",Neutral
FB0003353,CUST005306,2026-05-20,3,"Average experience overall, some months are better than others depending on new releases.",Neutral
FB0003354,CUST005308,2026-05-21,4,Customer support resolved my issue quickly and the experience was smooth overall.,Positive
FB0003355,CUST005311,2024-07-07,3,The service is decent but the content library could use more variety in regional languages.,Neutral
FB0003356,CUST005312,2022-03-04,4,The streaming quality has been excellent and the app feels much faster after the update.,Positive
FB0003357,CUST005314,2025-10-04,5,The streaming quality has been excellent and the app feels much faster after the update.,Neutral
FB0003358,CUST005315,2025-03-17,4,The streaming quality has been excellent and the app feels much faster after the update.,Positive
FB0003359,CUST005319,2021-06-17,4,"Really happy with the content library, discovered several great shows this month.",Positive
FB0003360,CUST005321,2025-10-30,4,"Love the recommendation engine, it keeps suggesting shows I actually end up enjoying.",Positive
FB0003361,CUST005326,2024-12-03,3,"Average experience overall, some months are better than others depending on new releases.",Neutral
FB0003362,CUST005329,2025-05-06,3,The service is decent but the content library could use more variety in regional languages.,Neutral
FB0003363,CUST005332,2025-11-04,4,"Love the recommendation engine, it keeps suggesting shows I actually end up enjoying.",Positive
FB0003364,CUST005333,2025-06-28,1,The app keeps crashing on my device and I have not been able to watch anything for days.,Negative
FB0003365,CUST005334,2025-12-24,5,"Really happy with the content library, discovered several great shows this month.",Positive
FB0003366,CUST005334,2024-05-21,2,Constant buffering issues during peak hours have made this frustrating to use lately.,Negative
FB0003367,CUST005337,2026-02-07,5,"Love the recommendation engine, it keeps suggesting shows I actually end up enjoying.",Positive
FB0003368,CUST005346,2026-04-29,3,The service is decent but the content library could use more variety in regional languages.,Neutral
FB0003369,CUST005348,2023-11-19,4,Customer support resolved my issue quickly and the experience was smooth overall.,Positive
FB0003370,CUST005348,2025-12-13,4,The streaming quality has been excellent and the app feels much faster after the update.,Positive
FB0003371,CUST005348,2021-08-10,4,"Really happy with the content library, discovered several great shows this month.",Positive
FB0003372,CUST005350,2026-04-08,1,Constant buffering issues during peak hours have made this frustrating to use lately.,Negative
FB0003373,CUST005350,2026-05-15,5,"Really happy with the content library, discovered several great shows this month.",Positive
FB0003374,CUST005351,2025-02-23,4,"Love the recommendation engine, it keeps suggesting shows I actually end up enjoying.",Positive
FB0003375,CUST005351,2021-06-27,2,"Customer support took too long to respond to my billing complaint, very disappointing experience.",Negative
FB0003376,CUST005353,2025-06-15,3,"Average experience overall, some months are better than others depending on new releases.",Neutral
FB0003377,CUST005354,2026-01-26,4,Customer support resolved my issue quickly and the experience was smooth overall.,Positive
FB0003378,CUST005360,2026-03-30,3,The service is decent but the content library could use more variety in regional languages.,Neutral
FB0003379,CUST005361,2025-04-06,1,Constant buffering issues during peak hours have made this frustrating to use lately.,Negative
FB0003380,CUST005364,2026-03-28,3,"Average experience overall, some months are better than others depending on new releases.",Neutral
FB0003381,CUST005365,2026-05-12,3,"Average experience overall, some months are better than others depending on new releases.",Neutral
FB0003382,CUST005370,2025-08-27,3,"Average experience overall, some months are better than others depending on new releases.",Neutral
FB0003383,CUST005370,2025-03-14,3,"Average experience overall, some months are better than others depending on new releases.",Neutral
FB0003384,CUST005370,2025-06-23,1,Cancelled my plan because the price increase was not worth the content available right now.,Negative
FB0003385,CUST005371,2025-02-06,2,"Customer support took too long to respond to my billing complaint, very disappointing experience.",Negative
FB0003386,CUST005371,2023-06-11,4,"Really happy with the content library, discovered several great shows this month.",Positive
FB0003387,CUST005372,2025-10-06,3,"Average experience overall, some months are better than others depending on new releases.",Neutral
FB0003388,CUST005377,2025-05-17,3,"It works fine most of the time, occasional buffering but nothing major to complain about.",Neutral
FB0003389,CUST005378,2026-03-26,4,"Great value for the price, my whole family uses different profiles without any issues.",Positive
FB0003390,CUST005382,2020-02-07,4,"Love the recommendation engine, it keeps suggesting shows I actually end up enjoying.",Positive
FB0003391,CUST005382,2020-09-14,4,"Great value for the price, my whole family uses different profiles without any issues.",Positive
FB0003392,CUST005383,2025-10-20,4,"Really happy with the content library, discovered several great shows this month.",Positive
FB0003393,CUST005384,2024-08-06,4,Customer support resolved my issue quickly and the experience was smooth overall.,Positive
FB0003394,CUST005384,2022-06-05,3,The service is decent but the content library could use more variety in regional languages.,Neutral
FB0003395,CUST005384,2024-03-22,3,"It works fine most of the time, occasional buffering but nothing major to complain about.",Neutral
FB0003396,CUST005385,2025-12-31,2,Constant buffering issues during peak hours have made this frustrating to use lately.,Negative
FB0003397,CUST005387,2023-05-20,5,Customer support resolved my issue quickly and the experience was smooth overall.,Positive
FB0003398,CUST005388,2024-07-22,3,"It works fine most of the time, occasional buffering but nothing major to complain about.",Neutral
FB0003399,CUST005388,2021-06-15,2,Cancelled my plan because the price increase was not worth the content available right now.,Negative
FB0003400,CUST005389,2022-07-17,3,"Average experience overall, some months are better than others depending on new releases.",Neutral
FB0003401,CUST005395,2026-06-26,3,"Average experience overall, some months are better than others depending on new releases.",Neutral
FB0003402,CUST005395,2026-06-19,3,"It works fine most of the time, occasional buffering but nothing major to complain about.",Neutral
FB0003403,CUST005400,2024-06-18,2,The app keeps crashing on my device and I have not been able to watch anything for days.,Positive
FB0003404,CUST005401,2024-03-04,4,"Great value for the price, my whole family uses different profiles without any issues.",Positive
FB0003405,CUST005401,2025-12-02,3,The service is decent but the content library could use more variety in regional languages.,Neutral
FB0003406,CUST005401,2020-07-30,3,"It works fine most of the time, occasional buffering but nothing major to complain about.",Neutral
FB0003407,CUST005403,2025-10-26,5,Customer support resolved my issue quickly and the experience was smooth overall.,Positive
FB0003408,CUST005406,2026-06-19,3,"Average experience overall, some months are better than others depending on new releases.",Neutral
FB0003409,CUST005406,2026-03-11,3,"It works fine most of the time, occasional buffering but nothing major to complain about.",Neutral
FB0003410,CUST005406,2025-02-05,3,"It works fine most of the time, occasional buffering but nothing major to complain about.",Neutral
FB0003411,CUST005407,2022-02-26,3,"Average experience overall, some months are better than others depending on new releases.",Neutral
FB0003412,CUST005408,2025-11-30,5,"Great value for the price, my whole family uses different profiles without any issues.",Positive
FB0003413,CUST005410,2024-11-22,4,Customer support resolved my issue quickly and the experience was smooth overall.,Negative
FB0003414,CUST005412,2025-05-19,1,Constant buffering issues during peak hours have made this frustrating to use lately.,Negative
FB0003415,CUST005412,2025-12-30,3,The service is decent but the content library could use more variety in regional languages.,Neutral
FB0003416,CUST005412,2025-03-14,5,"Great value for the price, my whole family uses different profiles without any issues.",Positive
FB0003417,CUST005412,2025-12-22,5,Customer support resolved my issue quickly and the experience was smooth overall.,Positive
FB0003418,CUST005414,2021-07-21,3,"It works fine most of the time, occasional buffering but nothing major to complain about.",Neutral
FB0003419,CUST005414,2025-10-26,5,"Really happy with the content library, discovered several great shows this month.",Positive
FB0003420,CUST005420,2021-11-12,1,"Customer support took too long to respond to my billing complaint, very disappointing experience.",Negative
FB0003421,CUST005421,2023-08-01,3,The service is decent but the content library could use more variety in regional languages.,Neutral
FB0003422,CUST005422,2024-01-30,2,"Not enough new content being added, feels like I have already watched everything worth watching.",Negative
FB0003423,CUST005422,2023-03-11,1,"Customer support took too long to respond to my billing complaint, very disappointing experience.",Negative
FB0003424,CUST005422,2021-12-04,5,"Love the recommendation engine, it keeps suggesting shows I actually end up enjoying.",Positive
FB0003425,CUST005423,2025-02-03,4,"Really happy with the content library, discovered several great shows this month.",Positive
FB0003426,CUST005423,2023-08-30,3,"It works fine most of the time, occasional buffering but nothing major to complain about.",Neutral
FB0003427,CUST005423,2024-08-05,3,The service is decent but the content library could use more variety in regional languages.,Neutral
FB0003428,CUST005431,2024-11-03,5,"Really happy with the content library, discovered several great shows this month.",Negative
FB0003429,CUST005435,2026-05-26,3,"Average experience overall, some months are better than others depending on new releases.",Negative
FB0003430,CUST005437,2020-01-22,4,The streaming quality has been excellent and the app feels much faster after the update.,Positive
FB0003431,CUST005437,2025-03-28,2,Constant buffering issues during peak hours have made this frustrating to use lately.,Negative
FB0003432,CUST005439,2023-02-09,2,Cancelled my plan because the price increase was not worth the content available right now.,Negative
FB0003433,CUST005440,2025-02-24,4,"Great value for the price, my whole family uses different profiles without any issues.",Positive
FB0003434,CUST005440,2026-01-10,4,The streaming quality has been excellent and the app feels much faster after the update.,Positive
FB0003435,CUST005441,2026-01-16,5,The streaming quality has been excellent and the app feels much faster after the update.,Positive
FB0003436,CUST005443,2025-10-07,3,"It works fine most of the time, occasional buffering but nothing major to complain about.",Neutral
FB0003437,CUST005443,2023-03-05,4,The streaming quality has been excellent and the app feels much faster after the update.,Positive
FB0003438,CUST005444,2025-03-01,3,"It works fine most of the time, occasional buffering but nothing major to complain about.",Neutral
FB0003439,CUST005445,2022-05-13,1,Constant buffering issues during peak hours have made this frustrating to use lately.,Negative
FB0003440,CUST005445,2025-02-26,2,"Not enough new content being added, feels like I have already watched everything worth watching.",Negative
FB0003441,CUST005448,2024-10-28,3,"Average experience overall, some months are better than others depending on new releases.",Neutral
FB0003442,CUST005449,2022-10-24,2,"Customer support took too long to respond to my billing complaint, very disappointing experience.",Negative
FB0003443,CUST005449,2026-01-12,2,"Not enough new content being added, feels like I have already watched everything worth watching.",Negative
FB0003444,CUST005450,2023-07-07,3,"Average experience overall, some months are better than others depending on new releases.",Neutral
FB0003445,CUST005451,2026-01-10,4,"Great value for the price, my whole family uses different profiles without any issues.",Positive
FB0003446,CUST005451,2026-01-17,5,"Great value for the price, my whole family uses different profiles without any issues.",Positive
FB0003447,CUST005453,2022-06-27,3,"It works fine most of the time, occasional buffering but nothing major to complain about.",Neutral
FB0003448,CUST005456,2025-07-09,5,"Really happy with the content library, discovered several great shows this month.",Positive
FB0003449,CUST005458,2026-04-15,2,"Customer support took too long to respond to my billing complaint, very disappointing experience.",Negative
FB0003450,CUST005465,2026-03-05,2,Constant buffering issues during peak hours have made this frustrating to use lately.,Negative
FB0003451,CUST005465,2020-05-07,5,"Great value for the price, my whole family uses different profiles without any issues.",Positive
FB0003452,CUST005469,2024-01-10,2,Cancelled my plan because the price increase was not worth the content available right now.,Negative
FB0003453,CUST005472,2026-02-10,4,"Love the recommendation engine, it keeps suggesting shows I actually end up enjoying.",Positive
FB0003454,CUST005474,2025-10-02,4,"Love the recommendation engine, it keeps suggesting shows I actually end up enjoying.",Positive
FB0003455,CUST005474,2025-09-06,4,"Great value for the price, my whole family uses different profiles without any issues.",Positive
FB0003456,CUST005477,2022-11-02,4,Customer support resolved my issue quickly and the experience was smooth overall.,Positive
FB0003457,CUST005480,2021-11-01,1,Constant buffering issues during peak hours have made this frustrating to use lately.,Negative
FB0003458,CUST005480,2020-09-04,3,"Average experience overall, some months are better than others depending on new releases.",Neutral
FB0003459,CUST005480,2024-11-27,4,"Great value for the price, my whole family uses different profiles without any issues.",Negative
FB0003460,CUST005480,2024-03-09,5,"Great value for the price, my whole family uses different profiles without any issues.",Positive
FB0003461,CUST005481,2024-01-31,2,"Customer support took too long to respond to my billing complaint, very disappointing experience.",Negative
FB0003462,CUST005481,2024-03-19,5,"Great value for the price, my whole family uses different profiles without any issues.",Positive
FB0003463,CUST005482,2026-02-06,5,"Really happy with the content library, discovered several great shows this month.",Positive
FB0003464,CUST005482,2025-05-06,2,Cancelled my plan because the price increase was not worth the content available right now.,Negative
FB0003465,CUST005482,2023-09-11,3,"Average experience overall, some months are better than others depending on new releases.",Neutral
FB0003466,CUST005483,2022-08-14,3,"It works fine most of the time, occasional buffering but nothing major to complain about.",Neutral
FB0003467,CUST005483,2022-12-24,1,Cancelled my plan because the price increase was not worth the content available right now.,Negative
FB0003468,CUST005483,2025-12-29,1,Cancelled my plan because the price increase was not worth the content available right now.,Negative
FB0003469,CUST005483,2024-12-27,3,"It works fine most of the time, occasional buffering but nothing major to complain about.",Neutral
FB0003470,CUST005484,2025-06-08,3,"Average experience overall, some months are better than others depending on new releases.",Negative
FB0003471,CUST005485,2025-11-24,3,"Average experience overall, some months are better than others depending on new releases.",Neutral
FB0003472,CUST005487,2021-11-10,4,"Love the recommendation engine, it keeps suggesting shows I actually end up enjoying.",Positive
FB0003473,CUST005487,2022-10-13,4,"Really happy with the content library, discovered several great shows this month.",Positive
FB0003474,CUST005496,2024-01-29,5,The streaming quality has been excellent and the app feels much faster after the update.,Positive
FB0003475,CUST005496,2026-01-17,4,"Really happy with the content library, discovered several great shows this month.",Positive
FB0003476,CUST005500,2024-12-22,5,"Great value for the price, my whole family uses different profiles without any issues.",Positive
FB0003477,CUST005501,2025-12-19,4,The streaming quality has been excellent and the app feels much faster after the update.,Positive
FB0003478,CUST005503,2023-05-25,1,"Not enough new content being added, feels like I have already watched everything worth watching.",Negative
FB0003479,CUST005505,2025-09-03,4,Customer support resolved my issue quickly and the experience was smooth overall.,Positive
FB0003480,CUST005506,2024-04-25,2,Constant buffering issues during peak hours have made this frustrating to use lately.,Negative
FB0003481,CUST005509,2026-01-11,4,The streaming quality has been excellent and the app feels much faster after the update.,Positive
FB0003482,CUST005515,2025-03-11,1,Cancelled my plan because the price increase was not worth the content available right now.,Negative
FB0003483,CUST005515,2025-01-08,1,"Not enough new content being added, feels like I have already watched everything worth watching.",Negative
FB0003484,CUST005515,2021-12-05,3,The service is decent but the content library could use more variety in regional languages.,Neutral
FB0003485,CUST005517,2024-06-21,5,"Really happy with the content library, discovered several great shows this month.",Neutral
FB0003486,CUST005520,2024-07-18,1,"Not enough new content being added, feels like I have already watched everything worth watching.",Negative
FB0003487,CUST005522,2025-08-09,2,Constant buffering issues during peak hours have made this frustrating to use lately.,Negative
FB0003488,CUST005525,2022-03-14,2,Cancelled my plan because the price increase was not worth the content available right now.,Negative
FB0003489,CUST005527,2026-01-18,3,"Average experience overall, some months are better than others depending on new releases.",Neutral
FB0003490,CUST005528,2026-04-03,5,"Love the recommendation engine, it keeps suggesting shows I actually end up enjoying.",Positive
FB0003491,CUST005529,2026-06-21,3,"It works fine most of the time, occasional buffering but nothing major to complain about.",Neutral
FB0003492,CUST005532,2025-10-22,4,Customer support resolved my issue quickly and the experience was smooth overall.,Positive
FB0003493,CUST005533,2026-06-10,5,"Really happy with the content library, discovered several great shows this month.",Positive
FB0003494,CUST005535,2025-05-21,5,The streaming quality has been excellent and the app feels much faster after the update.,Positive
FB0003495,CUST005536,2022-11-25,3,The service is decent but the content library could use more variety in regional languages.,Neutral
FB0003496,CUST005539,2024-06-07,5,"Great value for the price, my whole family uses different profiles without any issues.",Positive
FB0003497,CUST005541,2024-09-26,5,"Love the recommendation engine, it keeps suggesting shows I actually end up enjoying.",Positive
FB0003498,CUST005541,2022-07-15,4,"Love the recommendation engine, it keeps suggesting shows I actually end up enjoying.",Positive
FB0003499,CUST005541,2023-07-16,2,Cancelled my plan because the price increase was not worth the content available right now.,Negative
FB0003500,CUST005544,2019-08-29,5,The streaming quality has been excellent and the app feels much faster after the update.,Positive
FB0003501,CUST005546,2022-08-06,4,"Really happy with the content library, discovered several great shows this month.",Positive
FB0003502,CUST005546,2024-03-25,5,"Great value for the price, my whole family uses different profiles without any issues.",Positive
FB0003503,CUST005548,2024-01-11,1,"Not enough new content being added, feels like I have already watched everything worth watching.",Negative
FB0003504,CUST005555,2022-02-17,3,"Average experience overall, some months are better than others depending on new releases.",Neutral
FB0003505,CUST005555,2023-02-15,4,"Really happy with the content library, discovered several great shows this month.",Positive
FB0003506,CUST005555,2020-12-18,3,"It works fine most of the time, occasional buffering but nothing major to complain about.",Neutral
FB0003507,CUST005556,2026-02-24,3,The service is decent but the content library could use more variety in regional languages.,Neutral
FB0003508,CUST005558,2021-09-19,3,"It works fine most of the time, occasional buffering but nothing major to complain about.",Neutral
FB0003509,CUST005560,2024-04-14,5,Customer support resolved my issue quickly and the experience was smooth overall.,Positive
FB0003510,CUST005560,2025-02-25,1,The app keeps crashing on my device and I have not been able to watch anything for days.,Negative
FB0003511,CUST005561,2023-09-01,5,"Really happy with the content library, discovered several great shows this month.",Positive
FB0003512,CUST005561,2023-09-13,5,The streaming quality has been excellent and the app feels much faster after the update.,Negative
FB0003513,CUST005562,2026-01-11,3,The service is decent but the content library could use more variety in regional languages.,Neutral
FB0003514,CUST005565,2024-08-22,4,"Great value for the price, my whole family uses different profiles without any issues.",Positive
FB0003515,CUST005569,2024-04-04,4,Customer support resolved my issue quickly and the experience was smooth overall.,Positive
FB0003516,CUST005570,2025-12-10,2,"Not enough new content being added, feels like I have already watched everything worth watching.",Negative
FB0003517,CUST005572,2022-07-22,4,"Really happy with the content library, discovered several great shows this month.",Positive
FB0003518,CUST005575,2026-02-01,4,"Love the recommendation engine, it keeps suggesting shows I actually end up enjoying.",Positive
FB0003519,CUST005575,2022-02-16,1,"Customer support took too long to respond to my billing complaint, very disappointing experience.",Negative
FB0003520,CUST005576,2020-01-04,4,Customer support resolved my issue quickly and the experience was smooth overall.,Positive
FB0003521,CUST005578,2026-01-19,4,Customer support resolved my issue quickly and the experience was smooth overall.,Positive
FB0003522,CUST005578,2026-01-12,4,"Really happy with the content library, discovered several great shows this month.",Positive
FB0003523,CUST005579,2023-01-09,5,Customer support resolved my issue quickly and the experience was smooth overall.,Positive
FB0003524,CUST005581,2021-04-24,3,The service is decent but the content library could use more variety in regional languages.,Neutral
FB0003525,CUST005582,2023-05-01,3,"It works fine most of the time, occasional buffering but nothing major to complain about.",Positive
FB0003526,CUST005582,2024-05-23,3,The service is decent but the content library could use more variety in regional languages.,Neutral
FB0003527,CUST005582,2023-03-07,1,The app keeps crashing on my device and I have not been able to watch anything for days.,Negative
FB0003528,CUST005583,2024-11-07,4,"Love the recommendation engine, it keeps suggesting shows I actually end up enjoying.",Positive
FB0003529,CUST005585,2021-10-03,2,"Customer support took too long to respond to my billing complaint, very disappointing experience.",Negative
FB0003530,CUST005586,2025-11-03,2,"Not enough new content being added, feels like I have already watched everything worth watching.",Negative
FB0003531,CUST005588,2024-06-30,3,The service is decent but the content library could use more variety in regional languages.,Neutral
FB0003532,CUST005588,2022-03-16,2,"Customer support took too long to respond to my billing complaint, very disappointing experience.",Negative
FB0003533,CUST005588,2023-03-26,1,"Customer support took too long to respond to my billing complaint, very disappointing experience.",Negative
FB0003534,CUST005589,2026-01-07,2,"Not enough new content being added, feels like I have already watched everything worth watching.",Negative
FB0003535,CUST005589,2025-01-17,4,"Love the recommendation engine, it keeps suggesting shows I actually end up enjoying.",Positive
FB0003536,CUST005589,2025-04-17,3,The service is decent but the content library could use more variety in regional languages.,Neutral
FB0003537,CUST005589,2026-04-03,4,Customer support resolved my issue quickly and the experience was smooth overall.,Positive
FB0003538,CUST005593,2021-04-21,4,"Love the recommendation engine, it keeps suggesting shows I actually end up enjoying.",Positive
FB0003539,CUST005594,2020-11-19,5,Customer support resolved my issue quickly and the experience was smooth overall.,Positive
FB0003540,CUST005598,2026-04-04,2,"Not enough new content being added, feels like I have already watched everything worth watching.",Negative
FB0003541,CUST005598,2026-05-12,3,The service is decent but the content library could use more variety in regional languages.,Neutral
FB0003542,CUST005599,2023-12-25,4,"Love the recommendation engine, it keeps suggesting shows I actually end up enjoying.",Positive
FB0003543,CUST005601,2026-05-04,4,"Great value for the price, my whole family uses different profiles without any issues.",Positive
FB0003544,CUST005602,2025-03-02,5,"Really happy with the content library, discovered several great shows this month.",Positive
FB0003545,CUST005602,2026-03-18,1,The app keeps crashing on my device and I have not been able to watch anything for days.,Negative
FB0003546,CUST005602,2025-12-26,3,"It works fine most of the time, occasional buffering but nothing major to complain about.",Neutral
FB0003547,CUST005603,2025-07-26,5,Customer support resolved my issue quickly and the experience was smooth overall.,Positive
FB0003548,CUST005604,2026-02-09,1,Cancelled my plan because the price increase was not worth the content available right now.,Negative
FB0003549,CUST005604,2026-05-02,2,"Customer support took too long to respond to my billing complaint, very disappointing experience.",Negative
FB0003550,CUST005604,2026-04-02,1,The app keeps crashing on my device and I have not been able to watch anything for days.,Negative
FB0003551,CUST005606,2023-10-16,3,"It works fine most of the time, occasional buffering but nothing major to complain about.",Neutral
FB0003552,CUST005607,2025-10-13,5,The streaming quality has been excellent and the app feels much faster after the update.,Positive
FB0003553,CUST005608,2022-08-07,3,"It works fine most of the time, occasional buffering but nothing major to complain about.",Neutral
FB0003554,CUST005611,2022-03-19,5,The streaming quality has been excellent and the app feels much faster after the update.,Positive
FB0003555,CUST005612,2024-12-22,1,Cancelled my plan because the price increase was not worth the content available right now.,Negative
FB0003556,CUST005616,2025-09-17,3,"It works fine most of the time, occasional buffering but nothing major to complain about.",Neutral
FB0003557,CUST005617,2024-02-26,3,"Average experience overall, some months are better than others depending on new releases.",Neutral
FB0003558,CUST005618,2020-10-26,3,"It works fine most of the time, occasional buffering but nothing major to complain about.",Neutral
FB0003559,CUST005621,2023-12-28,4,"Love the recommendation engine, it keeps suggesting shows I actually end up enjoying.",Positive
FB0003560,CUST005622,2024-08-18,5,"Really happy with the content library, discovered several great shows this month.",Positive
FB0003561,CUST005623,2024-09-22,5,"Great value for the price, my whole family uses different profiles without any issues.",Positive
FB0003562,CUST005623,2025-12-03,3,"Average experience overall, some months are better than others depending on new releases.",Neutral
FB0003563,CUST005625,2024-02-14,1,Constant buffering issues during peak hours have made this frustrating to use lately.,Negative
FB0003564,CUST005626,2025-07-10,3,"It works fine most of the time, occasional buffering but nothing major to complain about.",Neutral
FB0003565,CUST005627,2026-01-12,4,"Great value for the price, my whole family uses different profiles without any issues.",Positive
FB0003566,CUST005629,2021-12-19,1,Constant buffering issues during peak hours have made this frustrating to use lately.,Negative
FB0003567,CUST005629,2022-11-24,1,"Customer support took too long to respond to my billing complaint, very disappointing experience.",Negative
FB0003568,CUST005629,2022-06-09,2,Constant buffering issues during peak hours have made this frustrating to use lately.,Negative
FB0003569,CUST005630,2025-01-02,3,The service is decent but the content library could use more variety in regional languages.,Neutral
FB0003570,CUST005630,2023-11-23,3,The service is decent but the content library could use more variety in regional languages.,Neutral
FB0003571,CUST005630,2024-04-15,2,"Customer support took too long to respond to my billing complaint, very disappointing experience.",Negative
FB0003572,CUST005630,2024-08-29,3,The service is decent but the content library could use more variety in regional languages.,Neutral
FB0003573,CUST005630,2024-12-25,1,Cancelled my plan because the price increase was not worth the content available right now.,Negative
FB0003574,CUST005633,2022-04-10,4,The streaming quality has been excellent and the app feels much faster after the update.,Positive
FB0003575,CUST005635,2023-03-31,2,"Not enough new content being added, feels like I have already watched everything worth watching.",Negative
FB0003576,CUST005636,2024-11-24,5,"Great value for the price, my whole family uses different profiles without any issues.",Positive
FB0003577,CUST005636,2026-06-21,5,"Great value for the price, my whole family uses different profiles without any issues.",Positive
FB0003578,CUST005636,2025-09-16,4,"Love the recommendation engine, it keeps suggesting shows I actually end up enjoying.",Positive
FB0003579,CUST005638,2022-09-06,5,"Great value for the price, my whole family uses different profiles without any issues.",Positive
FB0003580,CUST005638,2022-05-28,4,The streaming quality has been excellent and the app feels much faster after the update.,Positive
FB0003581,CUST005643,2023-06-01,5,"Really happy with the content library, discovered several great shows this month.",Positive
FB0003582,CUST005643,2025-08-04,3,"It works fine most of the time, occasional buffering but nothing major to complain about.",Neutral
FB0003583,CUST005645,2024-03-01,4,"Love the recommendation engine, it keeps suggesting shows I actually end up enjoying.",Positive
FB0003584,CUST005646,2024-06-07,5,"Really happy with the content library, discovered several great shows this month.",Positive
FB0003585,CUST005646,2025-11-28,3,The service is decent but the content library could use more variety in regional languages.,Neutral
FB0003586,CUST005648,2023-01-31,1,"Not enough new content being added, feels like I have already watched everything worth watching.",Negative
FB0003587,CUST005652,2026-03-21,2,Constant buffering issues during peak hours have made this frustrating to use lately.,Negative
FB0003588,CUST005655,2025-01-19,5,Customer support resolved my issue quickly and the experience was smooth overall.,Positive
FB0003589,CUST005658,2026-01-22,3,"It works fine most of the time, occasional buffering but nothing major to complain about.",Neutral
FB0003590,CUST005659,2021-01-30,4,"Really happy with the content library, discovered several great shows this month.",Positive
FB0003591,CUST005660,2023-11-11,1,The app keeps crashing on my device and I have not been able to watch anything for days.,Negative
FB0003592,CUST005663,2023-06-10,5,Customer support resolved my issue quickly and the experience was smooth overall.,Positive
FB0003593,CUST005663,2023-08-30,4,The streaming quality has been excellent and the app feels much faster after the update.,Positive
FB0003594,CUST005664,2025-06-02,1,The app keeps crashing on my device and I have not been able to watch anything for days.,Negative
FB0003595,CUST005664,2024-02-25,4,Customer support resolved my issue quickly and the experience was smooth overall.,Positive
FB0003596,CUST005668,2025-01-28,2,The app keeps crashing on my device and I have not been able to watch anything for days.,Negative
FB0003597,CUST005668,2023-12-14,2,Cancelled my plan because the price increase was not worth the content available right now.,Negative
FB0003598,CUST005669,2024-09-06,3,The service is decent but the content library could use more variety in regional languages.,Neutral
FB0003599,CUST005669,2022-03-18,2,Cancelled my plan because the price increase was not worth the content available right now.,Negative
FB0003600,CUST005671,2024-11-24,3,"Average experience overall, some months are better than others depending on new releases.",Neutral
FB0003601,CUST005673,2023-03-28,3,"Average experience overall, some months are better than others depending on new releases.",Neutral
FB0003602,CUST005675,2022-08-26,3,"Average experience overall, some months are better than others depending on new releases.",Neutral
FB0003603,CUST005675,2019-09-16,4,Customer support resolved my issue quickly and the experience was smooth overall.,Positive
FB0003604,CUST005675,2023-08-06,2,Cancelled my plan because the price increase was not worth the content available right now.,Negative
FB0003605,CUST005679,2025-11-01,4,"Love the recommendation engine, it keeps suggesting shows I actually end up enjoying.",Positive
FB0003606,CUST005680,2024-01-24,3,The service is decent but the content library could use more variety in regional languages.,Neutral
FB0003607,CUST005682,2023-03-15,2,"Not enough new content being added, feels like I have already watched everything worth watching.",Negative
FB0003608,CUST005685,2025-09-19,3,"Average experience overall, some months are better than others depending on new releases.",Neutral
FB0003609,CUST005686,2025-09-11,2,"Not enough new content being added, feels like I have already watched everything worth watching.",Negative
FB0003610,CUST005687,2023-09-26,3,The service is decent but the content library could use more variety in regional languages.,Neutral
FB0003611,CUST005690,2026-02-26,3,"It works fine most of the time, occasional buffering but nothing major to complain about.",Neutral
FB0003612,CUST005690,2026-06-11,3,The service is decent but the content library could use more variety in regional languages.,Neutral
FB0003613,CUST005692,2022-11-04,5,The streaming quality has been excellent and the app feels much faster after the update.,Positive
FB0003614,CUST005692,2024-04-06,4,"Great value for the price, my whole family uses different profiles without any issues.",Positive
FB0003615,CUST005695,2025-12-20,3,"It works fine most of the time, occasional buffering but nothing major to complain about.",Neutral
FB0003616,CUST005697,2026-03-03,4,"Great value for the price, my whole family uses different profiles without any issues.",Positive
FB0003617,CUST005699,2026-04-03,4,Customer support resolved my issue quickly and the experience was smooth overall.,Positive
FB0003618,CUST005701,2023-04-17,5,The streaming quality has been excellent and the app feels much faster after the update.,Positive
FB0003619,CUST005714,2025-12-16,2,"Customer support took too long to respond to my billing complaint, very disappointing experience.",Negative
FB0003620,CUST005724,2026-02-22,3,"Average experience overall, some months are better than others depending on new releases.",Neutral
FB0003621,CUST005729,2025-09-18,2,"Customer support took too long to respond to my billing complaint, very disappointing experience.",Negative
FB0003622,CUST005732,2026-06-09,4,Customer support resolved my issue quickly and the experience was smooth overall.,Positive
FB0003623,CUST005732,2026-06-06,1,Constant buffering issues during peak hours have made this frustrating to use lately.,Negative
FB0003624,CUST005732,2026-05-22,1,"Not enough new content being added, feels like I have already watched everything worth watching.",Negative
FB0003625,CUST005734,2026-05-07,3,"It works fine most of the time, occasional buffering but nothing major to complain about.",Neutral
FB0003626,CUST005736,2020-09-13,4,"Love the recommendation engine, it keeps suggesting shows I actually end up enjoying.",Positive
FB0003627,CUST005736,2020-09-18,3,"Average experience overall, some months are better than others depending on new releases.",Neutral
FB0003628,CUST005736,2024-06-11,2,The app keeps crashing on my device and I have not been able to watch anything for days.,Negative
FB0003629,CUST005736,2023-07-17,1,"Customer support took too long to respond to my billing complaint, very disappointing experience.",Negative
FB0003630,CUST005739,2026-02-23,1,"Customer support took too long to respond to my billing complaint, very disappointing experience.",Negative
FB0003631,CUST005742,2025-11-12,1,Cancelled my plan because the price increase was not worth the content available right now.,Negative
FB0003632,CUST005750,2025-03-22,4,"Love the recommendation engine, it keeps suggesting shows I actually end up enjoying.",Positive
FB0003633,CUST005750,2021-10-14,4,"Really happy with the content library, discovered several great shows this month.",Positive
FB0003634,CUST005755,2026-06-29,3,"Average experience overall, some months are better than others depending on new releases.",Neutral
FB0003635,CUST005759,2024-09-23,2,Cancelled my plan because the price increase was not worth the content available right now.,Negative
FB0003636,CUST005759,2026-03-15,5,Customer support resolved my issue quickly and the experience was smooth overall.,Positive
FB0003637,CUST005761,2026-01-26,4,"Great value for the price, my whole family uses different profiles without any issues.",Positive
FB0003638,CUST005761,2026-03-07,3,The service is decent but the content library could use more variety in regional languages.,Neutral
FB0003639,CUST005766,2024-10-11,5,"Love the recommendation engine, it keeps suggesting shows I actually end up enjoying.",Positive
FB0003640,CUST005766,2025-04-01,1,"Not enough new content being added, feels like I have already watched everything worth watching.",Negative
FB0003641,CUST005766,2025-02-17,5,Customer support resolved my issue quickly and the experience was smooth overall.,Positive
FB0003642,CUST005766,2025-11-28,2,"Customer support took too long to respond to my billing complaint, very disappointing experience.",Negative
FB0003643,CUST005771,2021-12-27,3,"It works fine most of the time, occasional buffering but nothing major to complain about.",Neutral
FB0003644,CUST005772,2026-01-03,3,"It works fine most of the time, occasional buffering but nothing major to complain about.",Neutral
FB0003645,CUST005773,2025-01-09,1,Constant buffering issues during peak hours have made this frustrating to use lately.,Negative
FB0003646,CUST005775,2025-05-16,4,"Love the recommendation engine, it keeps suggesting shows I actually end up enjoying.",Positive
FB0003647,CUST005777,2023-08-22,5,Customer support resolved my issue quickly and the experience was smooth overall.,Positive
FB0003648,CUST005781,2023-10-11,4,The streaming quality has been excellent and the app feels much faster after the update.,Positive
FB0003649,CUST005782,2026-04-18,3,"Average experience overall, some months are better than others depending on new releases.",Neutral
FB0003650,CUST005782,2026-05-24,3,The service is decent but the content library could use more variety in regional languages.,Neutral
FB0003651,CUST005782,2026-06-12,2,Cancelled my plan because the price increase was not worth the content available right now.,Negative
FB0003652,CUST005782,2026-06-04,1,The app keeps crashing on my device and I have not been able to watch anything for days.,Negative
FB0003653,CUST005783,2025-03-26,5,"Really happy with the content library, discovered several great shows this month.",Positive
FB0003654,CUST005790,2025-10-09,5,The streaming quality has been excellent and the app feels much faster after the update.,Positive
FB0003655,CUST005792,2024-05-30,4,"Love the recommendation engine, it keeps suggesting shows I actually end up enjoying.",Positive
FB0003656,CUST005792,2020-11-08,1,Cancelled my plan because the price increase was not worth the content available right now.,Negative
FB0003657,CUST005792,2022-05-27,3,"Average experience overall, some months are better than others depending on new releases.",Neutral
FB0003658,CUST005794,2019-08-19,1,Cancelled my plan because the price increase was not worth the content available right now.,Negative
FB0003659,CUST005794,2026-03-13,2,"Not enough new content being added, feels like I have already watched everything worth watching.",Negative
FB0003660,CUST005794,2023-11-13,3,"Average experience overall, some months are better than others depending on new releases.",Neutral
FB0003661,CUST005794,2025-09-24,3,"Average experience overall, some months are better than others depending on new releases.",Neutral
FB0003662,CUST005797,2019-03-20,1,Constant buffering issues during peak hours have made this frustrating to use lately.,Negative
FB0003663,CUST005799,2024-05-02,3,"Average experience overall, some months are better than others depending on new releases.",Neutral
FB0003664,CUST005800,2025-03-02,1,"Not enough new content being added, feels like I have already watched everything worth watching.",Negative
FB0003665,CUST005801,2024-02-13,3,"Average experience overall, some months are better than others depending on new releases.",Neutral
FB0003666,CUST005803,2026-06-15,2,The app keeps crashing on my device and I have not been able to watch anything for days.,Negative
FB0003667,CUST005803,2026-06-03,3,"It works fine most of the time, occasional buffering but nothing major to complain about.",Neutral
FB0003668,CUST005803,2026-06-15,2,Cancelled my plan because the price increase was not worth the content available right now.,Negative
FB0003669,CUST005805,2026-05-24,5,The streaming quality has been excellent and the app feels much faster after the update.,Positive
FB0003670,CUST005808,2022-07-02,4,"Great value for the price, my whole family uses different profiles without any issues.",Positive
FB0003671,CUST005808,2022-06-23,3,The service is decent but the content library could use more variety in regional languages.,Neutral
FB0003672,CUST005809,2026-01-03,3,The service is decent but the content library could use more variety in regional languages.,Neutral
FB0003673,CUST005810,2025-12-18,4,"Really happy with the content library, discovered several great shows this month.",Positive
FB0003674,CUST005811,2026-05-27,3,The service is decent but the content library could use more variety in regional languages.,Neutral
FB0003675,CUST005811,2026-05-23,1,Cancelled my plan because the price increase was not worth the content available right now.,Negative
FB0003676,CUST005815,2026-03-23,4,The streaming quality has been excellent and the app feels much faster after the update.,Positive
FB0003677,CUST005815,2026-04-17,2,Constant buffering issues during peak hours have made this frustrating to use lately.,Negative
FB0003678,CUST005816,2023-06-28,2,"Not enough new content being added, feels like I have already watched everything worth watching.",Negative
FB0003679,CUST005825,2023-10-22,3,"Average experience overall, some months are better than others depending on new releases.",Neutral
FB0003680,CUST005827,2024-08-29,4,"Love the recommendation engine, it keeps suggesting shows I actually end up enjoying.",Positive
FB0003681,CUST005830,2021-05-28,5,"Love the recommendation engine, it keeps suggesting shows I actually end up enjoying.",Positive
FB0003682,CUST005830,2019-09-19,1,Cancelled my plan because the price increase was not worth the content available right now.,Negative
FB0003683,CUST005832,2024-09-01,2,Cancelled my plan because the price increase was not worth the content available right now.,Negative
FB0003684,CUST005832,2026-01-07,3,"It works fine most of the time, occasional buffering but nothing major to complain about.",Neutral
FB0003685,CUST005832,2024-10-14,4,Customer support resolved my issue quickly and the experience was smooth overall.,Positive
FB0003686,CUST005832,2025-01-17,2,Constant buffering issues during peak hours have made this frustrating to use lately.,Negative
FB0003687,CUST005832,2026-02-02,1,The app keeps crashing on my device and I have not been able to watch anything for days.,Negative
FB0003688,CUST005835,2026-02-24,5,"Great value for the price, my whole family uses different profiles without any issues.",Positive
FB0003689,CUST005838,2026-04-20,4,"Love the recommendation engine, it keeps suggesting shows I actually end up enjoying.",Positive
FB0003690,CUST005842,2025-12-29,5,"Great value for the price, my whole family uses different profiles without any issues.",Positive
FB0003691,CUST005843,2025-10-15,3,"It works fine most of the time, occasional buffering but nothing major to complain about.",Neutral
FB0003692,CUST005846,2024-12-14,5,"Great value for the price, my whole family uses different profiles without any issues.",Positive
FB0003693,CUST005848,2026-04-11,5,"Really happy with the content library, discovered several great shows this month.",Positive
FB0003694,CUST005849,2023-12-18,3,The service is decent but the content library could use more variety in regional languages.,Positive
FB0003695,CUST005849,2024-04-10,3,"Average experience overall, some months are better than others depending on new releases.",Neutral
FB0003696,CUST005852,2022-04-25,1,Constant buffering issues during peak hours have made this frustrating to use lately.,Negative
FB0003697,CUST005855,2026-02-19,4,"Love the recommendation engine, it keeps suggesting shows I actually end up enjoying.",Positive
FB0003698,CUST005856,2021-06-02,3,"Average experience overall, some months are better than others depending on new releases.",Neutral
FB0003699,CUST005857,2021-02-23,5,"Love the recommendation engine, it keeps suggesting shows I actually end up enjoying.",Positive
FB0003700,CUST005858,2024-03-12,1,"Not enough new content being added, feels like I have already watched everything worth watching.",Negative
FB0003701,CUST005872,2022-09-24,4,Customer support resolved my issue quickly and the experience was smooth overall.,Positive
FB0003702,CUST005872,2023-08-31,3,"Average experience overall, some months are better than others depending on new releases.",Neutral
FB0003703,CUST005872,2024-04-22,4,Customer support resolved my issue quickly and the experience was smooth overall.,Positive
FB0003704,CUST005873,2024-12-01,2,"Customer support took too long to respond to my billing complaint, very disappointing experience.",Negative
FB0003705,CUST005874,2024-09-01,4,"Love the recommendation engine, it keeps suggesting shows I actually end up enjoying.",Positive
FB0003706,CUST005876,2021-06-10,1,The app keeps crashing on my device and I have not been able to watch anything for days.,Positive
FB0003707,CUST005876,2024-11-12,3,"It works fine most of the time, occasional buffering but nothing major to complain about.",Neutral
FB0003708,CUST005880,2023-01-07,4,"Love the recommendation engine, it keeps suggesting shows I actually end up enjoying.",Positive
FB0003709,CUST005882,2025-08-11,3,"Average experience overall, some months are better than others depending on new releases.",Neutral
FB0003710,CUST005882,2024-03-09,3,The service is decent but the content library could use more variety in regional languages.,Neutral
FB0003711,CUST005882,2026-05-22,3,"Average experience overall, some months are better than others depending on new releases.",Neutral
FB0003712,CUST005883,2025-12-31,2,The app keeps crashing on my device and I have not been able to watch anything for days.,Negative
FB0003713,CUST005889,2025-10-01,1,"Customer support took too long to respond to my billing complaint, very disappointing experience.",Negative
FB0003714,CUST005894,2025-10-29,1,Constant buffering issues during peak hours have made this frustrating to use lately.,Negative
FB0003715,CUST005894,2025-11-16,3,The service is decent but the content library could use more variety in regional languages.,Neutral
FB0003716,CUST005898,2025-12-08,2,Constant buffering issues during peak hours have made this frustrating to use lately.,Negative
FB0003717,CUST005899,2026-05-01,5,The streaming quality has been excellent and the app feels much faster after the update.,Positive
FB0003718,CUST005899,2024-11-03,5,"Love the recommendation engine, it keeps suggesting shows I actually end up enjoying.",Positive
FB0003719,CUST005900,2024-06-11,3,The service is decent but the content library could use more variety in regional languages.,Neutral
FB0003720,CUST005902,2025-05-22,1,"Customer support took too long to respond to my billing complaint, very disappointing experience.",Negative
FB0003721,CUST005902,2025-04-13,3,"Average experience overall, some months are better than others depending on new releases.",Neutral
FB0003722,CUST005903,2024-12-14,3,"It works fine most of the time, occasional buffering but nothing major to complain about.",Neutral
FB0003723,CUST005904,2024-02-01,3,The service is decent but the content library could use more variety in regional languages.,Neutral
FB0003724,CUST005905,2026-01-22,1,The app keeps crashing on my device and I have not been able to watch anything for days.,Negative
FB0003725,CUST005905,2025-08-27,5,"Love the recommendation engine, it keeps suggesting shows I actually end up enjoying.",Positive
FB0003726,CUST005906,2026-01-24,4,Customer support resolved my issue quickly and the experience was smooth overall.,Positive
FB0003727,CUST005907,2021-11-01,5,The streaming quality has been excellent and the app feels much faster after the update.,Positive
FB0003728,CUST005909,2020-12-13,3,"Average experience overall, some months are better than others depending on new releases.",Neutral
FB0003729,CUST005914,2025-06-14,4,Customer support resolved my issue quickly and the experience was smooth overall.,Positive
FB0003730,CUST005915,2025-08-05,4,"Great value for the price, my whole family uses different profiles without any issues.",Positive
FB0003731,CUST005916,2022-09-21,2,The app keeps crashing on my device and I have not been able to watch anything for days.,Negative
FB0003732,CUST005917,2024-12-16,2,"Customer support took too long to respond to my billing complaint, very disappointing experience.",Negative
FB0003733,CUST005917,2026-03-22,1,The app keeps crashing on my device and I have not been able to watch anything for days.,Negative
FB0003734,CUST005917,2025-11-19,2,"Not enough new content being added, feels like I have already watched everything worth watching.",Negative
FB0003735,CUST005917,2025-12-24,2,"Not enough new content being added, feels like I have already watched everything worth watching.",Negative
FB0003736,CUST005918,2025-02-06,3,The service is decent but the content library could use more variety in regional languages.,Neutral
FB0003737,CUST005923,2022-07-03,5,"Great value for the price, my whole family uses different profiles without any issues.",Positive
FB0003738,CUST005926,2024-09-16,4,"Great value for the price, my whole family uses different profiles without any issues.",Positive
FB0003739,CUST005926,2025-06-05,3,The service is decent but the content library could use more variety in regional languages.,Neutral
FB0003740,CUST005927,2025-12-08,5,The streaming quality has been excellent and the app feels much faster after the update.,Positive
FB0003741,CUST005930,2026-01-06,5,Customer support resolved my issue quickly and the experience was smooth overall.,Positive
FB0003742,CUST005931,2026-01-29,3,"Average experience overall, some months are better than others depending on new releases.",Neutral
FB0003743,CUST005933,2026-01-08,4,"Great value for the price, my whole family uses different profiles without any issues.",Positive
FB0003744,CUST005934,2024-08-23,4,"Love the recommendation engine, it keeps suggesting shows I actually end up enjoying.",Positive
FB0003745,CUST005935,2024-08-31,3,The service is decent but the content library could use more variety in regional languages.,Neutral
FB0003746,CUST005938,2025-04-01,4,The streaming quality has been excellent and the app feels much faster after the update.,Positive
FB0003747,CUST005939,2023-08-13,3,"Average experience overall, some months are better than others depending on new releases.",Positive
FB0003748,CUST005939,2025-02-24,1,The app keeps crashing on my device and I have not been able to watch anything for days.,Negative
FB0003749,CUST005939,2024-03-19,5,Customer support resolved my issue quickly and the experience was smooth overall.,Positive
FB0003750,CUST005940,2022-09-17,3,The service is decent but the content library could use more variety in regional languages.,Neutral
FB0003751,CUST005942,2025-10-07,3,"Average experience overall, some months are better than others depending on new releases.",Neutral
FB0003752,CUST005947,2024-10-03,3,"Average experience overall, some months are better than others depending on new releases.",Negative
FB0003753,CUST005949,2024-03-04,2,"Not enough new content being added, feels like I have already watched everything worth watching.",Negative
FB0003754,CUST005949,2025-08-11,2,Cancelled my plan because the price increase was not worth the content available right now.,Negative
FB0003755,CUST005949,2024-02-26,1,Cancelled my plan because the price increase was not worth the content available right now.,Negative
FB0003756,CUST005949,2024-07-05,3,"Average experience overall, some months are better than others depending on new releases.",Neutral
FB0003757,CUST005955,2025-11-06,4,"Really happy with the content library, discovered several great shows this month.",Positive
FB0003758,CUST005957,2025-04-26,3,"Average experience overall, some months are better than others depending on new releases.",Neutral
FB0003759,CUST005957,2023-04-29,4,"Great value for the price, my whole family uses different profiles without any issues.",Positive
FB0003760,CUST005957,2022-08-26,1,The app keeps crashing on my device and I have not been able to watch anything for days.,Negative
FB0003761,CUST005959,2022-05-05,4,"Great value for the price, my whole family uses different profiles without any issues.",Positive
FB0003762,CUST005961,2026-02-09,1,The app keeps crashing on my device and I have not been able to watch anything for days.,Negative
FB0003763,CUST005961,2025-11-12,5,"Great value for the price, my whole family uses different profiles without any issues.",Positive
FB0003764,CUST005962,2024-06-26,3,The service is decent but the content library could use more variety in regional languages.,Neutral
FB0003765,CUST005962,2022-08-25,1,The app keeps crashing on my device and I have not been able to watch anything for days.,Negative
FB0003766,CUST005963,2025-11-19,5,"Great value for the price, my whole family uses different profiles without any issues.",Positive
FB0003767,CUST005963,2024-09-28,5,The streaming quality has been excellent and the app feels much faster after the update.,Positive
FB0003768,CUST005966,2025-11-18,1,"Customer support took too long to respond to my billing complaint, very disappointing experience.",Negative
FB0003769,CUST005966,2025-06-24,5,"Love the recommendation engine, it keeps suggesting shows I actually end up enjoying.",Positive
FB0003770,CUST005969,2026-04-28,1,"Customer support took too long to respond to my billing complaint, very disappointing experience.",Negative
FB0003771,CUST005972,2025-02-24,5,"Love the recommendation engine, it keeps suggesting shows I actually end up enjoying.",Positive
FB0003772,CUST005972,2025-08-03,3,"It works fine most of the time, occasional buffering but nothing major to complain about.",Neutral
FB0003773,CUST005975,2026-06-26,2,Cancelled my plan because the price increase was not worth the content available right now.,Negative
FB0003774,CUST005976,2021-11-04,4,Customer support resolved my issue quickly and the experience was smooth overall.,Positive
FB0003775,CUST005977,2025-12-21,5,"Really happy with the content library, discovered several great shows this month.",Positive
FB0003776,CUST005980,2024-04-10,5,"Great value for the price, my whole family uses different profiles without any issues.",Positive
FB0003777,CUST005980,2023-05-18,2,Constant buffering issues during peak hours have made this frustrating to use lately.,Negative
FB0003778,CUST005980,2026-02-23,3,"It works fine most of the time, occasional buffering but nothing major to complain about.",Neutral
FB0003779,CUST005984,2023-11-18,2,Constant buffering issues during peak hours have made this frustrating to use lately.,Negative
FB0003780,CUST005984,2024-01-02,2,Cancelled my plan because the price increase was not worth the content available right now.,Negative
FB0003781,CUST005986,2025-07-22,3,The service is decent but the content library could use more variety in regional languages.,Neutral
FB0003782,CUST005986,2023-07-15,3,The service is decent but the content library could use more variety in regional languages.,Neutral
FB0003783,CUST005988,2021-02-11,3,"Average experience overall, some months are better than others depending on new releases.",Neutral
FB0003784,CUST005989,2024-06-02,1,Constant buffering issues during peak hours have made this frustrating to use lately.,Negative
FB0003785,CUST005990,2023-08-31,3,The service is decent but the content library could use more variety in regional languages.,Neutral
FB0003786,CUST005992,2025-07-14,3,"It works fine most of the time, occasional buffering but nothing major to complain about.",Neutral
FB0003787,CUST005993,2021-10-18,3,The service is decent but the content library could use more variety in regional languages.,Neutral
FB0003788,CUST005999,2025-10-19,3,"Average experience overall, some months are better than others depending on new releases.",Neutral
FB0003789,CUST006001,2024-03-21,3,The service is decent but the content library could use more variety in regional languages.,Neutral
FB0003790,CUST006001,2023-07-31,3,"It works fine most of the time, occasional buffering but nothing major to complain about.",Neutral
FB0003791,CUST006001,2024-12-10,2,Cancelled my plan because the price increase was not worth the content available right now.,Negative
FB0003792,CUST006003,2025-08-24,5,The streaming quality has been excellent and the app feels much faster after the update.,Positive
FB0003793,CUST006003,2024-07-21,2,Constant buffering issues during peak hours have made this frustrating to use lately.,Negative
FB0003794,CUST006004,2023-12-15,5,"Great value for the price, my whole family uses different profiles without any issues.",Positive
FB0003795,CUST006004,2025-05-13,4,The streaming quality has been excellent and the app feels much faster after the update.,Neutral
FB0003796,CUST006006,2025-11-14,3,"Average experience overall, some months are better than others depending on new releases.",Neutral
FB0003797,CUST006006,2025-01-16,4,"Great value for the price, my whole family uses different profiles without any issues.",Negative
FB0003798,CUST006008,2022-07-09,3,"Average experience overall, some months are better than others depending on new releases.",Neutral
FB0003799,CUST006011,2025-04-08,2,"Customer support took too long to respond to my billing complaint, very disappointing experience.",Negative
FB0003800,CUST006016,2024-03-23,3,The service is decent but the content library could use more variety in regional languages.,Neutral
FB0003801,CUST006018,2023-08-11,3,The service is decent but the content library could use more variety in regional languages.,Neutral
FB0003802,CUST006021,2025-02-01,3,"It works fine most of the time, occasional buffering but nothing major to complain about.",Positive
FB0003803,CUST006022,2024-07-04,4,Customer support resolved my issue quickly and the experience was smooth overall.,Positive
FB0003804,CUST006029,2024-04-27,5,The streaming quality has been excellent and the app feels much faster after the update.,Positive
FB0003805,CUST006034,2026-01-15,4,Customer support resolved my issue quickly and the experience was smooth overall.,Positive
FB0003806,CUST006035,2024-10-30,3,The service is decent but the content library could use more variety in regional languages.,Neutral
FB0003807,CUST006038,2021-11-10,2,The app keeps crashing on my device and I have not been able to watch anything for days.,Negative
FB0003808,CUST006046,2022-02-17,3,"Average experience overall, some months are better than others depending on new releases.",Neutral
FB0003809,CUST006047,2026-03-16,2,The app keeps crashing on my device and I have not been able to watch anything for days.,Negative
FB0003810,CUST006049,2024-02-21,3,The service is decent but the content library could use more variety in regional languages.,Neutral
FB0003811,CUST006052,2024-12-19,3,"Average experience overall, some months are better than others depending on new releases.",Neutral
FB0003812,CUST006056,2023-06-06,3,The service is decent but the content library could use more variety in regional languages.,Neutral
FB0003813,CUST006058,2025-03-16,2,The app keeps crashing on my device and I have not been able to watch anything for days.,Negative
FB0003814,CUST006058,2024-07-08,4,"Great value for the price, my whole family uses different profiles without any issues.",Positive
FB0003815,CUST006060,2024-12-23,5,"Great value for the price, my whole family uses different profiles without any issues.",Positive
FB0003816,CUST006062,2024-06-25,2,"Customer support took too long to respond to my billing complaint, very disappointing experience.",Negative
FB0003817,CUST006065,2021-09-03,4,"Love the recommendation engine, it keeps suggesting shows I actually end up enjoying.",Positive
FB0003818,CUST006066,2026-05-20,3,"It works fine most of the time, occasional buffering but nothing major to complain about.",Neutral
FB0003819,CUST006067,2026-04-30,1,"Customer support took too long to respond to my billing complaint, very disappointing experience.",Negative
FB0003820,CUST006070,2025-02-27,3,"It works fine most of the time, occasional buffering but nothing major to complain about.",Neutral
FB0003821,CUST006074,2026-01-14,5,The streaming quality has been excellent and the app feels much faster after the update.,Positive
FB0003822,CUST006076,2024-07-25,3,"Average experience overall, some months are better than others depending on new releases.",Neutral
FB0003823,CUST006078,2022-03-11,1,Constant buffering issues during peak hours have made this frustrating to use lately.,Negative
FB0003824,CUST006078,2020-11-03,4,Customer support resolved my issue quickly and the experience was smooth overall.,Positive
FB0003825,CUST006079,2026-03-26,5,Customer support resolved my issue quickly and the experience was smooth overall.,Positive
FB0003826,CUST006081,2023-08-31,5,"Love the recommendation engine, it keeps suggesting shows I actually end up enjoying.",Positive
FB0003827,CUST006085,2026-04-21,3,"Average experience overall, some months are better than others depending on new releases.",Neutral
FB0003828,CUST006088,2025-11-08,2,Constant buffering issues during peak hours have made this frustrating to use lately.,Negative
FB0003829,CUST006088,2023-06-18,2,Constant buffering issues during peak hours have made this frustrating to use lately.,Negative
FB0003830,CUST006088,2025-04-19,4,Customer support resolved my issue quickly and the experience was smooth overall.,Positive
FB0003831,CUST006089,2024-02-05,4,The streaming quality has been excellent and the app feels much faster after the update.,Positive
FB0003832,CUST006091,2025-03-03,2,The app keeps crashing on my device and I have not been able to watch anything for days.,Negative
FB0003833,CUST006092,2026-01-23,1,"Not enough new content being added, feels like I have already watched everything worth watching.",Negative
FB0003834,CUST006093,2024-04-06,1,"Not enough new content being added, feels like I have already watched everything worth watching.",Negative
FB0003835,CUST006095,2026-05-21,2,Constant buffering issues during peak hours have made this frustrating to use lately.,Negative
FB0003836,CUST006096,2024-07-26,5,"Great value for the price, my whole family uses different profiles without any issues.",Positive
FB0003837,CUST006096,2024-01-03,2,"Customer support took too long to respond to my billing complaint, very disappointing experience.",Negative
FB0003838,CUST006096,2023-09-01,1,"Customer support took too long to respond to my billing complaint, very disappointing experience.",Negative
FB0003839,CUST006096,2025-03-14,4,"Great value for the price, my whole family uses different profiles without any issues.",Positive
FB0003840,CUST006099,2022-05-31,3,"Average experience overall, some months are better than others depending on new releases.",Neutral
FB0003841,CUST006100,2022-08-13,4,Customer support resolved my issue quickly and the experience was smooth overall.,Positive
FB0003842,CUST006100,2026-06-23,3,"Average experience overall, some months are better than others depending on new releases.",Neutral
FB0003843,CUST006104,2024-07-14,1,"Not enough new content being added, feels like I have already watched everything worth watching.",Negative
FB0003844,CUST006106,2026-04-25,4,"Great value for the price, my whole family uses different profiles without any issues.",Positive
FB0003845,CUST006108,2020-12-05,2,The app keeps crashing on my device and I have not been able to watch anything for days.,Neutral
FB0003846,CUST006113,2024-07-31,5,The streaming quality has been excellent and the app feels much faster after the update.,Positive
FB0003847,CUST006116,2026-04-13,3,The service is decent but the content library could use more variety in regional languages.,Neutral
FB0003848,CUST006117,2026-03-07,3,"It works fine most of the time, occasional buffering but nothing major to complain about.",Neutral
FB0003849,CUST006118,2026-05-23,3,"It works fine most of the time, occasional buffering but nothing major to complain about.",Neutral
FB0003850,CUST006119,2019-12-18,2,Constant buffering issues during peak hours have made this frustrating to use lately.,Negative
FB0003851,CUST006122,2025-09-07,2,"Not enough new content being added, feels like I have already watched everything worth watching.",Negative
FB0003852,CUST006124,2022-06-28,4,"Love the recommendation engine, it keeps suggesting shows I actually end up enjoying.",Positive
FB0003853,CUST006130,2025-07-17,4,"Great value for the price, my whole family uses different profiles without any issues.",Neutral
FB0003854,CUST006134,2023-06-03,3,"Average experience overall, some months are better than others depending on new releases.",Neutral
FB0003855,CUST006136,2024-03-10,4,"Great value for the price, my whole family uses different profiles without any issues.",Positive
FB0003856,CUST006137,2022-07-03,5,"Great value for the price, my whole family uses different profiles without any issues.",Positive
FB0003857,CUST006140,2025-10-14,2,The app keeps crashing on my device and I have not been able to watch anything for days.,Negative
FB0003858,CUST006141,2026-05-18,5,Customer support resolved my issue quickly and the experience was smooth overall.,Positive
FB0003859,CUST006142,2026-05-21,4,"Really happy with the content library, discovered several great shows this month.",Positive
FB0003860,CUST006143,2024-06-24,3,"Average experience overall, some months are better than others depending on new releases.",Neutral
FB0003861,CUST006145,2023-06-10,5,"Great value for the price, my whole family uses different profiles without any issues.",Positive
FB0003862,CUST006146,2022-02-18,5,The streaming quality has been excellent and the app feels much faster after the update.,Positive
FB0003863,CUST006150,2021-04-07,5,Customer support resolved my issue quickly and the experience was smooth overall.,Positive
FB0003864,CUST006151,2025-11-24,2,The app keeps crashing on my device and I have not been able to watch anything for days.,Negative
FB0003865,CUST006153,2026-02-14,1,Constant buffering issues during peak hours have made this frustrating to use lately.,Negative
FB0003866,CUST006158,2024-11-27,2,"Not enough new content being added, feels like I have already watched everything worth watching.",Negative
FB0003867,CUST006158,2026-01-01,2,"Customer support took too long to respond to my billing complaint, very disappointing experience.",Negative
FB0003868,CUST006159,2023-08-06,4,"Love the recommendation engine, it keeps suggesting shows I actually end up enjoying.",Positive
FB0003869,CUST006161,2025-01-22,3,The service is decent but the content library could use more variety in regional languages.,Neutral
FB0003870,CUST006162,2024-09-01,2,The app keeps crashing on my device and I have not been able to watch anything for days.,Negative
FB0003871,CUST006163,2026-01-07,1,"Customer support took too long to respond to my billing complaint, very disappointing experience.",Negative
FB0003872,CUST006164,2026-02-11,3,The service is decent but the content library could use more variety in regional languages.,Neutral
FB0003873,CUST006169,2025-09-22,4,"Really happy with the content library, discovered several great shows this month.",Positive
FB0003874,CUST006170,2020-06-29,4,"Love the recommendation engine, it keeps suggesting shows I actually end up enjoying.",Positive
FB0003875,CUST006172,2024-07-16,3,"It works fine most of the time, occasional buffering but nothing major to complain about.",Neutral
FB0003876,CUST006173,2026-04-11,4,"Really happy with the content library, discovered several great shows this month.",Positive
FB0003877,CUST006175,2026-03-16,1,"Customer support took too long to respond to my billing complaint, very disappointing experience.",Negative
FB0003878,CUST006176,2021-08-31,4,"Love the recommendation engine, it keeps suggesting shows I actually end up enjoying.",Positive
FB0003879,CUST006178,2023-08-02,5,"Love the recommendation engine, it keeps suggesting shows I actually end up enjoying.",Positive
FB0003880,CUST006180,2023-04-29,1,"Customer support took too long to respond to my billing complaint, very disappointing experience.",Negative
FB0003881,CUST006181,2025-04-26,5,"Love the recommendation engine, it keeps suggesting shows I actually end up enjoying.",Positive
FB0003882,CUST006181,2025-11-01,3,"Average experience overall, some months are better than others depending on new releases.",Neutral
FB0003883,CUST006184,2025-12-17,3,"Average experience overall, some months are better than others depending on new releases.",Neutral
FB0003884,CUST006184,2022-01-29,3,"Average experience overall, some months are better than others depending on new releases.",Neutral
FB0003885,CUST006185,2024-07-10,1,The app keeps crashing on my device and I have not been able to watch anything for days.,Positive
FB0003886,CUST006190,2023-03-13,3,The service is decent but the content library could use more variety in regional languages.,Neutral
FB0003887,CUST006193,2026-01-07,3,"It works fine most of the time, occasional buffering but nothing major to complain about.",Neutral
FB0003888,CUST006193,2025-10-10,4,"Love the recommendation engine, it keeps suggesting shows I actually end up enjoying.",Positive
FB0003889,CUST006194,2020-05-22,3,"Average experience overall, some months are better than others depending on new releases.",Neutral
FB0003890,CUST006194,2021-04-29,1,Cancelled my plan because the price increase was not worth the content available right now.,Negative
FB0003891,CUST006195,2024-06-09,5,"Really happy with the content library, discovered several great shows this month.",Positive
FB0003892,CUST006196,2023-12-20,5,"Really happy with the content library, discovered several great shows this month.",Positive
FB0003893,CUST006198,2023-03-06,2,Cancelled my plan because the price increase was not worth the content available right now.,Negative
FB0003894,CUST006199,2022-09-26,1,The app keeps crashing on my device and I have not been able to watch anything for days.,Negative
FB0003895,CUST006200,2025-09-02,5,"Really happy with the content library, discovered several great shows this month.",Positive
FB0003896,CUST006204,2023-11-10,5,The streaming quality has been excellent and the app feels much faster after the update.,Positive
FB0003897,CUST006207,2025-09-23,4,"Great value for the price, my whole family uses different profiles without any issues.",Positive
FB0003898,CUST006209,2024-03-02,3,"Average experience overall, some months are better than others depending on new releases.",Neutral
FB0003899,CUST006209,2026-06-16,2,The app keeps crashing on my device and I have not been able to watch anything for days.,Negative
FB0003900,CUST006214,2026-04-08,4,"Really happy with the content library, discovered several great shows this month.",Positive
FB0003901,CUST006214,2025-10-15,4,"Love the recommendation engine, it keeps suggesting shows I actually end up enjoying.",Positive
FB0003902,CUST006214,2024-05-02,5,The streaming quality has been excellent and the app feels much faster after the update.,Positive
FB0003903,CUST006214,2025-02-04,5,The streaming quality has been excellent and the app feels much faster after the update.,Positive
FB0003904,CUST006214,2025-12-13,1,Cancelled my plan because the price increase was not worth the content available right now.,Negative
FB0003905,CUST006215,2023-03-02,4,"Really happy with the content library, discovered several great shows this month.",Positive
FB0003906,CUST006217,2024-08-12,2,The app keeps crashing on my device and I have not been able to watch anything for days.,Positive
FB0003907,CUST006218,2026-02-05,5,"Really happy with the content library, discovered several great shows this month.",Positive
FB0003908,CUST006220,2025-07-26,3,"It works fine most of the time, occasional buffering but nothing major to complain about.",Negative
FB0003909,CUST006220,2026-01-07,3,"Average experience overall, some months are better than others depending on new releases.",Neutral
FB0003910,CUST006226,2025-02-17,2,"Customer support took too long to respond to my billing complaint, very disappointing experience.",Negative
FB0003911,CUST006227,2025-08-23,5,"Love the recommendation engine, it keeps suggesting shows I actually end up enjoying.",Positive
FB0003912,CUST006227,2025-04-06,3,"Average experience overall, some months are better than others depending on new releases.",Neutral
FB0003913,CUST006229,2026-02-03,5,Customer support resolved my issue quickly and the experience was smooth overall.,Positive
FB0003914,CUST006231,2023-05-04,1,"Not enough new content being added, feels like I have already watched everything worth watching.",Negative
FB0003915,CUST006232,2024-09-29,1,Constant buffering issues during peak hours have made this frustrating to use lately.,Negative
FB0003916,CUST006234,2025-12-30,4,"Love the recommendation engine, it keeps suggesting shows I actually end up enjoying.",Positive
FB0003917,CUST006235,2026-06-18,2,The app keeps crashing on my device and I have not been able to watch anything for days.,Negative
FB0003918,CUST006236,2022-03-26,2,"Not enough new content being added, feels like I have already watched everything worth watching.",Positive
FB0003919,CUST006236,2026-03-29,4,"Love the recommendation engine, it keeps suggesting shows I actually end up enjoying.",Positive
FB0003920,CUST006241,2024-05-25,2,The app keeps crashing on my device and I have not been able to watch anything for days.,Negative
FB0003921,CUST006242,2026-04-24,3,The service is decent but the content library could use more variety in regional languages.,Neutral
FB0003922,CUST006242,2026-06-04,5,"Great value for the price, my whole family uses different profiles without any issues.",Positive
FB0003923,CUST006246,2025-01-17,3,The service is decent but the content library could use more variety in regional languages.,Neutral
FB0003924,CUST006249,2021-05-27,2,The app keeps crashing on my device and I have not been able to watch anything for days.,Negative
FB0003925,CUST006250,2021-04-02,3,The service is decent but the content library could use more variety in regional languages.,Neutral
FB0003926,CUST006251,2022-11-20,2,Cancelled my plan because the price increase was not worth the content available right now.,Negative
FB0003927,CUST006254,2026-02-27,2,"Customer support took too long to respond to my billing complaint, very disappointing experience.",Negative
FB0003928,CUST006254,2022-07-19,1,Cancelled my plan because the price increase was not worth the content available right now.,Negative
FB0003929,CUST006254,2021-04-19,1,"Customer support took too long to respond to my billing complaint, very disappointing experience.",Positive
FB0003930,CUST006256,2026-04-11,1,"Not enough new content being added, feels like I have already watched everything worth watching.",Negative
FB0003931,CUST006257,2022-04-29,2,"Customer support took too long to respond to my billing complaint, very disappointing experience.",Negative
FB0003932,CUST006260,2025-10-07,4,"Love the recommendation engine, it keeps suggesting shows I actually end up enjoying.",Positive
FB0003933,CUST006261,2024-08-27,3,"Average experience overall, some months are better than others depending on new releases.",Neutral
FB0003934,CUST006261,2025-04-19,3,"Average experience overall, some months are better than others depending on new releases.",Neutral
FB0003935,CUST006263,2026-01-10,4,Customer support resolved my issue quickly and the experience was smooth overall.,Positive
FB0003936,CUST006269,2026-02-01,4,"Great value for the price, my whole family uses different profiles without any issues.",Positive
FB0003937,CUST006269,2026-02-07,3,"Average experience overall, some months are better than others depending on new releases.",Neutral
FB0003938,CUST006270,2025-01-03,1,The app keeps crashing on my device and I have not been able to watch anything for days.,Negative
FB0003939,CUST006271,2026-03-11,4,The streaming quality has been excellent and the app feels much faster after the update.,Positive
FB0003940,CUST006271,2026-05-11,2,Constant buffering issues during peak hours have made this frustrating to use lately.,Neutral
FB0003941,CUST006272,2026-05-23,5,"Really happy with the content library, discovered several great shows this month.",Positive
FB0003942,CUST006273,2026-04-05,3,"Average experience overall, some months are better than others depending on new releases.",Neutral
FB0003943,CUST006273,2025-07-01,5,Customer support resolved my issue quickly and the experience was smooth overall.,Positive
FB0003944,CUST006275,2023-09-03,2,Constant buffering issues during peak hours have made this frustrating to use lately.,Negative
FB0003945,CUST006275,2025-01-23,3,"Average experience overall, some months are better than others depending on new releases.",Neutral
FB0003946,CUST006278,2021-11-16,1,"Not enough new content being added, feels like I have already watched everything worth watching.",Negative
FB0003947,CUST006283,2025-02-04,1,Cancelled my plan because the price increase was not worth the content available right now.,Negative
FB0003948,CUST006283,2025-09-14,1,Constant buffering issues during peak hours have made this frustrating to use lately.,Negative
FB0003949,CUST006284,2026-06-11,5,The streaming quality has been excellent and the app feels much faster after the update.,Negative
FB0003950,CUST006285,2026-06-09,5,"Great value for the price, my whole family uses different profiles without any issues.",Positive
FB0003951,CUST006286,2021-04-14,4,The streaming quality has been excellent and the app feels much faster after the update.,Positive
FB0003952,CUST006286,2024-03-27,4,The streaming quality has been excellent and the app feels much faster after the update.,Positive
FB0003953,CUST006286,2020-11-22,3,"Average experience overall, some months are better than others depending on new releases.",Neutral
FB0003954,CUST006290,2025-11-21,4,"Love the recommendation engine, it keeps suggesting shows I actually end up enjoying.",Positive
FB0003955,CUST006291,2025-03-28,3,The service is decent but the content library could use more variety in regional languages.,Neutral
FB0003956,CUST006294,2023-06-12,5,"Love the recommendation engine, it keeps suggesting shows I actually end up enjoying.",Positive
FB0003957,CUST006295,2025-11-08,1,"Not enough new content being added, feels like I have already watched everything worth watching.",Negative
FB0003958,CUST006299,2025-06-12,5,The streaming quality has been excellent and the app feels much faster after the update.,Positive
FB0003959,CUST006302,2026-01-27,4,"Love the recommendation engine, it keeps suggesting shows I actually end up enjoying.",Positive
FB0003960,CUST006302,2025-07-24,3,The service is decent but the content library could use more variety in regional languages.,Neutral
FB0003961,CUST006307,2026-03-21,3,"It works fine most of the time, occasional buffering but nothing major to complain about.",Neutral
FB0003962,CUST006308,2025-06-16,1,Cancelled my plan because the price increase was not worth the content available right now.,Neutral
FB0003963,CUST006309,2025-08-15,1,"Customer support took too long to respond to my billing complaint, very disappointing experience.",Negative
FB0003964,CUST006310,2026-01-27,5,"Love the recommendation engine, it keeps suggesting shows I actually end up enjoying.",Positive
FB0003965,CUST006310,2023-05-05,2,"Not enough new content being added, feels like I have already watched everything worth watching.",Negative
FB0003966,CUST006312,2024-09-09,1,Cancelled my plan because the price increase was not worth the content available right now.,Negative
FB0003967,CUST006314,2023-03-16,5,"Love the recommendation engine, it keeps suggesting shows I actually end up enjoying.",Positive
FB0003968,CUST006314,2021-10-23,1,The app keeps crashing on my device and I have not been able to watch anything for days.,Negative
FB0003969,CUST006316,2024-03-24,3,"Average experience overall, some months are better than others depending on new releases.",Neutral
FB0003970,CUST006316,2021-05-28,3,The service is decent but the content library could use more variety in regional languages.,Neutral
FB0003971,CUST006322,2020-06-12,4,The streaming quality has been excellent and the app feels much faster after the update.,Positive
FB0003972,CUST006325,2025-12-18,1,"Customer support took too long to respond to my billing complaint, very disappointing experience.",Negative
FB0003973,CUST006327,2025-06-17,1,The app keeps crashing on my device and I have not been able to watch anything for days.,Negative
FB0003974,CUST006328,2025-12-10,3,"It works fine most of the time, occasional buffering but nothing major to complain about.",Neutral
FB0003975,CUST006329,2025-02-13,3,"It works fine most of the time, occasional buffering but nothing major to complain about.",Neutral
FB0003976,CUST006330,2020-04-19,2,The app keeps crashing on my device and I have not been able to watch anything for days.,Negative
FB0003977,CUST006331,2020-07-11,2,"Customer support took too long to respond to my billing complaint, very disappointing experience.",Negative
FB0003978,CUST006334,2025-06-06,3,"It works fine most of the time, occasional buffering but nothing major to complain about.",Neutral
FB0003979,CUST006337,2026-04-16,2,The app keeps crashing on my device and I have not been able to watch anything for days.,Positive
FB0003980,CUST006339,2023-10-30,2,The app keeps crashing on my device and I have not been able to watch anything for days.,Negative
FB0003981,CUST006342,2025-05-15,3,"It works fine most of the time, occasional buffering but nothing major to complain about.",Neutral
FB0003982,CUST006344,2023-07-04,4,Customer support resolved my issue quickly and the experience was smooth overall.,Positive
FB0003983,CUST006347,2025-12-29,3,"Average experience overall, some months are better than others depending on new releases.",Neutral
FB0003984,CUST006355,2026-04-22,3,The service is decent but the content library could use more variety in regional languages.,Neutral
FB0003985,CUST006358,2026-05-14,4,"Love the recommendation engine, it keeps suggesting shows I actually end up enjoying.",Positive
FB0003986,CUST006361,2023-11-21,5,The streaming quality has been excellent and the app feels much faster after the update.,Positive
FB0003987,CUST006363,2024-12-20,2,The app keeps crashing on my device and I have not been able to watch anything for days.,Negative
FB0003988,CUST006368,2025-07-25,4,The streaming quality has been excellent and the app feels much faster after the update.,Positive
FB0003989,CUST006371,2025-09-25,3,The service is decent but the content library could use more variety in regional languages.,Neutral
FB0003990,CUST006373,2023-08-27,3,The service is decent but the content library could use more variety in regional languages.,Neutral
FB0003991,CUST006375,2025-06-11,3,"Average experience overall, some months are better than others depending on new releases.",Neutral
FB0003992,CUST006375,2026-01-23,5,"Really happy with the content library, discovered several great shows this month.",Positive
FB0003993,CUST006377,2022-12-03,2,Cancelled my plan because the price increase was not worth the content available right now.,Negative
FB0003994,CUST006380,2023-03-02,4,"Really happy with the content library, discovered several great shows this month.",Positive
FB0003995,CUST006384,2025-06-13,3,The service is decent but the content library could use more variety in regional languages.,Neutral
FB0003996,CUST006389,2025-12-23,4,The streaming quality has been excellent and the app feels much faster after the update.,Positive
FB0003997,CUST006390,2026-04-25,3,"It works fine most of the time, occasional buffering but nothing major to complain about.",Neutral
FB0003998,CUST006392,2022-12-08,2,"Not enough new content being added, feels like I have already watched everything worth watching.",Negative
FB0003999,CUST006393,2024-11-17,3,"It works fine most of the time, occasional buffering but nothing major to complain about.",Neutral
FB0004000,CUST006394,2024-08-02,3,"It works fine most of the time, occasional buffering but nothing major to complain about.",Neutral
FB0004001,CUST006395,2025-09-21,3,"It works fine most of the time, occasional buffering but nothing major to complain about.",Neutral
FB0004002,CUST006400,2026-03-30,5,The streaming quality has been excellent and the app feels much faster after the update.,Positive
FB0004003,CUST006402,2025-11-20,5,Customer support resolved my issue quickly and the experience was smooth overall.,Positive
FB0004004,CUST006402,2024-10-27,3,"It works fine most of the time, occasional buffering but nothing major to complain about.",Neutral
FB0004005,CUST006403,2022-10-08,4,"Great value for the price, my whole family uses different profiles without any issues.",Positive
FB0004006,CUST006403,2022-06-20,5,"Great value for the price, my whole family uses different profiles without any issues.",Positive
FB0004007,CUST006406,2022-07-04,5,"Love the recommendation engine, it keeps suggesting shows I actually end up enjoying.",Positive
FB0004008,CUST006409,2024-06-21,3,The service is decent but the content library could use more variety in regional languages.,Neutral
FB0004009,CUST006412,2023-03-04,3,"It works fine most of the time, occasional buffering but nothing major to complain about.",Neutral
FB0004010,CUST006417,2024-10-11,2,"Customer support took too long to respond to my billing complaint, very disappointing experience.",Negative
FB0004011,CUST006419,2024-11-15,2,"Not enough new content being added, feels like I have already watched everything worth watching.",Negative
FB0004012,CUST006420,2022-08-18,4,"Love the recommendation engine, it keeps suggesting shows I actually end up enjoying.",Positive
FB0004013,CUST006424,2023-03-07,3,"It works fine most of the time, occasional buffering but nothing major to complain about.",Neutral
FB0004014,CUST006424,2024-10-12,4,"Really happy with the content library, discovered several great shows this month.",Positive
FB0004015,CUST006426,2025-06-28,4,The streaming quality has been excellent and the app feels much faster after the update.,Positive
FB0004016,CUST006426,2025-05-26,4,"Love the recommendation engine, it keeps suggesting shows I actually end up enjoying.",Positive
FB0004017,CUST006429,2019-08-26,2,Constant buffering issues during peak hours have made this frustrating to use lately.,Negative
FB0004018,CUST006430,2023-02-21,1,Constant buffering issues during peak hours have made this frustrating to use lately.,Negative
FB0004019,CUST006430,2024-01-08,3,"Average experience overall, some months are better than others depending on new releases.",Negative
FB0004020,CUST006431,2025-11-12,5,The streaming quality has been excellent and the app feels much faster after the update.,Positive
FB0004021,CUST006433,2023-10-15,1,Constant buffering issues during peak hours have made this frustrating to use lately.,Negative
FB0004022,CUST006434,2021-05-02,4,"Love the recommendation engine, it keeps suggesting shows I actually end up enjoying.",Negative
FB0004023,CUST006436,2025-02-16,3,"Average experience overall, some months are better than others depending on new releases.",Neutral
FB0004024,CUST006440,2025-04-07,4,"Love the recommendation engine, it keeps suggesting shows I actually end up enjoying.",Neutral
FB0004025,CUST006441,2025-09-09,3,"Average experience overall, some months are better than others depending on new releases.",Neutral
FB0004026,CUST006441,2026-05-11,2,"Not enough new content being added, feels like I have already watched everything worth watching.",Negative
FB0004027,CUST006445,2026-02-14,3,"Average experience overall, some months are better than others depending on new releases.",Neutral
FB0004028,CUST006448,2023-04-20,2,The app keeps crashing on my device and I have not been able to watch anything for days.,Negative
FB0004029,CUST006449,2022-11-09,4,"Great value for the price, my whole family uses different profiles without any issues.",Positive
FB0004030,CUST006449,2024-12-20,5,Customer support resolved my issue quickly and the experience was smooth overall.,Positive
FB0004031,CUST006449,2023-08-30,2,"Customer support took too long to respond to my billing complaint, very disappointing experience.",Negative
FB0004032,CUST006450,2026-05-30,4,"Really happy with the content library, discovered several great shows this month.",Positive
FB0004033,CUST006452,2023-11-25,3,"Average experience overall, some months are better than others depending on new releases.",Neutral
FB0004034,CUST006455,2023-03-12,4,"Really happy with the content library, discovered several great shows this month.",Neutral
FB0004035,CUST006460,2023-06-22,4,Customer support resolved my issue quickly and the experience was smooth overall.,Positive
FB0004036,CUST006460,2024-01-11,4,Customer support resolved my issue quickly and the experience was smooth overall.,Positive
FB0004037,CUST006460,2022-09-06,3,"It works fine most of the time, occasional buffering but nothing major to complain about.",Neutral
FB0004038,CUST006460,2023-07-17,4,Customer support resolved my issue quickly and the experience was smooth overall.,Positive
FB0004039,CUST006465,2021-01-25,1,Cancelled my plan because the price increase was not worth the content available right now.,Negative
FB0004040,CUST006467,2025-11-01,1,Cancelled my plan because the price increase was not worth the content available right now.,Negative
FB0004041,CUST006469,2024-12-24,2,The app keeps crashing on my device and I have not been able to watch anything for days.,Negative
FB0004042,CUST006471,2024-10-16,5,"Love the recommendation engine, it keeps suggesting shows I actually end up enjoying.",Positive
FB0004043,CUST006472,2026-05-05,3,"Average experience overall, some months are better than others depending on new releases.",Neutral
FB0004044,CUST006474,2025-12-15,1,Constant buffering issues during peak hours have made this frustrating to use lately.,Negative
FB0004045,CUST006478,2025-06-02,1,The app keeps crashing on my device and I have not been able to watch anything for days.,Negative
FB0004046,CUST006478,2025-09-26,5,Customer support resolved my issue quickly and the experience was smooth overall.,Positive
FB0004047,CUST006478,2025-09-17,2,"Customer support took too long to respond to my billing complaint, very disappointing experience.",Negative
FB0004048,CUST006478,2025-10-03,5,"Great value for the price, my whole family uses different profiles without any issues.",Positive
FB0004049,CUST006483,2025-02-02,1,Cancelled my plan because the price increase was not worth the content available right now.,Negative
FB0004050,CUST006484,2025-10-30,4,The streaming quality has been excellent and the app feels much faster after the update.,Positive
FB0004051,CUST006485,2025-01-18,5,"Great value for the price, my whole family uses different profiles without any issues.",Positive
FB0004052,CUST006487,2023-09-24,1,"Not enough new content being added, feels like I have already watched everything worth watching.",Negative
FB0004053,CUST006488,2024-05-09,3,"Average experience overall, some months are better than others depending on new releases.",Negative
FB0004054,CUST006488,2024-03-13,5,Customer support resolved my issue quickly and the experience was smooth overall.,Positive
FB0004055,CUST006489,2020-06-27,5,Customer support resolved my issue quickly and the experience was smooth overall.,Neutral
FB0004056,CUST006489,2022-03-17,3,"Average experience overall, some months are better than others depending on new releases.",Neutral
FB0004057,CUST006490,2026-06-03,3,"It works fine most of the time, occasional buffering but nothing major to complain about.",Neutral
FB0004058,CUST006494,2024-01-21,5,"Love the recommendation engine, it keeps suggesting shows I actually end up enjoying.",Positive
FB0004059,CUST006499,2022-06-19,1,Constant buffering issues during peak hours have made this frustrating to use lately.,Positive
FB0004060,CUST006501,2024-09-25,3,"Average experience overall, some months are better than others depending on new releases.",Neutral
FB0004061,CUST006504,2024-08-18,5,"Love the recommendation engine, it keeps suggesting shows I actually end up enjoying.",Positive
FB0004062,CUST006505,2026-04-15,4,"Love the recommendation engine, it keeps suggesting shows I actually end up enjoying.",Positive
FB0004063,CUST006505,2026-03-28,5,The streaming quality has been excellent and the app feels much faster after the update.,Positive
FB0004064,CUST006506,2024-10-17,3,The service is decent but the content library could use more variety in regional languages.,Neutral
FB0004065,CUST006514,2024-02-10,4,"Love the recommendation engine, it keeps suggesting shows I actually end up enjoying.",Neutral
FB0004066,CUST006516,2026-02-03,1,Constant buffering issues during peak hours have made this frustrating to use lately.,Negative
FB0004067,CUST006517,2024-04-23,5,The streaming quality has been excellent and the app feels much faster after the update.,Positive
FB0004068,CUST006518,2026-06-28,5,Customer support resolved my issue quickly and the experience was smooth overall.,Positive
FB0004069,CUST006518,2026-04-13,4,"Really happy with the content library, discovered several great shows this month.",Positive
FB0004070,CUST006519,2026-06-06,5,Customer support resolved my issue quickly and the experience was smooth overall.,Positive
FB0004071,CUST006519,2022-08-29,3,"It works fine most of the time, occasional buffering but nothing major to complain about.",Neutral
FB0004072,CUST006520,2025-01-04,1,Cancelled my plan because the price increase was not worth the content available right now.,Negative
FB0004073,CUST006524,2025-10-15,3,"It works fine most of the time, occasional buffering but nothing major to complain about.",Neutral
FB0004074,CUST006524,2025-05-29,4,"Great value for the price, my whole family uses different profiles without any issues.",Positive
FB0004075,CUST006526,2023-07-15,1,Constant buffering issues during peak hours have made this frustrating to use lately.,Negative
FB0004076,CUST006528,2024-10-13,4,Customer support resolved my issue quickly and the experience was smooth overall.,Positive
FB0004077,CUST006528,2025-08-26,5,"Really happy with the content library, discovered several great shows this month.",Positive
FB0004078,CUST006529,2025-07-07,4,Customer support resolved my issue quickly and the experience was smooth overall.,Positive
FB0004079,CUST006531,2025-01-11,3,"Average experience overall, some months are better than others depending on new releases.",Neutral
FB0004080,CUST006531,2026-03-23,5,"Love the recommendation engine, it keeps suggesting shows I actually end up enjoying.",Positive
FB0004081,CUST006532,2022-12-21,2,Constant buffering issues during peak hours have made this frustrating to use lately.,Negative
FB0004082,CUST006533,2025-11-12,4,The streaming quality has been excellent and the app feels much faster after the update.,Positive
FB0004083,CUST006533,2024-06-09,2,"Customer support took too long to respond to my billing complaint, very disappointing experience.",Negative
FB0004084,CUST006534,2025-02-04,3,The service is decent but the content library could use more variety in regional languages.,Neutral
FB0004085,CUST006535,2024-03-25,4,The streaming quality has been excellent and the app feels much faster after the update.,Positive
FB0004086,CUST006535,2025-02-10,5,"Really happy with the content library, discovered several great shows this month.",Positive
FB0004087,CUST006536,2022-07-11,5,The streaming quality has been excellent and the app feels much faster after the update.,Positive
FB0004088,CUST006541,2026-05-21,1,The app keeps crashing on my device and I have not been able to watch anything for days.,Negative
FB0004089,CUST006545,2025-04-18,5,The streaming quality has been excellent and the app feels much faster after the update.,Negative
FB0004090,CUST006547,2023-01-25,3,"It works fine most of the time, occasional buffering but nothing major to complain about.",Neutral
FB0004091,CUST006547,2026-04-07,3,"It works fine most of the time, occasional buffering but nothing major to complain about.",Neutral
FB0004092,CUST006548,2026-01-20,5,"Love the recommendation engine, it keeps suggesting shows I actually end up enjoying.",Positive
FB0004093,CUST006550,2024-08-23,5,The streaming quality has been excellent and the app feels much faster after the update.,Positive
FB0004094,CUST006554,2024-11-15,5,"Great value for the price, my whole family uses different profiles without any issues.",Positive
FB0004095,CUST006554,2026-05-16,4,Customer support resolved my issue quickly and the experience was smooth overall.,Negative
FB0004096,CUST006554,2024-05-03,4,The streaming quality has been excellent and the app feels much faster after the update.,Positive
FB0004097,CUST006555,2023-11-11,4,"Great value for the price, my whole family uses different profiles without any issues.",Positive
FB0004098,CUST006556,2023-07-26,3,"Average experience overall, some months are better than others depending on new releases.",Neutral
FB0004099,CUST006556,2022-05-21,5,"Great value for the price, my whole family uses different profiles without any issues.",Positive
FB0004100,CUST006556,2023-07-31,1,The app keeps crashing on my device and I have not been able to watch anything for days.,Negative
FB0004101,CUST006556,2022-04-10,2,Cancelled my plan because the price increase was not worth the content available right now.,Negative
FB0004102,CUST006558,2024-10-31,1,Cancelled my plan because the price increase was not worth the content available right now.,Negative
FB0004103,CUST006559,2025-04-14,5,"Great value for the price, my whole family uses different profiles without any issues.",Positive
FB0004104,CUST006559,2026-03-16,1,Constant buffering issues during peak hours have made this frustrating to use lately.,Negative
FB0004105,CUST006559,2026-06-30,1,The app keeps crashing on my device and I have not been able to watch anything for days.,Negative
FB0004106,CUST006559,2024-10-16,5,"Really happy with the content library, discovered several great shows this month.",Positive
FB0004107,CUST006561,2025-09-18,5,"Love the recommendation engine, it keeps suggesting shows I actually end up enjoying.",Positive
FB0004108,CUST006564,2025-10-21,1,"Not enough new content being added, feels like I have already watched everything worth watching.",Negative
FB0004109,CUST006566,2026-02-06,4,"Really happy with the content library, discovered several great shows this month.",Positive
FB0004110,CUST006566,2022-12-04,3,The service is decent but the content library could use more variety in regional languages.,Neutral
FB0004111,CUST006567,2025-09-11,2,Cancelled my plan because the price increase was not worth the content available right now.,Negative
FB0004112,CUST006569,2025-06-13,3,"It works fine most of the time, occasional buffering but nothing major to complain about.",Neutral
FB0004113,CUST006570,2024-06-28,2,Constant buffering issues during peak hours have made this frustrating to use lately.,Negative
FB0004114,CUST006571,2024-06-05,1,Constant buffering issues during peak hours have made this frustrating to use lately.,Negative
FB0004115,CUST006573,2023-09-19,2,Cancelled my plan because the price increase was not worth the content available right now.,Negative
FB0004116,CUST006573,2023-03-19,1,Cancelled my plan because the price increase was not worth the content available right now.,Negative
FB0004117,CUST006574,2025-10-20,4,Customer support resolved my issue quickly and the experience was smooth overall.,Positive
FB0004118,CUST006574,2026-02-09,4,"Love the recommendation engine, it keeps suggesting shows I actually end up enjoying.",Positive
FB0004119,CUST006574,2026-05-23,4,"Really happy with the content library, discovered several great shows this month.",Positive
FB0004120,CUST006575,2024-07-23,5,The streaming quality has been excellent and the app feels much faster after the update.,Positive
FB0004121,CUST006578,2022-07-12,3,The service is decent but the content library could use more variety in regional languages.,Neutral
FB0004122,CUST006582,2025-10-10,1,"Not enough new content being added, feels like I have already watched everything worth watching.",Negative
FB0004123,CUST006582,2026-06-26,1,"Not enough new content being added, feels like I have already watched everything worth watching.",Negative
FB0004124,CUST006586,2026-05-27,4,Customer support resolved my issue quickly and the experience was smooth overall.,Positive
FB0004125,CUST006588,2024-03-10,4,"Love the recommendation engine, it keeps suggesting shows I actually end up enjoying.",Positive
FB0004126,CUST006589,2024-02-05,5,"Love the recommendation engine, it keeps suggesting shows I actually end up enjoying.",Positive
FB0004127,CUST006592,2022-05-19,3,"Average experience overall, some months are better than others depending on new releases.",Neutral
FB0004128,CUST006594,2022-10-26,1,"Customer support took too long to respond to my billing complaint, very disappointing experience.",Negative
FB0004129,CUST006594,2023-12-23,3,The service is decent but the content library could use more variety in regional languages.,Neutral
FB0004130,CUST006595,2025-03-11,5,Customer support resolved my issue quickly and the experience was smooth overall.,Positive
FB0004131,CUST006596,2026-01-22,3,"It works fine most of the time, occasional buffering but nothing major to complain about.",Neutral
FB0004132,CUST006597,2025-08-30,5,Customer support resolved my issue quickly and the experience was smooth overall.,Positive
FB0004133,CUST006600,2023-07-29,3,The service is decent but the content library could use more variety in regional languages.,Neutral
FB0004134,CUST006601,2023-05-28,5,"Love the recommendation engine, it keeps suggesting shows I actually end up enjoying.",Positive
FB0004135,CUST006601,2022-02-26,5,"Great value for the price, my whole family uses different profiles without any issues.",Positive
FB0004136,CUST006601,2024-06-07,4,"Love the recommendation engine, it keeps suggesting shows I actually end up enjoying.",Positive
FB0004137,CUST006602,2025-09-15,4,Customer support resolved my issue quickly and the experience was smooth overall.,Positive
FB0004138,CUST006603,2024-07-13,2,"Not enough new content being added, feels like I have already watched everything worth watching.",Negative
FB0004139,CUST006604,2023-05-12,5,The streaming quality has been excellent and the app feels much faster after the update.,Positive
FB0004140,CUST006606,2022-10-06,1,"Not enough new content being added, feels like I have already watched everything worth watching.",Negative
FB0004141,CUST006609,2022-07-23,3,"Average experience overall, some months are better than others depending on new releases.",Neutral
FB0004142,CUST006610,2025-05-31,2,Constant buffering issues during peak hours have made this frustrating to use lately.,Negative
FB0004143,CUST006613,2025-01-27,3,The service is decent but the content library could use more variety in regional languages.,Neutral
FB0004144,CUST006613,2024-08-16,3,"It works fine most of the time, occasional buffering but nothing major to complain about.",Neutral
FB0004145,CUST006614,2025-07-17,3,"It works fine most of the time, occasional buffering but nothing major to complain about.",Neutral
FB0004146,CUST006615,2025-01-21,3,The service is decent but the content library could use more variety in regional languages.,Neutral
FB0004147,CUST006615,2024-03-23,1,Constant buffering issues during peak hours have made this frustrating to use lately.,Negative
FB0004148,CUST006615,2025-11-19,4,"Love the recommendation engine, it keeps suggesting shows I actually end up enjoying.",Positive
FB0004149,CUST006617,2026-03-24,3,"It works fine most of the time, occasional buffering but nothing major to complain about.",Neutral
FB0004150,CUST006618,2025-08-10,3,"Average experience overall, some months are better than others depending on new releases.",Neutral
FB0004151,CUST006618,2020-07-14,1,The app keeps crashing on my device and I have not been able to watch anything for days.,Negative
FB0004152,CUST006620,2021-07-19,5,"Really happy with the content library, discovered several great shows this month.",Positive
FB0004153,CUST006620,2021-08-12,1,The app keeps crashing on my device and I have not been able to watch anything for days.,Negative
FB0004154,CUST006621,2026-03-10,1,Cancelled my plan because the price increase was not worth the content available right now.,Negative
FB0004155,CUST006623,2022-02-16,3,"It works fine most of the time, occasional buffering but nothing major to complain about.",Neutral
FB0004156,CUST006624,2023-07-27,1,"Customer support took too long to respond to my billing complaint, very disappointing experience.",Negative
FB0004157,CUST006624,2023-12-15,4,"Really happy with the content library, discovered several great shows this month.",Positive
FB0004158,CUST006626,2025-09-19,3,"Average experience overall, some months are better than others depending on new releases.",Neutral
FB0004159,CUST006627,2024-06-04,2,"Customer support took too long to respond to my billing complaint, very disappointing experience.",Negative
FB0004160,CUST006633,2024-11-09,3,The service is decent but the content library could use more variety in regional languages.,Neutral
FB0004161,CUST006633,2025-01-16,3,"It works fine most of the time, occasional buffering but nothing major to complain about.",Neutral
FB0004162,CUST006633,2025-05-08,3,"Average experience overall, some months are better than others depending on new releases.",Neutral
FB0004163,CUST006636,2026-02-12,4,"Really happy with the content library, discovered several great shows this month.",Positive
FB0004164,CUST006637,2024-02-27,3,"It works fine most of the time, occasional buffering but nothing major to complain about.",Neutral
FB0004165,CUST006638,2021-01-24,3,"It works fine most of the time, occasional buffering but nothing major to complain about.",Neutral
FB0004166,CUST006640,2024-11-18,4,Customer support resolved my issue quickly and the experience was smooth overall.,Positive
FB0004167,CUST006643,2023-12-23,1,"Customer support took too long to respond to my billing complaint, very disappointing experience.",Negative
FB0004168,CUST006643,2025-09-22,5,Customer support resolved my issue quickly and the experience was smooth overall.,Positive
FB0004169,CUST006644,2023-09-07,5,"Really happy with the content library, discovered several great shows this month.",Positive
FB0004170,CUST006646,2023-10-30,1,"Not enough new content being added, feels like I have already watched everything worth watching.",Negative
FB0004171,CUST006650,2026-01-17,4,"Love the recommendation engine, it keeps suggesting shows I actually end up enjoying.",Positive
FB0004172,CUST006652,2020-09-09,4,Customer support resolved my issue quickly and the experience was smooth overall.,Positive
FB0004173,CUST006653,2025-11-03,2,"Customer support took too long to respond to my billing complaint, very disappointing experience.",Negative
FB0004174,CUST006653,2025-09-24,2,Constant buffering issues during peak hours have made this frustrating to use lately.,Negative
FB0004175,CUST006654,2025-12-21,1,Cancelled my plan because the price increase was not worth the content available right now.,Negative
FB0004176,CUST006655,2021-07-29,4,"Love the recommendation engine, it keeps suggesting shows I actually end up enjoying.",Positive
FB0004177,CUST006661,2026-02-18,3,"Average experience overall, some months are better than others depending on new releases.",Neutral
FB0004178,CUST006661,2025-12-08,3,"It works fine most of the time, occasional buffering but nothing major to complain about.",Positive
FB0004179,CUST006661,2025-12-28,3,"Average experience overall, some months are better than others depending on new releases.",Neutral
FB0004180,CUST006662,2024-03-11,4,The streaming quality has been excellent and the app feels much faster after the update.,Positive
FB0004181,CUST006665,2025-04-22,4,"Great value for the price, my whole family uses different profiles without any issues.",Positive
FB0004182,CUST006668,2021-02-22,4,"Love the recommendation engine, it keeps suggesting shows I actually end up enjoying.",Positive
FB0004183,CUST006671,2023-10-25,1,"Not enough new content being added, feels like I have already watched everything worth watching.",Negative
FB0004184,CUST006672,2024-04-22,4,"Love the recommendation engine, it keeps suggesting shows I actually end up enjoying.",Positive
FB0004185,CUST006675,2024-10-12,1,"Not enough new content being added, feels like I have already watched everything worth watching.",Negative
FB0004186,CUST006675,2024-03-03,3,"Average experience overall, some months are better than others depending on new releases.",Neutral
FB0004187,CUST006675,2026-03-28,3,"Average experience overall, some months are better than others depending on new releases.",Neutral
FB0004188,CUST006676,2025-03-19,5,The streaming quality has been excellent and the app feels much faster after the update.,Positive
FB0004189,CUST006678,2025-02-08,1,"Not enough new content being added, feels like I have already watched everything worth watching.",Negative
FB0004190,CUST006680,2026-02-24,1,"Customer support took too long to respond to my billing complaint, very disappointing experience.",Negative
FB0004191,CUST006681,2022-12-21,3,"It works fine most of the time, occasional buffering but nothing major to complain about.",Neutral
FB0004192,CUST006682,2025-12-12,3,"Average experience overall, some months are better than others depending on new releases.",Neutral
FB0004193,CUST006682,2023-10-08,5,Customer support resolved my issue quickly and the experience was smooth overall.,Negative
FB0004194,CUST006686,2024-04-17,2,"Customer support took too long to respond to my billing complaint, very disappointing experience.",Negative
FB0004195,CUST006691,2020-10-13,4,The streaming quality has been excellent and the app feels much faster after the update.,Positive
FB0004196,CUST006696,2024-09-06,4,"Love the recommendation engine, it keeps suggesting shows I actually end up enjoying.",Positive
FB0004197,CUST006702,2025-09-09,5,"Great value for the price, my whole family uses different profiles without any issues.",Positive
FB0004198,CUST006705,2022-05-30,1,The app keeps crashing on my device and I have not been able to watch anything for days.,Negative
FB0004199,CUST006705,2025-02-25,2,The app keeps crashing on my device and I have not been able to watch anything for days.,Negative
FB0004200,CUST006707,2022-05-24,4,The streaming quality has been excellent and the app feels much faster after the update.,Positive
FB0004201,CUST006707,2025-04-06,3,"Average experience overall, some months are better than others depending on new releases.",Neutral
FB0004202,CUST006707,2019-12-04,5,The streaming quality has been excellent and the app feels much faster after the update.,Positive
FB0004203,CUST006711,2026-06-24,4,"Really happy with the content library, discovered several great shows this month.",Positive
FB0004204,CUST006712,2022-12-09,5,The streaming quality has been excellent and the app feels much faster after the update.,Positive
FB0004205,CUST006712,2023-06-27,1,"Customer support took too long to respond to my billing complaint, very disappointing experience.",Negative
FB0004206,CUST006712,2025-11-22,2,Cancelled my plan because the price increase was not worth the content available right now.,Negative
FB0004207,CUST006713,2022-10-23,3,"Average experience overall, some months are better than others depending on new releases.",Neutral
FB0004208,CUST006716,2025-07-11,4,Customer support resolved my issue quickly and the experience was smooth overall.,Positive
FB0004209,CUST006717,2023-07-04,4,"Love the recommendation engine, it keeps suggesting shows I actually end up enjoying.",Neutral
FB0004210,CUST006721,2024-02-27,5,The streaming quality has been excellent and the app feels much faster after the update.,Positive
FB0004211,CUST006721,2019-12-09,5,The streaming quality has been excellent and the app feels much faster after the update.,Positive
FB0004212,CUST006724,2020-05-22,3,The service is decent but the content library could use more variety in regional languages.,Neutral
FB0004213,CUST006725,2024-03-18,5,The streaming quality has been excellent and the app feels much faster after the update.,Positive
FB0004214,CUST006732,2025-03-18,4,"Really happy with the content library, discovered several great shows this month.",Positive
FB0004215,CUST006733,2024-10-23,1,Constant buffering issues during peak hours have made this frustrating to use lately.,Negative
FB0004216,CUST006733,2025-09-07,3,"It works fine most of the time, occasional buffering but nothing major to complain about.",Neutral
FB0004217,CUST006733,2024-05-05,4,"Great value for the price, my whole family uses different profiles without any issues.",Positive
FB0004218,CUST006733,2023-02-04,3,"It works fine most of the time, occasional buffering but nothing major to complain about.",Positive
FB0004219,CUST006733,2023-06-16,2,Constant buffering issues during peak hours have made this frustrating to use lately.,Negative
FB0004220,CUST006735,2024-09-22,3,The service is decent but the content library could use more variety in regional languages.,Positive
FB0004221,CUST006736,2022-09-20,3,"Average experience overall, some months are better than others depending on new releases.",Neutral
FB0004222,CUST006739,2025-01-07,1,"Not enough new content being added, feels like I have already watched everything worth watching.",Negative
FB0004223,CUST006740,2025-08-06,3,"It works fine most of the time, occasional buffering but nothing major to complain about.",Neutral
FB0004224,CUST006741,2026-03-08,3,The service is decent but the content library could use more variety in regional languages.,Neutral
FB0004225,CUST006742,2025-02-04,3,"It works fine most of the time, occasional buffering but nothing major to complain about.",Neutral
FB0004226,CUST006743,2026-06-29,3,The service is decent but the content library could use more variety in regional languages.,Neutral
FB0004227,CUST006745,2025-04-10,5,Customer support resolved my issue quickly and the experience was smooth overall.,Positive
FB0004228,CUST006747,2024-11-24,2,"Customer support took too long to respond to my billing complaint, very disappointing experience.",Negative
FB0004229,CUST006748,2022-02-08,3,"It works fine most of the time, occasional buffering but nothing major to complain about.",Neutral
FB0004230,CUST006748,2022-08-01,4,Customer support resolved my issue quickly and the experience was smooth overall.,Positive
FB0004231,CUST006748,2022-11-22,3,"Average experience overall, some months are better than others depending on new releases.",Neutral
FB0004232,CUST006748,2019-10-27,3,"It works fine most of the time, occasional buffering but nothing major to complain about.",Neutral
FB0004233,CUST006749,2021-05-03,4,Customer support resolved my issue quickly and the experience was smooth overall.,Positive
FB0004234,CUST006751,2026-05-03,5,"Really happy with the content library, discovered several great shows this month.",Positive
FB0004235,CUST006756,2024-08-03,1,The app keeps crashing on my device and I have not been able to watch anything for days.,Negative
FB0004236,CUST006760,2026-04-30,3,"Average experience overall, some months are better than others depending on new releases.",Neutral
FB0004237,CUST006767,2023-11-10,5,"Really happy with the content library, discovered several great shows this month.",Negative
FB0004238,CUST006769,2025-07-02,1,"Not enough new content being added, feels like I have already watched everything worth watching.",Negative
FB0004239,CUST006771,2022-12-17,2,"Customer support took too long to respond to my billing complaint, very disappointing experience.",Negative
FB0004240,CUST006772,2026-01-31,3,The service is decent but the content library could use more variety in regional languages.,Neutral
FB0004241,CUST006773,2026-05-17,5,"Love the recommendation engine, it keeps suggesting shows I actually end up enjoying.",Positive
FB0004242,CUST006775,2024-05-23,1,The app keeps crashing on my device and I have not been able to watch anything for days.,Positive
FB0004243,CUST006775,2025-05-04,2,"Customer support took too long to respond to my billing complaint, very disappointing experience.",Negative
FB0004244,CUST006775,2023-11-27,1,Constant buffering issues during peak hours have made this frustrating to use lately.,Negative
FB0004245,CUST006775,2022-10-16,3,The service is decent but the content library could use more variety in regional languages.,Neutral
FB0004246,CUST006776,2024-09-04,3,"Average experience overall, some months are better than others depending on new releases.",Neutral
FB0004247,CUST006777,2025-04-19,3,"It works fine most of the time, occasional buffering but nothing major to complain about.",Neutral
FB0004248,CUST006778,2025-07-31,3,The service is decent but the content library could use more variety in regional languages.,Neutral
FB0004249,CUST006779,2024-04-20,3,"Average experience overall, some months are better than others depending on new releases.",Neutral
FB0004250,CUST006780,2026-04-05,1,"Customer support took too long to respond to my billing complaint, very disappointing experience.",Negative
FB0004251,CUST006780,2026-02-23,2,Cancelled my plan because the price increase was not worth the content available right now.,Negative
FB0004252,CUST006780,2026-03-23,1,Constant buffering issues during peak hours have made this frustrating to use lately.,Negative
FB0004253,CUST006780,2026-05-26,3,The service is decent but the content library could use more variety in regional languages.,Neutral
FB0004254,CUST006782,2024-08-12,5,"Really happy with the content library, discovered several great shows this month.",Positive
FB0004255,CUST006784,2025-10-09,4,The streaming quality has been excellent and the app feels much faster after the update.,Positive
FB0004256,CUST006790,2023-02-06,4,Customer support resolved my issue quickly and the experience was smooth overall.,Positive
FB0004257,CUST006790,2023-05-14,5,"Love the recommendation engine, it keeps suggesting shows I actually end up enjoying.",Positive
FB0004258,CUST006790,2026-03-16,3,"Average experience overall, some months are better than others depending on new releases.",Neutral
FB0004259,CUST006791,2023-06-10,1,Constant buffering issues during peak hours have made this frustrating to use lately.,Negative
FB0004260,CUST006792,2025-07-25,3,"Average experience overall, some months are better than others depending on new releases.",Neutral
FB0004261,CUST006792,2025-12-29,3,"It works fine most of the time, occasional buffering but nothing major to complain about.",Neutral
FB0004262,CUST006794,2025-08-02,3,The service is decent but the content library could use more variety in regional languages.,Neutral
FB0004263,CUST006796,2025-12-10,3,"Average experience overall, some months are better than others depending on new releases.",Neutral
FB0004264,CUST006796,2024-10-24,4,The streaming quality has been excellent and the app feels much faster after the update.,Positive
FB0004265,CUST006799,2024-05-27,2,The app keeps crashing on my device and I have not been able to watch anything for days.,Negative
FB0004266,CUST006800,2022-03-26,2,The app keeps crashing on my device and I have not been able to watch anything for days.,Negative
FB0004267,CUST006800,2022-12-21,2,Cancelled my plan because the price increase was not worth the content available right now.,Negative
FB0004268,CUST006800,2021-09-03,4,The streaming quality has been excellent and the app feels much faster after the update.,Positive
FB0004269,CUST006801,2023-08-22,3,"It works fine most of the time, occasional buffering but nothing major to complain about.",Neutral
FB0004270,CUST006802,2020-08-05,3,The service is decent but the content library could use more variety in regional languages.,Neutral
FB0004271,CUST006802,2025-07-06,5,"Great value for the price, my whole family uses different profiles without any issues.",Positive
FB0004272,CUST006804,2025-02-17,1,"Not enough new content being added, feels like I have already watched everything worth watching.",Negative
FB0004273,CUST006806,2022-09-23,2,The app keeps crashing on my device and I have not been able to watch anything for days.,Negative
FB0004274,CUST006807,2025-08-08,5,"Great value for the price, my whole family uses different profiles without any issues.",Positive
FB0004275,CUST006807,2026-03-22,3,"Average experience overall, some months are better than others depending on new releases.",Neutral
FB0004276,CUST006809,2025-02-16,5,Customer support resolved my issue quickly and the experience was smooth overall.,Positive
FB0004277,CUST006809,2022-05-14,5,"Love the recommendation engine, it keeps suggesting shows I actually end up enjoying.",Positive
FB0004278,CUST006810,2024-04-27,2,Constant buffering issues during peak hours have made this frustrating to use lately.,Negative
FB0004279,CUST006811,2024-02-08,3,The service is decent but the content library could use more variety in regional languages.,Neutral
FB0004280,CUST006811,2024-04-25,2,"Customer support took too long to respond to my billing complaint, very disappointing experience.",Negative
FB0004281,CUST006812,2025-11-11,2,"Not enough new content being added, feels like I have already watched everything worth watching.",Negative
FB0004282,CUST006813,2025-03-31,5,"Really happy with the content library, discovered several great shows this month.",Positive
FB0004283,CUST006814,2025-06-10,4,Customer support resolved my issue quickly and the experience was smooth overall.,Positive
FB0004284,CUST006814,2026-01-27,3,"Average experience overall, some months are better than others depending on new releases.",Neutral
FB0004285,CUST006814,2023-10-11,1,"Not enough new content being added, feels like I have already watched everything worth watching.",Negative
FB0004286,CUST006815,2025-09-05,3,The service is decent but the content library could use more variety in regional languages.,Neutral
FB0004287,CUST006816,2025-08-17,5,Customer support resolved my issue quickly and the experience was smooth overall.,Negative
FB0004288,CUST006820,2026-06-24,2,The app keeps crashing on my device and I have not been able to watch anything for days.,Negative
FB0004289,CUST006823,2025-05-20,1,"Not enough new content being added, feels like I have already watched everything worth watching.",Negative
FB0004290,CUST006826,2025-04-19,4,Customer support resolved my issue quickly and the experience was smooth overall.,Positive
FB0004291,CUST006827,2025-07-04,5,"Really happy with the content library, discovered several great shows this month.",Positive
FB0004292,CUST006829,2023-06-10,5,Customer support resolved my issue quickly and the experience was smooth overall.,Positive
FB0004293,CUST006830,2022-05-20,2,Constant buffering issues during peak hours have made this frustrating to use lately.,Negative
FB0004294,CUST006831,2022-04-07,2,The app keeps crashing on my device and I have not been able to watch anything for days.,Negative
FB0004295,CUST006833,2021-09-28,2,Constant buffering issues during peak hours have made this frustrating to use lately.,Negative
FB0004296,CUST006834,2024-04-20,4,"Love the recommendation engine, it keeps suggesting shows I actually end up enjoying.",Positive
FB0004297,CUST006835,2021-04-29,3,The service is decent but the content library could use more variety in regional languages.,Neutral
FB0004298,CUST006838,2024-06-22,5,The streaming quality has been excellent and the app feels much faster after the update.,Positive
FB0004299,CUST006842,2023-03-23,5,"Love the recommendation engine, it keeps suggesting shows I actually end up enjoying.",Positive
FB0004300,CUST006842,2024-07-18,4,The streaming quality has been excellent and the app feels much faster after the update.,Positive
FB0004301,CUST006848,2024-07-11,3,"Average experience overall, some months are better than others depending on new releases.",Neutral
FB0004302,CUST006848,2025-02-27,3,"Average experience overall, some months are better than others depending on new releases.",Neutral
FB0004303,CUST006850,2024-02-05,3,"It works fine most of the time, occasional buffering but nothing major to complain about.",Positive
FB0004304,CUST006854,2025-10-02,3,"Average experience overall, some months are better than others depending on new releases.",Neutral
FB0004305,CUST006858,2025-01-17,5,"Really happy with the content library, discovered several great shows this month.",Positive
FB0004306,CUST006859,2024-04-01,1,"Customer support took too long to respond to my billing complaint, very disappointing experience.",Negative
FB0004307,CUST006861,2025-11-19,5,"Love the recommendation engine, it keeps suggesting shows I actually end up enjoying.",Positive
FB0004308,CUST006862,2026-03-30,3,"It works fine most of the time, occasional buffering but nothing major to complain about.",Neutral
FB0004309,CUST006862,2026-06-18,2,"Customer support took too long to respond to my billing complaint, very disappointing experience.",Negative
FB0004310,CUST006867,2025-11-18,4,"Great value for the price, my whole family uses different profiles without any issues.",Positive
FB0004311,CUST006867,2025-05-18,4,The streaming quality has been excellent and the app feels much faster after the update.,Positive
FB0004312,CUST006867,2023-04-10,2,Cancelled my plan because the price increase was not worth the content available right now.,Negative
FB0004313,CUST006869,2022-06-11,3,The service is decent but the content library could use more variety in regional languages.,Neutral
FB0004314,CUST006872,2026-04-04,2,"Customer support took too long to respond to my billing complaint, very disappointing experience.",Neutral
FB0004315,CUST006876,2023-10-03,3,"Average experience overall, some months are better than others depending on new releases.",Neutral
FB0004316,CUST006878,2025-10-13,5,The streaming quality has been excellent and the app feels much faster after the update.,Positive
FB0004317,CUST006882,2022-04-07,3,"Average experience overall, some months are better than others depending on new releases.",Neutral
FB0004318,CUST006886,2026-03-05,1,"Not enough new content being added, feels like I have already watched everything worth watching.",Negative
FB0004319,CUST006886,2026-01-01,2,"Not enough new content being added, feels like I have already watched everything worth watching.",Negative
FB0004320,CUST006894,2023-07-02,2,Constant buffering issues during peak hours have made this frustrating to use lately.,Negative
FB0004321,CUST006895,2025-10-08,1,The app keeps crashing on my device and I have not been able to watch anything for days.,Negative
FB0004322,CUST006897,2024-02-25,3,"Average experience overall, some months are better than others depending on new releases.",Neutral
FB0004323,CUST006900,2023-08-26,4,"Love the recommendation engine, it keeps suggesting shows I actually end up enjoying.",Positive
FB0004324,CUST006900,2024-07-06,3,The service is decent but the content library could use more variety in regional languages.,Neutral
FB0004325,CUST006900,2023-09-03,5,"Great value for the price, my whole family uses different profiles without any issues.",Neutral
FB0004326,CUST006900,2024-01-04,2,The app keeps crashing on my device and I have not been able to watch anything for days.,Negative
FB0004327,CUST006904,2026-02-06,3,The service is decent but the content library could use more variety in regional languages.,Neutral
FB0004328,CUST006904,2025-07-13,1,Constant buffering issues during peak hours have made this frustrating to use lately.,Negative
FB0004329,CUST006904,2026-03-19,3,"It works fine most of the time, occasional buffering but nothing major to complain about.",Positive
FB0004330,CUST006905,2023-09-19,2,Constant buffering issues during peak hours have made this frustrating to use lately.,Negative
FB0004331,CUST006906,2026-04-27,1,"Not enough new content being added, feels like I have already watched everything worth watching.",Negative
FB0004332,CUST006909,2022-04-01,4,"Love the recommendation engine, it keeps suggesting shows I actually end up enjoying.",Neutral
FB0004333,CUST006909,2022-02-28,4,Customer support resolved my issue quickly and the experience was smooth overall.,Neutral
FB0004334,CUST006911,2022-10-08,3,The service is decent but the content library could use more variety in regional languages.,Neutral
FB0004335,CUST006913,2024-09-15,4,"Love the recommendation engine, it keeps suggesting shows I actually end up enjoying.",Negative
FB0004336,CUST006913,2026-03-24,4,"Really happy with the content library, discovered several great shows this month.",Positive
FB0004337,CUST006914,2025-05-20,4,Customer support resolved my issue quickly and the experience was smooth overall.,Positive
FB0004338,CUST006915,2026-04-09,1,Constant buffering issues during peak hours have made this frustrating to use lately.,Negative
FB0004339,CUST006916,2026-05-10,3,"Average experience overall, some months are better than others depending on new releases.",Neutral
FB0004340,CUST006920,2024-10-28,3,The service is decent but the content library could use more variety in regional languages.,Neutral
FB0004341,CUST006921,2026-04-06,3,"It works fine most of the time, occasional buffering but nothing major to complain about.",Neutral
FB0004342,CUST006921,2025-07-09,4,"Really happy with the content library, discovered several great shows this month.",Positive
FB0004343,CUST006922,2023-07-22,5,The streaming quality has been excellent and the app feels much faster after the update.,Positive
FB0004344,CUST006922,2025-11-06,4,"Love the recommendation engine, it keeps suggesting shows I actually end up enjoying.",Positive
FB0004345,CUST006924,2025-02-13,5,"Really happy with the content library, discovered several great shows this month.",Positive
FB0004346,CUST006924,2020-08-22,1,"Customer support took too long to respond to my billing complaint, very disappointing experience.",Negative
FB0004347,CUST006925,2026-01-31,3,"Average experience overall, some months are better than others depending on new releases.",Neutral
FB0004348,CUST006926,2026-06-01,5,The streaming quality has been excellent and the app feels much faster after the update.,Positive
FB0004349,CUST006929,2026-06-30,3,The service is decent but the content library could use more variety in regional languages.,Neutral
FB0004350,CUST006929,2026-06-14,4,"Really happy with the content library, discovered several great shows this month.",Positive
FB0004351,CUST006930,2022-08-24,2,"Customer support took too long to respond to my billing complaint, very disappointing experience.",Negative
FB0004352,CUST006934,2026-05-21,1,Cancelled my plan because the price increase was not worth the content available right now.,Positive
FB0004353,CUST006934,2025-07-10,3,The service is decent but the content library could use more variety in regional languages.,Neutral
FB0004354,CUST006934,2025-05-12,1,"Customer support took too long to respond to my billing complaint, very disappointing experience.",Negative
FB0004355,CUST006936,2026-06-14,5,"Really happy with the content library, discovered several great shows this month.",Positive
FB0004356,CUST006937,2024-02-08,2,"Not enough new content being added, feels like I have already watched everything worth watching.",Negative
FB0004357,CUST006938,2024-03-08,2,The app keeps crashing on my device and I have not been able to watch anything for days.,Negative
FB0004358,CUST006938,2024-07-13,1,"Not enough new content being added, feels like I have already watched everything worth watching.",Negative
FB0004359,CUST006941,2024-04-07,5,The streaming quality has been excellent and the app feels much faster after the update.,Positive
FB0004360,CUST006945,2026-02-22,5,Customer support resolved my issue quickly and the experience was smooth overall.,Positive
FB0004361,CUST006948,2024-08-15,3,"Average experience overall, some months are better than others depending on new releases.",Neutral
FB0004362,CUST006949,2026-03-14,3,The service is decent but the content library could use more variety in regional languages.,Neutral
FB0004363,CUST006953,2025-09-10,1,Cancelled my plan because the price increase was not worth the content available right now.,Negative
FB0004364,CUST006954,2025-11-12,2,Constant buffering issues during peak hours have made this frustrating to use lately.,Negative
FB0004365,CUST006955,2025-12-26,1,Constant buffering issues during peak hours have made this frustrating to use lately.,Negative
FB0004366,CUST006955,2025-01-01,4,"Really happy with the content library, discovered several great shows this month.",Positive
FB0004367,CUST006955,2026-02-21,5,The streaming quality has been excellent and the app feels much faster after the update.,Positive
FB0004368,CUST006965,2023-02-11,3,"It works fine most of the time, occasional buffering but nothing major to complain about.",Neutral
FB0004369,CUST006967,2026-01-31,5,"Great value for the price, my whole family uses different profiles without any issues.",Positive
FB0004370,CUST006968,2023-10-14,2,The app keeps crashing on my device and I have not been able to watch anything for days.,Negative
FB0004371,CUST006970,2026-02-28,1,"Customer support took too long to respond to my billing complaint, very disappointing experience.",Negative
FB0004372,CUST006970,2025-10-27,4,"Great value for the price, my whole family uses different profiles without any issues.",Positive
FB0004373,CUST006971,2024-05-26,3,"Average experience overall, some months are better than others depending on new releases.",Neutral
FB0004374,CUST006976,2025-10-14,3,The service is decent but the content library could use more variety in regional languages.,Neutral
FB0004375,CUST006976,2025-05-30,3,The service is decent but the content library could use more variety in regional languages.,Neutral
FB0004376,CUST006976,2025-04-01,3,"Average experience overall, some months are better than others depending on new releases.",Neutral
FB0004377,CUST006984,2021-03-28,1,Constant buffering issues during peak hours have made this frustrating to use lately.,Negative
FB0004378,CUST006984,2021-11-30,2,Constant buffering issues during peak hours have made this frustrating to use lately.,Negative
FB0004379,CUST006987,2025-04-14,2,"Customer support took too long to respond to my billing complaint, very disappointing experience.",Negative
FB0004380,CUST006990,2025-06-16,2,"Customer support took too long to respond to my billing complaint, very disappointing experience.",Negative
FB0004381,CUST006994,2022-03-01,4,Customer support resolved my issue quickly and the experience was smooth overall.,Positive
FB0004382,CUST006994,2024-10-07,4,"Really happy with the content library, discovered several great shows this month.",Positive
FB0004383,CUST006994,2021-10-16,1,Constant buffering issues during peak hours have made this frustrating to use lately.,Negative
FB0004384,CUST006995,2026-05-14,5,"Really happy with the content library, discovered several great shows this month.",Positive
FB0004385,CUST006995,2024-11-24,3,The service is decent but the content library could use more variety in regional languages.,Neutral
FB0004386,CUST006998,2025-07-07,4,The streaming quality has been excellent and the app feels much faster after the update.,Positive
FB0004387,CUST006998,2024-06-11,4,"Really happy with the content library, discovered several great shows this month.",Positive
FB0004388,CUST006998,2022-12-16,5,The streaming quality has been excellent and the app feels much faster after the update.,Positive
FB0004389,CUST007004,2025-06-28,5,"Really happy with the content library, discovered several great shows this month.",Positive
FB0004390,CUST007007,2024-04-15,4,The streaming quality has been excellent and the app feels much faster after the update.,Positive
FB0004391,CUST007007,2022-04-21,1,Cancelled my plan because the price increase was not worth the content available right now.,Negative
FB0004392,CUST007008,2025-05-29,3,The service is decent but the content library could use more variety in regional languages.,Neutral
FB0004393,CUST007013,2026-04-09,5,"Really happy with the content library, discovered several great shows this month.",Positive
FB0004394,CUST007021,2023-04-11,5,"Really happy with the content library, discovered several great shows this month.",Positive
FB0004395,CUST007022,2025-04-04,4,Customer support resolved my issue quickly and the experience was smooth overall.,Positive
FB0004396,CUST007023,2026-02-26,4,The streaming quality has been excellent and the app feels much faster after the update.,Positive
FB0004397,CUST007023,2026-03-01,2,"Not enough new content being added, feels like I have already watched everything worth watching.",Negative
FB0004398,CUST007023,2026-03-25,4,Customer support resolved my issue quickly and the experience was smooth overall.,Positive
FB0004399,CUST007027,2021-05-10,4,The streaming quality has been excellent and the app feels much faster after the update.,Positive
FB0004400,CUST007029,2025-12-18,5,"Great value for the price, my whole family uses different profiles without any issues.",Positive
FB0004401,CUST007030,2020-07-21,2,"Not enough new content being added, feels like I have already watched everything worth watching.",Negative
FB0004402,CUST007031,2022-10-29,1,Cancelled my plan because the price increase was not worth the content available right now.,Negative
FB0004403,CUST007031,2022-11-17,1,The app keeps crashing on my device and I have not been able to watch anything for days.,Negative
FB0004404,CUST007031,2024-01-31,2,The app keeps crashing on my device and I have not been able to watch anything for days.,Neutral
FB0004405,CUST007033,2026-06-01,3,The service is decent but the content library could use more variety in regional languages.,Neutral
FB0004406,CUST007034,2022-12-06,5,Customer support resolved my issue quickly and the experience was smooth overall.,Positive
FB0004407,CUST007035,2024-02-27,3,"Average experience overall, some months are better than others depending on new releases.",Neutral
FB0004408,CUST007037,2026-05-04,3,"Average experience overall, some months are better than others depending on new releases.",Positive
FB0004409,CUST007041,2023-04-24,2,"Not enough new content being added, feels like I have already watched everything worth watching.",Negative
FB0004410,CUST007041,2025-06-26,2,Cancelled my plan because the price increase was not worth the content available right now.,Negative
FB0004411,CUST007042,2025-03-15,2,Cancelled my plan because the price increase was not worth the content available right now.,Negative
FB0004412,CUST007043,2022-12-18,1,"Customer support took too long to respond to my billing complaint, very disappointing experience.",Negative
FB0004413,CUST007043,2025-07-18,4,"Great value for the price, my whole family uses different profiles without any issues.",Positive
FB0004414,CUST007044,2025-08-31,4,The streaming quality has been excellent and the app feels much faster after the update.,Positive
FB0004415,CUST007044,2025-09-25,5,The streaming quality has been excellent and the app feels much faster after the update.,Positive
FB0004416,CUST007044,2026-06-06,3,The service is decent but the content library could use more variety in regional languages.,Neutral
FB0004417,CUST007044,2025-10-08,3,The service is decent but the content library could use more variety in regional languages.,Neutral
FB0004418,CUST007050,2024-07-09,3,"Average experience overall, some months are better than others depending on new releases.",Neutral
FB0004419,CUST007052,2025-09-08,1,"Customer support took too long to respond to my billing complaint, very disappointing experience.",Negative
FB0004420,CUST007053,2025-10-18,3,The service is decent but the content library could use more variety in regional languages.,Neutral
FB0004421,CUST007054,2023-11-03,3,"It works fine most of the time, occasional buffering but nothing major to complain about.",Neutral
FB0004422,CUST007054,2025-10-12,2,Constant buffering issues during peak hours have made this frustrating to use lately.,Negative
FB0004423,CUST007054,2024-10-03,3,"It works fine most of the time, occasional buffering but nothing major to complain about.",Neutral
FB0004424,CUST007055,2024-01-28,3,"It works fine most of the time, occasional buffering but nothing major to complain about.",Neutral
FB0004425,CUST007055,2026-06-26,5,"Love the recommendation engine, it keeps suggesting shows I actually end up enjoying.",Positive
FB0004426,CUST007058,2026-03-25,5,The streaming quality has been excellent and the app feels much faster after the update.,Positive
FB0004427,CUST007058,2026-05-27,2,Cancelled my plan because the price increase was not worth the content available right now.,Negative
FB0004428,CUST007058,2026-03-23,1,"Not enough new content being added, feels like I have already watched everything worth watching.",Negative
FB0004429,CUST007058,2026-03-08,2,The app keeps crashing on my device and I have not been able to watch anything for days.,Negative
FB0004430,CUST007059,2021-07-07,3,"It works fine most of the time, occasional buffering but nothing major to complain about.",Neutral
FB0004431,CUST007061,2024-08-01,1,Cancelled my plan because the price increase was not worth the content available right now.,Negative
FB0004432,CUST007062,2021-12-18,4,Customer support resolved my issue quickly and the experience was smooth overall.,Positive
FB0004433,CUST007062,2021-09-06,3,The service is decent but the content library could use more variety in regional languages.,Neutral
FB0004434,CUST007065,2025-01-21,5,"Really happy with the content library, discovered several great shows this month.",Positive
FB0004435,CUST007066,2023-05-08,4,"Love the recommendation engine, it keeps suggesting shows I actually end up enjoying.",Positive
FB0004436,CUST007067,2024-08-17,3,"Average experience overall, some months are better than others depending on new releases.",Neutral
FB0004437,CUST007068,2025-06-04,2,Cancelled my plan because the price increase was not worth the content available right now.,Negative
FB0004438,CUST007069,2025-08-14,4,Customer support resolved my issue quickly and the experience was smooth overall.,Positive
FB0004439,CUST007069,2021-08-24,2,"Customer support took too long to respond to my billing complaint, very disappointing experience.",Negative
FB0004440,CUST007070,2025-09-14,5,"Great value for the price, my whole family uses different profiles without any issues.",Positive
FB0004441,CUST007070,2026-04-25,1,Constant buffering issues during peak hours have made this frustrating to use lately.,Negative
FB0004442,CUST007070,2025-09-22,3,"It works fine most of the time, occasional buffering but nothing major to complain about.",Neutral
FB0004443,CUST007072,2022-10-08,4,"Really happy with the content library, discovered several great shows this month.",Positive
FB0004444,CUST007079,2025-12-10,3,The service is decent but the content library could use more variety in regional languages.,Neutral
FB0004445,CUST007081,2023-06-06,3,"It works fine most of the time, occasional buffering but nothing major to complain about.",Neutral
FB0004446,CUST007082,2025-11-06,4,"Love the recommendation engine, it keeps suggesting shows I actually end up enjoying.",Positive
FB0004447,CUST007084,2026-03-03,3,"Average experience overall, some months are better than others depending on new releases.",Neutral
FB0004448,CUST007087,2022-06-12,5,"Great value for the price, my whole family uses different profiles without any issues.",Positive
FB0004449,CUST007088,2025-05-11,4,"Really happy with the content library, discovered several great shows this month.",Positive
FB0004450,CUST007088,2025-10-13,1,Constant buffering issues during peak hours have made this frustrating to use lately.,Negative
FB0004451,CUST007089,2024-06-14,1,Cancelled my plan because the price increase was not worth the content available right now.,Negative
FB0004452,CUST007091,2026-02-27,4,The streaming quality has been excellent and the app feels much faster after the update.,Positive
FB0004453,CUST007097,2025-09-13,1,Cancelled my plan because the price increase was not worth the content available right now.,Negative
FB0004454,CUST007097,2024-12-23,2,Cancelled my plan because the price increase was not worth the content available right now.,Negative
FB0004455,CUST007097,2025-03-31,2,Cancelled my plan because the price increase was not worth the content available right now.,Negative
FB0004456,CUST007098,2023-08-12,3,"Average experience overall, some months are better than others depending on new releases.",Neutral
FB0004457,CUST007098,2023-10-17,4,Customer support resolved my issue quickly and the experience was smooth overall.,Positive
FB0004458,CUST007098,2022-02-15,1,Constant buffering issues during peak hours have made this frustrating to use lately.,Negative
FB0004459,CUST007098,2025-05-28,4,The streaming quality has been excellent and the app feels much faster after the update.,Positive
FB0004460,CUST007099,2023-01-01,1,"Customer support took too long to respond to my billing complaint, very disappointing experience.",Negative
FB0004461,CUST007101,2024-10-06,3,"It works fine most of the time, occasional buffering but nothing major to complain about.",Neutral
FB0004462,CUST007102,2025-09-29,5,"Love the recommendation engine, it keeps suggesting shows I actually end up enjoying.",Positive
FB0004463,CUST007103,2025-01-11,3,The service is decent but the content library could use more variety in regional languages.,Neutral
FB0004464,CUST007108,2026-04-18,5,"Really happy with the content library, discovered several great shows this month.",Positive
FB0004465,CUST007109,2025-11-04,3,The service is decent but the content library could use more variety in regional languages.,Neutral
FB0004466,CUST007112,2025-11-27,3,"It works fine most of the time, occasional buffering but nothing major to complain about.",Neutral
FB0004467,CUST007114,2026-04-20,5,"Really happy with the content library, discovered several great shows this month.",Positive
FB0004468,CUST007114,2026-05-19,5,Customer support resolved my issue quickly and the experience was smooth overall.,Positive
FB0004469,CUST007114,2026-04-23,2,Cancelled my plan because the price increase was not worth the content available right now.,Negative
FB0004470,CUST007115,2022-02-25,3,"Average experience overall, some months are better than others depending on new releases.",Positive
FB0004471,CUST007118,2025-11-05,3,"It works fine most of the time, occasional buffering but nothing major to complain about.",Neutral
FB0004472,CUST007121,2026-05-09,5,"Love the recommendation engine, it keeps suggesting shows I actually end up enjoying.",Positive
FB0004473,CUST007127,2023-12-28,4,"Great value for the price, my whole family uses different profiles without any issues.",Positive
FB0004474,CUST007130,2026-02-27,1,"Not enough new content being added, feels like I have already watched everything worth watching.",Negative
FB0004475,CUST007136,2021-05-30,3,"It works fine most of the time, occasional buffering but nothing major to complain about.",Neutral
FB0004476,CUST007139,2022-09-22,3,The service is decent but the content library could use more variety in regional languages.,Neutral
FB0004477,CUST007139,2025-07-26,2,Constant buffering issues during peak hours have made this frustrating to use lately.,Negative
FB0004478,CUST007139,2023-05-25,4,Customer support resolved my issue quickly and the experience was smooth overall.,Positive
FB0004479,CUST007139,2022-09-22,4,"Great value for the price, my whole family uses different profiles without any issues.",Positive
FB0004480,CUST007139,2024-05-13,3,"Average experience overall, some months are better than others depending on new releases.",Neutral
FB0004481,CUST007140,2021-07-06,5,"Love the recommendation engine, it keeps suggesting shows I actually end up enjoying.",Positive
FB0004482,CUST007142,2023-12-22,5,"Great value for the price, my whole family uses different profiles without any issues.",Positive
FB0004483,CUST007144,2026-05-22,5,Customer support resolved my issue quickly and the experience was smooth overall.,Positive
FB0004484,CUST007147,2024-12-16,4,"Love the recommendation engine, it keeps suggesting shows I actually end up enjoying.",Positive
FB0004485,CUST007150,2022-07-14,4,"Really happy with the content library, discovered several great shows this month.",Positive
FB0004486,CUST007152,2026-02-16,5,"Great value for the price, my whole family uses different profiles without any issues.",Positive
FB0004487,CUST007152,2025-12-06,3,"Average experience overall, some months are better than others depending on new releases.",Neutral
FB0004488,CUST007154,2025-03-27,3,"It works fine most of the time, occasional buffering but nothing major to complain about.",Neutral
FB0004489,CUST007154,2025-10-31,3,"Average experience overall, some months are better than others depending on new releases.",Neutral
FB0004490,CUST007156,2021-07-25,4,"Really happy with the content library, discovered several great shows this month.",Positive
FB0004491,CUST007157,2025-06-10,4,"Great value for the price, my whole family uses different profiles without any issues.",Positive
FB0004492,CUST007157,2025-12-31,1,"Customer support took too long to respond to my billing complaint, very disappointing experience.",Negative
FB0004493,CUST007158,2024-01-26,4,"Love the recommendation engine, it keeps suggesting shows I actually end up enjoying.",Positive
FB0004494,CUST007160,2025-03-20,3,The service is decent but the content library could use more variety in regional languages.,Neutral
FB0004495,CUST007160,2024-04-23,2,The app keeps crashing on my device and I have not been able to watch anything for days.,Negative
FB0004496,CUST007162,2025-11-03,5,"Really happy with the content library, discovered several great shows this month.",Positive
FB0004497,CUST007165,2023-03-05,2,"Not enough new content being added, feels like I have already watched everything worth watching.",Negative
FB0004498,CUST007167,2024-10-08,4,"Great value for the price, my whole family uses different profiles without any issues.",Negative
FB0004499,CUST007170,2025-11-13,3,"Average experience overall, some months are better than others depending on new releases.",Neutral
FB0004500,CUST007174,2026-01-01,5,The streaming quality has been excellent and the app feels much faster after the update.,Neutral
FB0004501,CUST007176,2024-06-22,4,"Love the recommendation engine, it keeps suggesting shows I actually end up enjoying.",Positive
FB0004502,CUST007184,2025-11-17,4,"Great value for the price, my whole family uses different profiles without any issues.",Positive
FB0004503,CUST007184,2025-12-27,1,Constant buffering issues during peak hours have made this frustrating to use lately.,Negative
FB0004504,CUST007187,2023-12-02,5,"Great value for the price, my whole family uses different profiles without any issues.",Positive
FB0004505,CUST007188,2025-03-29,3,"Average experience overall, some months are better than others depending on new releases.",Neutral
FB0004506,CUST007190,2026-06-03,3,The service is decent but the content library could use more variety in regional languages.,Neutral
FB0004507,CUST007193,2023-11-10,4,Customer support resolved my issue quickly and the experience was smooth overall.,Positive
FB0004508,CUST007195,2026-01-30,2,"Not enough new content being added, feels like I have already watched everything worth watching.",Negative
FB0004509,CUST007197,2021-04-03,3,"Average experience overall, some months are better than others depending on new releases.",Negative
FB0004510,CUST007197,2022-05-27,3,The service is decent but the content library could use more variety in regional languages.,Neutral
FB0004511,CUST007199,2024-10-28,3,The service is decent but the content library could use more variety in regional languages.,Neutral
FB0004512,CUST007199,2026-03-11,1,The app keeps crashing on my device and I have not been able to watch anything for days.,Negative
FB0004513,CUST007201,2022-08-19,3,"It works fine most of the time, occasional buffering but nothing major to complain about.",Neutral
FB0004514,CUST007201,2026-03-05,4,The streaming quality has been excellent and the app feels much faster after the update.,Positive
FB0004515,CUST007201,2025-05-09,3,"It works fine most of the time, occasional buffering but nothing major to complain about.",Neutral
FB0004516,CUST007202,2026-04-02,4,"Really happy with the content library, discovered several great shows this month.",Positive
FB0004517,CUST007203,2025-11-09,4,Customer support resolved my issue quickly and the experience was smooth overall.,Positive
FB0004518,CUST007207,2022-07-18,2,Constant buffering issues during peak hours have made this frustrating to use lately.,Negative
FB0004519,CUST007208,2024-12-20,2,Constant buffering issues during peak hours have made this frustrating to use lately.,Negative
FB0004520,CUST007208,2026-04-20,1,The app keeps crashing on my device and I have not been able to watch anything for days.,Negative
FB0004521,CUST007213,2026-05-23,3,"It works fine most of the time, occasional buffering but nothing major to complain about.",Neutral
FB0004522,CUST007218,2025-02-04,3,"It works fine most of the time, occasional buffering but nothing major to complain about.",Neutral
FB0004523,CUST007219,2025-10-26,5,"Great value for the price, my whole family uses different profiles without any issues.",Positive
FB0004524,CUST007220,2024-12-03,4,"Great value for the price, my whole family uses different profiles without any issues.",Positive
FB0004525,CUST007221,2025-11-10,4,"Great value for the price, my whole family uses different profiles without any issues.",Positive
FB0004526,CUST007222,2025-07-06,4,The streaming quality has been excellent and the app feels much faster after the update.,Positive
FB0004527,CUST007224,2024-05-23,4,The streaming quality has been excellent and the app feels much faster after the update.,Positive
FB0004528,CUST007225,2025-07-25,1,"Not enough new content being added, feels like I have already watched everything worth watching.",Positive
FB0004529,CUST007229,2026-05-26,3,The service is decent but the content library could use more variety in regional languages.,Neutral
FB0004530,CUST007229,2026-05-24,5,"Love the recommendation engine, it keeps suggesting shows I actually end up enjoying.",Positive
FB0004531,CUST007231,2025-11-07,2,Cancelled my plan because the price increase was not worth the content available right now.,Negative
FB0004532,CUST007235,2025-06-18,3,"It works fine most of the time, occasional buffering but nothing major to complain about.",Neutral
FB0004533,CUST007236,2023-09-11,5,"Great value for the price, my whole family uses different profiles without any issues.",Positive
FB0004534,CUST007238,2020-10-19,5,"Great value for the price, my whole family uses different profiles without any issues.",Positive
FB0004535,CUST007239,2025-11-18,3,The service is decent but the content library could use more variety in regional languages.,Neutral
FB0004536,CUST007244,2026-04-29,3,The service is decent but the content library could use more variety in regional languages.,Neutral
FB0004537,CUST007245,2021-06-27,2,Cancelled my plan because the price increase was not worth the content available right now.,Negative
FB0004538,CUST007246,2023-04-16,1,"Customer support took too long to respond to my billing complaint, very disappointing experience.",Negative
FB0004539,CUST007246,2021-04-09,5,Customer support resolved my issue quickly and the experience was smooth overall.,Positive
FB0004540,CUST007251,2024-06-14,3,"It works fine most of the time, occasional buffering but nothing major to complain about.",Neutral
FB0004541,CUST007252,2021-10-30,5,The streaming quality has been excellent and the app feels much faster after the update.,Positive
FB0004542,CUST007253,2023-03-22,3,The service is decent but the content library could use more variety in regional languages.,Positive
FB0004543,CUST007253,2023-04-24,4,"Love the recommendation engine, it keeps suggesting shows I actually end up enjoying.",Positive
FB0004544,CUST007254,2023-03-07,4,The streaming quality has been excellent and the app feels much faster after the update.,Positive
FB0004545,CUST007256,2023-09-06,5,"Great value for the price, my whole family uses different profiles without any issues.",Positive
FB0004546,CUST007258,2026-02-10,5,The streaming quality has been excellent and the app feels much faster after the update.,Positive
FB0004547,CUST007263,2026-06-19,5,"Great value for the price, my whole family uses different profiles without any issues.",Neutral
FB0004548,CUST007265,2023-06-03,2,"Customer support took too long to respond to my billing complaint, very disappointing experience.",Negative
FB0004549,CUST007268,2025-02-21,5,"Love the recommendation engine, it keeps suggesting shows I actually end up enjoying.",Positive
FB0004550,CUST007270,2025-03-25,3,The service is decent but the content library could use more variety in regional languages.,Neutral
FB0004551,CUST007270,2024-05-23,3,The service is decent but the content library could use more variety in regional languages.,Neutral
FB0004552,CUST007270,2025-04-25,5,Customer support resolved my issue quickly and the experience was smooth overall.,Positive
FB0004553,CUST007272,2026-05-04,4,"Great value for the price, my whole family uses different profiles without any issues.",Positive
FB0004554,CUST007273,2025-07-07,2,The app keeps crashing on my device and I have not been able to watch anything for days.,Negative
FB0004555,CUST007273,2021-10-18,3,"Average experience overall, some months are better than others depending on new releases.",Neutral
FB0004556,CUST007274,2025-05-10,1,Constant buffering issues during peak hours have made this frustrating to use lately.,Negative
FB0004557,CUST007278,2024-11-08,4,The streaming quality has been excellent and the app feels much faster after the update.,Positive
FB0004558,CUST007279,2021-06-19,4,"Great value for the price, my whole family uses different profiles without any issues.",Positive
FB0004559,CUST007281,2025-12-03,5,"Really happy with the content library, discovered several great shows this month.",Positive
FB0004560,CUST007283,2023-07-11,4,The streaming quality has been excellent and the app feels much faster after the update.,Positive
FB0004561,CUST007284,2026-01-05,3,The service is decent but the content library could use more variety in regional languages.,Neutral
FB0004562,CUST007284,2025-07-31,4,"Really happy with the content library, discovered several great shows this month.",Positive
FB0004563,CUST007284,2024-05-14,5,"Great value for the price, my whole family uses different profiles without any issues.",Positive
FB0004564,CUST007284,2024-03-09,2,"Customer support took too long to respond to my billing complaint, very disappointing experience.",Negative
FB0004565,CUST007286,2024-07-06,5,"Really happy with the content library, discovered several great shows this month.",Positive
FB0004566,CUST007287,2023-10-07,3,"Average experience overall, some months are better than others depending on new releases.",Neutral
FB0004567,CUST007287,2024-12-15,5,"Great value for the price, my whole family uses different profiles without any issues.",Positive
FB0004568,CUST007288,2024-02-21,5,Customer support resolved my issue quickly and the experience was smooth overall.,Positive
FB0004569,CUST007288,2023-04-18,1,Constant buffering issues during peak hours have made this frustrating to use lately.,Negative
FB0004570,CUST007289,2022-09-14,4,"Love the recommendation engine, it keeps suggesting shows I actually end up enjoying.",Positive
FB0004571,CUST007291,2022-12-05,3,"It works fine most of the time, occasional buffering but nothing major to complain about.",Neutral
FB0004572,CUST007292,2020-05-23,5,"Really happy with the content library, discovered several great shows this month.",Positive
FB0004573,CUST007301,2026-05-03,3,"Average experience overall, some months are better than others depending on new releases.",Neutral
FB0004574,CUST007304,2022-07-21,3,"It works fine most of the time, occasional buffering but nothing major to complain about.",Neutral
FB0004575,CUST007305,2025-11-20,2,"Not enough new content being added, feels like I have already watched everything worth watching.",Negative
FB0004576,CUST007305,2026-01-14,5,The streaming quality has been excellent and the app feels much faster after the update.,Positive
FB0004577,CUST007307,2026-01-13,2,"Not enough new content being added, feels like I have already watched everything worth watching.",Negative
FB0004578,CUST007307,2025-10-13,4,"Love the recommendation engine, it keeps suggesting shows I actually end up enjoying.",Negative
FB0004579,CUST007308,2025-11-18,3,"Average experience overall, some months are better than others depending on new releases.",Neutral
FB0004580,CUST007308,2024-11-20,3,The service is decent but the content library could use more variety in regional languages.,Neutral
FB0004581,CUST007308,2025-10-16,4,"Great value for the price, my whole family uses different profiles without any issues.",Positive
FB0004582,CUST007310,2022-09-06,4,"Really happy with the content library, discovered several great shows this month.",Positive
FB0004583,CUST007311,2026-03-23,5,"Love the recommendation engine, it keeps suggesting shows I actually end up enjoying.",Positive
FB0004584,CUST007312,2026-04-27,3,"It works fine most of the time, occasional buffering but nothing major to complain about.",Neutral
FB0004585,CUST007315,2026-02-13,3,"Average experience overall, some months are better than others depending on new releases.",Neutral
FB0004586,CUST007316,2026-05-16,1,Cancelled my plan because the price increase was not worth the content available right now.,Negative
FB0004587,CUST007316,2025-11-05,3,"It works fine most of the time, occasional buffering but nothing major to complain about.",Neutral
FB0004588,CUST007318,2026-05-29,3,"It works fine most of the time, occasional buffering but nothing major to complain about.",Neutral
FB0004589,CUST007318,2024-09-15,3,"It works fine most of the time, occasional buffering but nothing major to complain about.",Neutral
FB0004590,CUST007319,2024-12-13,3,"Average experience overall, some months are better than others depending on new releases.",Neutral
FB0004591,CUST007319,2024-07-19,3,The service is decent but the content library could use more variety in regional languages.,Neutral
FB0004592,CUST007319,2026-05-15,1,Constant buffering issues during peak hours have made this frustrating to use lately.,Negative
FB0004593,CUST007319,2022-11-23,3,"It works fine most of the time, occasional buffering but nothing major to complain about.",Neutral
FB0004594,CUST007320,2022-02-06,3,"Average experience overall, some months are better than others depending on new releases.",Neutral
FB0004595,CUST007323,2024-12-18,4,"Great value for the price, my whole family uses different profiles without any issues.",Positive
FB0004596,CUST007324,2026-05-31,3,"It works fine most of the time, occasional buffering but nothing major to complain about.",Neutral
FB0004597,CUST007325,2025-08-22,3,"Average experience overall, some months are better than others depending on new releases.",Neutral
FB0004598,CUST007326,2025-09-17,1,The app keeps crashing on my device and I have not been able to watch anything for days.,Negative
FB0004599,CUST007326,2026-04-19,3,"Average experience overall, some months are better than others depending on new releases.",Negative
FB0004600,CUST007328,2026-03-30,5,"Really happy with the content library, discovered several great shows this month.",Positive
FB0004601,CUST007330,2023-12-31,5,"Love the recommendation engine, it keeps suggesting shows I actually end up enjoying.",Positive
FB0004602,CUST007330,2024-02-29,4,"Really happy with the content library, discovered several great shows this month.",Positive
FB0004603,CUST007330,2025-02-11,5,"Great value for the price, my whole family uses different profiles without any issues.",Positive
FB0004604,CUST007331,2025-07-19,2,"Customer support took too long to respond to my billing complaint, very disappointing experience.",Negative
FB0004605,CUST007331,2022-10-18,5,"Great value for the price, my whole family uses different profiles without any issues.",Positive
FB0004606,CUST007332,2025-01-17,5,"Love the recommendation engine, it keeps suggesting shows I actually end up enjoying.",Positive
FB0004607,CUST007333,2025-12-18,4,"Really happy with the content library, discovered several great shows this month.",Positive
FB0004608,CUST007334,2022-05-07,5,Customer support resolved my issue quickly and the experience was smooth overall.,Positive
FB0004609,CUST007335,2021-08-27,4,"Really happy with the content library, discovered several great shows this month.",Positive
FB0004610,CUST007339,2024-01-16,3,The service is decent but the content library could use more variety in regional languages.,Neutral
FB0004611,CUST007340,2024-12-06,5,The streaming quality has been excellent and the app feels much faster after the update.,Positive
FB0004612,CUST007341,2023-10-28,3,"It works fine most of the time, occasional buffering but nothing major to complain about.",Neutral
FB0004613,CUST007343,2025-12-06,3,"It works fine most of the time, occasional buffering but nothing major to complain about.",Neutral
FB0004614,CUST007343,2025-09-23,5,"Great value for the price, my whole family uses different profiles without any issues.",Positive
FB0004615,CUST007346,2024-01-06,3,"Average experience overall, some months are better than others depending on new releases.",Neutral
FB0004616,CUST007350,2025-08-09,3,"It works fine most of the time, occasional buffering but nothing major to complain about.",Neutral
FB0004617,CUST007350,2023-07-04,4,"Love the recommendation engine, it keeps suggesting shows I actually end up enjoying.",Positive
FB0004618,CUST007350,2026-03-28,5,The streaming quality has been excellent and the app feels much faster after the update.,Positive
FB0004619,CUST007351,2022-11-28,3,"It works fine most of the time, occasional buffering but nothing major to complain about.",Neutral
FB0004620,CUST007352,2022-12-24,5,"Great value for the price, my whole family uses different profiles without any issues.",Positive
FB0004621,CUST007355,2024-12-11,1,Constant buffering issues during peak hours have made this frustrating to use lately.,Negative
FB0004622,CUST007357,2026-03-20,4,"Love the recommendation engine, it keeps suggesting shows I actually end up enjoying.",Positive
FB0004623,CUST007363,2023-06-03,4,The streaming quality has been excellent and the app feels much faster after the update.,Positive
FB0004624,CUST007363,2026-06-02,3,"Average experience overall, some months are better than others depending on new releases.",Neutral
FB0004625,CUST007363,2020-10-18,3,The service is decent but the content library could use more variety in regional languages.,Neutral
FB0004626,CUST007365,2023-04-09,2,Cancelled my plan because the price increase was not worth the content available right now.,Negative
FB0004627,CUST007366,2025-04-24,1,"Customer support took too long to respond to my billing complaint, very disappointing experience.",Negative
FB0004628,CUST007367,2026-01-13,2,"Not enough new content being added, feels like I have already watched everything worth watching.",Negative
FB0004629,CUST007367,2020-02-13,3,The service is decent but the content library could use more variety in regional languages.,Neutral
FB0004630,CUST007369,2024-12-20,3,The service is decent but the content library could use more variety in regional languages.,Neutral
FB0004631,CUST007370,2022-11-01,3,"It works fine most of the time, occasional buffering but nothing major to complain about.",Neutral
FB0004632,CUST007375,2025-04-17,5,"Love the recommendation engine, it keeps suggesting shows I actually end up enjoying.",Positive
FB0004633,CUST007375,2024-10-11,3,"It works fine most of the time, occasional buffering but nothing major to complain about.",Neutral
FB0004634,CUST007375,2025-03-28,2,Constant buffering issues during peak hours have made this frustrating to use lately.,Negative
FB0004635,CUST007377,2025-06-08,5,"Love the recommendation engine, it keeps suggesting shows I actually end up enjoying.",Positive
FB0004636,CUST007382,2026-06-24,1,Constant buffering issues during peak hours have made this frustrating to use lately.,Negative
FB0004637,CUST007383,2024-05-20,3,"Average experience overall, some months are better than others depending on new releases.",Neutral
FB0004638,CUST007383,2025-07-09,3,"It works fine most of the time, occasional buffering but nothing major to complain about.",Neutral
FB0004639,CUST007384,2026-03-27,3,"Average experience overall, some months are better than others depending on new releases.",Neutral
FB0004640,CUST007388,2025-06-05,2,"Customer support took too long to respond to my billing complaint, very disappointing experience.",Negative
FB0004641,CUST007389,2026-06-15,5,"Love the recommendation engine, it keeps suggesting shows I actually end up enjoying.",Positive
FB0004642,CUST007390,2022-09-05,3,"It works fine most of the time, occasional buffering but nothing major to complain about.",Neutral
FB0004643,CUST007390,2024-06-16,2,"Not enough new content being added, feels like I have already watched everything worth watching.",Negative
FB0004644,CUST007393,2024-04-14,3,"It works fine most of the time, occasional buffering but nothing major to complain about.",Neutral
FB0004645,CUST007396,2024-05-16,5,"Love the recommendation engine, it keeps suggesting shows I actually end up enjoying.",Positive
FB0004646,CUST007396,2024-06-26,4,The streaming quality has been excellent and the app feels much faster after the update.,Neutral
FB0004647,CUST007398,2021-07-08,4,Customer support resolved my issue quickly and the experience was smooth overall.,Positive
FB0004648,CUST007400,2025-07-16,4,Customer support resolved my issue quickly and the experience was smooth overall.,Positive
FB0004649,CUST007401,2026-01-15,3,"It works fine most of the time, occasional buffering but nothing major to complain about.",Neutral
FB0004650,CUST007402,2025-06-30,5,"Great value for the price, my whole family uses different profiles without any issues.",Positive
FB0004651,CUST007404,2025-09-29,1,Cancelled my plan because the price increase was not worth the content available right now.,Negative
FB0004652,CUST007407,2025-02-20,4,"Really happy with the content library, discovered several great shows this month.",Positive
FB0004653,CUST007408,2025-07-23,2,The app keeps crashing on my device and I have not been able to watch anything for days.,Negative
FB0004654,CUST007409,2022-08-28,3,"It works fine most of the time, occasional buffering but nothing major to complain about.",Neutral
FB0004655,CUST007412,2024-01-13,5,"Love the recommendation engine, it keeps suggesting shows I actually end up enjoying.",Positive
FB0004656,CUST007413,2025-01-27,5,The streaming quality has been excellent and the app feels much faster after the update.,Neutral
FB0004657,CUST007415,2025-01-06,4,"Great value for the price, my whole family uses different profiles without any issues.",Positive
FB0004658,CUST007416,2025-05-16,2,Cancelled my plan because the price increase was not worth the content available right now.,Negative
FB0004659,CUST007417,2021-01-08,3,"Average experience overall, some months are better than others depending on new releases.",Neutral
FB0004660,CUST007418,2023-07-18,2,The app keeps crashing on my device and I have not been able to watch anything for days.,Negative
FB0004661,CUST007420,2025-07-09,3,"It works fine most of the time, occasional buffering but nothing major to complain about.",Neutral
FB0004662,CUST007420,2025-03-20,1,"Not enough new content being added, feels like I have already watched everything worth watching.",Negative
FB0004663,CUST007421,2026-04-11,5,The streaming quality has been excellent and the app feels much faster after the update.,Positive
FB0004664,CUST007421,2020-09-28,5,"Really happy with the content library, discovered several great shows this month.",Positive
FB0004665,CUST007426,2021-04-11,1,The app keeps crashing on my device and I have not been able to watch anything for days.,Negative
FB0004666,CUST007426,2020-10-12,3,"It works fine most of the time, occasional buffering but nothing major to complain about.",Neutral
FB0004667,CUST007427,2023-08-06,4,"Love the recommendation engine, it keeps suggesting shows I actually end up enjoying.",Positive
FB0004668,CUST007428,2025-08-26,3,"It works fine most of the time, occasional buffering but nothing major to complain about.",Positive
FB0004669,CUST007429,2020-07-26,5,Customer support resolved my issue quickly and the experience was smooth overall.,Neutral
FB0004670,CUST007429,2023-02-13,4,"Love the recommendation engine, it keeps suggesting shows I actually end up enjoying.",Positive
FB0004671,CUST007429,2023-03-27,5,Customer support resolved my issue quickly and the experience was smooth overall.,Positive
FB0004672,CUST007432,2026-04-21,1,Constant buffering issues during peak hours have made this frustrating to use lately.,Negative
FB0004673,CUST007437,2023-07-29,4,"Great value for the price, my whole family uses different profiles without any issues.",Positive
FB0004674,CUST007438,2022-07-10,3,"It works fine most of the time, occasional buffering but nothing major to complain about.",Neutral
FB0004675,CUST007439,2026-06-25,3,The service is decent but the content library could use more variety in regional languages.,Neutral
FB0004676,CUST007440,2021-10-02,3,"Average experience overall, some months are better than others depending on new releases.",Neutral
FB0004677,CUST007441,2025-11-25,3,"Average experience overall, some months are better than others depending on new releases.",Neutral
FB0004678,CUST007444,2021-01-16,1,"Not enough new content being added, feels like I have already watched everything worth watching.",Negative
FB0004679,CUST007444,2021-06-30,2,Constant buffering issues during peak hours have made this frustrating to use lately.,Negative
FB0004680,CUST007444,2024-10-18,5,The streaming quality has been excellent and the app feels much faster after the update.,Positive
FB0004681,CUST007445,2025-08-28,4,"Love the recommendation engine, it keeps suggesting shows I actually end up enjoying.",Positive
FB0004682,CUST007445,2022-11-30,5,Customer support resolved my issue quickly and the experience was smooth overall.,Positive
FB0004683,CUST007446,2025-08-10,3,"Average experience overall, some months are better than others depending on new releases.",Neutral
FB0004684,CUST007446,2026-01-30,1,The app keeps crashing on my device and I have not been able to watch anything for days.,Negative
FB0004685,CUST007448,2021-07-20,3,"It works fine most of the time, occasional buffering but nothing major to complain about.",Neutral
FB0004686,CUST007449,2023-09-27,5,"Great value for the price, my whole family uses different profiles without any issues.",Positive
FB0004687,CUST007450,2026-03-30,1,Cancelled my plan because the price increase was not worth the content available right now.,Negative
FB0004688,CUST007452,2026-06-09,3,"It works fine most of the time, occasional buffering but nothing major to complain about.",Neutral
FB0004689,CUST007452,2026-06-28,1,"Customer support took too long to respond to my billing complaint, very disappointing experience.",Negative
FB0004690,CUST007452,2026-06-01,1,Constant buffering issues during peak hours have made this frustrating to use lately.,Negative
FB0004691,CUST007455,2024-05-16,3,"It works fine most of the time, occasional buffering but nothing major to complain about.",Neutral
FB0004692,CUST007460,2025-05-28,5,"Love the recommendation engine, it keeps suggesting shows I actually end up enjoying.",Positive
FB0004693,CUST007463,2026-02-21,3,"Average experience overall, some months are better than others depending on new releases.",Neutral
FB0004694,CUST007464,2025-04-13,5,Customer support resolved my issue quickly and the experience was smooth overall.,Positive
FB0004695,CUST007468,2022-02-26,5,"Great value for the price, my whole family uses different profiles without any issues.",Positive
FB0004696,CUST007468,2023-04-23,2,The app keeps crashing on my device and I have not been able to watch anything for days.,Negative
FB0004697,CUST007475,2026-06-06,3,The service is decent but the content library could use more variety in regional languages.,Neutral
FB0004698,CUST007477,2024-10-24,2,Cancelled my plan because the price increase was not worth the content available right now.,Negative
FB0004699,CUST007479,2025-01-17,4,"Really happy with the content library, discovered several great shows this month.",Positive
FB0004700,CUST007480,2026-06-23,4,Customer support resolved my issue quickly and the experience was smooth overall.,Negative
FB0004701,CUST007482,2023-05-21,2,"Customer support took too long to respond to my billing complaint, very disappointing experience.",Negative
FB0004702,CUST007485,2025-12-26,4,"Love the recommendation engine, it keeps suggesting shows I actually end up enjoying.",Positive
FB0004703,CUST007486,2021-07-05,5,The streaming quality has been excellent and the app feels much faster after the update.,Positive
FB0004704,CUST007489,2026-05-25,3,"It works fine most of the time, occasional buffering but nothing major to complain about.",Neutral
FB0004705,CUST007492,2021-08-29,1,Cancelled my plan because the price increase was not worth the content available right now.,Negative
FB0004706,CUST007492,2026-03-09,4,"Great value for the price, my whole family uses different profiles without any issues.",Positive
FB0004707,CUST007493,2023-06-08,5,"Great value for the price, my whole family uses different profiles without any issues.",Positive
FB0004708,CUST007495,2026-06-17,2,The app keeps crashing on my device and I have not been able to watch anything for days.,Negative
FB0004709,CUST007497,2019-10-19,4,"Great value for the price, my whole family uses different profiles without any issues.",Positive
FB0004710,CUST007497,2026-06-18,5,"Great value for the price, my whole family uses different profiles without any issues.",Positive
FB0004711,CUST007498,2024-04-01,1,The app keeps crashing on my device and I have not been able to watch anything for days.,Positive
FB0004712,CUST007498,2026-05-09,4,"Love the recommendation engine, it keeps suggesting shows I actually end up enjoying.",Positive
FB0004713,CUST007500,2026-05-25,3,"Average experience overall, some months are better than others depending on new releases.",Neutral
FB0004714,CUST007500,2025-12-04,3,"It works fine most of the time, occasional buffering but nothing major to complain about.",Negative
FB0004715,CUST007501,2023-05-21,2,The app keeps crashing on my device and I have not been able to watch anything for days.,Negative
FB0004716,CUST007502,2023-07-16,2,The app keeps crashing on my device and I have not been able to watch anything for days.,Negative
FB0004717,CUST007503,2025-02-07,3,The service is decent but the content library could use more variety in regional languages.,Neutral
FB0004718,CUST007504,2025-03-13,1,"Customer support took too long to respond to my billing complaint, very disappointing experience.",Negative
FB0004719,CUST007504,2025-03-13,2,Cancelled my plan because the price increase was not worth the content available right now.,Negative
FB0004720,CUST007506,2025-09-21,2,"Not enough new content being added, feels like I have already watched everything worth watching.",Negative
FB0004721,CUST007508,2026-01-15,4,"Love the recommendation engine, it keeps suggesting shows I actually end up enjoying.",Positive
FB0004722,CUST007510,2024-07-23,4,"Great value for the price, my whole family uses different profiles without any issues.",Positive
FB0004723,CUST007512,2022-12-17,3,"Average experience overall, some months are better than others depending on new releases.",Negative
FB0004724,CUST007515,2025-08-26,1,"Customer support took too long to respond to my billing complaint, very disappointing experience.",Negative
FB0004725,CUST007516,2022-08-08,3,The service is decent but the content library could use more variety in regional languages.,Neutral
FB0004726,CUST007517,2026-06-04,4,The streaming quality has been excellent and the app feels much faster after the update.,Positive
FB0004727,CUST007518,2024-06-13,3,"Average experience overall, some months are better than others depending on new releases.",Neutral
FB0004728,CUST007519,2025-09-17,5,The streaming quality has been excellent and the app feels much faster after the update.,Positive
FB0004729,CUST007519,2025-09-26,3,"It works fine most of the time, occasional buffering but nothing major to complain about.",Neutral
FB0004730,CUST007523,2022-09-06,3,The service is decent but the content library could use more variety in regional languages.,Neutral
FB0004731,CUST007524,2022-12-09,1,The app keeps crashing on my device and I have not been able to watch anything for days.,Negative
FB0004732,CUST007524,2025-11-21,5,"Really happy with the content library, discovered several great shows this month.",Positive
FB0004733,CUST007524,2025-11-16,2,Cancelled my plan because the price increase was not worth the content available right now.,Negative
FB0004734,CUST007524,2021-01-14,3,"Average experience overall, some months are better than others depending on new releases.",Neutral
FB0004735,CUST007524,2023-07-19,3,"Average experience overall, some months are better than others depending on new releases.",Neutral
FB0004736,CUST007531,2025-12-29,3,The service is decent but the content library could use more variety in regional languages.,Neutral
FB0004737,CUST007535,2022-12-07,4,The streaming quality has been excellent and the app feels much faster after the update.,Neutral
FB0004738,CUST007535,2023-02-10,3,"Average experience overall, some months are better than others depending on new releases.",Neutral
FB0004739,CUST007536,2023-05-09,3,The service is decent but the content library could use more variety in regional languages.,Neutral
FB0004740,CUST007537,2025-08-10,3,"Average experience overall, some months are better than others depending on new releases.",Neutral
FB0004741,CUST007537,2024-06-03,2,Constant buffering issues during peak hours have made this frustrating to use lately.,Negative
FB0004742,CUST007538,2022-03-15,3,"Average experience overall, some months are better than others depending on new releases.",Neutral
FB0004743,CUST007540,2025-08-17,3,"It works fine most of the time, occasional buffering but nothing major to complain about.",Neutral
FB0004744,CUST007542,2026-06-27,4,"Really happy with the content library, discovered several great shows this month.",Positive
FB0004745,CUST007543,2025-12-08,3,The service is decent but the content library could use more variety in regional languages.,Neutral
FB0004746,CUST007548,2023-09-11,2,The app keeps crashing on my device and I have not been able to watch anything for days.,Negative
FB0004747,CUST007550,2024-11-26,5,"Really happy with the content library, discovered several great shows this month.",Positive
FB0004748,CUST007550,2023-09-01,3,"Average experience overall, some months are better than others depending on new releases.",Negative
FB0004749,CUST007552,2023-01-26,5,The streaming quality has been excellent and the app feels much faster after the update.,Positive
FB0004750,CUST007553,2025-09-27,2,"Customer support took too long to respond to my billing complaint, very disappointing experience.",Positive
FB0004751,CUST007553,2024-04-15,3,The service is decent but the content library could use more variety in regional languages.,Neutral
FB0004752,CUST007555,2020-06-04,3,The service is decent but the content library could use more variety in regional languages.,Neutral
FB0004753,CUST007555,2024-03-22,5,"Great value for the price, my whole family uses different profiles without any issues.",Positive
FB0004754,CUST007556,2025-05-08,5,"Love the recommendation engine, it keeps suggesting shows I actually end up enjoying.",Positive
FB0004755,CUST007556,2023-06-24,5,Customer support resolved my issue quickly and the experience was smooth overall.,Positive
FB0004756,CUST007556,2024-02-16,3,The service is decent but the content library could use more variety in regional languages.,Neutral
FB0004757,CUST007559,2026-04-22,2,"Customer support took too long to respond to my billing complaint, very disappointing experience.",Negative
FB0004758,CUST007559,2023-07-26,5,"Great value for the price, my whole family uses different profiles without any issues.",Positive
FB0004759,CUST007559,2023-10-31,2,Cancelled my plan because the price increase was not worth the content available right now.,Negative
FB0004760,CUST007562,2025-08-03,4,"Really happy with the content library, discovered several great shows this month.",Positive
FB0004761,CUST007566,2026-02-09,5,"Really happy with the content library, discovered several great shows this month.",Positive
FB0004762,CUST007571,2022-10-30,5,"Great value for the price, my whole family uses different profiles without any issues.",Positive
FB0004763,CUST007571,2025-06-17,3,The service is decent but the content library could use more variety in regional languages.,Negative
FB0004764,CUST007571,2023-06-21,4,Customer support resolved my issue quickly and the experience was smooth overall.,Positive
FB0004765,CUST007578,2026-05-06,1,The app keeps crashing on my device and I have not been able to watch anything for days.,Negative
FB0004766,CUST007580,2026-06-26,4,"Really happy with the content library, discovered several great shows this month.",Neutral
FB0004767,CUST007580,2026-06-24,4,The streaming quality has been excellent and the app feels much faster after the update.,Positive
FB0004768,CUST007580,2026-06-03,3,"It works fine most of the time, occasional buffering but nothing major to complain about.",Neutral
FB0004769,CUST007583,2025-09-07,2,Cancelled my plan because the price increase was not worth the content available right now.,Negative
FB0004770,CUST007584,2024-08-14,5,The streaming quality has been excellent and the app feels much faster after the update.,Positive
FB0004771,CUST007584,2024-09-29,4,"Love the recommendation engine, it keeps suggesting shows I actually end up enjoying.",Positive
FB0004772,CUST007588,2020-11-23,3,"Average experience overall, some months are better than others depending on new releases.",Neutral
FB0004773,CUST007589,2020-10-29,2,Cancelled my plan because the price increase was not worth the content available right now.,Negative
FB0004774,CUST007592,2024-09-11,2,The app keeps crashing on my device and I have not been able to watch anything for days.,Negative
FB0004775,CUST007594,2023-02-10,4,"Really happy with the content library, discovered several great shows this month.",Positive
FB0004776,CUST007597,2025-09-30,3,"Average experience overall, some months are better than others depending on new releases.",Neutral
FB0004777,CUST007597,2026-03-11,4,The streaming quality has been excellent and the app feels much faster after the update.,Positive
FB0004778,CUST007598,2025-03-18,5,"Great value for the price, my whole family uses different profiles without any issues.",Positive
FB0004779,CUST007601,2024-04-19,2,"Not enough new content being added, feels like I have already watched everything worth watching.",Negative
FB0004780,CUST007602,2024-08-10,5,"Really happy with the content library, discovered several great shows this month.",Positive
FB0004781,CUST007603,2025-11-04,5,The streaming quality has been excellent and the app feels much faster after the update.,Positive
FB0004782,CUST007604,2025-06-17,5,"Really happy with the content library, discovered several great shows this month.",Positive
FB0004783,CUST007604,2023-11-25,5,"Great value for the price, my whole family uses different profiles without any issues.",Positive
FB0004784,CUST007605,2024-09-23,5,Customer support resolved my issue quickly and the experience was smooth overall.,Positive
FB0004785,CUST007606,2022-06-16,3,"It works fine most of the time, occasional buffering but nothing major to complain about.",Neutral
FB0004786,CUST007606,2023-12-05,5,"Really happy with the content library, discovered several great shows this month.",Positive
FB0004787,CUST007609,2024-12-07,5,Customer support resolved my issue quickly and the experience was smooth overall.,Positive
FB0004788,CUST007611,2023-12-31,4,The streaming quality has been excellent and the app feels much faster after the update.,Positive
FB0004789,CUST007616,2022-07-19,5,"Love the recommendation engine, it keeps suggesting shows I actually end up enjoying.",Negative
FB0004790,CUST007617,2020-03-11,4,"Love the recommendation engine, it keeps suggesting shows I actually end up enjoying.",Positive
FB0004791,CUST007618,2022-10-26,4,Customer support resolved my issue quickly and the experience was smooth overall.,Positive
FB0004792,CUST007620,2026-03-16,4,"Love the recommendation engine, it keeps suggesting shows I actually end up enjoying.",Positive
FB0004793,CUST007621,2025-12-23,3,"Average experience overall, some months are better than others depending on new releases.",Neutral
FB0004794,CUST007621,2024-02-05,4,"Really happy with the content library, discovered several great shows this month.",Positive
FB0004795,CUST007621,2024-11-28,1,Constant buffering issues during peak hours have made this frustrating to use lately.,Negative
FB0004796,CUST007623,2026-05-19,4,"Love the recommendation engine, it keeps suggesting shows I actually end up enjoying.",Positive
FB0004797,CUST007624,2026-06-19,4,The streaming quality has been excellent and the app feels much faster after the update.,Positive
FB0004798,CUST007624,2025-11-05,1,Cancelled my plan because the price increase was not worth the content available right now.,Negative
FB0004799,CUST007627,2026-04-13,3,"It works fine most of the time, occasional buffering but nothing major to complain about.",Neutral
FB0004800,CUST007627,2025-09-18,3,The service is decent but the content library could use more variety in regional languages.,Neutral
FB0004801,CUST007627,2025-09-23,2,"Customer support took too long to respond to my billing complaint, very disappointing experience.",Negative
FB0004802,CUST007627,2026-03-27,5,"Really happy with the content library, discovered several great shows this month.",Positive
FB0004803,CUST007632,2025-07-17,1,"Customer support took too long to respond to my billing complaint, very disappointing experience.",Negative
FB0004804,CUST007632,2026-02-22,2,Cancelled my plan because the price increase was not worth the content available right now.,Negative
FB0004805,CUST007633,2025-08-09,5,"Love the recommendation engine, it keeps suggesting shows I actually end up enjoying.",Positive
FB0004806,CUST007633,2026-04-30,5,"Great value for the price, my whole family uses different profiles without any issues.",Positive
FB0004807,CUST007634,2024-03-11,1,"Customer support took too long to respond to my billing complaint, very disappointing experience.",Negative
FB0004808,CUST007634,2023-01-08,3,"Average experience overall, some months are better than others depending on new releases.",Neutral
FB0004809,CUST007636,2025-10-26,3,The service is decent but the content library could use more variety in regional languages.,Neutral
FB0004810,CUST007638,2022-08-01,3,"It works fine most of the time, occasional buffering but nothing major to complain about.",Neutral
FB0004811,CUST007638,2021-09-09,4,The streaming quality has been excellent and the app feels much faster after the update.,Positive
FB0004812,CUST007643,2024-12-25,3,"It works fine most of the time, occasional buffering but nothing major to complain about.",Neutral
FB0004813,CUST007646,2026-04-15,2,"Customer support took too long to respond to my billing complaint, very disappointing experience.",Negative
FB0004814,CUST007648,2023-11-07,3,"Average experience overall, some months are better than others depending on new releases.",Neutral
FB0004815,CUST007649,2023-09-23,1,"Not enough new content being added, feels like I have already watched everything worth watching.",Negative
FB0004816,CUST007650,2025-03-04,2,Cancelled my plan because the price increase was not worth the content available right now.,Negative
FB0004817,CUST007651,2023-03-24,1,"Not enough new content being added, feels like I have already watched everything worth watching.",Negative
FB0004818,CUST007651,2024-06-01,2,Constant buffering issues during peak hours have made this frustrating to use lately.,Negative
FB0004819,CUST007651,2025-10-15,3,The service is decent but the content library could use more variety in regional languages.,Neutral
FB0004820,CUST007652,2026-03-17,4,"Really happy with the content library, discovered several great shows this month.",Positive
FB0004821,CUST007654,2025-05-31,4,"Great value for the price, my whole family uses different profiles without any issues.",Positive
FB0004822,CUST007654,2026-04-11,5,"Great value for the price, my whole family uses different profiles without any issues.",Positive
FB0004823,CUST007655,2023-11-01,4,The streaming quality has been excellent and the app feels much faster after the update.,Positive
FB0004824,CUST007656,2024-09-07,3,"Average experience overall, some months are better than others depending on new releases.",Neutral
FB0004825,CUST007656,2023-11-13,3,The service is decent but the content library could use more variety in regional languages.,Neutral
FB0004826,CUST007659,2026-03-04,5,"Really happy with the content library, discovered several great shows this month.",Positive
FB0004827,CUST007659,2026-05-22,2,"Not enough new content being added, feels like I have already watched everything worth watching.",Negative
FB0004828,CUST007661,2025-11-18,4,"Love the recommendation engine, it keeps suggesting shows I actually end up enjoying.",Positive
FB0004829,CUST007663,2024-04-05,4,"Really happy with the content library, discovered several great shows this month.",Positive
FB0004830,CUST007664,2023-12-09,4,"Love the recommendation engine, it keeps suggesting shows I actually end up enjoying.",Positive
FB0004831,CUST007664,2025-12-14,4,"Love the recommendation engine, it keeps suggesting shows I actually end up enjoying.",Positive
FB0004832,CUST007664,2021-09-08,4,"Great value for the price, my whole family uses different profiles without any issues.",Positive
FB0004833,CUST007665,2024-09-23,2,"Customer support took too long to respond to my billing complaint, very disappointing experience.",Negative
FB0004834,CUST007670,2025-10-19,4,The streaming quality has been excellent and the app feels much faster after the update.,Positive
FB0004835,CUST007670,2026-05-10,3,The service is decent but the content library could use more variety in regional languages.,Neutral
FB0004836,CUST007673,2024-01-28,3,The service is decent but the content library could use more variety in regional languages.,Neutral
FB0004837,CUST007674,2024-11-19,4,The streaming quality has been excellent and the app feels much faster after the update.,Positive
FB0004838,CUST007677,2026-03-08,5,Customer support resolved my issue quickly and the experience was smooth overall.,Positive
FB0004839,CUST007677,2025-03-14,3,The service is decent but the content library could use more variety in regional languages.,Neutral
FB0004840,CUST007678,2024-12-06,3,"Average experience overall, some months are better than others depending on new releases.",Neutral
FB0004841,CUST007683,2026-06-08,3,"It works fine most of the time, occasional buffering but nothing major to complain about.",Neutral
FB0004842,CUST007683,2026-01-12,4,"Great value for the price, my whole family uses different profiles without any issues.",Positive
FB0004843,CUST007684,2021-05-31,4,"Really happy with the content library, discovered several great shows this month.",Positive
FB0004844,CUST007686,2022-10-14,2,Cancelled my plan because the price increase was not worth the content available right now.,Negative
FB0004845,CUST007686,2023-08-12,4,"Great value for the price, my whole family uses different profiles without any issues.",Positive
FB0004846,CUST007687,2021-05-26,2,Cancelled my plan because the price increase was not worth the content available right now.,Negative
FB0004847,CUST007695,2025-09-06,1,"Not enough new content being added, feels like I have already watched everything worth watching.",Negative
FB0004848,CUST007697,2026-06-16,1,"Customer support took too long to respond to my billing complaint, very disappointing experience.",Negative
FB0004849,CUST007698,2025-11-13,1,Constant buffering issues during peak hours have made this frustrating to use lately.,Neutral
FB0004850,CUST007702,2021-09-20,2,Constant buffering issues during peak hours have made this frustrating to use lately.,Negative
FB0004851,CUST007707,2026-06-02,4,"Love the recommendation engine, it keeps suggesting shows I actually end up enjoying.",Positive
FB0004852,CUST007707,2025-01-22,3,The service is decent but the content library could use more variety in regional languages.,Neutral
FB0004853,CUST007707,2024-06-07,2,"Not enough new content being added, feels like I have already watched everything worth watching.",Negative
FB0004854,CUST007707,2024-08-05,2,The app keeps crashing on my device and I have not been able to watch anything for days.,Negative
FB0004855,CUST007713,2024-10-17,4,"Great value for the price, my whole family uses different profiles without any issues.",Positive
FB0004856,CUST007716,2025-12-28,4,"Great value for the price, my whole family uses different profiles without any issues.",Positive
FB0004857,CUST007716,2023-07-24,4,The streaming quality has been excellent and the app feels much faster after the update.,Positive
FB0004858,CUST007718,2025-10-15,4,The streaming quality has been excellent and the app feels much faster after the update.,Neutral
FB0004859,CUST007719,2026-04-29,3,"Average experience overall, some months are better than others depending on new releases.",Neutral
FB0004860,CUST007721,2024-12-04,5,"Great value for the price, my whole family uses different profiles without any issues.",Positive
FB0004861,CUST007721,2026-05-03,3,The service is decent but the content library could use more variety in regional languages.,Neutral
FB0004862,CUST007724,2025-04-23,5,"Great value for the price, my whole family uses different profiles without any issues.",Positive
FB0004863,CUST007726,2022-06-05,3,The service is decent but the content library could use more variety in regional languages.,Neutral
FB0004864,CUST007726,2024-09-21,5,The streaming quality has been excellent and the app feels much faster after the update.,Positive
FB0004865,CUST007727,2024-09-20,5,"Really happy with the content library, discovered several great shows this month.",Positive
FB0004866,CUST007729,2020-01-12,1,"Customer support took too long to respond to my billing complaint, very disappointing experience.",Negative
FB0004867,CUST007729,2020-06-21,1,"Customer support took too long to respond to my billing complaint, very disappointing experience.",Negative
FB0004868,CUST007730,2024-01-25,5,"Love the recommendation engine, it keeps suggesting shows I actually end up enjoying.",Positive
FB0004869,CUST007730,2024-01-14,4,"Great value for the price, my whole family uses different profiles without any issues.",Positive
FB0004870,CUST007732,2024-04-28,5,The streaming quality has been excellent and the app feels much faster after the update.,Positive
FB0004871,CUST007732,2023-01-03,5,The streaming quality has been excellent and the app feels much faster after the update.,Positive
FB0004872,CUST007733,2024-11-20,3,"It works fine most of the time, occasional buffering but nothing major to complain about.",Neutral
FB0004873,CUST007733,2024-08-07,2,Constant buffering issues during peak hours have made this frustrating to use lately.,Negative
FB0004874,CUST007734,2026-03-25,3,The service is decent but the content library could use more variety in regional languages.,Neutral
FB0004875,CUST007740,2025-03-08,2,Constant buffering issues during peak hours have made this frustrating to use lately.,Negative
FB0004876,CUST007742,2023-01-06,3,"Average experience overall, some months are better than others depending on new releases.",Neutral
FB0004877,CUST007760,2024-11-03,3,"It works fine most of the time, occasional buffering but nothing major to complain about.",Neutral
FB0004878,CUST007762,2025-09-06,5,Customer support resolved my issue quickly and the experience was smooth overall.,Positive
FB0004879,CUST007762,2026-04-18,5,"Great value for the price, my whole family uses different profiles without any issues.",Positive
FB0004880,CUST007762,2024-03-29,4,"Really happy with the content library, discovered several great shows this month.",Positive
FB0004881,CUST007763,2024-08-27,3,"It works fine most of the time, occasional buffering but nothing major to complain about.",Neutral
FB0004882,CUST007764,2026-05-26,5,The streaming quality has been excellent and the app feels much faster after the update.,Positive
FB0004883,CUST007765,2026-05-25,2,Cancelled my plan because the price increase was not worth the content available right now.,Negative
FB0004884,CUST007765,2025-08-18,3,"It works fine most of the time, occasional buffering but nothing major to complain about.",Neutral
FB0004885,CUST007765,2021-10-16,4,"Really happy with the content library, discovered several great shows this month.",Positive
FB0004886,CUST007767,2023-08-17,4,The streaming quality has been excellent and the app feels much faster after the update.,Positive
FB0004887,CUST007774,2025-07-30,4,"Great value for the price, my whole family uses different profiles without any issues.",Positive
FB0004888,CUST007775,2025-08-29,3,"It works fine most of the time, occasional buffering but nothing major to complain about.",Neutral
FB0004889,CUST007777,2025-11-05,2,The app keeps crashing on my device and I have not been able to watch anything for days.,Negative
FB0004890,CUST007778,2024-05-04,4,The streaming quality has been excellent and the app feels much faster after the update.,Positive
FB0004891,CUST007778,2025-07-06,3,"It works fine most of the time, occasional buffering but nothing major to complain about.",Neutral
FB0004892,CUST007779,2026-02-22,5,The streaming quality has been excellent and the app feels much faster after the update.,Neutral
FB0004893,CUST007779,2026-04-28,5,Customer support resolved my issue quickly and the experience was smooth overall.,Positive
FB0004894,CUST007780,2022-04-08,4,Customer support resolved my issue quickly and the experience was smooth overall.,Positive
FB0004895,CUST007783,2026-01-20,3,"It works fine most of the time, occasional buffering but nothing major to complain about.",Neutral
FB0004896,CUST007785,2022-01-13,3,"Average experience overall, some months are better than others depending on new releases.",Neutral
FB0004897,CUST007786,2026-06-29,4,"Love the recommendation engine, it keeps suggesting shows I actually end up enjoying.",Positive
FB0004898,CUST007788,2024-03-21,4,"Really happy with the content library, discovered several great shows this month.",Positive
FB0004899,CUST007790,2026-05-18,5,"Really happy with the content library, discovered several great shows this month.",Positive
FB0004900,CUST007792,2026-03-21,4,The streaming quality has been excellent and the app feels much faster after the update.,Positive
FB0004901,CUST007793,2026-04-10,4,Customer support resolved my issue quickly and the experience was smooth overall.,Positive
FB0004902,CUST007797,2021-05-25,5,"Great value for the price, my whole family uses different profiles without any issues.",Positive
FB0004903,CUST007798,2019-10-15,4,"Love the recommendation engine, it keeps suggesting shows I actually end up enjoying.",Positive
FB0004904,CUST007799,2024-08-25,3,"Average experience overall, some months are better than others depending on new releases.",Neutral
FB0004905,CUST007803,2026-01-26,2,"Customer support took too long to respond to my billing complaint, very disappointing experience.",Negative
FB0004906,CUST007803,2025-06-12,3,"Average experience overall, some months are better than others depending on new releases.",Neutral
FB0004907,CUST007804,2026-01-16,4,Customer support resolved my issue quickly and the experience was smooth overall.,Positive
FB0004908,CUST007815,2024-11-21,3,"Average experience overall, some months are better than others depending on new releases.",Neutral
FB0004909,CUST007815,2025-12-11,1,Cancelled my plan because the price increase was not worth the content available right now.,Negative
FB0004910,CUST007816,2019-12-24,3,"Average experience overall, some months are better than others depending on new releases.",Neutral
FB0004911,CUST007817,2024-04-03,3,"It works fine most of the time, occasional buffering but nothing major to complain about.",Neutral
FB0004912,CUST007824,2025-10-07,5,"Great value for the price, my whole family uses different profiles without any issues.",Positive
FB0004913,CUST007827,2025-01-08,1,"Customer support took too long to respond to my billing complaint, very disappointing experience.",Negative
FB0004914,CUST007827,2024-04-22,3,The service is decent but the content library could use more variety in regional languages.,Neutral
FB0004915,CUST007828,2026-06-03,1,"Not enough new content being added, feels like I have already watched everything worth watching.",Negative
FB0004916,CUST007828,2025-05-05,4,"Really happy with the content library, discovered several great shows this month.",Positive
FB0004917,CUST007829,2024-02-19,1,Constant buffering issues during peak hours have made this frustrating to use lately.,Negative
FB0004918,CUST007829,2021-09-12,4,Customer support resolved my issue quickly and the experience was smooth overall.,Positive
FB0004919,CUST007829,2025-04-22,2,Constant buffering issues during peak hours have made this frustrating to use lately.,Negative
FB0004920,CUST007829,2024-05-28,1,"Customer support took too long to respond to my billing complaint, very disappointing experience.",Negative
FB0004921,CUST007831,2026-01-11,2,Cancelled my plan because the price increase was not worth the content available right now.,Negative
FB0004922,CUST007832,2026-06-04,2,"Customer support took too long to respond to my billing complaint, very disappointing experience.",Negative
FB0004923,CUST007833,2021-12-11,4,Customer support resolved my issue quickly and the experience was smooth overall.,Positive
FB0004924,CUST007833,2025-09-04,5,"Great value for the price, my whole family uses different profiles without any issues.",Positive
FB0004925,CUST007833,2022-07-26,5,Customer support resolved my issue quickly and the experience was smooth overall.,Neutral
FB0004926,CUST007833,2020-10-31,4,Customer support resolved my issue quickly and the experience was smooth overall.,Positive
FB0004927,CUST007834,2023-11-25,1,"Customer support took too long to respond to my billing complaint, very disappointing experience.",Negative
FB0004928,CUST007837,2024-07-06,3,"It works fine most of the time, occasional buffering but nothing major to complain about.",Neutral
FB0004929,CUST007837,2025-10-09,5,"Love the recommendation engine, it keeps suggesting shows I actually end up enjoying.",Positive
FB0004930,CUST007839,2022-12-06,4,The streaming quality has been excellent and the app feels much faster after the update.,Positive
FB0004931,CUST007841,2025-06-19,5,"Great value for the price, my whole family uses different profiles without any issues.",Positive
FB0004932,CUST007843,2025-11-04,3,"Average experience overall, some months are better than others depending on new releases.",Neutral
FB0004933,CUST007843,2025-10-25,3,"It works fine most of the time, occasional buffering but nothing major to complain about.",Neutral
FB0004934,CUST007843,2026-06-24,3,"It works fine most of the time, occasional buffering but nothing major to complain about.",Neutral
FB0004935,CUST007850,2025-12-31,3,The service is decent but the content library could use more variety in regional languages.,Neutral
FB0004936,CUST007851,2022-02-10,5,"Great value for the price, my whole family uses different profiles without any issues.",Neutral
FB0004937,CUST007852,2024-10-21,5,The streaming quality has been excellent and the app feels much faster after the update.,Positive
FB0004938,CUST007854,2021-02-13,2,"Customer support took too long to respond to my billing complaint, very disappointing experience.",Negative
FB0004939,CUST007856,2026-01-23,4,"Love the recommendation engine, it keeps suggesting shows I actually end up enjoying.",Positive
FB0004940,CUST007856,2025-11-02,3,"It works fine most of the time, occasional buffering but nothing major to complain about.",Neutral
FB0004941,CUST007857,2025-08-08,5,"Great value for the price, my whole family uses different profiles without any issues.",Positive
FB0004942,CUST007859,2021-05-17,5,Customer support resolved my issue quickly and the experience was smooth overall.,Positive
FB0004943,CUST007860,2025-02-08,5,The streaming quality has been excellent and the app feels much faster after the update.,Positive
FB0004944,CUST007862,2024-10-01,4,Customer support resolved my issue quickly and the experience was smooth overall.,Positive
FB0004945,CUST007866,2025-02-14,1,"Not enough new content being added, feels like I have already watched everything worth watching.",Negative
FB0004946,CUST007869,2021-09-02,3,"It works fine most of the time, occasional buffering but nothing major to complain about.",Neutral
FB0004947,CUST007869,2020-11-23,5,Customer support resolved my issue quickly and the experience was smooth overall.,Positive
FB0004948,CUST007869,2023-03-22,1,The app keeps crashing on my device and I have not been able to watch anything for days.,Positive
FB0004949,CUST007869,2024-04-14,4,Customer support resolved my issue quickly and the experience was smooth overall.,Positive
FB0004950,CUST007869,2022-01-20,3,The service is decent but the content library could use more variety in regional languages.,Neutral
FB0004951,CUST007869,2020-10-31,2,"Not enough new content being added, feels like I have already watched everything worth watching.",Neutral
FB0004952,CUST007870,2025-11-23,2,The app keeps crashing on my device and I have not been able to watch anything for days.,Negative
FB0004953,CUST007870,2025-04-20,5,"Great value for the price, my whole family uses different profiles without any issues.",Positive
FB0004954,CUST007876,2024-07-11,3,"It works fine most of the time, occasional buffering but nothing major to complain about.",Neutral
FB0004955,CUST007877,2023-09-07,2,The app keeps crashing on my device and I have not been able to watch anything for days.,Negative
FB0004956,CUST007879,2024-10-05,5,"Love the recommendation engine, it keeps suggesting shows I actually end up enjoying.",Positive
FB0004957,CUST007879,2026-04-22,4,"Great value for the price, my whole family uses different profiles without any issues.",Positive
FB0004958,CUST007880,2025-10-23,2,Constant buffering issues during peak hours have made this frustrating to use lately.,Negative
FB0004959,CUST007880,2023-12-07,5,"Love the recommendation engine, it keeps suggesting shows I actually end up enjoying.",Positive
FB0004960,CUST007883,2026-06-03,2,"Not enough new content being added, feels like I have already watched everything worth watching.",Negative
FB0004961,CUST007884,2025-01-15,2,Cancelled my plan because the price increase was not worth the content available right now.,Negative
FB0004962,CUST007884,2024-04-15,3,"Average experience overall, some months are better than others depending on new releases.",Neutral
FB0004963,CUST007884,2025-06-02,2,Constant buffering issues during peak hours have made this frustrating to use lately.,Negative
FB0004964,CUST007884,2026-03-20,1,Constant buffering issues during peak hours have made this frustrating to use lately.,Negative
FB0004965,CUST007887,2026-06-12,4,"Really happy with the content library, discovered several great shows this month.",Positive
FB0004966,CUST007890,2024-10-11,2,"Not enough new content being added, feels like I have already watched everything worth watching.",Negative
FB0004967,CUST007892,2025-12-02,1,"Not enough new content being added, feels like I have already watched everything worth watching.",Negative
FB0004968,CUST007892,2025-11-09,2,Constant buffering issues during peak hours have made this frustrating to use lately.,Negative
FB0004969,CUST007895,2024-05-31,4,Customer support resolved my issue quickly and the experience was smooth overall.,Positive
FB0004970,CUST007895,2022-05-14,5,"Really happy with the content library, discovered several great shows this month.",Positive
FB0004971,CUST007902,2025-12-09,5,"Great value for the price, my whole family uses different profiles without any issues.",Positive
FB0004972,CUST007903,2024-06-19,1,Cancelled my plan because the price increase was not worth the content available right now.,Negative
FB0004973,CUST007905,2025-11-09,3,"Average experience overall, some months are better than others depending on new releases.",Neutral
FB0004974,CUST007905,2025-11-07,1,"Not enough new content being added, feels like I have already watched everything worth watching.",Negative
FB0004975,CUST007907,2026-04-04,3,"Average experience overall, some months are better than others depending on new releases.",Neutral
FB0004976,CUST007908,2023-08-03,4,"Love the recommendation engine, it keeps suggesting shows I actually end up enjoying.",Positive
FB0004977,CUST007909,2025-03-30,4,Customer support resolved my issue quickly and the experience was smooth overall.,Positive
FB0004978,CUST007910,2025-08-26,3,"Average experience overall, some months are better than others depending on new releases.",Neutral
FB0004979,CUST007912,2025-10-06,5,"Love the recommendation engine, it keeps suggesting shows I actually end up enjoying.",Positive
FB0004980,CUST007912,2025-08-15,1,Cancelled my plan because the price increase was not worth the content available right now.,Negative
FB0004981,CUST007913,2024-08-25,5,"Love the recommendation engine, it keeps suggesting shows I actually end up enjoying.",Positive
FB0004982,CUST007915,2020-07-04,3,"Average experience overall, some months are better than others depending on new releases.",Neutral
FB0004983,CUST007915,2023-12-15,3,"It works fine most of the time, occasional buffering but nothing major to complain about.",Neutral
FB0004984,CUST007916,2024-07-26,4,"Love the recommendation engine, it keeps suggesting shows I actually end up enjoying.",Positive
FB0004985,CUST007916,2020-02-23,3,"It works fine most of the time, occasional buffering but nothing major to complain about.",Neutral
FB0004986,CUST007917,2022-03-20,1,"Customer support took too long to respond to my billing complaint, very disappointing experience.",Negative
FB0004987,CUST007917,2024-07-14,2,"Not enough new content being added, feels like I have already watched everything worth watching.",Negative
FB0004988,CUST007918,2024-12-15,3,"Average experience overall, some months are better than others depending on new releases.",Neutral
FB0004989,CUST007920,2024-12-13,4,The streaming quality has been excellent and the app feels much faster after the update.,Positive
FB0004990,CUST007920,2025-06-08,2,"Customer support took too long to respond to my billing complaint, very disappointing experience.",Negative
FB0004991,CUST007925,2025-07-14,4,"Really happy with the content library, discovered several great shows this month.",Positive
FB0004992,CUST007925,2026-02-23,3,"It works fine most of the time, occasional buffering but nothing major to complain about.",Neutral
FB0004993,CUST007928,2025-04-16,3,"Average experience overall, some months are better than others depending on new releases.",Neutral
FB0004994,CUST007931,2024-06-06,3,The service is decent but the content library could use more variety in regional languages.,Neutral
FB0004995,CUST007931,2024-01-21,3,"It works fine most of the time, occasional buffering but nothing major to complain about.",Neutral
FB0004996,CUST007936,2025-12-10,2,The app keeps crashing on my device and I have not been able to watch anything for days.,Negative
FB0004997,CUST007938,2022-06-07,4,"Great value for the price, my whole family uses different profiles without any issues.",Positive
FB0004998,CUST007939,2023-10-11,1,"Not enough new content being added, feels like I have already watched everything worth watching.",Negative
FB0004999,CUST007941,2026-01-04,4,The streaming quality has been excellent and the app feels much faster after the update.,Positive
FB0005000,CUST007941,2025-06-21,5,"Really happy with the content library, discovered several great shows this month.",Positive
FB0005001,CUST007943,2025-08-21,4,"Great value for the price, my whole family uses different profiles without any issues.",Positive
FB0005002,CUST007943,2025-10-13,5,"Really happy with the content library, discovered several great shows this month.",Positive
FB0005003,CUST007943,2026-05-25,2,"Not enough new content being added, feels like I have already watched everything worth watching.",Negative
FB0005004,CUST007944,2024-02-14,3,"It works fine most of the time, occasional buffering but nothing major to complain about.",Neutral
FB0005005,CUST007945,2025-04-01,1,"Not enough new content being added, feels like I have already watched everything worth watching.",Negative
FB0005006,CUST007945,2023-08-30,5,"Really happy with the content library, discovered several great shows this month.",Positive
FB0005007,CUST007947,2026-01-21,3,The service is decent but the content library could use more variety in regional languages.,Neutral
FB0005008,CUST007950,2025-08-07,3,"Average experience overall, some months are better than others depending on new releases.",Neutral
FB0005009,CUST007950,2024-04-30,5,"Great value for the price, my whole family uses different profiles without any issues.",Positive
FB0005010,CUST007952,2025-08-31,3,"It works fine most of the time, occasional buffering but nothing major to complain about.",Neutral
FB0005011,CUST007955,2023-10-09,3,"It works fine most of the time, occasional buffering but nothing major to complain about.",Neutral
FB0005012,CUST007955,2025-12-23,3,The service is decent but the content library could use more variety in regional languages.,Neutral
FB0005013,CUST007956,2024-07-15,4,"Great value for the price, my whole family uses different profiles without any issues.",Positive
FB0005014,CUST007956,2023-10-03,3,"Average experience overall, some months are better than others depending on new releases.",Neutral
FB0005015,CUST007957,2026-06-30,3,"Average experience overall, some months are better than others depending on new releases.",Neutral
FB0005016,CUST007958,2025-11-10,3,"It works fine most of the time, occasional buffering but nothing major to complain about.",Neutral
FB0005017,CUST007960,2023-12-21,5,"Great value for the price, my whole family uses different profiles without any issues.",Positive
FB0005018,CUST007960,2025-10-25,3,"Average experience overall, some months are better than others depending on new releases.",Neutral
FB0005019,CUST007962,2026-06-07,2,Cancelled my plan because the price increase was not worth the content available right now.,Negative
FB0005020,CUST007963,2020-05-10,4,Customer support resolved my issue quickly and the experience was smooth overall.,Positive
FB0005021,CUST007963,2026-03-25,3,"Average experience overall, some months are better than others depending on new releases.",Neutral
FB0005022,CUST007963,2021-09-30,5,The streaming quality has been excellent and the app feels much faster after the update.,Neutral
FB0005023,CUST007964,2026-06-17,3,The service is decent but the content library could use more variety in regional languages.,Neutral
FB0005024,CUST007964,2019-12-04,1,"Customer support took too long to respond to my billing complaint, very disappointing experience.",Negative
FB0005025,CUST007966,2026-02-19,3,"Average experience overall, some months are better than others depending on new releases.",Neutral
FB0005026,CUST007967,2025-12-07,3,"Average experience overall, some months are better than others depending on new releases.",Neutral
FB0005027,CUST007969,2023-01-20,2,The app keeps crashing on my device and I have not been able to watch anything for days.,Neutral
FB0005028,CUST007974,2026-06-19,3,The service is decent but the content library could use more variety in regional languages.,Neutral
FB0005029,CUST007975,2026-05-28,5,"Really happy with the content library, discovered several great shows this month.",Positive
FB0005030,CUST007977,2025-12-02,5,"Great value for the price, my whole family uses different profiles without any issues.",Positive
FB0005031,CUST007978,2023-01-14,1,The app keeps crashing on my device and I have not been able to watch anything for days.,Negative
FB0005032,CUST007978,2026-01-18,4,Customer support resolved my issue quickly and the experience was smooth overall.,Positive
FB0005033,CUST007982,2026-03-30,3,"It works fine most of the time, occasional buffering but nothing major to complain about.",Neutral
FB0005034,CUST007982,2026-03-30,4,The streaming quality has been excellent and the app feels much faster after the update.,Positive
FB0005035,CUST007983,2022-04-02,1,"Customer support took too long to respond to my billing complaint, very disappointing experience.",Negative
FB0005036,CUST007984,2025-10-13,4,"Great value for the price, my whole family uses different profiles without any issues.",Positive
FB0005037,CUST007986,2026-04-13,3,"Average experience overall, some months are better than others depending on new releases.",Neutral
FB0005038,CUST007986,2023-05-18,3,The service is decent but the content library could use more variety in regional languages.,Neutral
FB0005039,CUST007988,2023-11-21,3,The service is decent but the content library could use more variety in regional languages.,Neutral
FB0005040,CUST007988,2021-10-17,3,"Average experience overall, some months are better than others depending on new releases.",Neutral
FB0005041,CUST007989,2025-02-06,1,Cancelled my plan because the price increase was not worth the content available right now.,Negative
FB0005042,CUST007990,2022-03-26,2,"Not enough new content being added, feels like I have already watched everything worth watching.",Negative
FB0005043,CUST007990,2020-01-25,1,The app keeps crashing on my device and I have not been able to watch anything for days.,Negative
FB0005044,CUST007992,2026-06-19,5,"Great value for the price, my whole family uses different profiles without any issues.",Positive
FB0005045,CUST007992,2026-01-26,4,"Great value for the price, my whole family uses different profiles without any issues.",Positive
FB0005046,CUST007993,2024-01-08,3,The service is decent but the content library could use more variety in regional languages.,Neutral
