subscription_id,customer_id,plan_id,subscription_start_date,subscription_end_date,subscription_status,auto_renew,cancellation_date,cancellation_reason,monthly_price
SUB0000001,CUST000001,PLAN03,2022-04-30,,Active,True,,,22.99
SUB0000002,CUST000002,PLAN02,2025-12-24,,Active,True,,,15.49
SUB0000003,CUST000003,PLAN03,2019-12-15,,Cancelled,True,2026-04-20,Too expensive,22.99
SUB0000004,CUST000004,PLAN01,2019-01-28,,Active,False,,,6.99
SUB0000005,CUST000005,PLAN01,2024-07-24,,Active,True,,,6.99
SUB0000006,CUST000006,PLAN03,2025-07-19,,Active,True,,,22.99
SUB0000007,CUST000007,PLAN02,2025-10-30,,Cancelled,True,2026-05-05,Password sharing crackdown,15.49
SUB0000008,CUST000008,PLAN02,2023-08-21,,Active,True,,,15.49
SUB0000009,CUST000009,PLAN02,2019-11-18,,Active,True,,,15.49
SUB0000010,CUST000010,PLAN01,2021-12-03,,Active,True,,,6.99
SUB0000011,CUST000011,PLAN01,2022-06-29,,Active,True,,,6.99
SUB0000012,CUST000012,PLAN02,2023-06-01,,Active,True,,,15.49
SUB0000013,CUST000013,PLAN01,2023-05-24,,Active,True,,,6.99
SUB0000014,CUST000014,PLAN02,2025-10-13,,Cancelled,True,2026-01-31,Too expensive,15.49
SUB0000015,CUST000015,PLAN02,2025-09-09,,Active,True,,,15.49
SUB0000016,CUST000016,PLAN01,2025-03-17,,Active,True,,,6.99
SUB0000017,CUST000017,PLAN01,2019-03-16,,Active,True,,,6.99
SUB0000018,CUST000018,PLAN01,2026-03-08,,Active,True,,,6.99
SUB0000019,CUST000019,PLAN02,2020-06-25,,Active,False,,,15.49
SUB0000020,CUST000020,PLAN01,2024-06-14,,Active,True,,,6.99
SUB0000021,CUST000021,PLAN03,2020-06-13,,Active,True,,,22.99
SUB0000022,CUST000022,PLAN02,2026-03-02,,Active,False,,,15.49
SUB0000023,CUST000023,PLAN02,2026-04-13,,Cancelled,False,2026-06-05,No longer needed,15.49
SUB0000024,CUST000024,PLAN01,2026-01-25,,Active,True,,,6.99
SUB0000025,CUST000025,PLAN01,2025-09-04,,Cancelled,True,2026-05-09,Too expensive,6.99
SUB0000026,CUST000026,PLAN01,2025-11-30,,Active,False,,,6.99
SUB0000027,CUST000027,PLAN01,2023-07-22,,Active,True,,,6.99
SUB0000028,CUST000028,PLAN02,2020-01-20,,Cancelled,True,2025-11-08,Content quality decline,15.49
SUB0000029,CUST000029,PLAN02,2021-12-18,,Cancelled,True,2025-10-07,Payment issues,15.49
SUB0000030,CUST000030,PLAN02,2023-11-16,2024-10-26,Plan Changed,True,,,15.49
SUB0000031,CUST000030,PLAN02,2024-10-26,,Active,True,,,15.49
SUB0000032,CUST000031,PLAN03,2023-06-10,,Active,True,,,22.99
SUB0000033,CUST000032,PLAN02,2020-02-15,,Cancelled,True,2026-01-22,Poor customer service experience,15.49
SUB0000034,CUST000033,PLAN01,2022-03-30,,Cancelled,True,2025-11-19,Household budget cuts,6.99
SUB0000035,CUST000034,PLAN01,2023-12-05,,Active,True,,,6.99
SUB0000036,CUST000035,PLAN03,2023-09-30,2026-06-24,Plan Changed,True,,,6.99
SUB0000037,CUST000035,PLAN01,2026-06-24,,Active,True,,,6.99
SUB0000038,CUST000036,PLAN01,2022-09-19,,Active,True,,,6.99
SUB0000039,CUST000037,PLAN02,2020-05-24,,Active,True,,,15.49
SUB0000040,CUST000038,PLAN02,2021-04-14,,Active,True,,,15.49
SUB0000041,CUST000039,PLAN02,2023-03-31,,Cancelled,True,2026-01-28,Poor customer service experience,15.49
SUB0000042,CUST000040,PLAN01,2024-07-24,,Active,True,,,6.99
SUB0000043,CUST000041,PLAN02,2021-09-30,,Active,True,,,15.49
SUB0000044,CUST000042,PLAN02,2022-07-14,,Active,True,,,15.49
SUB0000045,CUST000043,PLAN01,2021-11-21,,Active,True,,,6.99
SUB0000046,CUST000044,PLAN01,2022-04-29,,Cancelled,False,2026-02-06,Household budget cuts,6.99
SUB0000047,CUST000045,PLAN02,2022-09-11,,Active,True,,,15.49
SUB0000048,CUST000046,PLAN01,2022-05-30,,Cancelled,True,2026-04-21,Household budget cuts,6.99
SUB0000049,CUST000047,PLAN03,2021-04-19,2022-06-11,Plan Changed,True,,,6.99
SUB0000050,CUST000047,PLAN01,2022-06-11,,Active,True,,,6.99
SUB0000051,CUST000048,PLAN01,2025-06-15,,Active,True,,,6.99
SUB0000052,CUST000049,PLAN01,2025-05-12,,Active,True,,,6.99
SUB0000053,CUST000050,PLAN02,2020-07-30,,Active,True,,,15.49
SUB0000054,CUST000051,PLAN02,2022-08-13,2024-06-30,Plan Changed,True,,,15.49
SUB0000055,CUST000051,PLAN02,2024-06-30,,Active,True,,,15.49
SUB0000056,CUST000052,PLAN02,2022-04-07,,Active,True,,,15.49
SUB0000057,CUST000053,PLAN01,2019-01-21,,Cancelled,True,2025-10-30,Content quality decline,6.99
SUB0000058,CUST000054,PLAN03,2023-07-31,2026-04-03,Plan Changed,True,,,22.99
SUB0000059,CUST000054,PLAN03,2026-04-03,,Active,True,,,22.99
SUB0000060,CUST000055,PLAN02,2019-10-11,2022-05-14,Plan Changed,True,,,6.99
SUB0000061,CUST000055,PLAN01,2022-05-14,,Cancelled,True,2026-01-31,Technical issues,6.99
SUB0000062,CUST000056,PLAN01,2020-09-18,,Active,True,,,6.99
SUB0000063,CUST000057,PLAN01,2019-02-28,,Cancelled,False,2025-10-16,Too expensive,6.99
SUB0000064,CUST000058,PLAN01,2025-12-02,,Active,True,,,6.99
SUB0000065,CUST000059,PLAN01,2024-04-03,,Cancelled,True,2025-12-05,Found alternative platform,6.99
SUB0000066,CUST000060,PLAN02,2021-12-30,,Active,True,,,15.49
SUB0000067,CUST000061,PLAN01,2025-05-25,,Active,True,,,6.99
SUB0000068,CUST000062,PLAN01,2024-10-15,,Active,True,,,6.99
SUB0000069,CUST000063,PLAN01,2024-04-03,,Active,True,,,6.99
SUB0000070,CUST000064,PLAN02,2020-06-30,2026-05-23,Plan Changed,True,,,6.99
SUB0000071,CUST000064,PLAN01,2026-05-23,,Active,True,,,6.99
SUB0000072,CUST000065,PLAN02,2022-07-19,,Cancelled,True,2026-02-25,Poor customer service experience,15.49
SUB0000073,CUST000066,PLAN03,2025-08-27,,Cancelled,False,2026-06-09,Content quality decline,22.99
SUB0000074,CUST000067,PLAN01,2020-11-17,,Cancelled,True,2025-11-07,Household budget cuts,6.99
SUB0000075,CUST000068,PLAN02,2021-01-08,,Cancelled,True,2026-04-29,Technical issues,15.49
SUB0000076,CUST000069,PLAN03,2024-09-23,,Active,False,,,22.99
SUB0000077,CUST000070,PLAN03,2025-08-11,,Active,True,,,22.99
SUB0000078,CUST000071,PLAN03,2019-07-01,,Active,False,,,22.99
SUB0000079,CUST000072,PLAN02,2020-02-20,2025-08-18,Plan Changed,True,,,6.99
SUB0000080,CUST000072,PLAN01,2025-08-18,,Active,True,,,6.99
SUB0000081,CUST000073,PLAN02,2021-06-30,,Active,True,,,15.49
SUB0000082,CUST000074,PLAN02,2020-09-16,,Cancelled,True,2025-12-20,Not enough content,15.49
SUB0000083,CUST000075,PLAN02,2024-01-19,,Active,True,,,15.49
SUB0000084,CUST000076,PLAN01,2023-09-30,,Active,True,,,6.99
SUB0000085,CUST000077,PLAN02,2023-02-08,,Active,False,,,15.49
SUB0000086,CUST000078,PLAN01,2022-09-19,,Active,True,,,6.99
SUB0000087,CUST000079,PLAN02,2025-07-16,,Active,False,,,15.49
SUB0000088,CUST000080,PLAN01,2025-02-09,,Active,True,,,6.99
SUB0000089,CUST000081,PLAN01,2023-07-15,,Cancelled,False,2025-12-17,Found alternative platform,6.99
SUB0000090,CUST000082,PLAN02,2025-04-22,,Cancelled,True,2025-10-16,Not enough content,15.49
SUB0000091,CUST000083,PLAN02,2020-09-12,,Active,True,,,15.49
SUB0000092,CUST000084,PLAN01,2023-08-29,,Active,True,,,6.99
SUB0000093,CUST000085,PLAN01,2022-01-05,2024-12-02,Plan Changed,True,,,22.99
SUB0000094,CUST000085,PLAN03,2024-12-02,,Active,True,,,22.99
SUB0000095,CUST000086,PLAN01,2025-11-21,,Active,True,,,6.99
SUB0000096,CUST000087,PLAN02,2023-11-14,2024-02-19,Plan Changed,True,,,15.49
SUB0000097,CUST000087,PLAN02,2024-02-19,,Active,True,,,15.49
SUB0000098,CUST000088,PLAN02,2022-12-29,,Active,True,,,15.49
SUB0000099,CUST000089,PLAN02,2019-01-11,,Active,True,,,15.49
SUB0000100,CUST000090,PLAN01,2024-12-24,,Active,True,,,6.99
SUB0000101,CUST000091,PLAN01,2025-07-04,,Active,False,,,6.99
SUB0000102,CUST000092,PLAN01,2025-07-16,,Cancelled,True,2026-03-01,Too expensive,6.99
SUB0000103,CUST000093,PLAN01,2019-12-18,,Cancelled,True,2026-01-20,No longer needed,6.99
SUB0000104,CUST000094,PLAN02,2019-07-05,,Active,False,,,15.49
SUB0000105,CUST000095,PLAN02,2026-05-13,,Active,True,,,15.49
SUB0000106,CUST000096,PLAN01,2019-03-19,,Cancelled,True,2025-10-23,Password sharing crackdown,6.99
SUB0000107,CUST000097,PLAN01,2020-01-26,2022-07-14,Plan Changed,True,,,6.99
SUB0000108,CUST000097,PLAN01,2022-07-14,,Active,True,,,6.99
SUB0000109,CUST000098,PLAN02,2021-01-24,,Active,True,,,15.49
SUB0000110,CUST000099,PLAN02,2025-06-16,,Cancelled,True,2026-03-02,Found alternative platform,15.49
SUB0000111,CUST000100,PLAN01,2022-09-27,,Active,True,,,6.99
SUB0000112,CUST000101,PLAN02,2025-07-17,,Active,True,,,15.49
SUB0000113,CUST000102,PLAN01,2022-12-30,,Active,True,,,6.99
SUB0000114,CUST000103,PLAN02,2021-10-05,,Active,True,,,15.49
SUB0000115,CUST000104,PLAN02,2022-01-14,2023-08-04,Plan Changed,True,,,15.49
SUB0000116,CUST000104,PLAN02,2023-08-04,,Cancelled,True,2025-10-27,Technical issues,15.49
SUB0000117,CUST000105,PLAN01,2021-10-20,,Active,False,,,6.99
SUB0000118,CUST000106,PLAN01,2026-01-05,,Active,True,,,6.99
SUB0000119,CUST000107,PLAN02,2020-08-25,,Active,True,,,15.49
SUB0000120,CUST000108,PLAN03,2023-06-01,,Cancelled,False,2026-03-20,Too expensive,22.99
SUB0000121,CUST000109,PLAN01,2020-01-26,,Active,True,,,6.99
SUB0000122,CUST000110,PLAN03,2025-08-22,,Cancelled,True,2026-02-25,Found alternative platform,22.99
SUB0000123,CUST000111,PLAN02,2025-09-14,,Cancelled,False,2026-06-13,Too expensive,15.49
SUB0000124,CUST000112,PLAN01,2021-01-13,,Active,False,,,6.99
SUB0000125,CUST000113,PLAN03,2020-03-05,2026-04-18,Plan Changed,True,,,6.99
SUB0000126,CUST000113,PLAN01,2026-04-18,,Cancelled,True,2025-12-09,Poor customer service experience,6.99
SUB0000127,CUST000114,PLAN02,2021-08-06,,Cancelled,True,2026-02-27,Poor customer service experience,15.49
SUB0000128,CUST000115,PLAN01,2019-12-29,,Active,True,,,6.99
SUB0000129,CUST000116,PLAN02,2019-04-13,,Active,True,,,15.49
SUB0000130,CUST000117,PLAN02,2025-12-17,,Active,True,,,15.49
SUB0000131,CUST000118,PLAN01,2021-03-19,,Active,False,,,6.99
SUB0000132,CUST000119,PLAN01,2019-12-20,,Cancelled,True,2026-02-27,Found alternative platform,6.99
SUB0000133,CUST000120,PLAN01,2024-11-03,,Active,False,,,6.99
SUB0000134,CUST000121,PLAN02,2024-09-20,,Active,True,,,15.49
SUB0000135,CUST000122,PLAN02,2020-05-15,,Active,True,,,15.49
SUB0000136,CUST000123,PLAN03,2023-05-11,,Active,True,,,22.99
SUB0000137,CUST000124,PLAN01,2024-03-25,,Active,True,,,6.99
SUB0000138,CUST000125,PLAN02,2023-11-08,,Cancelled,False,2025-11-17,Too expensive,15.49
SUB0000139,CUST000126,PLAN01,2023-07-18,,Cancelled,True,2025-10-11,Too expensive,6.99
SUB0000140,CUST000127,PLAN03,2021-01-07,,Active,False,,,22.99
SUB0000141,CUST000128,PLAN02,2024-06-13,,Active,True,,,15.49
SUB0000142,CUST000129,PLAN02,2025-01-04,,Active,False,,,15.49
SUB0000143,CUST000130,PLAN03,2021-07-23,,Active,True,,,22.99
SUB0000144,CUST000131,PLAN01,2019-02-01,,Active,True,,,6.99
SUB0000145,CUST000132,PLAN02,2019-10-26,2023-01-07,Plan Changed,True,,,6.99
SUB0000146,CUST000132,PLAN01,2023-01-07,,Cancelled,True,2026-01-19,Found alternative platform,6.99
SUB0000147,CUST000133,PLAN01,2026-05-10,,Cancelled,False,2026-06-25,Poor customer service experience,6.99
SUB0000148,CUST000134,PLAN02,2021-06-28,,Active,True,,,15.49
SUB0000149,CUST000135,PLAN02,2021-10-23,,Active,True,,,15.49
SUB0000150,CUST000136,PLAN02,2025-02-09,,Active,True,,,15.49
SUB0000151,CUST000137,PLAN02,2023-03-26,,Cancelled,False,2026-01-10,Found alternative platform,15.49
SUB0000152,CUST000138,PLAN01,2023-09-10,,Cancelled,False,2025-11-09,Not enough content,6.99
SUB0000153,CUST000139,PLAN01,2022-04-26,,Active,True,,,6.99
SUB0000154,CUST000140,PLAN03,2022-05-19,,Active,True,,,22.99
SUB0000155,CUST000141,PLAN01,2025-07-23,,Cancelled,True,2026-06-01,Found alternative platform,6.99
SUB0000156,CUST000142,PLAN01,2025-09-22,,Active,True,,,6.99
SUB0000157,CUST000143,PLAN03,2025-12-03,2026-03-02,Plan Changed,False,,,15.49
SUB0000158,CUST000143,PLAN02,2026-03-02,,Cancelled,False,2025-12-27,Not enough content,15.49
SUB0000159,CUST000144,PLAN01,2021-09-13,,Active,True,,,6.99
SUB0000160,CUST000145,PLAN03,2020-10-04,,Active,True,,,22.99
SUB0000161,CUST000146,PLAN02,2024-06-27,,Cancelled,True,2025-12-26,Household budget cuts,15.49
SUB0000162,CUST000147,PLAN01,2024-07-09,,Active,True,,,6.99
SUB0000163,CUST000148,PLAN02,2020-07-13,,Active,True,,,15.49
SUB0000164,CUST000149,PLAN02,2025-11-23,,Cancelled,False,2026-05-20,Found alternative platform,15.49
SUB0000165,CUST000150,PLAN02,2026-04-08,,Active,True,,,15.49
SUB0000166,CUST000151,PLAN01,2020-09-30,2026-05-05,Plan Changed,True,,,15.49
SUB0000167,CUST000151,PLAN02,2026-05-05,,Active,True,,,15.49
SUB0000168,CUST000152,PLAN03,2024-06-14,,Cancelled,True,2026-03-03,Too expensive,22.99
SUB0000169,CUST000153,PLAN01,2025-10-19,,Active,True,,,6.99
SUB0000170,CUST000154,PLAN02,2021-04-28,,Active,True,,,15.49
SUB0000171,CUST000155,PLAN02,2021-04-06,,Cancelled,True,2025-12-17,Technical issues,15.49
SUB0000172,CUST000156,PLAN01,2020-11-01,,Active,True,,,6.99
SUB0000173,CUST000157,PLAN01,2021-10-16,,Active,True,,,6.99
SUB0000174,CUST000158,PLAN02,2023-02-14,,Active,True,,,15.49
SUB0000175,CUST000159,PLAN02,2023-09-24,,Active,True,,,15.49
SUB0000176,CUST000160,PLAN03,2025-06-15,,Cancelled,True,2026-03-18,Too expensive,22.99
SUB0000177,CUST000161,PLAN01,2022-03-21,,Cancelled,True,2025-12-04,Found alternative platform,6.99
SUB0000178,CUST000162,PLAN02,2020-01-19,,Active,True,,,15.49
SUB0000179,CUST000163,PLAN02,2023-12-29,,Active,True,,,15.49
SUB0000180,CUST000164,PLAN02,2019-04-21,,Active,True,,,15.49
SUB0000181,CUST000165,PLAN01,2025-06-18,,Active,True,,,6.99
SUB0000182,CUST000166,PLAN03,2023-11-17,,Cancelled,True,2026-04-19,Found alternative platform,22.99
SUB0000183,CUST000167,PLAN02,2021-05-31,2023-10-20,Plan Changed,True,,,6.99
SUB0000184,CUST000167,PLAN01,2023-10-20,,Active,True,,,6.99
SUB0000185,CUST000168,PLAN02,2024-11-15,,Active,True,,,15.49
SUB0000186,CUST000169,PLAN03,2022-01-29,,Active,True,,,22.99
SUB0000187,CUST000170,PLAN02,2024-06-17,,Active,True,,,15.49
SUB0000188,CUST000171,PLAN02,2024-06-04,2026-01-10,Plan Changed,True,,,15.49
SUB0000189,CUST000171,PLAN02,2026-01-10,,Cancelled,True,2026-05-19,Password sharing crackdown,15.49
SUB0000190,CUST000172,PLAN03,2025-06-30,,Cancelled,False,2026-02-22,Payment issues,22.99
SUB0000191,CUST000173,PLAN01,2025-08-05,,Active,True,,,6.99
SUB0000192,CUST000174,PLAN03,2026-05-25,,Active,True,,,22.99
SUB0000193,CUST000175,PLAN02,2019-01-27,,Active,True,,,15.49
SUB0000194,CUST000176,PLAN01,2020-11-05,,Active,True,,,6.99
SUB0000195,CUST000177,PLAN03,2019-02-02,2019-09-26,Plan Changed,True,,,22.99
SUB0000196,CUST000177,PLAN03,2019-09-26,,Active,True,,,22.99
SUB0000197,CUST000178,PLAN03,2022-07-30,,Active,True,,,22.99
SUB0000198,CUST000179,PLAN02,2021-03-03,2024-10-10,Plan Changed,True,,,22.99
SUB0000199,CUST000179,PLAN03,2024-10-10,,Active,True,,,22.99
SUB0000200,CUST000180,PLAN02,2020-05-07,,Cancelled,True,2026-06-04,Content quality decline,15.49
SUB0000201,CUST000181,PLAN01,2021-03-08,,Active,True,,,6.99
SUB0000202,CUST000182,PLAN01,2025-12-31,,Active,True,,,6.99
SUB0000203,CUST000183,PLAN01,2020-04-12,,Cancelled,True,2026-06-14,Too expensive,6.99
SUB0000204,CUST000184,PLAN01,2022-11-29,,Cancelled,True,2026-01-27,Not enough content,6.99
SUB0000205,CUST000185,PLAN02,2020-01-01,,Active,True,,,15.49
SUB0000206,CUST000186,PLAN03,2021-09-10,,Active,True,,,22.99
SUB0000207,CUST000187,PLAN03,2025-08-22,2026-01-17,Plan Changed,True,,,15.49
SUB0000208,CUST000187,PLAN02,2026-01-17,,Cancelled,True,2026-06-19,Moving / relocation,15.49
SUB0000209,CUST000188,PLAN01,2022-08-02,,Active,True,,,6.99
SUB0000210,CUST000189,PLAN03,2022-08-04,,Active,True,,,22.99
SUB0000211,CUST000190,PLAN01,2019-09-28,,Active,True,,,6.99
SUB0000212,CUST000191,PLAN01,2022-10-04,2023-11-11,Plan Changed,True,,,22.99
SUB0000213,CUST000191,PLAN03,2023-11-11,,Cancelled,True,2026-06-28,No longer needed,22.99
SUB0000214,CUST000192,PLAN01,2026-03-17,,Cancelled,True,2026-05-28,Content quality decline,6.99
SUB0000215,CUST000193,PLAN03,2019-01-16,,Active,True,,,22.99
SUB0000216,CUST000194,PLAN02,2021-04-10,,Active,True,,,15.49
SUB0000217,CUST000195,PLAN03,2023-07-20,,Active,True,,,22.99
SUB0000218,CUST000196,PLAN03,2023-01-04,2025-05-11,Plan Changed,False,,,22.99
SUB0000219,CUST000196,PLAN03,2025-05-11,,Active,False,,,22.99
SUB0000220,CUST000197,PLAN01,2024-01-08,,Cancelled,True,2026-02-18,Too expensive,6.99
SUB0000221,CUST000198,PLAN01,2022-07-26,,Active,True,,,6.99
SUB0000222,CUST000199,PLAN03,2024-12-19,2026-04-16,Plan Changed,True,,,6.99
SUB0000223,CUST000199,PLAN01,2026-04-16,,Active,True,,,6.99
SUB0000224,CUST000200,PLAN01,2025-08-14,2026-02-11,Plan Changed,False,,,6.99
SUB0000225,CUST000200,PLAN01,2026-02-11,,Active,False,,,6.99
SUB0000226,CUST000201,PLAN01,2021-12-08,2024-09-25,Plan Changed,True,,,6.99
SUB0000227,CUST000201,PLAN01,2024-09-25,,Active,True,,,6.99
SUB0000228,CUST000202,PLAN01,2020-02-21,,Active,True,,,6.99
SUB0000229,CUST000203,PLAN02,2021-01-12,,Active,False,,,15.49
SUB0000230,CUST000204,PLAN01,2020-12-08,,Active,True,,,6.99
SUB0000231,CUST000205,PLAN01,2026-03-14,,Cancelled,False,2026-04-05,Found alternative platform,6.99
SUB0000232,CUST000206,PLAN02,2026-03-30,,Active,False,,,15.49
SUB0000233,CUST000207,PLAN01,2024-09-06,,Active,True,,,6.99
SUB0000234,CUST000208,PLAN02,2022-05-12,,Active,True,,,15.49
SUB0000235,CUST000209,PLAN01,2025-11-03,2026-02-14,Plan Changed,True,,,22.99
SUB0000236,CUST000209,PLAN03,2026-02-14,,Active,True,,,22.99
SUB0000237,CUST000210,PLAN02,2023-01-19,,Cancelled,True,2025-12-05,Technical issues,15.49
SUB0000238,CUST000211,PLAN02,2024-03-29,,Active,True,,,15.49
SUB0000239,CUST000212,PLAN01,2022-10-04,,Active,True,,,6.99
SUB0000240,CUST000213,PLAN03,2019-09-23,,Active,True,,,22.99
SUB0000241,CUST000214,PLAN01,2020-04-02,,Active,True,,,6.99
SUB0000242,CUST000215,PLAN01,2020-03-30,,Active,True,,,6.99
SUB0000243,CUST000216,PLAN02,2025-07-22,,Active,False,,,15.49
SUB0000244,CUST000217,PLAN03,2021-02-02,,Active,True,,,22.99
SUB0000245,CUST000218,PLAN03,2020-11-14,,Active,False,,,22.99
SUB0000246,CUST000219,PLAN02,2025-05-27,,Active,True,,,15.49
SUB0000247,CUST000220,PLAN01,2025-11-26,2026-06-23,Plan Changed,True,,,22.99
SUB0000248,CUST000220,PLAN03,2026-06-23,,Active,True,,,22.99
SUB0000249,CUST000221,PLAN01,2022-06-17,,Cancelled,True,2025-12-31,Not enough content,6.99
SUB0000250,CUST000222,PLAN03,2021-10-05,2023-07-06,Plan Changed,False,,,6.99
SUB0000251,CUST000222,PLAN01,2023-07-06,,Cancelled,False,2026-04-23,Not enough content,6.99
SUB0000252,CUST000223,PLAN01,2024-11-05,,Active,False,,,6.99
SUB0000253,CUST000224,PLAN01,2020-05-01,,Active,False,,,6.99
SUB0000254,CUST000225,PLAN02,2024-09-16,,Cancelled,False,2025-12-18,Password sharing crackdown,15.49
SUB0000255,CUST000226,PLAN02,2023-12-19,,Cancelled,True,2026-03-21,No longer needed,15.49
SUB0000256,CUST000227,PLAN01,2023-03-09,,Active,True,,,6.99
SUB0000257,CUST000228,PLAN01,2026-02-26,,Active,True,,,6.99
SUB0000258,CUST000229,PLAN03,2024-02-25,,Active,False,,,22.99
SUB0000259,CUST000230,PLAN01,2019-10-21,,Active,False,,,6.99
SUB0000260,CUST000231,PLAN03,2019-05-10,,Active,False,,,22.99
SUB0000261,CUST000232,PLAN03,2026-04-10,,Cancelled,False,2026-04-11,Moving / relocation,22.99
SUB0000262,CUST000233,PLAN01,2021-11-18,,Active,True,,,6.99
SUB0000263,CUST000234,PLAN02,2022-08-06,,Cancelled,True,2026-04-13,Technical issues,15.49
SUB0000264,CUST000235,PLAN02,2025-10-16,,Active,False,,,15.49
SUB0000265,CUST000236,PLAN01,2020-08-02,,Active,True,,,6.99
SUB0000266,CUST000237,PLAN03,2025-02-08,,Cancelled,True,2026-02-03,Too expensive,22.99
SUB0000267,CUST000238,PLAN01,2022-05-02,,Active,True,,,6.99
SUB0000268,CUST000239,PLAN03,2023-03-15,2023-08-18,Plan Changed,True,,,15.49
SUB0000269,CUST000239,PLAN02,2023-08-18,,Active,True,,,15.49
SUB0000270,CUST000240,PLAN01,2023-05-07,,Active,True,,,6.99
SUB0000271,CUST000241,PLAN02,2019-11-19,,Active,True,,,15.49
SUB0000272,CUST000242,PLAN01,2019-06-28,,Cancelled,True,2026-02-24,Not enough content,6.99
SUB0000273,CUST000243,PLAN01,2024-01-03,,Cancelled,True,2026-01-08,Too expensive,6.99
SUB0000274,CUST000244,PLAN01,2025-07-10,,Active,False,,,6.99
SUB0000275,CUST000245,PLAN01,2019-02-08,2022-04-17,Plan Changed,False,,,6.99
SUB0000276,CUST000245,PLAN01,2022-04-17,,Active,False,,,6.99
SUB0000277,CUST000246,PLAN01,2022-12-14,,Active,True,,,6.99
SUB0000278,CUST000247,PLAN01,2023-05-25,,Cancelled,True,2026-04-10,Not enough content,6.99
SUB0000279,CUST000248,PLAN02,2021-03-07,,Active,False,,,15.49
SUB0000280,CUST000249,PLAN02,2025-09-29,2026-05-01,Plan Changed,True,,,15.49
SUB0000281,CUST000249,PLAN02,2026-05-01,,Active,True,,,15.49
SUB0000282,CUST000250,PLAN03,2020-09-19,,Active,True,,,22.99
SUB0000283,CUST000251,PLAN03,2022-08-14,,Active,False,,,22.99
SUB0000284,CUST000252,PLAN02,2021-02-08,,Active,True,,,15.49
SUB0000285,CUST000253,PLAN02,2021-06-10,,Active,True,,,15.49
SUB0000286,CUST000254,PLAN02,2025-06-30,,Active,True,,,15.49
SUB0000287,CUST000255,PLAN02,2023-09-11,,Cancelled,True,2025-11-08,Password sharing crackdown,15.49
SUB0000288,CUST000256,PLAN01,2021-01-08,,Active,False,,,6.99
SUB0000289,CUST000257,PLAN02,2021-01-27,,Active,True,,,15.49
SUB0000290,CUST000258,PLAN01,2020-10-06,,Active,True,,,6.99
SUB0000291,CUST000259,PLAN01,2023-09-03,,Cancelled,True,2026-02-10,Poor customer service experience,6.99
SUB0000292,CUST000260,PLAN01,2022-05-14,,Active,True,,,6.99
SUB0000293,CUST000261,PLAN02,2025-06-25,,Active,True,,,15.49
SUB0000294,CUST000262,PLAN01,2025-01-09,,Active,False,,,6.99
SUB0000295,CUST000263,PLAN02,2022-04-19,,Active,True,,,15.49
SUB0000296,CUST000264,PLAN01,2020-02-24,2021-01-27,Plan Changed,True,,,6.99
SUB0000297,CUST000264,PLAN01,2021-01-27,,Cancelled,True,2025-10-05,Household budget cuts,6.99
SUB0000298,CUST000265,PLAN03,2025-03-21,,Active,True,,,22.99
SUB0000299,CUST000266,PLAN01,2025-10-29,,Active,True,,,6.99
SUB0000300,CUST000267,PLAN02,2022-09-06,,Active,True,,,15.49
SUB0000301,CUST000268,PLAN02,2025-11-05,2026-03-02,Plan Changed,False,,,15.49
SUB0000302,CUST000268,PLAN02,2026-03-02,,Cancelled,False,2026-01-29,Found alternative platform,15.49
SUB0000303,CUST000269,PLAN02,2025-07-21,,Cancelled,True,2026-05-29,Too expensive,15.49
SUB0000304,CUST000270,PLAN03,2023-01-08,,Active,True,,,22.99
SUB0000305,CUST000271,PLAN02,2021-04-29,,Cancelled,True,2025-10-30,Poor customer service experience,15.49
SUB0000306,CUST000272,PLAN03,2023-08-01,,Active,False,,,22.99
SUB0000307,CUST000273,PLAN02,2022-05-16,,Active,True,,,15.49
SUB0000308,CUST000274,PLAN01,2019-10-20,,Active,True,,,6.99
SUB0000309,CUST000275,PLAN03,2019-03-31,,Active,True,,,22.99
SUB0000310,CUST000276,PLAN03,2024-06-28,,Active,False,,,22.99
SUB0000311,CUST000277,PLAN03,2023-07-09,,Active,True,,,22.99
SUB0000312,CUST000278,PLAN03,2019-07-15,,Active,True,,,22.99
SUB0000313,CUST000279,PLAN02,2022-07-06,,Active,True,,,15.49
SUB0000314,CUST000280,PLAN03,2022-03-14,,Active,True,,,22.99
SUB0000315,CUST000281,PLAN03,2025-04-02,,Active,True,,,22.99
SUB0000316,CUST000282,PLAN02,2026-04-23,,Active,True,,,15.49
SUB0000317,CUST000283,PLAN02,2022-04-04,,Cancelled,True,2026-04-22,Poor customer service experience,15.49
SUB0000318,CUST000284,PLAN03,2019-05-11,,Active,True,,,22.99
SUB0000319,CUST000285,PLAN01,2022-07-11,,Cancelled,False,2025-10-18,Not enough content,6.99
SUB0000320,CUST000286,PLAN01,2020-01-16,,Active,True,,,6.99
SUB0000321,CUST000287,PLAN01,2020-06-29,,Cancelled,True,2025-11-29,No longer needed,6.99
SUB0000322,CUST000288,PLAN01,2019-03-13,,Active,False,,,6.99
SUB0000323,CUST000289,PLAN02,2022-06-13,2024-02-15,Plan Changed,True,,,6.99
SUB0000324,CUST000289,PLAN01,2024-02-15,,Active,True,,,6.99
SUB0000325,CUST000290,PLAN03,2025-10-16,,Cancelled,True,2026-03-23,Not enough content,22.99
SUB0000326,CUST000291,PLAN01,2023-08-22,,Active,True,,,6.99
SUB0000327,CUST000292,PLAN02,2022-07-27,,Active,True,,,15.49
SUB0000328,CUST000293,PLAN02,2025-06-22,,Active,True,,,15.49
SUB0000329,CUST000294,PLAN02,2025-01-12,,Active,True,,,15.49
SUB0000330,CUST000295,PLAN02,2023-04-27,,Cancelled,True,2025-12-10,Technical issues,15.49
SUB0000331,CUST000296,PLAN01,2025-08-03,2026-01-26,Plan Changed,True,,,15.49
SUB0000332,CUST000296,PLAN02,2026-01-26,,Cancelled,True,2025-12-07,Found alternative platform,15.49
SUB0000333,CUST000297,PLAN01,2023-01-24,2025-07-12,Plan Changed,True,,,22.99
SUB0000334,CUST000297,PLAN03,2025-07-12,,Active,True,,,22.99
SUB0000335,CUST000298,PLAN03,2023-07-27,,Active,True,,,22.99
SUB0000336,CUST000299,PLAN01,2025-09-13,,Cancelled,True,2026-01-02,No longer needed,6.99
SUB0000337,CUST000300,PLAN01,2020-03-04,,Cancelled,True,2026-05-26,Technical issues,6.99
SUB0000338,CUST000301,PLAN02,2023-07-15,2025-05-06,Plan Changed,True,,,15.49
SUB0000339,CUST000301,PLAN02,2025-05-06,,Active,True,,,15.49
SUB0000340,CUST000302,PLAN03,2019-05-05,,Cancelled,True,2026-05-17,Password sharing crackdown,22.99
SUB0000341,CUST000303,PLAN02,2024-07-09,,Cancelled,True,2026-04-14,Content quality decline,15.49
SUB0000342,CUST000304,PLAN01,2021-11-06,,Active,True,,,6.99
SUB0000343,CUST000305,PLAN02,2026-01-31,,Cancelled,True,2026-03-08,Not enough content,15.49
SUB0000344,CUST000306,PLAN01,2025-10-22,,Active,True,,,6.99
SUB0000345,CUST000307,PLAN01,2022-09-10,,Active,True,,,6.99
SUB0000346,CUST000308,PLAN03,2019-10-31,2025-06-28,Plan Changed,False,,,22.99
SUB0000347,CUST000308,PLAN03,2025-06-28,,Active,False,,,22.99
SUB0000348,CUST000309,PLAN02,2024-05-28,,Active,True,,,15.49
SUB0000349,CUST000310,PLAN01,2021-10-04,,Cancelled,True,2025-10-15,Too expensive,6.99
SUB0000350,CUST000311,PLAN02,2020-01-16,,Active,True,,,15.49
SUB0000351,CUST000312,PLAN02,2026-01-11,,Cancelled,True,2026-06-08,No longer needed,15.49
SUB0000352,CUST000313,PLAN01,2025-01-06,,Active,True,,,6.99
SUB0000353,CUST000314,PLAN01,2026-03-02,,Cancelled,True,2026-03-11,Not enough content,6.99
SUB0000354,CUST000315,PLAN02,2023-01-03,,Active,True,,,15.49
SUB0000355,CUST000316,PLAN01,2019-12-23,,Active,True,,,6.99
SUB0000356,CUST000317,PLAN01,2023-10-05,,Cancelled,True,2026-05-18,Content quality decline,6.99
SUB0000357,CUST000318,PLAN03,2019-02-02,2019-07-09,Plan Changed,True,,,6.99
SUB0000358,CUST000318,PLAN01,2019-07-09,,Cancelled,True,2026-02-08,Not enough content,6.99
SUB0000359,CUST000319,PLAN03,2026-04-25,,Active,True,,,22.99
SUB0000360,CUST000320,PLAN01,2023-11-21,,Active,True,,,6.99
SUB0000361,CUST000321,PLAN01,2023-12-02,,Active,True,,,6.99
SUB0000362,CUST000322,PLAN03,2025-11-24,,Cancelled,True,2026-05-12,No longer needed,22.99
SUB0000363,CUST000323,PLAN03,2025-12-31,,Active,True,,,22.99
SUB0000364,CUST000324,PLAN02,2023-01-03,,Active,True,,,15.49
SUB0000365,CUST000325,PLAN01,2023-06-17,2026-05-31,Plan Changed,True,,,22.99
SUB0000366,CUST000325,PLAN03,2026-05-31,,Active,True,,,22.99
SUB0000367,CUST000326,PLAN03,2020-02-14,,Active,False,,,22.99
SUB0000368,CUST000327,PLAN02,2022-02-02,,Active,True,,,15.49
SUB0000369,CUST000328,PLAN01,2024-05-25,,Cancelled,True,2026-01-07,No longer needed,6.99
SUB0000370,CUST000329,PLAN01,2025-04-27,,Active,True,,,6.99
SUB0000371,CUST000330,PLAN03,2025-08-28,,Cancelled,True,2026-02-24,Not enough content,22.99
SUB0000372,CUST000331,PLAN02,2025-01-06,,Cancelled,False,2025-11-12,Payment issues,15.49
SUB0000373,CUST000332,PLAN01,2026-04-11,,Active,True,,,6.99
SUB0000374,CUST000333,PLAN02,2025-09-14,,Cancelled,True,2025-11-16,Not enough content,15.49
SUB0000375,CUST000334,PLAN02,2021-09-03,,Active,True,,,15.49
SUB0000376,CUST000335,PLAN01,2021-10-02,,Cancelled,True,2025-10-30,Content quality decline,6.99
SUB0000377,CUST000336,PLAN01,2021-02-21,,Active,True,,,6.99
SUB0000378,CUST000337,PLAN01,2025-06-11,,Cancelled,True,2025-12-23,Too expensive,6.99
SUB0000379,CUST000338,PLAN01,2023-12-29,,Active,True,,,6.99
SUB0000380,CUST000339,PLAN03,2020-06-28,,Active,True,,,22.99
SUB0000381,CUST000340,PLAN01,2020-11-06,,Active,True,,,6.99
SUB0000382,CUST000341,PLAN01,2024-10-31,,Active,False,,,6.99
SUB0000383,CUST000342,PLAN01,2020-09-20,,Active,True,,,6.99
SUB0000384,CUST000343,PLAN03,2020-08-02,,Active,True,,,22.99
SUB0000385,CUST000344,PLAN03,2023-03-27,,Active,True,,,22.99
SUB0000386,CUST000345,PLAN02,2026-01-21,,Cancelled,False,2026-05-23,Found alternative platform,15.49
SUB0000387,CUST000346,PLAN03,2019-12-16,,Active,False,,,22.99
SUB0000388,CUST000347,PLAN01,2024-10-02,,Active,True,,,6.99
SUB0000389,CUST000348,PLAN01,2022-08-18,,Active,False,,,6.99
SUB0000390,CUST000349,PLAN01,2019-07-09,,Active,True,,,6.99
SUB0000391,CUST000350,PLAN03,2026-02-20,,Active,True,,,22.99
SUB0000392,CUST000351,PLAN02,2023-05-05,,Active,True,,,15.49
SUB0000393,CUST000352,PLAN01,2021-10-21,,Cancelled,True,2026-04-28,Payment issues,6.99
SUB0000394,CUST000353,PLAN02,2025-03-12,,Cancelled,True,2026-05-30,Technical issues,15.49
SUB0000395,CUST000354,PLAN01,2025-09-16,,Active,True,,,6.99
SUB0000396,CUST000355,PLAN03,2024-02-09,,Active,True,,,22.99
SUB0000397,CUST000356,PLAN02,2019-01-18,,Active,True,,,15.49
SUB0000398,CUST000357,PLAN01,2019-11-30,,Active,True,,,6.99
SUB0000399,CUST000358,PLAN03,2020-02-14,,Active,True,,,22.99
SUB0000400,CUST000359,PLAN01,2019-01-20,,Active,True,,,6.99
SUB0000401,CUST000360,PLAN02,2024-02-17,,Active,True,,,15.49
SUB0000402,CUST000361,PLAN02,2019-11-24,,Cancelled,True,2026-04-17,Found alternative platform,15.49
SUB0000403,CUST000362,PLAN02,2022-10-25,,Active,True,,,15.49
SUB0000404,CUST000363,PLAN02,2023-05-05,,Active,True,,,15.49
SUB0000405,CUST000364,PLAN01,2020-03-16,2024-11-05,Plan Changed,True,,,6.99
SUB0000406,CUST000364,PLAN01,2024-11-05,,Cancelled,True,2026-05-31,Not enough content,6.99
SUB0000407,CUST000365,PLAN01,2021-05-10,,Active,False,,,6.99
SUB0000408,CUST000366,PLAN02,2023-04-02,,Active,False,,,15.49
SUB0000409,CUST000367,PLAN02,2023-12-04,,Active,True,,,15.49
SUB0000410,CUST000368,PLAN03,2019-10-13,,Active,True,,,22.99
SUB0000411,CUST000369,PLAN01,2020-11-18,,Active,True,,,6.99
SUB0000412,CUST000370,PLAN03,2019-04-23,,Cancelled,True,2026-06-28,Too expensive,22.99
SUB0000413,CUST000371,PLAN02,2025-09-18,,Active,True,,,15.49
SUB0000414,CUST000372,PLAN01,2022-10-27,,Active,True,,,6.99
SUB0000415,CUST000373,PLAN01,2023-08-08,,Active,False,,,6.99
SUB0000416,CUST000374,PLAN02,2021-07-25,,Cancelled,True,2026-03-12,Payment issues,15.49
SUB0000417,CUST000375,PLAN02,2025-08-21,,Active,True,,,15.49
SUB0000418,CUST000376,PLAN03,2025-05-13,,Active,True,,,22.99
SUB0000419,CUST000377,PLAN01,2022-08-20,,Active,True,,,6.99
SUB0000420,CUST000378,PLAN02,2023-01-18,,Active,False,,,15.49
SUB0000421,CUST000379,PLAN02,2020-02-05,,Active,True,,,15.49
SUB0000422,CUST000380,PLAN02,2021-04-06,,Active,True,,,15.49
SUB0000423,CUST000381,PLAN02,2021-07-27,,Active,True,,,15.49
SUB0000424,CUST000382,PLAN03,2024-06-02,,Cancelled,True,2025-11-15,No longer needed,22.99
SUB0000425,CUST000383,PLAN03,2019-01-16,,Cancelled,True,2026-01-10,Poor customer service experience,22.99
SUB0000426,CUST000384,PLAN03,2021-05-14,,Cancelled,True,2026-01-04,Not enough content,22.99
SUB0000427,CUST000385,PLAN02,2022-05-09,,Active,True,,,15.49
SUB0000428,CUST000386,PLAN03,2024-01-16,2025-04-06,Plan Changed,True,,,6.99
SUB0000429,CUST000386,PLAN01,2025-04-06,,Active,True,,,6.99
SUB0000430,CUST000387,PLAN01,2020-11-05,,Cancelled,False,2026-03-27,Not enough content,6.99
SUB0000431,CUST000388,PLAN01,2019-07-12,,Cancelled,False,2026-06-19,Too expensive,6.99
SUB0000432,CUST000389,PLAN01,2025-09-29,,Active,True,,,6.99
SUB0000433,CUST000390,PLAN01,2021-06-23,,Active,True,,,6.99
SUB0000434,CUST000391,PLAN01,2021-01-25,,Active,True,,,6.99
SUB0000435,CUST000392,PLAN02,2021-06-09,,Active,False,,,15.49
SUB0000436,CUST000393,PLAN02,2024-05-25,,Active,True,,,15.49
SUB0000437,CUST000394,PLAN01,2021-04-10,,Cancelled,True,2026-03-12,No longer needed,6.99
SUB0000438,CUST000395,PLAN03,2022-08-23,,Active,False,,,22.99
SUB0000439,CUST000396,PLAN01,2025-05-27,,Active,True,,,6.99
SUB0000440,CUST000397,PLAN03,2020-12-15,,Active,True,,,22.99
SUB0000441,CUST000398,PLAN03,2019-07-26,,Active,True,,,22.99
SUB0000442,CUST000399,PLAN01,2021-09-17,,Cancelled,True,2026-06-08,Household budget cuts,6.99
SUB0000443,CUST000400,PLAN02,2019-08-10,,Active,True,,,15.49
SUB0000444,CUST000401,PLAN01,2023-03-05,,Active,True,,,6.99
SUB0000445,CUST000402,PLAN03,2022-12-01,2025-05-09,Plan Changed,True,,,15.49
SUB0000446,CUST000402,PLAN02,2025-05-09,,Cancelled,True,2026-06-10,Too expensive,15.49
SUB0000447,CUST000403,PLAN01,2024-07-25,,Active,True,,,6.99
SUB0000448,CUST000404,PLAN02,2023-11-07,,Active,True,,,15.49
SUB0000449,CUST000405,PLAN02,2023-09-17,,Active,True,,,15.49
SUB0000450,CUST000406,PLAN01,2023-09-07,,Cancelled,True,2026-03-13,Too expensive,6.99
SUB0000451,CUST000407,PLAN01,2025-03-22,,Active,True,,,6.99
SUB0000452,CUST000408,PLAN01,2022-09-30,,Cancelled,True,2025-10-16,Household budget cuts,6.99
SUB0000453,CUST000409,PLAN02,2024-01-07,,Active,True,,,15.49
SUB0000454,CUST000410,PLAN02,2024-11-01,,Active,True,,,15.49
SUB0000455,CUST000411,PLAN01,2024-11-27,,Active,True,,,6.99
SUB0000456,CUST000412,PLAN02,2021-04-28,,Cancelled,False,2026-03-01,Content quality decline,15.49
SUB0000457,CUST000413,PLAN03,2021-09-10,,Active,True,,,22.99
SUB0000458,CUST000414,PLAN01,2020-09-21,,Active,True,,,6.99
SUB0000459,CUST000415,PLAN01,2025-04-27,,Active,True,,,6.99
SUB0000460,CUST000416,PLAN01,2021-10-15,,Active,True,,,6.99
SUB0000461,CUST000417,PLAN01,2022-07-10,,Active,True,,,6.99
SUB0000462,CUST000418,PLAN01,2019-08-17,,Active,True,,,6.99
SUB0000463,CUST000419,PLAN02,2023-02-20,,Active,True,,,15.49
SUB0000464,CUST000420,PLAN01,2021-01-06,,Cancelled,False,2026-02-23,Too expensive,6.99
SUB0000465,CUST000421,PLAN02,2022-08-15,,Active,True,,,15.49
SUB0000466,CUST000422,PLAN01,2021-08-19,2023-02-17,Plan Changed,True,,,6.99
SUB0000467,CUST000422,PLAN01,2023-02-17,,Active,True,,,6.99
SUB0000468,CUST000423,PLAN03,2020-05-12,,Active,True,,,22.99
SUB0000469,CUST000424,PLAN02,2022-07-15,,Active,True,,,15.49
SUB0000470,CUST000425,PLAN02,2021-03-22,,Active,False,,,15.49
SUB0000471,CUST000426,PLAN01,2023-12-28,,Active,True,,,6.99
SUB0000472,CUST000427,PLAN03,2024-11-26,,Active,True,,,22.99
SUB0000473,CUST000428,PLAN01,2022-01-05,,Cancelled,True,2026-01-01,Payment issues,6.99
SUB0000474,CUST000429,PLAN01,2021-10-08,,Active,False,,,6.99
SUB0000475,CUST000430,PLAN01,2022-12-07,,Active,True,,,6.99
SUB0000476,CUST000431,PLAN01,2023-07-26,,Active,True,,,6.99
SUB0000477,CUST000432,PLAN02,2024-09-14,,Active,True,,,15.49
SUB0000478,CUST000433,PLAN02,2026-05-02,,Active,True,,,15.49
SUB0000479,CUST000434,PLAN03,2019-05-30,,Cancelled,False,2025-12-29,Found alternative platform,22.99
SUB0000480,CUST000435,PLAN02,2025-05-01,,Active,True,,,15.49
SUB0000481,CUST000436,PLAN01,2022-06-28,,Active,True,,,6.99
SUB0000482,CUST000437,PLAN02,2025-05-15,,Active,True,,,15.49
SUB0000483,CUST000438,PLAN02,2021-09-24,,Active,True,,,15.49
SUB0000484,CUST000439,PLAN02,2025-10-30,2026-03-06,Plan Changed,True,,,6.99
SUB0000485,CUST000439,PLAN01,2026-03-06,,Active,True,,,6.99
SUB0000486,CUST000440,PLAN02,2019-04-11,,Active,True,,,15.49
SUB0000487,CUST000441,PLAN02,2023-01-17,,Active,False,,,15.49
SUB0000488,CUST000442,PLAN02,2022-08-12,,Active,True,,,15.49
SUB0000489,CUST000443,PLAN03,2022-08-31,,Active,True,,,22.99
SUB0000490,CUST000444,PLAN03,2019-07-12,,Active,True,,,22.99
SUB0000491,CUST000445,PLAN01,2024-05-12,,Cancelled,True,2026-02-11,No longer needed,6.99
SUB0000492,CUST000446,PLAN02,2022-07-22,,Active,True,,,15.49
SUB0000493,CUST000447,PLAN03,2020-05-12,,Active,True,,,22.99
SUB0000494,CUST000448,PLAN02,2022-07-21,,Active,True,,,15.49
SUB0000495,CUST000449,PLAN01,2020-07-27,,Cancelled,True,2026-01-18,Too expensive,6.99
SUB0000496,CUST000450,PLAN03,2022-08-07,,Active,True,,,22.99
SUB0000497,CUST000451,PLAN01,2024-09-08,,Active,True,,,6.99
SUB0000498,CUST000452,PLAN02,2022-11-25,,Active,True,,,15.49
SUB0000499,CUST000453,PLAN02,2021-12-27,,Active,False,,,15.49
SUB0000500,CUST000454,PLAN02,2020-12-18,,Active,True,,,15.49
SUB0000501,CUST000455,PLAN02,2022-07-17,,Active,True,,,15.49
SUB0000502,CUST000456,PLAN02,2021-06-13,,Active,True,,,15.49
SUB0000503,CUST000457,PLAN01,2019-03-01,,Active,False,,,6.99
SUB0000504,CUST000458,PLAN02,2020-03-29,,Active,False,,,15.49
SUB0000505,CUST000459,PLAN01,2024-04-17,,Active,True,,,6.99
SUB0000506,CUST000460,PLAN03,2026-01-21,,Active,False,,,22.99
SUB0000507,CUST000461,PLAN01,2021-11-14,,Cancelled,True,2025-12-24,No longer needed,6.99
SUB0000508,CUST000462,PLAN01,2019-01-12,,Active,True,,,6.99
SUB0000509,CUST000463,PLAN03,2025-10-18,,Active,True,,,22.99
SUB0000510,CUST000464,PLAN03,2019-09-21,,Active,True,,,22.99
SUB0000511,CUST000465,PLAN01,2024-06-29,,Active,True,,,6.99
SUB0000512,CUST000466,PLAN02,2025-11-25,,Active,False,,,15.49
SUB0000513,CUST000467,PLAN01,2022-08-21,,Cancelled,True,2026-06-29,Too expensive,6.99
SUB0000514,CUST000468,PLAN03,2021-03-23,,Active,True,,,22.99
SUB0000515,CUST000469,PLAN01,2023-07-05,,Active,True,,,6.99
SUB0000516,CUST000470,PLAN02,2024-04-12,,Active,True,,,15.49
SUB0000517,CUST000471,PLAN02,2026-05-30,,Active,True,,,15.49
SUB0000518,CUST000472,PLAN01,2019-03-17,,Cancelled,True,2026-03-14,Found alternative platform,6.99
SUB0000519,CUST000473,PLAN01,2025-05-25,,Cancelled,True,2026-04-09,Poor customer service experience,6.99
SUB0000520,CUST000474,PLAN02,2022-01-20,,Active,True,,,15.49
SUB0000521,CUST000475,PLAN02,2021-10-06,,Active,True,,,15.49
SUB0000522,CUST000476,PLAN02,2024-11-03,,Active,False,,,15.49
SUB0000523,CUST000477,PLAN03,2021-08-19,,Active,False,,,22.99
SUB0000524,CUST000478,PLAN01,2022-05-02,,Cancelled,False,2025-10-09,Moving / relocation,6.99
SUB0000525,CUST000479,PLAN02,2020-07-08,2024-11-02,Plan Changed,True,,,15.49
SUB0000526,CUST000479,PLAN02,2024-11-02,,Cancelled,True,2025-12-18,Poor customer service experience,15.49
SUB0000527,CUST000480,PLAN02,2025-11-08,,Cancelled,True,2026-06-21,Moving / relocation,15.49
SUB0000528,CUST000481,PLAN02,2023-03-30,2023-08-19,Plan Changed,True,,,6.99
SUB0000529,CUST000481,PLAN01,2023-08-19,,Active,True,,,6.99
SUB0000530,CUST000482,PLAN02,2020-01-20,,Active,True,,,15.49
SUB0000531,CUST000483,PLAN01,2021-08-25,,Active,True,,,6.99
SUB0000532,CUST000484,PLAN02,2022-07-14,,Active,True,,,15.49
SUB0000533,CUST000485,PLAN01,2024-05-28,,Active,True,,,6.99
SUB0000534,CUST000486,PLAN01,2019-06-17,,Active,True,,,6.99
SUB0000535,CUST000487,PLAN03,2025-09-11,,Cancelled,True,2026-03-12,Too expensive,22.99
SUB0000536,CUST000488,PLAN03,2026-05-11,,Active,True,,,22.99
SUB0000537,CUST000489,PLAN01,2020-05-31,,Active,True,,,6.99
SUB0000538,CUST000490,PLAN02,2025-06-19,,Active,True,,,15.49
SUB0000539,CUST000491,PLAN03,2025-04-24,2026-06-28,Plan Changed,False,,,6.99
SUB0000540,CUST000491,PLAN01,2026-06-28,,Cancelled,False,2025-12-22,Poor customer service experience,6.99
SUB0000541,CUST000492,PLAN01,2022-10-27,,Active,True,,,6.99
SUB0000542,CUST000493,PLAN02,2025-03-07,2026-03-31,Plan Changed,True,,,6.99
SUB0000543,CUST000493,PLAN01,2026-03-31,,Cancelled,True,2026-06-20,Content quality decline,6.99
SUB0000544,CUST000494,PLAN01,2022-10-13,,Active,False,,,6.99
SUB0000545,CUST000495,PLAN02,2019-08-10,,Active,True,,,15.49
SUB0000546,CUST000496,PLAN01,2019-11-21,,Active,True,,,6.99
SUB0000547,CUST000497,PLAN01,2025-05-14,,Cancelled,False,2025-10-18,Not enough content,6.99
SUB0000548,CUST000498,PLAN03,2021-10-23,,Active,True,,,22.99
SUB0000549,CUST000499,PLAN03,2024-02-02,,Cancelled,True,2025-10-03,Password sharing crackdown,22.99
SUB0000550,CUST000500,PLAN03,2021-11-19,,Active,True,,,22.99
SUB0000551,CUST000501,PLAN03,2026-03-11,,Cancelled,True,2026-04-20,Technical issues,22.99
SUB0000552,CUST000502,PLAN02,2025-03-30,,Active,False,,,15.49
SUB0000553,CUST000503,PLAN01,2019-01-12,,Active,True,,,6.99
SUB0000554,CUST000504,PLAN01,2024-04-14,,Active,True,,,6.99
SUB0000555,CUST000505,PLAN03,2022-09-03,,Active,True,,,22.99
SUB0000556,CUST000506,PLAN01,2020-08-31,,Active,True,,,6.99
SUB0000557,CUST000507,PLAN02,2023-02-01,,Active,True,,,15.49
SUB0000558,CUST000508,PLAN02,2022-06-20,,Active,True,,,15.49
SUB0000559,CUST000509,PLAN03,2023-12-11,,Active,False,,,22.99
SUB0000560,CUST000510,PLAN01,2025-10-26,,Cancelled,True,2026-03-01,Too expensive,6.99
SUB0000561,CUST000511,PLAN01,2023-01-27,,Active,True,,,6.99
SUB0000562,CUST000512,PLAN02,2023-12-25,,Active,False,,,15.49
SUB0000563,CUST000513,PLAN02,2020-01-06,,Active,True,,,15.49
SUB0000564,CUST000514,PLAN02,2021-06-29,,Active,True,,,15.49
SUB0000565,CUST000515,PLAN03,2019-06-13,,Active,True,,,22.99
SUB0000566,CUST000516,PLAN03,2024-10-18,,Active,True,,,22.99
SUB0000567,CUST000517,PLAN02,2023-05-03,,Active,True,,,15.49
SUB0000568,CUST000518,PLAN02,2021-01-20,2021-06-05,Plan Changed,True,,,15.49
SUB0000569,CUST000518,PLAN02,2021-06-05,,Active,True,,,15.49
SUB0000570,CUST000519,PLAN01,2024-02-07,2025-04-22,Plan Changed,True,,,22.99
SUB0000571,CUST000519,PLAN03,2025-04-22,,Active,True,,,22.99
SUB0000572,CUST000520,PLAN02,2025-07-08,,Cancelled,True,2026-06-10,Technical issues,15.49
SUB0000573,CUST000521,PLAN01,2023-03-24,,Active,True,,,6.99
SUB0000574,CUST000522,PLAN02,2023-01-15,,Cancelled,False,2025-10-31,Poor customer service experience,15.49
SUB0000575,CUST000523,PLAN02,2021-08-08,,Active,False,,,15.49
SUB0000576,CUST000524,PLAN02,2019-10-04,,Active,True,,,15.49
SUB0000577,CUST000525,PLAN02,2025-04-02,,Cancelled,True,2025-12-01,Not enough content,15.49
SUB0000578,CUST000526,PLAN01,2022-08-28,,Cancelled,True,2026-03-15,Found alternative platform,6.99
SUB0000579,CUST000527,PLAN03,2022-07-18,,Cancelled,True,2026-04-17,No longer needed,22.99
SUB0000580,CUST000528,PLAN03,2022-09-06,,Cancelled,True,2026-03-26,Technical issues,22.99
SUB0000581,CUST000529,PLAN02,2019-03-10,,Active,True,,,15.49
SUB0000582,CUST000530,PLAN02,2021-02-01,,Cancelled,False,2026-02-14,Poor customer service experience,15.49
SUB0000583,CUST000531,PLAN01,2019-01-30,,Active,True,,,6.99
SUB0000584,CUST000532,PLAN01,2021-03-01,,Active,True,,,6.99
SUB0000585,CUST000533,PLAN01,2021-06-22,,Active,True,,,6.99
SUB0000586,CUST000534,PLAN02,2022-10-15,,Active,True,,,15.49
SUB0000587,CUST000535,PLAN03,2025-04-04,2025-08-31,Plan Changed,True,,,22.99
SUB0000588,CUST000535,PLAN03,2025-08-31,,Cancelled,True,2026-04-16,Payment issues,22.99
SUB0000589,CUST000536,PLAN02,2022-05-01,,Active,False,,,15.49
SUB0000590,CUST000537,PLAN01,2025-02-07,,Cancelled,True,2026-06-19,No longer needed,6.99
SUB0000591,CUST000538,PLAN01,2022-02-16,,Active,False,,,6.99
SUB0000592,CUST000539,PLAN02,2020-04-25,,Active,True,,,15.49
SUB0000593,CUST000540,PLAN02,2025-01-24,,Cancelled,True,2026-05-14,Not enough content,15.49
SUB0000594,CUST000541,PLAN02,2019-10-18,,Active,True,,,15.49
SUB0000595,CUST000542,PLAN01,2023-02-15,,Active,True,,,6.99
SUB0000596,CUST000543,PLAN01,2019-11-01,,Cancelled,True,2026-05-10,Too expensive,6.99
SUB0000597,CUST000544,PLAN02,2023-06-04,,Active,True,,,15.49
SUB0000598,CUST000545,PLAN01,2024-04-23,2025-11-26,Plan Changed,True,,,15.49
SUB0000599,CUST000545,PLAN02,2025-11-26,,Active,True,,,15.49
SUB0000600,CUST000546,PLAN03,2020-11-21,,Active,True,,,22.99
SUB0000601,CUST000547,PLAN03,2025-03-09,,Active,False,,,22.99
SUB0000602,CUST000548,PLAN02,2020-09-22,,Active,True,,,15.49
SUB0000603,CUST000549,PLAN01,2024-04-21,,Cancelled,True,2025-11-04,Not enough content,6.99
SUB0000604,CUST000550,PLAN02,2020-09-09,,Active,True,,,15.49
SUB0000605,CUST000551,PLAN01,2019-07-27,,Active,True,,,6.99
SUB0000606,CUST000552,PLAN02,2019-10-15,,Active,True,,,15.49
SUB0000607,CUST000553,PLAN03,2019-10-11,,Cancelled,True,2026-05-07,Content quality decline,22.99
SUB0000608,CUST000554,PLAN02,2020-04-03,,Cancelled,True,2025-10-15,Found alternative platform,15.49
SUB0000609,CUST000555,PLAN03,2022-11-13,,Active,False,,,22.99
SUB0000610,CUST000556,PLAN01,2024-07-30,,Active,True,,,6.99
SUB0000611,CUST000557,PLAN01,2025-06-06,,Active,True,,,6.99
SUB0000612,CUST000558,PLAN02,2020-07-14,,Cancelled,False,2026-06-10,Not enough content,15.49
SUB0000613,CUST000559,PLAN03,2025-04-10,,Cancelled,True,2026-04-03,Found alternative platform,22.99
SUB0000614,CUST000560,PLAN02,2025-12-27,,Active,True,,,15.49
SUB0000615,CUST000561,PLAN01,2025-03-04,,Cancelled,True,2026-04-23,Too expensive,6.99
SUB0000616,CUST000562,PLAN03,2021-08-21,2025-04-26,Plan Changed,True,,,15.49
SUB0000617,CUST000562,PLAN02,2025-04-26,,Active,True,,,15.49
SUB0000618,CUST000563,PLAN01,2023-08-12,,Active,True,,,6.99
SUB0000619,CUST000564,PLAN01,2023-06-28,,Cancelled,True,2026-03-17,Moving / relocation,6.99
SUB0000620,CUST000565,PLAN02,2023-02-23,,Active,True,,,15.49
SUB0000621,CUST000566,PLAN02,2019-11-08,,Active,True,,,15.49
SUB0000622,CUST000567,PLAN03,2024-09-05,,Active,False,,,22.99
SUB0000623,CUST000568,PLAN02,2023-08-08,,Active,True,,,15.49
SUB0000624,CUST000569,PLAN03,2024-04-15,,Active,True,,,22.99
SUB0000625,CUST000570,PLAN03,2025-07-07,,Active,True,,,22.99
SUB0000626,CUST000571,PLAN03,2023-08-14,,Active,False,,,22.99
SUB0000627,CUST000572,PLAN01,2020-12-08,2025-03-28,Plan Changed,False,,,6.99
SUB0000628,CUST000572,PLAN01,2025-03-28,,Active,False,,,6.99
SUB0000629,CUST000573,PLAN01,2020-07-20,,Cancelled,False,2026-06-07,Password sharing crackdown,6.99
SUB0000630,CUST000574,PLAN02,2026-04-09,,Active,True,,,15.49
SUB0000631,CUST000575,PLAN01,2020-10-26,,Cancelled,True,2025-10-27,Content quality decline,6.99
SUB0000632,CUST000576,PLAN01,2024-01-11,,Active,True,,,6.99
SUB0000633,CUST000577,PLAN01,2022-07-07,,Active,True,,,6.99
SUB0000634,CUST000578,PLAN03,2019-07-17,,Active,True,,,22.99
SUB0000635,CUST000579,PLAN01,2019-06-03,,Active,True,,,6.99
SUB0000636,CUST000580,PLAN01,2026-04-14,,Cancelled,True,2026-05-05,No longer needed,6.99
SUB0000637,CUST000581,PLAN03,2024-10-15,,Active,True,,,22.99
SUB0000638,CUST000582,PLAN01,2020-05-10,,Active,False,,,6.99
SUB0000639,CUST000583,PLAN02,2025-07-26,,Active,True,,,15.49
SUB0000640,CUST000584,PLAN01,2019-09-16,,Active,True,,,6.99
SUB0000641,CUST000585,PLAN03,2024-01-05,,Active,False,,,22.99
SUB0000642,CUST000586,PLAN02,2019-05-24,,Active,True,,,15.49
SUB0000643,CUST000587,PLAN02,2022-11-24,,Active,True,,,15.49
SUB0000644,CUST000588,PLAN02,2020-02-26,,Cancelled,True,2026-04-23,Too expensive,15.49
SUB0000645,CUST000589,PLAN01,2025-11-09,,Active,True,,,6.99
SUB0000646,CUST000590,PLAN02,2024-03-05,,Active,True,,,15.49
SUB0000647,CUST000591,PLAN02,2022-11-04,,Active,False,,,15.49
SUB0000648,CUST000592,PLAN02,2021-03-06,,Active,True,,,15.49
SUB0000649,CUST000593,PLAN01,2024-07-29,,Cancelled,True,2026-03-10,Not enough content,6.99
SUB0000650,CUST000594,PLAN01,2022-07-02,,Active,True,,,6.99
SUB0000651,CUST000595,PLAN03,2024-12-24,,Active,True,,,22.99
SUB0000652,CUST000596,PLAN02,2020-04-10,,Active,False,,,15.49
SUB0000653,CUST000597,PLAN03,2023-02-14,,Active,True,,,22.99
SUB0000654,CUST000598,PLAN02,2024-11-09,2025-06-19,Plan Changed,True,,,6.99
SUB0000655,CUST000598,PLAN01,2025-06-19,,Active,True,,,6.99
SUB0000656,CUST000599,PLAN02,2021-05-15,,Active,True,,,15.49
SUB0000657,CUST000600,PLAN01,2019-02-17,,Active,True,,,6.99
SUB0000658,CUST000601,PLAN02,2021-10-07,,Active,False,,,15.49
SUB0000659,CUST000602,PLAN02,2021-09-18,,Active,True,,,15.49
SUB0000660,CUST000603,PLAN02,2023-08-26,,Cancelled,True,2025-11-26,Password sharing crackdown,15.49
SUB0000661,CUST000604,PLAN02,2023-03-21,,Active,True,,,15.49
SUB0000662,CUST000605,PLAN01,2025-09-17,,Active,True,,,6.99
SUB0000663,CUST000606,PLAN01,2020-09-23,,Active,True,,,6.99
SUB0000664,CUST000607,PLAN02,2019-08-27,2020-04-05,Plan Changed,True,,,15.49
SUB0000665,CUST000607,PLAN02,2020-04-05,,Cancelled,True,2025-10-10,Technical issues,15.49
SUB0000666,CUST000608,PLAN02,2021-10-08,,Active,True,,,15.49
SUB0000667,CUST000609,PLAN02,2020-06-19,,Active,False,,,15.49
SUB0000668,CUST000610,PLAN01,2024-08-20,2024-12-14,Plan Changed,True,,,6.99
SUB0000669,CUST000610,PLAN01,2024-12-14,,Active,True,,,6.99
SUB0000670,CUST000611,PLAN01,2019-07-04,2022-05-18,Plan Changed,True,,,15.49
SUB0000671,CUST000611,PLAN02,2022-05-18,,Active,True,,,15.49
SUB0000672,CUST000612,PLAN02,2021-02-03,,Active,True,,,15.49
SUB0000673,CUST000613,PLAN02,2025-08-03,,Active,True,,,15.49
SUB0000674,CUST000614,PLAN02,2019-07-01,,Active,True,,,15.49
SUB0000675,CUST000615,PLAN03,2019-06-23,,Cancelled,True,2026-02-21,No longer needed,22.99
SUB0000676,CUST000616,PLAN01,2022-07-16,,Active,True,,,6.99
SUB0000677,CUST000617,PLAN03,2020-01-23,,Active,False,,,22.99
SUB0000678,CUST000618,PLAN01,2019-05-29,,Active,True,,,6.99
SUB0000679,CUST000619,PLAN01,2024-06-01,,Cancelled,False,2026-03-19,Too expensive,6.99
SUB0000680,CUST000620,PLAN01,2019-03-12,,Active,True,,,6.99
SUB0000681,CUST000621,PLAN01,2019-06-19,,Cancelled,False,2026-03-14,Too expensive,6.99
SUB0000682,CUST000622,PLAN02,2023-08-25,,Cancelled,True,2026-05-04,Not enough content,15.49
SUB0000683,CUST000623,PLAN02,2025-03-20,,Cancelled,True,2026-05-18,No longer needed,15.49
SUB0000684,CUST000624,PLAN01,2023-01-02,,Active,True,,,6.99
SUB0000685,CUST000625,PLAN03,2025-10-15,2026-02-13,Plan Changed,True,,,22.99
SUB0000686,CUST000625,PLAN03,2026-02-13,,Active,True,,,22.99
SUB0000687,CUST000626,PLAN02,2019-07-20,,Active,True,,,15.49
SUB0000688,CUST000627,PLAN03,2025-01-25,,Active,True,,,22.99
SUB0000689,CUST000628,PLAN02,2022-09-23,,Cancelled,False,2026-03-06,Moving / relocation,15.49
SUB0000690,CUST000629,PLAN02,2024-06-18,2024-08-29,Plan Changed,False,,,22.99
SUB0000691,CUST000629,PLAN03,2024-08-29,,Cancelled,False,2026-06-04,Household budget cuts,22.99
SUB0000692,CUST000630,PLAN01,2026-01-12,,Active,False,,,6.99
SUB0000693,CUST000631,PLAN01,2020-05-20,,Cancelled,True,2026-02-09,Moving / relocation,6.99
SUB0000694,CUST000632,PLAN03,2020-05-10,,Active,False,,,22.99
SUB0000695,CUST000633,PLAN01,2024-06-01,,Active,True,,,6.99
SUB0000696,CUST000634,PLAN02,2020-08-27,,Active,True,,,15.49
SUB0000697,CUST000635,PLAN01,2019-09-14,,Active,True,,,6.99
SUB0000698,CUST000636,PLAN02,2023-08-22,2025-06-21,Plan Changed,True,,,6.99
SUB0000699,CUST000636,PLAN01,2025-06-21,,Active,True,,,6.99
SUB0000700,CUST000637,PLAN01,2020-03-22,,Cancelled,True,2026-02-16,Too expensive,6.99
SUB0000701,CUST000638,PLAN02,2024-05-27,,Active,True,,,15.49
SUB0000702,CUST000639,PLAN01,2024-10-18,,Active,True,,,6.99
SUB0000703,CUST000640,PLAN03,2022-09-23,,Active,True,,,22.99
SUB0000704,CUST000641,PLAN01,2026-01-10,,Active,True,,,6.99
SUB0000705,CUST000642,PLAN03,2021-10-28,,Active,True,,,22.99
SUB0000706,CUST000643,PLAN02,2025-01-22,,Active,True,,,15.49
SUB0000707,CUST000644,PLAN03,2023-05-17,,Active,True,,,22.99
SUB0000708,CUST000645,PLAN02,2021-06-19,,Active,True,,,15.49
SUB0000709,CUST000646,PLAN03,2019-10-11,,Active,True,,,22.99
SUB0000710,CUST000647,PLAN03,2019-04-27,,Active,True,,,22.99
SUB0000711,CUST000648,PLAN01,2019-10-09,,Active,True,,,6.99
SUB0000712,CUST000649,PLAN01,2021-06-09,,Active,True,,,6.99
SUB0000713,CUST000650,PLAN01,2023-12-04,,Active,True,,,6.99
SUB0000714,CUST000651,PLAN03,2021-11-13,,Cancelled,True,2026-05-31,Moving / relocation,22.99
SUB0000715,CUST000652,PLAN02,2020-05-07,,Cancelled,True,2026-04-11,Poor customer service experience,15.49
SUB0000716,CUST000653,PLAN02,2020-07-01,,Cancelled,True,2025-12-20,No longer needed,15.49
SUB0000717,CUST000654,PLAN01,2023-07-01,,Cancelled,False,2026-06-01,Content quality decline,6.99
SUB0000718,CUST000655,PLAN01,2025-04-22,,Cancelled,True,2026-02-13,Content quality decline,6.99
SUB0000719,CUST000656,PLAN01,2024-04-24,,Cancelled,False,2025-10-19,No longer needed,6.99
SUB0000720,CUST000657,PLAN01,2025-03-12,,Cancelled,False,2025-10-17,Found alternative platform,6.99
SUB0000721,CUST000658,PLAN01,2024-07-26,,Active,True,,,6.99
SUB0000722,CUST000659,PLAN02,2019-10-26,,Active,True,,,15.49
SUB0000723,CUST000660,PLAN01,2024-06-30,,Cancelled,True,2026-05-06,Poor customer service experience,6.99
SUB0000724,CUST000661,PLAN02,2024-08-07,,Active,True,,,15.49
SUB0000725,CUST000662,PLAN01,2025-10-16,,Active,True,,,6.99
SUB0000726,CUST000663,PLAN01,2025-07-20,,Cancelled,False,2026-01-05,Payment issues,6.99
SUB0000727,CUST000664,PLAN03,2021-12-29,2022-07-30,Plan Changed,True,,,15.49
SUB0000728,CUST000664,PLAN02,2022-07-30,,Active,True,,,15.49
SUB0000729,CUST000665,PLAN02,2022-06-16,,Cancelled,True,2026-05-15,Too expensive,15.49
SUB0000730,CUST000666,PLAN03,2026-03-09,,Active,True,,,22.99
SUB0000731,CUST000667,PLAN02,2022-04-16,,Active,True,,,15.49
SUB0000732,CUST000668,PLAN02,2023-06-01,2024-05-02,Plan Changed,True,,,22.99
SUB0000733,CUST000668,PLAN03,2024-05-02,,Active,True,,,22.99
SUB0000734,CUST000669,PLAN01,2021-09-04,,Cancelled,True,2026-06-19,Too expensive,6.99
SUB0000735,CUST000670,PLAN03,2024-11-17,2026-01-03,Plan Changed,True,,,6.99
SUB0000736,CUST000670,PLAN01,2026-01-03,,Cancelled,True,2025-12-02,Too expensive,6.99
SUB0000737,CUST000671,PLAN02,2023-03-15,,Cancelled,True,2025-12-16,Too expensive,15.49
SUB0000738,CUST000672,PLAN01,2019-04-30,,Active,False,,,6.99
SUB0000739,CUST000673,PLAN01,2019-07-07,,Active,True,,,6.99
SUB0000740,CUST000674,PLAN03,2023-06-03,,Active,True,,,22.99
SUB0000741,CUST000675,PLAN03,2019-10-13,,Active,True,,,22.99
SUB0000742,CUST000676,PLAN01,2024-05-02,,Active,True,,,6.99
SUB0000743,CUST000677,PLAN03,2024-12-03,,Cancelled,True,2025-10-20,Payment issues,22.99
SUB0000744,CUST000678,PLAN02,2022-09-30,,Active,True,,,15.49
SUB0000745,CUST000679,PLAN02,2025-05-23,,Active,True,,,15.49
SUB0000746,CUST000680,PLAN02,2024-08-12,2025-04-28,Plan Changed,True,,,6.99
SUB0000747,CUST000680,PLAN01,2025-04-28,,Cancelled,True,2026-04-30,Not enough content,6.99
SUB0000748,CUST000681,PLAN01,2021-12-30,,Active,True,,,6.99
SUB0000749,CUST000682,PLAN01,2024-03-09,,Active,True,,,6.99
SUB0000750,CUST000683,PLAN02,2024-09-03,,Active,True,,,15.49
SUB0000751,CUST000684,PLAN02,2025-08-03,,Active,True,,,15.49
SUB0000752,CUST000685,PLAN03,2026-04-12,,Cancelled,True,2026-06-20,Content quality decline,22.99
SUB0000753,CUST000686,PLAN02,2021-12-20,,Active,True,,,15.49
SUB0000754,CUST000687,PLAN03,2020-08-20,,Active,False,,,22.99
SUB0000755,CUST000688,PLAN01,2024-10-19,,Active,False,,,6.99
SUB0000756,CUST000689,PLAN02,2023-12-22,,Active,True,,,15.49
SUB0000757,CUST000690,PLAN02,2019-12-13,,Active,True,,,15.49
SUB0000758,CUST000691,PLAN03,2023-02-04,2023-06-29,Plan Changed,True,,,15.49
SUB0000759,CUST000691,PLAN02,2023-06-29,,Active,True,,,15.49
SUB0000760,CUST000692,PLAN03,2022-09-06,,Active,True,,,22.99
SUB0000761,CUST000693,PLAN02,2019-05-05,,Active,True,,,15.49
SUB0000762,CUST000694,PLAN02,2023-02-17,,Active,True,,,15.49
SUB0000763,CUST000695,PLAN03,2025-06-10,2025-11-16,Plan Changed,True,,,6.99
SUB0000764,CUST000695,PLAN01,2025-11-16,,Active,True,,,6.99
SUB0000765,CUST000696,PLAN02,2019-09-12,,Active,True,,,15.49
SUB0000766,CUST000697,PLAN03,2021-03-19,,Active,True,,,22.99
SUB0000767,CUST000698,PLAN02,2023-03-19,,Active,True,,,15.49
SUB0000768,CUST000699,PLAN03,2020-02-27,,Active,True,,,22.99
SUB0000769,CUST000700,PLAN03,2020-05-18,2023-09-09,Plan Changed,True,,,6.99
SUB0000770,CUST000700,PLAN01,2023-09-09,,Active,True,,,6.99
SUB0000771,CUST000701,PLAN02,2022-05-20,,Active,True,,,15.49
SUB0000772,CUST000702,PLAN02,2025-07-16,,Active,False,,,15.49
SUB0000773,CUST000703,PLAN01,2025-02-15,,Active,True,,,6.99
SUB0000774,CUST000704,PLAN03,2025-11-08,,Cancelled,True,2026-01-24,Too expensive,22.99
SUB0000775,CUST000705,PLAN01,2026-05-06,,Active,True,,,6.99
SUB0000776,CUST000706,PLAN02,2020-07-07,,Active,True,,,15.49
SUB0000777,CUST000707,PLAN03,2021-11-21,,Cancelled,True,2026-05-18,Household budget cuts,22.99
SUB0000778,CUST000708,PLAN02,2022-05-23,,Active,True,,,15.49
SUB0000779,CUST000709,PLAN02,2022-09-01,,Active,True,,,15.49
SUB0000780,CUST000710,PLAN02,2022-01-03,,Cancelled,True,2026-04-25,Password sharing crackdown,15.49
SUB0000781,CUST000711,PLAN01,2021-12-26,,Active,False,,,6.99
SUB0000782,CUST000712,PLAN02,2022-05-17,,Active,True,,,15.49
SUB0000783,CUST000713,PLAN02,2026-04-23,,Cancelled,True,2026-05-31,No longer needed,15.49
SUB0000784,CUST000714,PLAN02,2026-03-02,,Cancelled,True,2026-03-10,Found alternative platform,15.49
SUB0000785,CUST000715,PLAN01,2019-09-09,,Active,True,,,6.99
SUB0000786,CUST000716,PLAN02,2026-05-16,,Cancelled,True,2026-06-08,Found alternative platform,15.49
SUB0000787,CUST000717,PLAN03,2025-04-23,,Cancelled,True,2026-01-18,Not enough content,22.99
SUB0000788,CUST000718,PLAN03,2019-06-16,,Active,True,,,22.99
SUB0000789,CUST000719,PLAN01,2025-07-05,,Active,True,,,6.99
SUB0000790,CUST000720,PLAN03,2019-07-03,,Active,True,,,22.99
SUB0000791,CUST000721,PLAN01,2023-07-03,,Active,True,,,6.99
SUB0000792,CUST000722,PLAN02,2022-03-01,,Active,True,,,15.49
SUB0000793,CUST000723,PLAN02,2021-10-23,,Active,True,,,15.49
SUB0000794,CUST000724,PLAN01,2019-02-01,,Cancelled,False,2026-04-26,Household budget cuts,6.99
SUB0000795,CUST000725,PLAN01,2024-11-10,,Active,True,,,6.99
SUB0000796,CUST000726,PLAN01,2022-01-21,,Active,True,,,6.99
SUB0000797,CUST000727,PLAN02,2020-12-24,,Active,True,,,15.49
SUB0000798,CUST000728,PLAN03,2022-08-15,2024-08-14,Plan Changed,True,,,15.49
SUB0000799,CUST000728,PLAN02,2024-08-14,,Active,True,,,15.49
SUB0000800,CUST000729,PLAN03,2022-07-17,,Active,False,,,22.99
SUB0000801,CUST000730,PLAN03,2019-05-16,,Active,True,,,22.99
SUB0000802,CUST000731,PLAN02,2021-05-19,,Active,False,,,15.49
SUB0000803,CUST000732,PLAN01,2025-04-24,,Active,True,,,6.99
SUB0000804,CUST000733,PLAN01,2023-03-20,,Active,True,,,6.99
SUB0000805,CUST000734,PLAN02,2022-09-30,,Active,True,,,15.49
SUB0000806,CUST000735,PLAN03,2023-10-09,,Cancelled,True,2025-12-14,Content quality decline,22.99
SUB0000807,CUST000736,PLAN02,2025-04-17,,Active,False,,,15.49
SUB0000808,CUST000737,PLAN01,2026-05-01,,Cancelled,True,2026-06-04,Password sharing crackdown,6.99
SUB0000809,CUST000738,PLAN03,2024-07-23,,Active,False,,,22.99
SUB0000810,CUST000739,PLAN02,2022-06-07,,Active,True,,,15.49
SUB0000811,CUST000740,PLAN02,2021-04-18,,Cancelled,True,2026-01-09,Poor customer service experience,15.49
SUB0000812,CUST000741,PLAN01,2024-03-27,,Active,True,,,6.99
SUB0000813,CUST000742,PLAN02,2025-10-23,,Active,False,,,15.49
SUB0000814,CUST000743,PLAN01,2021-03-30,,Active,True,,,6.99
SUB0000815,CUST000744,PLAN03,2019-06-03,,Active,False,,,22.99
SUB0000816,CUST000745,PLAN01,2022-09-19,,Cancelled,False,2025-12-13,Password sharing crackdown,6.99
SUB0000817,CUST000746,PLAN02,2021-03-17,,Active,True,,,15.49
SUB0000818,CUST000747,PLAN02,2025-05-14,,Active,True,,,15.49
SUB0000819,CUST000748,PLAN02,2019-10-31,,Active,False,,,15.49
SUB0000820,CUST000749,PLAN02,2020-10-08,,Cancelled,True,2026-05-21,Found alternative platform,15.49
SUB0000821,CUST000750,PLAN03,2023-07-25,2025-10-13,Plan Changed,True,,,15.49
SUB0000822,CUST000750,PLAN02,2025-10-13,,Active,True,,,15.49
SUB0000823,CUST000751,PLAN02,2019-10-04,,Cancelled,True,2026-05-04,Too expensive,15.49
SUB0000824,CUST000752,PLAN01,2024-08-30,2025-08-30,Plan Changed,True,,,6.99
SUB0000825,CUST000752,PLAN01,2025-08-30,,Active,True,,,6.99
SUB0000826,CUST000753,PLAN02,2024-08-21,,Active,True,,,15.49
SUB0000827,CUST000754,PLAN02,2023-04-24,,Cancelled,True,2025-12-15,Payment issues,15.49
SUB0000828,CUST000755,PLAN01,2021-10-20,,Active,True,,,6.99
SUB0000829,CUST000756,PLAN03,2024-04-18,,Active,True,,,22.99
SUB0000830,CUST000757,PLAN02,2019-11-02,,Active,False,,,15.49
SUB0000831,CUST000758,PLAN03,2024-12-05,,Cancelled,True,2026-06-02,Technical issues,22.99
SUB0000832,CUST000759,PLAN03,2023-11-01,,Active,True,,,22.99
SUB0000833,CUST000760,PLAN01,2020-11-28,,Active,True,,,6.99
SUB0000834,CUST000761,PLAN03,2023-06-14,,Active,True,,,22.99
SUB0000835,CUST000762,PLAN02,2019-07-31,,Active,True,,,15.49
SUB0000836,CUST000763,PLAN01,2021-02-03,2022-07-21,Plan Changed,True,,,6.99
SUB0000837,CUST000763,PLAN01,2022-07-21,,Active,True,,,6.99
SUB0000838,CUST000764,PLAN01,2021-02-22,,Active,False,,,6.99
SUB0000839,CUST000765,PLAN02,2022-04-02,,Active,True,,,15.49
SUB0000840,CUST000766,PLAN02,2019-02-11,,Active,True,,,15.49
SUB0000841,CUST000767,PLAN01,2025-12-10,,Cancelled,True,2026-04-14,Found alternative platform,6.99
SUB0000842,CUST000768,PLAN03,2024-06-16,,Active,True,,,22.99
SUB0000843,CUST000769,PLAN03,2025-09-16,2026-02-02,Plan Changed,True,,,6.99
SUB0000844,CUST000769,PLAN01,2026-02-02,,Active,True,,,6.99
SUB0000845,CUST000770,PLAN01,2021-04-29,,Active,True,,,6.99
SUB0000846,CUST000771,PLAN02,2023-04-11,,Active,True,,,15.49
SUB0000847,CUST000772,PLAN01,2026-04-18,,Active,True,,,6.99
SUB0000848,CUST000773,PLAN02,2019-08-22,,Active,True,,,15.49
SUB0000849,CUST000774,PLAN01,2021-03-21,,Active,True,,,6.99
SUB0000850,CUST000775,PLAN02,2025-03-12,,Active,True,,,15.49
SUB0000851,CUST000776,PLAN01,2020-01-30,,Active,False,,,6.99
SUB0000852,CUST000777,PLAN01,2025-10-15,,Active,True,,,6.99
SUB0000853,CUST000778,PLAN02,2019-06-11,,Active,True,,,15.49
SUB0000854,CUST000779,PLAN02,2022-12-18,,Cancelled,False,2026-01-18,Technical issues,15.49
SUB0000855,CUST000780,PLAN03,2024-08-01,,Cancelled,True,2025-11-25,Too expensive,22.99
SUB0000856,CUST000781,PLAN02,2022-10-01,,Active,False,,,15.49
SUB0000857,CUST000782,PLAN01,2020-06-12,2021-07-01,Plan Changed,True,,,15.49
SUB0000858,CUST000782,PLAN02,2021-07-01,,Active,True,,,15.49
SUB0000859,CUST000783,PLAN01,2021-01-22,,Cancelled,True,2025-11-23,Found alternative platform,6.99
SUB0000860,CUST000784,PLAN01,2022-06-10,,Active,True,,,6.99
SUB0000861,CUST000785,PLAN03,2024-02-08,,Active,False,,,22.99
SUB0000862,CUST000786,PLAN01,2026-05-14,,Active,False,,,6.99
SUB0000863,CUST000787,PLAN01,2024-05-04,,Active,False,,,6.99
SUB0000864,CUST000788,PLAN01,2019-06-20,,Cancelled,True,2025-10-22,Payment issues,6.99
SUB0000865,CUST000789,PLAN01,2022-02-23,,Cancelled,True,2025-12-03,No longer needed,6.99
SUB0000866,CUST000790,PLAN01,2025-12-13,,Cancelled,True,2026-04-30,No longer needed,6.99
SUB0000867,CUST000791,PLAN01,2024-01-10,,Active,True,,,6.99
SUB0000868,CUST000792,PLAN03,2021-03-18,,Active,True,,,22.99
SUB0000869,CUST000793,PLAN01,2024-10-15,,Active,False,,,6.99
SUB0000870,CUST000794,PLAN01,2019-05-09,,Active,False,,,6.99
SUB0000871,CUST000795,PLAN01,2020-03-08,,Cancelled,True,2026-03-16,Found alternative platform,6.99
SUB0000872,CUST000796,PLAN02,2023-09-10,,Active,True,,,15.49
SUB0000873,CUST000797,PLAN01,2024-08-18,,Active,True,,,6.99
SUB0000874,CUST000798,PLAN03,2023-09-30,,Active,True,,,22.99
SUB0000875,CUST000799,PLAN01,2023-12-17,,Cancelled,True,2026-06-07,No longer needed,6.99
SUB0000876,CUST000800,PLAN03,2024-09-26,,Active,False,,,22.99
SUB0000877,CUST000801,PLAN03,2019-08-21,,Active,True,,,22.99
SUB0000878,CUST000802,PLAN01,2021-05-10,,Active,False,,,6.99
SUB0000879,CUST000803,PLAN01,2019-04-24,2019-09-21,Plan Changed,True,,,15.49
SUB0000880,CUST000803,PLAN02,2019-09-21,,Active,True,,,15.49
SUB0000881,CUST000804,PLAN02,2023-11-28,,Active,True,,,15.49
SUB0000882,CUST000805,PLAN02,2022-01-11,,Active,False,,,15.49
SUB0000883,CUST000806,PLAN02,2023-02-19,,Active,True,,,15.49
SUB0000884,CUST000807,PLAN01,2024-09-24,,Active,True,,,6.99
SUB0000885,CUST000808,PLAN02,2019-12-27,,Active,False,,,15.49
SUB0000886,CUST000809,PLAN01,2025-05-05,,Cancelled,True,2026-05-21,Too expensive,6.99
SUB0000887,CUST000810,PLAN01,2023-01-31,,Active,True,,,6.99
SUB0000888,CUST000811,PLAN02,2019-04-01,,Active,True,,,15.49
SUB0000889,CUST000812,PLAN01,2021-06-30,,Active,True,,,6.99
SUB0000890,CUST000813,PLAN01,2021-06-10,,Cancelled,True,2026-06-26,Poor customer service experience,6.99
SUB0000891,CUST000814,PLAN01,2024-02-27,,Active,True,,,6.99
SUB0000892,CUST000815,PLAN02,2025-12-27,,Active,True,,,15.49
SUB0000893,CUST000816,PLAN02,2024-12-07,2025-08-23,Plan Changed,True,,,6.99
SUB0000894,CUST000816,PLAN01,2025-08-23,,Cancelled,True,2025-12-08,Found alternative platform,6.99
SUB0000895,CUST000817,PLAN03,2022-02-07,,Active,True,,,22.99
SUB0000896,CUST000818,PLAN01,2020-06-21,,Active,False,,,6.99
SUB0000897,CUST000819,PLAN03,2024-07-01,,Active,False,,,22.99
SUB0000898,CUST000820,PLAN01,2024-10-31,,Cancelled,True,2025-11-11,Household budget cuts,6.99
SUB0000899,CUST000821,PLAN01,2024-11-07,,Active,True,,,6.99
SUB0000900,CUST000822,PLAN01,2021-06-28,,Cancelled,True,2026-05-04,Too expensive,6.99
SUB0000901,CUST000823,PLAN01,2019-12-17,,Active,True,,,6.99
SUB0000902,CUST000824,PLAN03,2025-02-06,,Active,True,,,22.99
SUB0000903,CUST000825,PLAN02,2021-01-07,,Cancelled,True,2026-04-23,Found alternative platform,15.49
SUB0000904,CUST000826,PLAN01,2023-01-17,,Active,True,,,6.99
SUB0000905,CUST000827,PLAN03,2020-05-13,,Active,True,,,22.99
SUB0000906,CUST000828,PLAN03,2022-10-19,,Active,True,,,22.99
SUB0000907,CUST000829,PLAN02,2022-10-21,,Active,True,,,15.49
SUB0000908,CUST000830,PLAN03,2020-08-21,,Active,False,,,22.99
SUB0000909,CUST000831,PLAN02,2024-01-14,,Active,True,,,15.49
SUB0000910,CUST000832,PLAN01,2024-01-03,,Active,True,,,6.99
SUB0000911,CUST000833,PLAN02,2025-01-12,,Active,True,,,15.49
SUB0000912,CUST000834,PLAN02,2021-10-08,,Cancelled,True,2025-10-03,Poor customer service experience,15.49
SUB0000913,CUST000835,PLAN02,2020-12-31,2023-08-30,Plan Changed,True,,,22.99
SUB0000914,CUST000835,PLAN03,2023-08-30,,Active,True,,,22.99
SUB0000915,CUST000836,PLAN01,2020-07-31,,Active,True,,,6.99
SUB0000916,CUST000837,PLAN01,2022-06-03,,Active,True,,,6.99
SUB0000917,CUST000838,PLAN02,2019-05-07,,Active,True,,,15.49
SUB0000918,CUST000839,PLAN01,2023-12-13,2026-01-19,Plan Changed,True,,,15.49
SUB0000919,CUST000839,PLAN02,2026-01-19,,Active,True,,,15.49
SUB0000920,CUST000840,PLAN03,2025-08-18,,Active,True,,,22.99
SUB0000921,CUST000841,PLAN03,2021-02-02,,Active,True,,,22.99
SUB0000922,CUST000842,PLAN03,2022-06-13,,Active,False,,,22.99
SUB0000923,CUST000843,PLAN03,2019-12-03,,Active,True,,,22.99
SUB0000924,CUST000844,PLAN02,2021-05-16,,Active,True,,,15.49
SUB0000925,CUST000845,PLAN02,2021-12-25,,Cancelled,False,2026-06-25,Too expensive,15.49
SUB0000926,CUST000846,PLAN03,2023-12-08,,Active,True,,,22.99
SUB0000927,CUST000847,PLAN01,2020-05-29,,Cancelled,True,2026-05-23,Password sharing crackdown,6.99
SUB0000928,CUST000848,PLAN02,2025-08-27,,Active,True,,,15.49
SUB0000929,CUST000849,PLAN02,2025-01-05,,Active,True,,,15.49
SUB0000930,CUST000850,PLAN02,2019-12-26,,Active,False,,,15.49
SUB0000931,CUST000851,PLAN02,2019-03-29,2021-12-20,Plan Changed,False,,,6.99
SUB0000932,CUST000851,PLAN01,2021-12-20,,Active,False,,,6.99
SUB0000933,CUST000852,PLAN01,2021-11-02,,Cancelled,True,2026-06-06,Too expensive,6.99
SUB0000934,CUST000853,PLAN02,2023-10-04,,Active,True,,,15.49
SUB0000935,CUST000854,PLAN02,2020-07-30,,Cancelled,True,2026-04-06,Too expensive,15.49
SUB0000936,CUST000855,PLAN02,2023-09-21,,Active,True,,,15.49
SUB0000937,CUST000856,PLAN01,2024-05-25,,Active,True,,,6.99
SUB0000938,CUST000857,PLAN01,2021-02-08,,Cancelled,True,2026-01-03,Household budget cuts,6.99
SUB0000939,CUST000858,PLAN01,2023-09-05,,Active,True,,,6.99
SUB0000940,CUST000859,PLAN03,2023-04-19,2026-01-26,Plan Changed,True,,,6.99
SUB0000941,CUST000859,PLAN01,2026-01-26,,Cancelled,True,2025-10-08,Content quality decline,6.99
SUB0000942,CUST000860,PLAN01,2020-10-15,,Active,True,,,6.99
SUB0000943,CUST000861,PLAN02,2019-08-10,,Cancelled,True,2026-03-01,Household budget cuts,15.49
SUB0000944,CUST000862,PLAN01,2021-09-16,,Active,False,,,6.99
SUB0000945,CUST000863,PLAN02,2022-10-14,,Active,False,,,15.49
SUB0000946,CUST000864,PLAN03,2021-01-04,,Active,False,,,22.99
SUB0000947,CUST000865,PLAN01,2024-08-27,,Cancelled,True,2025-11-21,Household budget cuts,6.99
SUB0000948,CUST000866,PLAN03,2020-08-29,,Cancelled,True,2026-01-26,Too expensive,22.99
SUB0000949,CUST000867,PLAN03,2021-02-04,2022-06-18,Plan Changed,True,,,6.99
SUB0000950,CUST000867,PLAN01,2022-06-18,,Active,True,,,6.99
SUB0000951,CUST000868,PLAN01,2022-04-03,,Active,True,,,6.99
SUB0000952,CUST000869,PLAN03,2020-11-07,,Active,True,,,22.99
SUB0000953,CUST000870,PLAN01,2019-08-19,,Active,True,,,6.99
SUB0000954,CUST000871,PLAN01,2026-03-28,,Active,True,,,6.99
SUB0000955,CUST000872,PLAN02,2021-06-21,,Active,True,,,15.49
SUB0000956,CUST000873,PLAN03,2022-09-25,,Cancelled,True,2026-05-24,Payment issues,22.99
SUB0000957,CUST000874,PLAN01,2025-05-08,,Cancelled,False,2026-01-21,No longer needed,6.99
SUB0000958,CUST000875,PLAN01,2019-02-05,,Active,True,,,6.99
SUB0000959,CUST000876,PLAN02,2019-07-04,,Cancelled,True,2026-02-13,No longer needed,15.49
SUB0000960,CUST000877,PLAN01,2019-03-08,,Active,True,,,6.99
SUB0000961,CUST000878,PLAN01,2020-06-29,,Active,True,,,6.99
SUB0000962,CUST000879,PLAN01,2024-08-05,,Active,False,,,6.99
SUB0000963,CUST000880,PLAN02,2025-05-03,2026-01-16,Plan Changed,True,,,22.99
SUB0000964,CUST000880,PLAN03,2026-01-16,,Active,True,,,22.99
SUB0000965,CUST000881,PLAN02,2023-03-25,2026-03-09,Plan Changed,False,,,15.49
SUB0000966,CUST000881,PLAN02,2026-03-09,,Active,False,,,15.49
SUB0000967,CUST000882,PLAN02,2024-04-23,,Active,True,,,15.49
SUB0000968,CUST000883,PLAN03,2025-09-21,,Active,True,,,22.99
SUB0000969,CUST000884,PLAN03,2020-11-24,,Active,True,,,22.99
SUB0000970,CUST000885,PLAN02,2022-08-20,,Active,True,,,15.49
SUB0000971,CUST000886,PLAN02,2022-01-02,,Active,False,,,15.49
SUB0000972,CUST000887,PLAN01,2020-10-17,,Active,True,,,6.99
SUB0000973,CUST000888,PLAN02,2026-02-22,,Active,False,,,15.49
SUB0000974,CUST000889,PLAN03,2020-04-05,,Cancelled,True,2025-10-15,Too expensive,22.99
SUB0000975,CUST000890,PLAN01,2020-03-06,,Active,True,,,6.99
SUB0000976,CUST000891,PLAN01,2020-04-10,,Active,True,,,6.99
SUB0000977,CUST000892,PLAN02,2024-12-23,,Active,True,,,15.49
SUB0000978,CUST000893,PLAN02,2020-04-12,,Active,True,,,15.49
SUB0000979,CUST000894,PLAN02,2021-02-04,,Active,True,,,15.49
SUB0000980,CUST000895,PLAN03,2020-11-16,,Active,True,,,22.99
SUB0000981,CUST000896,PLAN01,2025-09-14,,Active,True,,,6.99
SUB0000982,CUST000897,PLAN03,2022-10-16,,Active,True,,,22.99
SUB0000983,CUST000898,PLAN02,2024-08-17,,Cancelled,False,2025-11-29,Technical issues,15.49
SUB0000984,CUST000899,PLAN01,2026-04-18,,Cancelled,True,2026-05-30,Household budget cuts,6.99
SUB0000985,CUST000900,PLAN02,2020-07-17,,Cancelled,True,2026-04-23,Payment issues,15.49
SUB0000986,CUST000901,PLAN02,2024-12-27,,Cancelled,True,2026-03-07,Payment issues,15.49
SUB0000987,CUST000902,PLAN03,2024-03-02,,Active,True,,,22.99
SUB0000988,CUST000903,PLAN01,2019-08-18,,Active,True,,,6.99
SUB0000989,CUST000904,PLAN01,2022-10-05,,Active,False,,,6.99
SUB0000990,CUST000905,PLAN01,2024-01-17,,Active,True,,,6.99
SUB0000991,CUST000906,PLAN01,2022-06-04,,Active,True,,,6.99
SUB0000992,CUST000907,PLAN02,2021-08-23,,Active,True,,,15.49
SUB0000993,CUST000908,PLAN01,2021-11-10,,Active,True,,,6.99
SUB0000994,CUST000909,PLAN01,2025-04-01,,Active,True,,,6.99
SUB0000995,CUST000910,PLAN02,2021-08-19,,Active,True,,,15.49
SUB0000996,CUST000911,PLAN02,2021-11-12,,Cancelled,False,2025-10-17,Not enough content,15.49
SUB0000997,CUST000912,PLAN02,2023-01-30,,Active,True,,,15.49
SUB0000998,CUST000913,PLAN01,2025-05-14,2026-03-14,Plan Changed,True,,,15.49
SUB0000999,CUST000913,PLAN02,2026-03-14,,Active,True,,,15.49
SUB0001000,CUST000914,PLAN02,2022-01-23,,Cancelled,False,2026-05-20,Payment issues,15.49
SUB0001001,CUST000915,PLAN01,2023-03-15,,Active,True,,,6.99
SUB0001002,CUST000916,PLAN02,2020-12-27,,Active,False,,,15.49
SUB0001003,CUST000917,PLAN03,2021-09-04,,Active,False,,,22.99
SUB0001004,CUST000918,PLAN02,2025-08-15,,Active,True,,,15.49
SUB0001005,CUST000919,PLAN03,2025-09-14,,Cancelled,True,2026-03-27,Not enough content,22.99
SUB0001006,CUST000920,PLAN03,2019-11-30,,Active,True,,,22.99
SUB0001007,CUST000921,PLAN03,2020-07-01,,Cancelled,True,2026-01-09,Poor customer service experience,22.99
SUB0001008,CUST000922,PLAN01,2026-02-20,,Cancelled,True,2026-05-12,Payment issues,6.99
SUB0001009,CUST000923,PLAN02,2021-10-07,,Active,False,,,15.49
SUB0001010,CUST000924,PLAN01,2026-05-26,,Active,True,,,6.99
SUB0001011,CUST000925,PLAN02,2023-05-17,,Active,True,,,15.49
SUB0001012,CUST000926,PLAN02,2025-05-22,,Active,True,,,15.49
SUB0001013,CUST000927,PLAN02,2023-09-13,,Cancelled,True,2026-03-25,No longer needed,15.49
SUB0001014,CUST000928,PLAN01,2020-07-14,,Active,True,,,6.99
SUB0001015,CUST000929,PLAN01,2021-09-11,,Active,False,,,6.99
SUB0001016,CUST000930,PLAN01,2024-02-23,,Active,True,,,6.99
SUB0001017,CUST000931,PLAN03,2023-09-14,2025-12-22,Plan Changed,True,,,15.49
SUB0001018,CUST000931,PLAN02,2025-12-22,,Active,True,,,15.49
SUB0001019,CUST000932,PLAN01,2022-09-04,2025-09-08,Plan Changed,True,,,6.99
SUB0001020,CUST000932,PLAN01,2025-09-08,,Active,True,,,6.99
SUB0001021,CUST000933,PLAN01,2019-01-04,,Active,True,,,6.99
SUB0001022,CUST000934,PLAN01,2019-10-11,2025-09-03,Plan Changed,True,,,15.49
SUB0001023,CUST000934,PLAN02,2025-09-03,,Active,True,,,15.49
SUB0001024,CUST000935,PLAN01,2019-09-01,2026-02-24,Plan Changed,True,,,15.49
SUB0001025,CUST000935,PLAN02,2026-02-24,,Cancelled,True,2025-11-23,Content quality decline,15.49
SUB0001026,CUST000936,PLAN03,2022-12-01,,Cancelled,True,2026-05-08,Moving / relocation,22.99
SUB0001027,CUST000937,PLAN01,2019-09-08,,Active,True,,,6.99
SUB0001028,CUST000938,PLAN01,2021-06-30,,Active,True,,,6.99
SUB0001029,CUST000939,PLAN01,2024-02-07,,Active,False,,,6.99
SUB0001030,CUST000940,PLAN01,2021-04-07,,Active,False,,,6.99
SUB0001031,CUST000941,PLAN03,2021-04-22,,Active,True,,,22.99
SUB0001032,CUST000942,PLAN01,2023-12-08,,Active,True,,,6.99
SUB0001033,CUST000943,PLAN02,2021-11-10,,Active,True,,,15.49
SUB0001034,CUST000944,PLAN01,2020-10-07,,Active,True,,,6.99
SUB0001035,CUST000945,PLAN02,2025-10-07,,Cancelled,True,2026-01-12,Too expensive,15.49
SUB0001036,CUST000946,PLAN01,2021-10-26,2026-06-14,Plan Changed,True,,,15.49
SUB0001037,CUST000946,PLAN02,2026-06-14,,Active,True,,,15.49
SUB0001038,CUST000947,PLAN02,2022-09-14,,Active,True,,,15.49
SUB0001039,CUST000948,PLAN03,2023-10-01,,Active,True,,,22.99
SUB0001040,CUST000949,PLAN02,2022-01-10,,Active,True,,,15.49
SUB0001041,CUST000950,PLAN02,2024-05-25,,Active,True,,,15.49
SUB0001042,CUST000951,PLAN01,2020-01-05,,Cancelled,False,2025-10-29,Too expensive,6.99
SUB0001043,CUST000952,PLAN01,2023-08-26,,Active,True,,,6.99
SUB0001044,CUST000953,PLAN01,2021-06-16,2023-11-26,Plan Changed,True,,,6.99
SUB0001045,CUST000953,PLAN01,2023-11-26,,Active,True,,,6.99
SUB0001046,CUST000954,PLAN03,2026-03-11,,Cancelled,False,2026-04-08,Found alternative platform,22.99
SUB0001047,CUST000955,PLAN02,2021-03-22,,Active,True,,,15.49
SUB0001048,CUST000956,PLAN02,2021-10-22,,Active,True,,,15.49
SUB0001049,CUST000957,PLAN02,2023-10-08,2024-12-30,Plan Changed,True,,,6.99
SUB0001050,CUST000957,PLAN01,2024-12-30,,Active,True,,,6.99
SUB0001051,CUST000958,PLAN03,2024-07-01,,Active,True,,,22.99
SUB0001052,CUST000959,PLAN01,2024-04-04,,Active,True,,,6.99
SUB0001053,CUST000960,PLAN03,2023-08-20,,Cancelled,True,2026-06-24,Too expensive,22.99
SUB0001054,CUST000961,PLAN02,2020-07-22,,Active,True,,,15.49
SUB0001055,CUST000962,PLAN01,2026-02-24,,Active,True,,,6.99
SUB0001056,CUST000963,PLAN02,2022-10-09,,Cancelled,True,2026-03-11,Moving / relocation,15.49
SUB0001057,CUST000964,PLAN01,2026-05-27,,Active,True,,,6.99
SUB0001058,CUST000965,PLAN01,2021-10-19,,Active,True,,,6.99
SUB0001059,CUST000966,PLAN02,2022-12-27,,Cancelled,True,2026-06-11,No longer needed,15.49
SUB0001060,CUST000967,PLAN02,2023-06-27,,Active,True,,,15.49
SUB0001061,CUST000968,PLAN01,2026-05-13,,Cancelled,True,2026-05-27,Payment issues,6.99
SUB0001062,CUST000969,PLAN01,2023-06-07,,Active,True,,,6.99
SUB0001063,CUST000970,PLAN01,2023-06-28,,Active,False,,,6.99
SUB0001064,CUST000971,PLAN03,2025-06-30,,Active,False,,,22.99
SUB0001065,CUST000972,PLAN03,2019-01-03,,Active,False,,,22.99
SUB0001066,CUST000973,PLAN01,2021-06-19,,Cancelled,True,2026-05-02,Too expensive,6.99
SUB0001067,CUST000974,PLAN03,2022-11-24,2024-07-28,Plan Changed,True,,,6.99
SUB0001068,CUST000974,PLAN01,2024-07-28,,Cancelled,True,2026-03-05,Technical issues,6.99
SUB0001069,CUST000975,PLAN01,2021-10-26,,Active,True,,,6.99
SUB0001070,CUST000976,PLAN03,2024-12-26,,Cancelled,True,2026-05-30,Payment issues,22.99
SUB0001071,CUST000977,PLAN02,2024-10-13,,Cancelled,True,2025-10-30,Household budget cuts,15.49
SUB0001072,CUST000978,PLAN02,2024-01-21,,Cancelled,True,2025-10-21,Technical issues,15.49
SUB0001073,CUST000979,PLAN02,2019-05-13,,Active,True,,,15.49
SUB0001074,CUST000980,PLAN03,2026-05-05,,Active,False,,,22.99
SUB0001075,CUST000981,PLAN01,2021-01-13,,Active,False,,,6.99
SUB0001076,CUST000982,PLAN03,2023-10-29,,Active,True,,,22.99
SUB0001077,CUST000983,PLAN02,2025-03-03,,Active,True,,,15.49
SUB0001078,CUST000984,PLAN02,2019-02-04,,Active,True,,,15.49
SUB0001079,CUST000985,PLAN02,2024-09-17,,Cancelled,True,2026-03-18,Password sharing crackdown,15.49
SUB0001080,CUST000986,PLAN03,2021-07-21,2025-09-05,Plan Changed,True,,,22.99
SUB0001081,CUST000986,PLAN03,2025-09-05,,Active,True,,,22.99
SUB0001082,CUST000987,PLAN02,2019-02-23,,Active,True,,,15.49
SUB0001083,CUST000988,PLAN02,2023-07-17,,Active,True,,,15.49
SUB0001084,CUST000989,PLAN03,2024-10-23,,Active,True,,,22.99
SUB0001085,CUST000990,PLAN02,2022-07-12,,Active,True,,,15.49
SUB0001086,CUST000991,PLAN01,2025-10-28,,Cancelled,True,2026-04-02,Found alternative platform,6.99
SUB0001087,CUST000992,PLAN02,2022-11-10,,Active,True,,,15.49
SUB0001088,CUST000993,PLAN02,2024-04-11,,Cancelled,True,2026-01-01,Content quality decline,15.49
SUB0001089,CUST000994,PLAN01,2024-11-21,,Cancelled,False,2025-11-10,No longer needed,6.99
SUB0001090,CUST000995,PLAN01,2026-02-04,,Active,True,,,6.99
SUB0001091,CUST000996,PLAN02,2025-11-06,,Cancelled,True,2026-04-08,Household budget cuts,15.49
SUB0001092,CUST000997,PLAN01,2022-11-28,2024-08-06,Plan Changed,True,,,6.99
SUB0001093,CUST000997,PLAN01,2024-08-06,,Cancelled,True,2025-10-21,Not enough content,6.99
SUB0001094,CUST000998,PLAN01,2019-12-17,,Active,True,,,6.99
SUB0001095,CUST000999,PLAN01,2022-06-17,,Active,True,,,6.99
SUB0001096,CUST001000,PLAN02,2022-07-09,,Cancelled,True,2026-02-13,Poor customer service experience,15.49
SUB0001097,CUST001001,PLAN01,2021-05-24,,Cancelled,True,2026-01-29,Technical issues,6.99
SUB0001098,CUST001002,PLAN01,2023-07-18,,Cancelled,False,2026-04-14,Not enough content,6.99
SUB0001099,CUST001003,PLAN03,2019-05-22,,Cancelled,True,2026-02-07,Technical issues,22.99
SUB0001100,CUST001004,PLAN03,2019-10-24,,Cancelled,True,2025-12-18,Found alternative platform,22.99
SUB0001101,CUST001005,PLAN02,2024-11-28,,Active,True,,,15.49
SUB0001102,CUST001006,PLAN01,2023-12-17,,Cancelled,True,2025-12-16,Household budget cuts,6.99
SUB0001103,CUST001007,PLAN02,2024-07-06,,Cancelled,True,2026-04-15,Technical issues,15.49
SUB0001104,CUST001008,PLAN03,2024-11-19,,Active,True,,,22.99
SUB0001105,CUST001009,PLAN03,2021-09-25,,Active,True,,,22.99
SUB0001106,CUST001010,PLAN02,2021-11-09,,Active,True,,,15.49
SUB0001107,CUST001011,PLAN01,2024-09-10,,Cancelled,True,2026-01-17,Content quality decline,6.99
SUB0001108,CUST001012,PLAN01,2023-09-05,,Active,True,,,6.99
SUB0001109,CUST001013,PLAN03,2021-09-04,,Active,True,,,22.99
SUB0001110,CUST001014,PLAN01,2024-05-27,2025-05-30,Plan Changed,False,,,22.99
SUB0001111,CUST001014,PLAN03,2025-05-30,,Cancelled,False,2026-04-16,Not enough content,22.99
SUB0001112,CUST001015,PLAN01,2020-01-29,,Active,True,,,6.99
SUB0001113,CUST001016,PLAN01,2022-10-02,,Cancelled,True,2025-12-31,No longer needed,6.99
SUB0001114,CUST001017,PLAN01,2019-10-21,,Active,True,,,6.99
SUB0001115,CUST001018,PLAN03,2021-05-02,,Active,True,,,22.99
SUB0001116,CUST001019,PLAN02,2019-01-28,,Cancelled,True,2026-01-03,Not enough content,15.49
SUB0001117,CUST001020,PLAN03,2021-06-03,,Active,False,,,22.99
SUB0001118,CUST001021,PLAN02,2021-06-07,,Active,True,,,15.49
SUB0001119,CUST001022,PLAN02,2025-11-02,,Cancelled,True,2026-05-03,Found alternative platform,15.49
SUB0001120,CUST001023,PLAN03,2026-04-30,,Active,True,,,22.99
SUB0001121,CUST001024,PLAN02,2024-02-08,,Active,True,,,15.49
SUB0001122,CUST001025,PLAN01,2025-10-06,2026-01-08,Plan Changed,True,,,15.49
SUB0001123,CUST001025,PLAN02,2026-01-08,,Active,True,,,15.49
SUB0001124,CUST001026,PLAN02,2025-01-26,2025-10-27,Plan Changed,True,,,6.99
SUB0001125,CUST001026,PLAN01,2025-10-27,,Active,True,,,6.99
SUB0001126,CUST001027,PLAN03,2020-10-23,,Cancelled,True,2025-12-06,Not enough content,22.99
SUB0001127,CUST001028,PLAN03,2023-08-08,2023-11-20,Plan Changed,True,,,15.49
SUB0001128,CUST001028,PLAN02,2023-11-20,,Active,True,,,15.49
SUB0001129,CUST001029,PLAN02,2020-10-16,,Cancelled,True,2025-11-08,Poor customer service experience,15.49
SUB0001130,CUST001030,PLAN01,2021-11-23,,Active,True,,,6.99
SUB0001131,CUST001031,PLAN03,2021-05-28,,Active,False,,,22.99
SUB0001132,CUST001032,PLAN01,2022-01-14,,Active,True,,,6.99
SUB0001133,CUST001033,PLAN02,2023-12-26,,Active,True,,,15.49
SUB0001134,CUST001034,PLAN02,2021-11-25,,Active,True,,,15.49
SUB0001135,CUST001035,PLAN01,2022-02-03,,Active,False,,,6.99
SUB0001136,CUST001036,PLAN02,2021-02-07,,Active,True,,,15.49
SUB0001137,CUST001037,PLAN02,2019-03-24,,Active,True,,,15.49
SUB0001138,CUST001038,PLAN02,2023-11-29,,Active,True,,,15.49
SUB0001139,CUST001039,PLAN01,2020-10-06,,Cancelled,True,2026-01-08,Technical issues,6.99
SUB0001140,CUST001040,PLAN02,2022-11-25,2024-12-17,Plan Changed,True,,,15.49
SUB0001141,CUST001040,PLAN02,2024-12-17,,Cancelled,True,2026-04-07,Too expensive,15.49
SUB0001142,CUST001041,PLAN03,2024-03-29,,Active,True,,,22.99
SUB0001143,CUST001042,PLAN01,2019-09-22,,Active,True,,,6.99
SUB0001144,CUST001043,PLAN03,2022-08-15,,Active,True,,,22.99
SUB0001145,CUST001044,PLAN02,2024-08-12,,Active,True,,,15.49
SUB0001146,CUST001045,PLAN02,2025-04-04,,Cancelled,True,2025-10-27,Found alternative platform,15.49
SUB0001147,CUST001046,PLAN01,2020-10-02,,Active,True,,,6.99
SUB0001148,CUST001047,PLAN02,2025-02-15,,Active,True,,,15.49
SUB0001149,CUST001048,PLAN02,2025-08-02,,Active,True,,,15.49
SUB0001150,CUST001049,PLAN02,2022-10-01,,Cancelled,True,2026-03-01,Moving / relocation,15.49
SUB0001151,CUST001050,PLAN01,2023-11-03,,Active,False,,,6.99
SUB0001152,CUST001051,PLAN02,2020-11-18,,Active,True,,,15.49
SUB0001153,CUST001052,PLAN02,2020-07-10,2022-10-01,Plan Changed,False,,,15.49
SUB0001154,CUST001052,PLAN02,2022-10-01,,Active,False,,,15.49
SUB0001155,CUST001053,PLAN01,2025-02-16,,Active,True,,,6.99
SUB0001156,CUST001054,PLAN02,2021-06-25,2021-12-10,Plan Changed,True,,,6.99
SUB0001157,CUST001054,PLAN01,2021-12-10,,Cancelled,True,2026-01-11,No longer needed,6.99
SUB0001158,CUST001055,PLAN02,2022-05-27,,Active,True,,,15.49
SUB0001159,CUST001056,PLAN01,2022-11-21,,Active,True,,,6.99
SUB0001160,CUST001057,PLAN02,2019-01-19,,Active,True,,,15.49
SUB0001161,CUST001058,PLAN01,2024-09-29,,Cancelled,True,2025-10-07,Technical issues,6.99
SUB0001162,CUST001059,PLAN02,2019-06-11,,Active,True,,,15.49
SUB0001163,CUST001060,PLAN02,2023-04-29,,Active,True,,,15.49
SUB0001164,CUST001061,PLAN03,2022-08-15,2025-11-25,Plan Changed,True,,,22.99
SUB0001165,CUST001061,PLAN03,2025-11-25,,Active,True,,,22.99
SUB0001166,CUST001062,PLAN02,2025-05-01,,Cancelled,True,2025-10-22,Household budget cuts,15.49
SUB0001167,CUST001063,PLAN01,2020-07-22,,Active,True,,,6.99
SUB0001168,CUST001064,PLAN03,2025-04-16,,Active,True,,,22.99
SUB0001169,CUST001065,PLAN01,2025-04-29,,Cancelled,False,2026-01-20,No longer needed,6.99
SUB0001170,CUST001066,PLAN01,2025-12-19,,Cancelled,True,2026-05-01,Payment issues,6.99
SUB0001171,CUST001067,PLAN01,2026-03-05,,Active,True,,,6.99
SUB0001172,CUST001068,PLAN03,2025-04-03,,Active,True,,,22.99
SUB0001173,CUST001069,PLAN01,2021-05-17,,Cancelled,True,2026-03-25,Found alternative platform,6.99
SUB0001174,CUST001070,PLAN02,2026-05-20,,Active,True,,,15.49
SUB0001175,CUST001071,PLAN01,2024-06-26,,Active,True,,,6.99
SUB0001176,CUST001072,PLAN01,2024-08-22,,Active,True,,,6.99
SUB0001177,CUST001073,PLAN03,2022-07-23,,Active,False,,,22.99
SUB0001178,CUST001074,PLAN02,2024-10-17,,Active,True,,,15.49
SUB0001179,CUST001075,PLAN02,2020-04-15,,Active,False,,,15.49
SUB0001180,CUST001076,PLAN02,2024-08-31,,Active,True,,,15.49
SUB0001181,CUST001077,PLAN02,2019-03-25,,Active,True,,,15.49
SUB0001182,CUST001078,PLAN03,2020-03-17,,Cancelled,True,2025-11-30,Found alternative platform,22.99
SUB0001183,CUST001079,PLAN02,2024-06-04,,Active,False,,,15.49
SUB0001184,CUST001080,PLAN01,2024-10-15,,Active,True,,,6.99
SUB0001185,CUST001081,PLAN02,2024-03-12,,Active,True,,,15.49
SUB0001186,CUST001082,PLAN02,2019-10-13,,Cancelled,True,2026-06-23,Content quality decline,15.49
SUB0001187,CUST001083,PLAN02,2024-05-25,,Cancelled,True,2026-03-12,Payment issues,15.49
SUB0001188,CUST001084,PLAN01,2022-04-02,,Active,True,,,6.99
SUB0001189,CUST001085,PLAN02,2020-08-14,,Active,True,,,15.49
SUB0001190,CUST001086,PLAN01,2021-07-06,,Cancelled,True,2026-01-19,Not enough content,6.99
SUB0001191,CUST001087,PLAN01,2026-05-12,,Active,True,,,6.99
SUB0001192,CUST001088,PLAN01,2026-01-22,,Cancelled,True,2026-02-14,Payment issues,6.99
SUB0001193,CUST001089,PLAN03,2023-05-12,,Active,True,,,22.99
SUB0001194,CUST001090,PLAN01,2021-03-11,,Active,True,,,6.99
SUB0001195,CUST001091,PLAN01,2023-12-10,,Cancelled,True,2026-06-27,Content quality decline,6.99
SUB0001196,CUST001092,PLAN01,2022-08-26,,Active,True,,,6.99
SUB0001197,CUST001093,PLAN03,2023-09-20,2025-02-02,Plan Changed,True,,,15.49
SUB0001198,CUST001093,PLAN02,2025-02-02,,Active,True,,,15.49
SUB0001199,CUST001094,PLAN01,2019-09-16,,Cancelled,True,2026-06-11,Poor customer service experience,6.99
SUB0001200,CUST001095,PLAN02,2025-03-28,,Cancelled,False,2026-04-21,Password sharing crackdown,15.49
SUB0001201,CUST001096,PLAN01,2023-12-03,,Cancelled,True,2026-04-30,Found alternative platform,6.99
SUB0001202,CUST001097,PLAN02,2021-12-25,,Active,True,,,15.49
SUB0001203,CUST001098,PLAN02,2025-01-20,,Active,True,,,15.49
SUB0001204,CUST001099,PLAN03,2024-06-15,,Active,True,,,22.99
SUB0001205,CUST001100,PLAN02,2021-09-19,,Active,True,,,15.49
SUB0001206,CUST001101,PLAN02,2023-10-29,,Active,True,,,15.49
SUB0001207,CUST001102,PLAN01,2020-11-05,,Cancelled,True,2026-01-04,Content quality decline,6.99
SUB0001208,CUST001103,PLAN01,2022-12-26,,Active,False,,,6.99
SUB0001209,CUST001104,PLAN03,2021-08-07,,Active,False,,,22.99
SUB0001210,CUST001105,PLAN03,2020-04-22,,Active,True,,,22.99
SUB0001211,CUST001106,PLAN02,2024-05-06,,Cancelled,True,2026-01-09,Too expensive,15.49
SUB0001212,CUST001107,PLAN01,2022-09-22,,Active,True,,,6.99
SUB0001213,CUST001108,PLAN01,2023-04-05,,Cancelled,False,2026-02-27,Household budget cuts,6.99
SUB0001214,CUST001109,PLAN01,2021-02-10,,Active,True,,,6.99
SUB0001215,CUST001110,PLAN03,2025-05-25,,Cancelled,True,2026-04-15,Found alternative platform,22.99
SUB0001216,CUST001111,PLAN01,2024-05-04,,Cancelled,True,2026-01-23,Payment issues,6.99
SUB0001217,CUST001112,PLAN03,2026-05-16,,Active,True,,,22.99
SUB0001218,CUST001113,PLAN01,2025-09-26,,Cancelled,True,2026-03-20,Not enough content,6.99
SUB0001219,CUST001114,PLAN02,2019-03-06,,Cancelled,True,2026-03-19,Too expensive,15.49
SUB0001220,CUST001115,PLAN02,2022-02-12,,Cancelled,True,2026-04-21,Payment issues,15.49
SUB0001221,CUST001116,PLAN03,2021-04-01,,Cancelled,True,2026-05-30,Household budget cuts,22.99
SUB0001222,CUST001117,PLAN02,2022-12-01,,Cancelled,True,2026-01-04,No longer needed,15.49
SUB0001223,CUST001118,PLAN01,2024-06-03,,Active,True,,,6.99
SUB0001224,CUST001119,PLAN01,2021-09-15,,Active,True,,,6.99
SUB0001225,CUST001120,PLAN02,2023-10-01,,Active,True,,,15.49
SUB0001226,CUST001121,PLAN02,2022-04-05,,Cancelled,True,2025-11-03,Too expensive,15.49
SUB0001227,CUST001122,PLAN02,2019-04-16,,Active,True,,,15.49
SUB0001228,CUST001123,PLAN03,2022-03-18,,Cancelled,False,2026-04-01,Technical issues,22.99
SUB0001229,CUST001124,PLAN02,2026-02-14,,Active,True,,,15.49
SUB0001230,CUST001125,PLAN03,2026-03-09,,Active,True,,,22.99
SUB0001231,CUST001126,PLAN01,2021-07-11,,Active,True,,,6.99
SUB0001232,CUST001127,PLAN03,2021-08-23,2025-08-01,Plan Changed,True,,,22.99
SUB0001233,CUST001127,PLAN03,2025-08-01,,Active,True,,,22.99
SUB0001234,CUST001128,PLAN02,2019-05-23,,Active,True,,,15.49
SUB0001235,CUST001129,PLAN02,2022-07-19,,Active,True,,,15.49
SUB0001236,CUST001130,PLAN03,2023-07-23,,Active,True,,,22.99
SUB0001237,CUST001131,PLAN01,2023-08-02,,Active,True,,,6.99
SUB0001238,CUST001132,PLAN03,2024-08-02,,Active,False,,,22.99
SUB0001239,CUST001133,PLAN01,2020-01-21,,Active,True,,,6.99
SUB0001240,CUST001134,PLAN03,2023-02-24,,Active,True,,,22.99
SUB0001241,CUST001135,PLAN01,2021-06-16,,Active,False,,,6.99
SUB0001242,CUST001136,PLAN01,2020-11-05,,Cancelled,True,2025-10-18,Not enough content,6.99
SUB0001243,CUST001137,PLAN02,2021-02-18,,Active,True,,,15.49
SUB0001244,CUST001138,PLAN03,2022-11-12,,Cancelled,False,2025-10-19,Technical issues,22.99
SUB0001245,CUST001139,PLAN03,2024-09-22,,Active,False,,,22.99
SUB0001246,CUST001140,PLAN03,2021-10-13,,Active,True,,,22.99
SUB0001247,CUST001141,PLAN02,2025-07-06,,Active,True,,,15.49
SUB0001248,CUST001142,PLAN01,2021-04-04,,Active,True,,,6.99
SUB0001249,CUST001143,PLAN02,2026-03-31,,Active,True,,,15.49
SUB0001250,CUST001144,PLAN03,2025-03-21,,Cancelled,True,2026-02-27,Found alternative platform,22.99
SUB0001251,CUST001145,PLAN02,2021-10-19,,Cancelled,True,2025-12-16,Found alternative platform,15.49
SUB0001252,CUST001146,PLAN01,2021-09-14,,Active,True,,,6.99
SUB0001253,CUST001147,PLAN02,2021-08-23,,Active,True,,,15.49
SUB0001254,CUST001148,PLAN01,2020-03-05,,Cancelled,True,2025-12-15,Found alternative platform,6.99
SUB0001255,CUST001149,PLAN02,2024-07-26,2026-01-23,Plan Changed,True,,,6.99
SUB0001256,CUST001149,PLAN01,2026-01-23,,Active,True,,,6.99
SUB0001257,CUST001150,PLAN01,2019-07-23,,Active,True,,,6.99
SUB0001258,CUST001151,PLAN01,2019-12-05,,Cancelled,True,2026-04-12,Payment issues,6.99
SUB0001259,CUST001152,PLAN02,2024-05-29,2025-06-14,Plan Changed,False,,,15.49
SUB0001260,CUST001152,PLAN02,2025-06-14,,Active,False,,,15.49
SUB0001261,CUST001153,PLAN02,2024-03-06,,Active,True,,,15.49
SUB0001262,CUST001154,PLAN02,2025-03-05,,Active,True,,,15.49
SUB0001263,CUST001155,PLAN02,2022-01-09,,Active,False,,,15.49
SUB0001264,CUST001156,PLAN02,2025-01-19,,Active,True,,,15.49
SUB0001265,CUST001157,PLAN01,2023-01-25,,Cancelled,False,2025-10-17,Not enough content,6.99
SUB0001266,CUST001158,PLAN02,2025-12-06,,Active,True,,,15.49
SUB0001267,CUST001159,PLAN03,2023-05-02,,Active,False,,,22.99
SUB0001268,CUST001160,PLAN03,2022-07-20,,Active,True,,,22.99
SUB0001269,CUST001161,PLAN02,2026-02-24,,Cancelled,True,2026-06-20,Not enough content,15.49
SUB0001270,CUST001162,PLAN01,2024-05-15,,Active,True,,,6.99
SUB0001271,CUST001163,PLAN02,2023-02-13,,Cancelled,True,2025-12-06,Technical issues,15.49
SUB0001272,CUST001164,PLAN02,2022-07-17,,Active,True,,,15.49
SUB0001273,CUST001165,PLAN01,2020-01-19,,Active,True,,,6.99
SUB0001274,CUST001166,PLAN01,2021-12-16,,Active,True,,,6.99
SUB0001275,CUST001167,PLAN02,2026-04-14,,Active,True,,,15.49
SUB0001276,CUST001168,PLAN02,2024-11-09,,Active,True,,,15.49
SUB0001277,CUST001169,PLAN01,2022-04-05,,Active,True,,,6.99
SUB0001278,CUST001170,PLAN03,2022-05-25,,Active,False,,,22.99
SUB0001279,CUST001171,PLAN03,2026-03-23,,Cancelled,False,2026-03-31,Moving / relocation,22.99
SUB0001280,CUST001172,PLAN01,2025-11-17,2026-05-08,Plan Changed,True,,,6.99
SUB0001281,CUST001172,PLAN01,2026-05-08,,Active,True,,,6.99
SUB0001282,CUST001173,PLAN01,2025-07-05,2026-04-09,Plan Changed,True,,,22.99
SUB0001283,CUST001173,PLAN03,2026-04-09,,Cancelled,True,2025-11-17,Poor customer service experience,22.99
SUB0001284,CUST001174,PLAN02,2026-03-09,,Active,True,,,15.49
SUB0001285,CUST001175,PLAN03,2023-03-20,,Active,True,,,22.99
SUB0001286,CUST001176,PLAN01,2023-03-01,,Active,True,,,6.99
SUB0001287,CUST001177,PLAN03,2022-08-02,,Active,True,,,22.99
SUB0001288,CUST001178,PLAN03,2022-09-03,,Active,True,,,22.99
SUB0001289,CUST001179,PLAN01,2025-10-19,2026-03-07,Plan Changed,False,,,6.99
SUB0001290,CUST001179,PLAN01,2026-03-07,,Cancelled,False,2026-06-18,Too expensive,6.99
SUB0001291,CUST001180,PLAN01,2020-12-28,,Active,True,,,6.99
SUB0001292,CUST001181,PLAN01,2024-02-29,,Active,True,,,6.99
SUB0001293,CUST001182,PLAN03,2024-10-27,,Active,True,,,22.99
SUB0001294,CUST001183,PLAN03,2022-07-16,,Active,True,,,22.99
SUB0001295,CUST001184,PLAN02,2021-12-04,,Active,True,,,15.49
SUB0001296,CUST001185,PLAN03,2026-03-10,,Cancelled,False,2026-05-23,Household budget cuts,22.99
SUB0001297,CUST001186,PLAN02,2024-06-24,,Active,True,,,15.49
SUB0001298,CUST001187,PLAN02,2021-09-07,,Active,True,,,15.49
SUB0001299,CUST001188,PLAN02,2020-02-29,,Active,True,,,15.49
SUB0001300,CUST001189,PLAN01,2022-05-31,,Active,True,,,6.99
SUB0001301,CUST001190,PLAN03,2025-03-18,2026-05-07,Plan Changed,True,,,15.49
SUB0001302,CUST001190,PLAN02,2026-05-07,,Active,True,,,15.49
SUB0001303,CUST001191,PLAN02,2021-10-06,,Active,True,,,15.49
SUB0001304,CUST001192,PLAN01,2023-06-09,,Active,True,,,6.99
SUB0001305,CUST001193,PLAN02,2021-12-16,,Active,True,,,15.49
SUB0001306,CUST001194,PLAN03,2024-07-08,2025-06-11,Plan Changed,True,,,15.49
SUB0001307,CUST001194,PLAN02,2025-06-11,,Active,True,,,15.49
SUB0001308,CUST001195,PLAN03,2024-01-02,,Active,True,,,22.99
SUB0001309,CUST001196,PLAN02,2023-10-31,,Cancelled,True,2025-12-27,Found alternative platform,15.49
SUB0001310,CUST001197,PLAN02,2024-03-25,,Active,True,,,15.49
SUB0001311,CUST001198,PLAN01,2019-07-04,,Cancelled,True,2026-04-22,Content quality decline,6.99
SUB0001312,CUST001199,PLAN01,2019-09-06,,Active,True,,,6.99
SUB0001313,CUST001200,PLAN01,2019-05-21,,Active,False,,,6.99
SUB0001314,CUST001201,PLAN01,2025-01-19,,Active,True,,,6.99
SUB0001315,CUST001202,PLAN01,2019-05-18,,Active,True,,,6.99
SUB0001316,CUST001203,PLAN01,2019-07-18,,Cancelled,True,2025-12-07,Not enough content,6.99
SUB0001317,CUST001204,PLAN03,2022-11-30,,Active,False,,,22.99
SUB0001318,CUST001205,PLAN02,2019-06-14,,Active,True,,,15.49
SUB0001319,CUST001206,PLAN02,2023-01-19,,Active,True,,,15.49
SUB0001320,CUST001207,PLAN03,2020-01-01,,Cancelled,True,2026-06-22,Household budget cuts,22.99
SUB0001321,CUST001208,PLAN01,2022-10-17,,Active,True,,,6.99
SUB0001322,CUST001209,PLAN02,2026-01-07,,Cancelled,True,2026-02-27,Not enough content,15.49
SUB0001323,CUST001210,PLAN02,2022-02-12,2026-06-09,Plan Changed,True,,,15.49
SUB0001324,CUST001210,PLAN02,2026-06-09,,Active,True,,,15.49
SUB0001325,CUST001211,PLAN01,2019-12-27,2020-07-03,Plan Changed,True,,,6.99
SUB0001326,CUST001211,PLAN01,2020-07-03,,Active,True,,,6.99
SUB0001327,CUST001212,PLAN01,2025-06-11,,Cancelled,True,2026-04-04,Poor customer service experience,6.99
SUB0001328,CUST001213,PLAN02,2021-08-19,,Active,True,,,15.49
SUB0001329,CUST001214,PLAN02,2023-09-09,,Active,False,,,15.49
SUB0001330,CUST001215,PLAN02,2022-06-09,,Active,True,,,15.49
SUB0001331,CUST001216,PLAN02,2025-06-20,2025-10-16,Plan Changed,False,,,6.99
SUB0001332,CUST001216,PLAN01,2025-10-16,,Active,False,,,6.99
SUB0001333,CUST001217,PLAN02,2026-04-27,,Active,True,,,15.49
SUB0001334,CUST001218,PLAN01,2022-01-17,,Active,True,,,6.99
SUB0001335,CUST001219,PLAN03,2024-02-21,2025-04-23,Plan Changed,False,,,15.49
SUB0001336,CUST001219,PLAN02,2025-04-23,,Active,False,,,15.49
SUB0001337,CUST001220,PLAN02,2023-05-18,,Active,False,,,15.49
SUB0001338,CUST001221,PLAN02,2024-01-15,,Active,False,,,15.49
SUB0001339,CUST001222,PLAN03,2020-10-07,,Cancelled,True,2025-12-19,Moving / relocation,22.99
SUB0001340,CUST001223,PLAN02,2026-03-12,,Cancelled,True,2026-06-30,Not enough content,15.49
SUB0001341,CUST001224,PLAN03,2022-02-13,,Active,True,,,22.99
SUB0001342,CUST001225,PLAN01,2022-11-11,,Active,True,,,6.99
SUB0001343,CUST001226,PLAN03,2022-06-15,,Active,False,,,22.99
SUB0001344,CUST001227,PLAN03,2020-01-05,,Active,False,,,22.99
SUB0001345,CUST001228,PLAN02,2020-01-22,,Active,True,,,15.49
SUB0001346,CUST001229,PLAN01,2023-11-06,2024-08-21,Plan Changed,True,,,6.99
SUB0001347,CUST001229,PLAN01,2024-08-21,,Active,True,,,6.99
SUB0001348,CUST001230,PLAN02,2024-12-10,,Cancelled,False,2026-01-22,Technical issues,15.49
SUB0001349,CUST001231,PLAN01,2020-07-13,,Active,True,,,6.99
SUB0001350,CUST001232,PLAN03,2024-09-24,,Active,True,,,22.99
SUB0001351,CUST001233,PLAN01,2020-12-03,,Active,False,,,6.99
SUB0001352,CUST001234,PLAN02,2025-09-10,,Active,True,,,15.49
SUB0001353,CUST001235,PLAN01,2024-02-28,,Active,True,,,6.99
SUB0001354,CUST001236,PLAN02,2021-06-28,2021-11-08,Plan Changed,False,,,6.99
SUB0001355,CUST001236,PLAN01,2021-11-08,,Active,False,,,6.99
SUB0001356,CUST001237,PLAN02,2020-01-11,,Active,True,,,15.49
SUB0001357,CUST001238,PLAN01,2024-08-08,,Active,True,,,6.99
SUB0001358,CUST001239,PLAN01,2019-12-08,,Active,True,,,6.99
SUB0001359,CUST001240,PLAN02,2019-03-05,,Cancelled,True,2026-05-27,Found alternative platform,15.49
SUB0001360,CUST001241,PLAN02,2021-10-19,,Cancelled,True,2026-03-31,Password sharing crackdown,15.49
SUB0001361,CUST001242,PLAN01,2022-09-05,,Active,True,,,6.99
SUB0001362,CUST001243,PLAN01,2023-09-05,,Active,True,,,6.99
SUB0001363,CUST001244,PLAN03,2023-05-04,,Active,True,,,22.99
SUB0001364,CUST001245,PLAN02,2020-03-23,,Cancelled,True,2026-02-08,Household budget cuts,15.49
SUB0001365,CUST001246,PLAN01,2019-06-22,,Cancelled,True,2026-01-25,Payment issues,6.99
SUB0001366,CUST001247,PLAN01,2020-08-16,,Active,True,,,6.99
SUB0001367,CUST001248,PLAN02,2023-08-10,,Cancelled,True,2026-01-15,No longer needed,15.49
SUB0001368,CUST001249,PLAN01,2019-11-18,,Active,True,,,6.99
SUB0001369,CUST001250,PLAN02,2020-03-05,,Active,True,,,15.49
SUB0001370,CUST001251,PLAN01,2025-01-08,,Active,False,,,6.99
SUB0001371,CUST001252,PLAN02,2023-11-11,,Active,True,,,15.49
SUB0001372,CUST001253,PLAN01,2020-03-29,,Active,True,,,6.99
SUB0001373,CUST001254,PLAN01,2020-02-23,,Active,True,,,6.99
SUB0001374,CUST001255,PLAN03,2020-12-23,,Active,True,,,22.99
SUB0001375,CUST001256,PLAN02,2019-10-14,,Active,False,,,15.49
SUB0001376,CUST001257,PLAN01,2023-05-23,,Active,True,,,6.99
SUB0001377,CUST001258,PLAN01,2020-06-27,,Active,True,,,6.99
SUB0001378,CUST001259,PLAN01,2023-05-06,,Active,True,,,6.99
SUB0001379,CUST001260,PLAN02,2026-02-18,,Active,True,,,15.49
SUB0001380,CUST001261,PLAN02,2019-04-22,,Active,True,,,15.49
SUB0001381,CUST001262,PLAN01,2022-02-04,,Active,True,,,6.99
SUB0001382,CUST001263,PLAN02,2024-04-08,,Active,True,,,15.49
SUB0001383,CUST001264,PLAN01,2025-12-27,,Cancelled,False,2026-04-26,Household budget cuts,6.99
SUB0001384,CUST001265,PLAN01,2019-01-11,,Active,True,,,6.99
SUB0001385,CUST001266,PLAN01,2023-11-28,,Cancelled,True,2025-12-21,Not enough content,6.99
SUB0001386,CUST001267,PLAN03,2023-01-09,,Active,True,,,22.99
SUB0001387,CUST001268,PLAN01,2021-06-04,,Active,True,,,6.99
SUB0001388,CUST001269,PLAN01,2025-05-12,,Cancelled,True,2026-03-21,Household budget cuts,6.99
SUB0001389,CUST001270,PLAN02,2021-04-13,,Active,True,,,15.49
SUB0001390,CUST001271,PLAN02,2022-12-04,,Cancelled,True,2026-06-06,Too expensive,15.49
SUB0001391,CUST001272,PLAN01,2025-07-18,,Active,True,,,6.99
SUB0001392,CUST001273,PLAN02,2020-06-11,,Active,True,,,15.49
SUB0001393,CUST001274,PLAN01,2025-11-05,,Active,True,,,6.99
SUB0001394,CUST001275,PLAN02,2023-05-12,,Active,True,,,15.49
SUB0001395,CUST001276,PLAN03,2024-11-23,,Cancelled,True,2026-01-03,Found alternative platform,22.99
SUB0001396,CUST001277,PLAN02,2023-01-22,,Active,True,,,15.49
SUB0001397,CUST001278,PLAN01,2024-09-01,,Active,True,,,6.99
SUB0001398,CUST001279,PLAN02,2024-06-15,,Cancelled,False,2025-11-16,Poor customer service experience,15.49
SUB0001399,CUST001280,PLAN03,2026-01-29,,Active,True,,,22.99
SUB0001400,CUST001281,PLAN03,2021-11-20,,Active,True,,,22.99
SUB0001401,CUST001282,PLAN03,2024-02-19,,Active,True,,,22.99
SUB0001402,CUST001283,PLAN03,2026-02-15,,Cancelled,True,2026-05-07,Household budget cuts,22.99
SUB0001403,CUST001284,PLAN01,2023-12-03,,Active,True,,,6.99
SUB0001404,CUST001285,PLAN02,2021-03-31,,Active,True,,,15.49
SUB0001405,CUST001286,PLAN02,2024-07-27,,Active,True,,,15.49
SUB0001406,CUST001287,PLAN02,2023-07-01,,Active,True,,,15.49
SUB0001407,CUST001288,PLAN01,2020-05-27,2021-09-03,Plan Changed,True,,,6.99
SUB0001408,CUST001288,PLAN01,2021-09-03,,Active,True,,,6.99
SUB0001409,CUST001289,PLAN03,2024-04-18,,Active,True,,,22.99
SUB0001410,CUST001290,PLAN03,2025-11-28,,Active,True,,,22.99
SUB0001411,CUST001291,PLAN01,2019-12-22,,Active,True,,,6.99
SUB0001412,CUST001292,PLAN01,2020-08-19,,Active,True,,,6.99
SUB0001413,CUST001293,PLAN03,2025-05-09,,Active,True,,,22.99
SUB0001414,CUST001294,PLAN01,2024-10-26,,Active,True,,,6.99
SUB0001415,CUST001295,PLAN02,2022-10-24,,Cancelled,True,2026-05-11,No longer needed,15.49
SUB0001416,CUST001296,PLAN02,2019-07-07,,Active,True,,,15.49
SUB0001417,CUST001297,PLAN02,2023-07-26,2025-10-30,Plan Changed,True,,,6.99
SUB0001418,CUST001297,PLAN01,2025-10-30,,Cancelled,True,2026-01-12,Poor customer service experience,6.99
SUB0001419,CUST001298,PLAN02,2019-09-07,,Cancelled,True,2025-11-20,Household budget cuts,15.49
SUB0001420,CUST001299,PLAN01,2022-11-07,2024-02-07,Plan Changed,True,,,6.99
SUB0001421,CUST001299,PLAN01,2024-02-07,,Active,True,,,6.99
SUB0001422,CUST001300,PLAN01,2021-07-24,,Active,True,,,6.99
SUB0001423,CUST001301,PLAN02,2021-07-19,,Cancelled,True,2025-11-16,Found alternative platform,15.49
SUB0001424,CUST001302,PLAN03,2024-02-05,,Active,True,,,22.99
SUB0001425,CUST001303,PLAN01,2026-01-15,,Active,True,,,6.99
SUB0001426,CUST001304,PLAN01,2020-06-11,,Active,True,,,6.99
SUB0001427,CUST001305,PLAN03,2024-04-07,,Active,True,,,22.99
SUB0001428,CUST001306,PLAN02,2022-03-20,,Active,True,,,15.49
SUB0001429,CUST001307,PLAN02,2021-09-04,,Active,True,,,15.49
SUB0001430,CUST001308,PLAN03,2026-02-22,,Cancelled,True,2026-05-02,Poor customer service experience,22.99
SUB0001431,CUST001309,PLAN02,2026-02-16,,Cancelled,True,2026-03-30,Not enough content,15.49
SUB0001432,CUST001310,PLAN02,2023-07-16,,Active,True,,,15.49
SUB0001433,CUST001311,PLAN01,2019-06-14,,Active,True,,,6.99
SUB0001434,CUST001312,PLAN01,2024-10-27,2025-02-02,Plan Changed,True,,,15.49
SUB0001435,CUST001312,PLAN02,2025-02-02,,Active,True,,,15.49
SUB0001436,CUST001313,PLAN03,2020-08-24,,Active,True,,,22.99
SUB0001437,CUST001314,PLAN02,2020-02-09,,Active,True,,,15.49
SUB0001438,CUST001315,PLAN02,2023-04-18,,Cancelled,True,2025-12-26,Technical issues,15.49
SUB0001439,CUST001316,PLAN03,2025-11-06,2026-05-20,Plan Changed,True,,,15.49
SUB0001440,CUST001316,PLAN02,2026-05-20,,Active,True,,,15.49
SUB0001441,CUST001317,PLAN01,2021-03-02,,Active,False,,,6.99
SUB0001442,CUST001318,PLAN01,2022-03-21,,Active,True,,,6.99
SUB0001443,CUST001319,PLAN01,2025-01-16,2026-03-16,Plan Changed,True,,,15.49
SUB0001444,CUST001319,PLAN02,2026-03-16,,Cancelled,True,2025-12-04,Found alternative platform,15.49
SUB0001445,CUST001320,PLAN01,2023-03-19,,Active,True,,,6.99
SUB0001446,CUST001321,PLAN01,2024-07-12,,Cancelled,True,2026-05-06,Not enough content,6.99
SUB0001447,CUST001322,PLAN03,2026-04-01,,Active,False,,,22.99
SUB0001448,CUST001323,PLAN02,2025-12-11,,Active,True,,,15.49
SUB0001449,CUST001324,PLAN01,2023-05-26,,Cancelled,False,2026-05-29,Moving / relocation,6.99
SUB0001450,CUST001325,PLAN02,2026-03-18,,Cancelled,True,2026-05-08,Household budget cuts,15.49
SUB0001451,CUST001326,PLAN03,2021-01-31,,Active,True,,,22.99
SUB0001452,CUST001327,PLAN01,2021-04-14,,Active,False,,,6.99
SUB0001453,CUST001328,PLAN02,2022-12-11,,Cancelled,True,2026-03-24,Found alternative platform,15.49
SUB0001454,CUST001329,PLAN01,2026-05-14,,Active,True,,,6.99
SUB0001455,CUST001330,PLAN02,2025-11-27,,Cancelled,True,2026-03-29,Moving / relocation,15.49
SUB0001456,CUST001331,PLAN02,2024-08-29,,Cancelled,True,2025-12-29,Password sharing crackdown,15.49
SUB0001457,CUST001332,PLAN02,2019-02-20,,Active,False,,,15.49
SUB0001458,CUST001333,PLAN03,2023-04-25,,Active,False,,,22.99
SUB0001459,CUST001334,PLAN02,2022-06-17,,Active,True,,,15.49
SUB0001460,CUST001335,PLAN01,2024-04-05,,Active,True,,,6.99
SUB0001461,CUST001336,PLAN02,2025-08-30,,Active,True,,,15.49
SUB0001462,CUST001337,PLAN01,2025-04-11,2025-10-16,Plan Changed,False,,,22.99
SUB0001463,CUST001337,PLAN03,2025-10-16,,Cancelled,False,2026-05-19,Not enough content,22.99
SUB0001464,CUST001338,PLAN02,2024-11-10,,Active,False,,,15.49
SUB0001465,CUST001339,PLAN01,2023-08-04,2024-11-26,Plan Changed,False,,,15.49
SUB0001466,CUST001339,PLAN02,2024-11-26,,Cancelled,False,2025-10-20,Technical issues,15.49
SUB0001467,CUST001340,PLAN01,2022-08-13,,Active,True,,,6.99
SUB0001468,CUST001341,PLAN03,2020-09-15,2021-12-25,Plan Changed,False,,,6.99
SUB0001469,CUST001341,PLAN01,2021-12-25,,Cancelled,False,2026-03-08,Too expensive,6.99
SUB0001470,CUST001342,PLAN02,2025-09-19,,Active,True,,,15.49
SUB0001471,CUST001343,PLAN01,2019-08-13,,Active,True,,,6.99
SUB0001472,CUST001344,PLAN01,2024-11-10,,Cancelled,True,2026-06-04,Household budget cuts,6.99
SUB0001473,CUST001345,PLAN01,2023-02-18,,Cancelled,True,2025-12-22,Household budget cuts,6.99
SUB0001474,CUST001346,PLAN02,2020-08-25,,Active,True,,,15.49
SUB0001475,CUST001347,PLAN01,2021-07-01,,Active,True,,,6.99
SUB0001476,CUST001348,PLAN02,2025-01-25,,Active,True,,,15.49
SUB0001477,CUST001349,PLAN01,2024-09-06,,Cancelled,False,2026-01-22,Technical issues,6.99
SUB0001478,CUST001350,PLAN02,2023-03-09,2026-05-20,Plan Changed,True,,,15.49
SUB0001479,CUST001350,PLAN02,2026-05-20,,Cancelled,True,2026-04-02,Not enough content,15.49
SUB0001480,CUST001351,PLAN01,2024-05-06,,Cancelled,True,2025-12-05,Content quality decline,6.99
SUB0001481,CUST001352,PLAN02,2021-10-13,,Active,True,,,15.49
SUB0001482,CUST001353,PLAN01,2023-01-29,,Active,True,,,6.99
SUB0001483,CUST001354,PLAN02,2022-02-23,2026-02-25,Plan Changed,True,,,6.99
SUB0001484,CUST001354,PLAN01,2026-02-25,,Active,True,,,6.99
SUB0001485,CUST001355,PLAN03,2023-11-07,,Active,False,,,22.99
SUB0001486,CUST001356,PLAN03,2019-03-02,,Active,True,,,22.99
SUB0001487,CUST001357,PLAN01,2020-12-22,,Active,True,,,6.99
SUB0001488,CUST001358,PLAN01,2019-05-08,,Active,True,,,6.99
SUB0001489,CUST001359,PLAN02,2025-04-06,,Active,True,,,15.49
SUB0001490,CUST001360,PLAN02,2023-09-03,,Active,True,,,15.49
SUB0001491,CUST001361,PLAN03,2025-05-23,2025-12-19,Plan Changed,True,,,22.99
SUB0001492,CUST001361,PLAN03,2025-12-19,,Active,True,,,22.99
SUB0001493,CUST001362,PLAN02,2020-11-11,,Active,True,,,15.49
SUB0001494,CUST001363,PLAN01,2024-01-09,,Active,True,,,6.99
SUB0001495,CUST001364,PLAN02,2021-06-14,,Active,True,,,15.49
SUB0001496,CUST001365,PLAN01,2024-02-26,,Active,True,,,6.99
SUB0001497,CUST001366,PLAN02,2025-09-10,,Active,False,,,15.49
SUB0001498,CUST001367,PLAN02,2023-02-01,,Active,True,,,15.49
SUB0001499,CUST001368,PLAN01,2020-06-24,,Active,True,,,6.99
SUB0001500,CUST001369,PLAN01,2021-04-27,,Cancelled,False,2025-12-27,Payment issues,6.99
SUB0001501,CUST001370,PLAN03,2022-10-16,2023-05-24,Plan Changed,True,,,6.99
SUB0001502,CUST001370,PLAN01,2023-05-24,,Active,True,,,6.99
SUB0001503,CUST001371,PLAN03,2025-08-05,2025-12-01,Plan Changed,False,,,15.49
SUB0001504,CUST001371,PLAN02,2025-12-01,,Active,False,,,15.49
SUB0001505,CUST001372,PLAN01,2022-01-02,,Active,True,,,6.99
SUB0001506,CUST001373,PLAN01,2022-03-23,2024-12-15,Plan Changed,True,,,15.49
SUB0001507,CUST001373,PLAN02,2024-12-15,,Cancelled,True,2025-12-27,Technical issues,15.49
SUB0001508,CUST001374,PLAN02,2019-01-29,,Active,True,,,15.49
SUB0001509,CUST001375,PLAN02,2026-02-09,,Active,True,,,15.49
SUB0001510,CUST001376,PLAN01,2022-11-17,,Cancelled,True,2026-03-21,Not enough content,6.99
SUB0001511,CUST001377,PLAN02,2022-03-10,,Active,True,,,15.49
SUB0001512,CUST001378,PLAN02,2022-04-29,,Active,False,,,15.49
SUB0001513,CUST001379,PLAN03,2023-10-06,,Active,True,,,22.99
SUB0001514,CUST001380,PLAN01,2019-08-21,,Active,True,,,6.99
SUB0001515,CUST001381,PLAN01,2023-01-26,,Cancelled,True,2025-12-27,Household budget cuts,6.99
SUB0001516,CUST001382,PLAN01,2021-12-25,,Active,True,,,6.99
SUB0001517,CUST001383,PLAN01,2025-12-08,,Active,False,,,6.99
SUB0001518,CUST001384,PLAN01,2023-04-17,,Active,False,,,6.99
SUB0001519,CUST001385,PLAN01,2019-11-15,,Active,True,,,6.99
SUB0001520,CUST001386,PLAN03,2020-08-13,,Active,True,,,22.99
SUB0001521,CUST001387,PLAN01,2023-08-04,,Cancelled,True,2026-04-14,Too expensive,6.99
SUB0001522,CUST001388,PLAN02,2023-11-09,,Active,False,,,15.49
SUB0001523,CUST001389,PLAN03,2019-09-24,2021-08-15,Plan Changed,True,,,22.99
SUB0001524,CUST001389,PLAN03,2021-08-15,,Active,True,,,22.99
SUB0001525,CUST001390,PLAN01,2019-04-11,,Active,True,,,6.99
SUB0001526,CUST001391,PLAN01,2024-07-21,,Cancelled,True,2026-06-06,Found alternative platform,6.99
SUB0001527,CUST001392,PLAN02,2021-02-19,,Active,False,,,15.49
SUB0001528,CUST001393,PLAN02,2023-06-15,,Active,True,,,15.49
SUB0001529,CUST001394,PLAN03,2025-07-16,2025-11-30,Plan Changed,True,,,6.99
SUB0001530,CUST001394,PLAN01,2025-11-30,,Active,True,,,6.99
SUB0001531,CUST001395,PLAN03,2024-11-22,,Cancelled,True,2026-01-04,Password sharing crackdown,22.99
SUB0001532,CUST001396,PLAN02,2023-04-13,,Active,True,,,15.49
SUB0001533,CUST001397,PLAN02,2022-06-04,,Cancelled,True,2026-06-25,No longer needed,15.49
SUB0001534,CUST001398,PLAN02,2025-10-11,2026-04-20,Plan Changed,True,,,15.49
SUB0001535,CUST001398,PLAN02,2026-04-20,,Cancelled,True,2026-04-21,Content quality decline,15.49
SUB0001536,CUST001399,PLAN01,2021-12-19,,Active,True,,,6.99
SUB0001537,CUST001400,PLAN02,2021-12-10,,Active,True,,,15.49
SUB0001538,CUST001401,PLAN02,2025-08-11,,Active,False,,,15.49
SUB0001539,CUST001402,PLAN03,2022-03-18,,Active,False,,,22.99
SUB0001540,CUST001403,PLAN01,2026-02-16,,Active,True,,,6.99
SUB0001541,CUST001404,PLAN03,2023-07-30,,Cancelled,True,2026-06-09,Found alternative platform,22.99
SUB0001542,CUST001405,PLAN02,2021-10-24,,Active,True,,,15.49
SUB0001543,CUST001406,PLAN01,2022-09-09,,Active,True,,,6.99
SUB0001544,CUST001407,PLAN02,2025-08-28,,Active,True,,,15.49
SUB0001545,CUST001408,PLAN03,2021-08-04,,Active,True,,,22.99
SUB0001546,CUST001409,PLAN01,2023-11-28,,Active,True,,,6.99
SUB0001547,CUST001410,PLAN03,2019-10-15,2024-10-08,Plan Changed,True,,,15.49
SUB0001548,CUST001410,PLAN02,2024-10-08,,Active,True,,,15.49
SUB0001549,CUST001411,PLAN02,2025-04-01,,Active,True,,,15.49
SUB0001550,CUST001412,PLAN03,2024-05-02,,Active,True,,,22.99
SUB0001551,CUST001413,PLAN01,2022-10-21,,Active,True,,,6.99
SUB0001552,CUST001414,PLAN02,2019-06-03,,Active,True,,,15.49
SUB0001553,CUST001415,PLAN02,2023-06-19,2025-09-19,Plan Changed,True,,,6.99
SUB0001554,CUST001415,PLAN01,2025-09-19,,Active,True,,,6.99
SUB0001555,CUST001416,PLAN03,2021-11-12,,Active,True,,,22.99
SUB0001556,CUST001417,PLAN02,2019-01-13,,Active,True,,,15.49
SUB0001557,CUST001418,PLAN01,2019-09-28,,Active,True,,,6.99
SUB0001558,CUST001419,PLAN01,2022-10-28,,Active,True,,,6.99
SUB0001559,CUST001420,PLAN02,2023-07-30,,Active,True,,,15.49
SUB0001560,CUST001421,PLAN03,2024-09-21,2026-05-22,Plan Changed,True,,,22.99
SUB0001561,CUST001421,PLAN03,2026-05-22,,Cancelled,True,2026-06-01,Household budget cuts,22.99
SUB0001562,CUST001422,PLAN01,2025-03-29,,Active,True,,,6.99
SUB0001563,CUST001423,PLAN01,2025-02-17,,Active,True,,,6.99
SUB0001564,CUST001424,PLAN03,2020-03-07,,Active,True,,,22.99
SUB0001565,CUST001425,PLAN03,2022-04-20,,Cancelled,True,2025-11-21,Household budget cuts,22.99
SUB0001566,CUST001426,PLAN02,2023-07-01,,Active,True,,,15.49
SUB0001567,CUST001427,PLAN01,2022-03-12,,Cancelled,True,2026-04-30,No longer needed,6.99
SUB0001568,CUST001428,PLAN02,2024-05-17,2025-03-09,Plan Changed,True,,,15.49
SUB0001569,CUST001428,PLAN02,2025-03-09,,Cancelled,True,2026-03-07,Found alternative platform,15.49
SUB0001570,CUST001429,PLAN02,2025-01-13,,Active,True,,,15.49
SUB0001571,CUST001430,PLAN01,2025-02-14,,Active,True,,,6.99
SUB0001572,CUST001431,PLAN02,2022-08-18,,Cancelled,True,2025-11-28,Payment issues,15.49
SUB0001573,CUST001432,PLAN01,2019-09-19,,Active,True,,,6.99
SUB0001574,CUST001433,PLAN02,2019-01-30,,Active,True,,,15.49
SUB0001575,CUST001434,PLAN03,2024-12-31,,Active,True,,,22.99
SUB0001576,CUST001435,PLAN02,2025-11-11,,Cancelled,False,2026-01-04,Technical issues,15.49
SUB0001577,CUST001436,PLAN02,2023-12-06,2025-03-06,Plan Changed,True,,,22.99
SUB0001578,CUST001436,PLAN03,2025-03-06,,Active,True,,,22.99
SUB0001579,CUST001437,PLAN02,2020-06-15,,Active,True,,,15.49
SUB0001580,CUST001438,PLAN03,2021-11-17,,Active,False,,,22.99
SUB0001581,CUST001439,PLAN01,2024-09-10,,Cancelled,True,2026-06-28,Household budget cuts,6.99
SUB0001582,CUST001440,PLAN01,2019-06-11,,Active,True,,,6.99
SUB0001583,CUST001441,PLAN03,2022-09-01,,Active,True,,,22.99
SUB0001584,CUST001442,PLAN02,2021-03-19,,Active,False,,,15.49
SUB0001585,CUST001443,PLAN01,2023-08-24,,Active,False,,,6.99
SUB0001586,CUST001444,PLAN02,2021-10-03,,Active,False,,,15.49
SUB0001587,CUST001445,PLAN01,2021-06-21,2023-05-14,Plan Changed,False,,,15.49
SUB0001588,CUST001445,PLAN02,2023-05-14,,Active,False,,,15.49
SUB0001589,CUST001446,PLAN03,2025-09-30,,Active,False,,,22.99
SUB0001590,CUST001447,PLAN01,2026-04-02,,Cancelled,True,2026-05-24,Moving / relocation,6.99
SUB0001591,CUST001448,PLAN02,2024-03-12,,Active,True,,,15.49
SUB0001592,CUST001449,PLAN02,2023-09-07,,Active,True,,,15.49
SUB0001593,CUST001450,PLAN02,2020-09-29,,Active,True,,,15.49
SUB0001594,CUST001451,PLAN01,2021-11-07,,Active,True,,,6.99
SUB0001595,CUST001452,PLAN02,2021-02-12,,Active,True,,,15.49
SUB0001596,CUST001453,PLAN03,2022-11-19,2023-03-06,Plan Changed,False,,,22.99
SUB0001597,CUST001453,PLAN03,2023-03-06,,Active,False,,,22.99
SUB0001598,CUST001454,PLAN03,2025-10-03,2026-05-24,Plan Changed,False,,,6.99
SUB0001599,CUST001454,PLAN01,2026-05-24,,Cancelled,False,2026-04-17,Too expensive,6.99
SUB0001600,CUST001455,PLAN02,2025-05-06,,Active,True,,,15.49
SUB0001601,CUST001456,PLAN03,2023-07-14,,Active,True,,,22.99
SUB0001602,CUST001457,PLAN02,2026-03-01,,Active,False,,,15.49
SUB0001603,CUST001458,PLAN01,2023-06-28,2024-02-10,Plan Changed,True,,,22.99
SUB0001604,CUST001458,PLAN03,2024-02-10,,Active,True,,,22.99
SUB0001605,CUST001459,PLAN01,2026-01-20,,Cancelled,False,2026-06-03,Household budget cuts,6.99
SUB0001606,CUST001460,PLAN02,2023-06-17,,Active,True,,,15.49
SUB0001607,CUST001461,PLAN01,2023-09-18,,Active,False,,,6.99
SUB0001608,CUST001462,PLAN02,2019-02-16,2022-07-14,Plan Changed,True,,,6.99
SUB0001609,CUST001462,PLAN01,2022-07-14,,Active,True,,,6.99
SUB0001610,CUST001463,PLAN01,2023-03-27,,Active,True,,,6.99
SUB0001611,CUST001464,PLAN02,2023-04-14,,Active,True,,,15.49
SUB0001612,CUST001465,PLAN01,2021-11-13,,Cancelled,True,2026-04-17,Content quality decline,6.99
SUB0001613,CUST001466,PLAN01,2022-11-13,,Active,True,,,6.99
SUB0001614,CUST001467,PLAN03,2026-01-18,,Cancelled,True,2026-03-25,Too expensive,22.99
SUB0001615,CUST001468,PLAN03,2026-01-07,,Cancelled,True,2026-01-27,Content quality decline,22.99
SUB0001616,CUST001469,PLAN02,2021-12-16,,Cancelled,True,2026-01-13,Too expensive,15.49
SUB0001617,CUST001470,PLAN01,2022-04-05,,Active,True,,,6.99
SUB0001618,CUST001471,PLAN01,2024-04-28,,Active,True,,,6.99
SUB0001619,CUST001472,PLAN02,2026-02-25,,Cancelled,True,2026-05-17,Too expensive,15.49
SUB0001620,CUST001473,PLAN01,2024-06-04,,Cancelled,True,2025-11-28,Content quality decline,6.99
SUB0001621,CUST001474,PLAN02,2021-08-12,,Cancelled,False,2026-05-09,Moving / relocation,15.49
SUB0001622,CUST001475,PLAN01,2023-11-10,2024-10-14,Plan Changed,True,,,6.99
SUB0001623,CUST001475,PLAN01,2024-10-14,,Active,True,,,6.99
SUB0001624,CUST001476,PLAN01,2022-07-24,,Active,False,,,6.99
SUB0001625,CUST001477,PLAN03,2021-07-08,2024-01-06,Plan Changed,True,,,15.49
SUB0001626,CUST001477,PLAN02,2024-01-06,,Cancelled,True,2026-06-15,Too expensive,15.49
SUB0001627,CUST001478,PLAN02,2022-12-09,,Active,True,,,15.49
SUB0001628,CUST001479,PLAN02,2019-11-05,,Cancelled,False,2025-10-18,Poor customer service experience,15.49
SUB0001629,CUST001480,PLAN01,2025-07-02,,Cancelled,False,2026-02-09,No longer needed,6.99
SUB0001630,CUST001481,PLAN02,2022-12-10,,Active,True,,,15.49
SUB0001631,CUST001482,PLAN02,2022-03-10,,Active,True,,,15.49
SUB0001632,CUST001483,PLAN01,2025-10-04,,Active,True,,,6.99
SUB0001633,CUST001484,PLAN02,2025-03-29,,Active,True,,,15.49
SUB0001634,CUST001485,PLAN01,2023-05-31,2025-07-24,Plan Changed,True,,,6.99
SUB0001635,CUST001485,PLAN01,2025-07-24,,Active,True,,,6.99
SUB0001636,CUST001486,PLAN01,2022-05-27,,Cancelled,True,2025-10-24,No longer needed,6.99
SUB0001637,CUST001487,PLAN03,2022-09-04,,Active,True,,,22.99
SUB0001638,CUST001488,PLAN02,2022-07-03,,Active,False,,,15.49
SUB0001639,CUST001489,PLAN03,2021-11-15,,Active,True,,,22.99
SUB0001640,CUST001490,PLAN02,2020-02-09,,Active,False,,,15.49
SUB0001641,CUST001491,PLAN01,2022-07-07,,Active,True,,,6.99
SUB0001642,CUST001492,PLAN01,2021-03-08,,Active,True,,,6.99
SUB0001643,CUST001493,PLAN03,2020-11-13,,Active,False,,,22.99
SUB0001644,CUST001494,PLAN02,2022-07-30,,Cancelled,True,2025-10-30,Found alternative platform,15.49
SUB0001645,CUST001495,PLAN01,2024-11-23,,Cancelled,True,2026-03-28,Password sharing crackdown,6.99
SUB0001646,CUST001496,PLAN02,2019-07-29,,Active,True,,,15.49
SUB0001647,CUST001497,PLAN03,2020-11-16,,Active,True,,,22.99
SUB0001648,CUST001498,PLAN01,2025-08-31,,Active,True,,,6.99
SUB0001649,CUST001499,PLAN02,2026-03-26,,Active,True,,,15.49
SUB0001650,CUST001500,PLAN03,2026-04-14,,Active,True,,,22.99
SUB0001651,CUST001501,PLAN01,2026-02-19,,Active,True,,,6.99
SUB0001652,CUST001502,PLAN01,2026-01-13,,Active,True,,,6.99
SUB0001653,CUST001503,PLAN01,2024-04-22,,Active,True,,,6.99
SUB0001654,CUST001504,PLAN02,2023-06-18,,Active,True,,,15.49
SUB0001655,CUST001505,PLAN01,2022-03-14,2022-09-15,Plan Changed,True,,,15.49
SUB0001656,CUST001505,PLAN02,2022-09-15,,Active,True,,,15.49
SUB0001657,CUST001506,PLAN02,2023-10-05,2024-10-02,Plan Changed,True,,,22.99
SUB0001658,CUST001506,PLAN03,2024-10-02,,Cancelled,True,2025-12-22,No longer needed,22.99
SUB0001659,CUST001507,PLAN01,2024-06-03,,Cancelled,True,2026-01-03,Not enough content,6.99
SUB0001660,CUST001508,PLAN01,2024-04-21,,Active,True,,,6.99
SUB0001661,CUST001509,PLAN01,2025-12-06,,Active,True,,,6.99
SUB0001662,CUST001510,PLAN01,2020-09-22,2020-12-26,Plan Changed,True,,,6.99
SUB0001663,CUST001510,PLAN01,2020-12-26,,Cancelled,True,2025-12-28,Too expensive,6.99
SUB0001664,CUST001511,PLAN01,2023-03-29,,Active,True,,,6.99
SUB0001665,CUST001512,PLAN01,2024-08-13,,Active,True,,,6.99
SUB0001666,CUST001513,PLAN01,2021-09-04,,Active,True,,,6.99
SUB0001667,CUST001514,PLAN01,2021-05-18,,Active,True,,,6.99
SUB0001668,CUST001515,PLAN01,2026-05-06,,Cancelled,True,2026-06-08,Content quality decline,6.99
SUB0001669,CUST001516,PLAN03,2019-12-23,,Active,True,,,22.99
SUB0001670,CUST001517,PLAN01,2025-10-08,,Active,True,,,6.99
SUB0001671,CUST001518,PLAN03,2025-07-13,,Active,False,,,22.99
SUB0001672,CUST001519,PLAN01,2021-02-13,,Active,True,,,6.99
SUB0001673,CUST001520,PLAN02,2019-03-23,,Active,True,,,15.49
SUB0001674,CUST001521,PLAN01,2022-08-07,,Active,False,,,6.99
SUB0001675,CUST001522,PLAN01,2020-03-22,,Cancelled,True,2026-02-22,Found alternative platform,6.99
SUB0001676,CUST001523,PLAN02,2019-11-14,,Active,True,,,15.49
SUB0001677,CUST001524,PLAN01,2020-09-22,,Cancelled,True,2025-10-27,Household budget cuts,6.99
SUB0001678,CUST001525,PLAN01,2021-05-01,,Active,True,,,6.99
SUB0001679,CUST001526,PLAN02,2019-06-04,2021-05-17,Plan Changed,True,,,22.99
SUB0001680,CUST001526,PLAN03,2021-05-17,,Active,True,,,22.99
SUB0001681,CUST001527,PLAN02,2023-04-11,2024-05-02,Plan Changed,True,,,6.99
SUB0001682,CUST001527,PLAN01,2024-05-02,,Cancelled,True,2026-06-02,Technical issues,6.99
SUB0001683,CUST001528,PLAN01,2026-05-07,,Active,True,,,6.99
SUB0001684,CUST001529,PLAN01,2019-03-11,,Active,True,,,6.99
SUB0001685,CUST001530,PLAN01,2021-06-15,,Active,False,,,6.99
SUB0001686,CUST001531,PLAN03,2025-07-03,,Active,False,,,22.99
SUB0001687,CUST001532,PLAN01,2019-01-04,,Active,True,,,6.99
SUB0001688,CUST001533,PLAN02,2026-03-29,,Active,True,,,15.49
SUB0001689,CUST001534,PLAN01,2019-09-20,,Active,True,,,6.99
SUB0001690,CUST001535,PLAN01,2020-08-25,,Active,True,,,6.99
SUB0001691,CUST001536,PLAN02,2022-09-13,,Active,True,,,15.49
SUB0001692,CUST001537,PLAN03,2020-12-02,,Active,True,,,22.99
SUB0001693,CUST001538,PLAN02,2020-04-22,,Active,False,,,15.49
SUB0001694,CUST001539,PLAN01,2024-02-21,,Active,True,,,6.99
SUB0001695,CUST001540,PLAN01,2024-06-10,,Active,False,,,6.99
SUB0001696,CUST001541,PLAN01,2025-09-16,,Cancelled,True,2025-12-17,Too expensive,6.99
SUB0001697,CUST001542,PLAN01,2021-02-01,,Active,True,,,6.99
SUB0001698,CUST001543,PLAN01,2019-04-23,,Active,True,,,6.99
SUB0001699,CUST001544,PLAN02,2023-12-19,,Active,False,,,15.49
SUB0001700,CUST001545,PLAN02,2021-02-13,,Active,True,,,15.49
SUB0001701,CUST001546,PLAN02,2023-02-04,2023-10-21,Plan Changed,True,,,6.99
SUB0001702,CUST001546,PLAN01,2023-10-21,,Active,True,,,6.99
SUB0001703,CUST001547,PLAN03,2022-11-15,,Active,True,,,22.99
SUB0001704,CUST001548,PLAN01,2023-06-02,,Active,True,,,6.99
SUB0001705,CUST001549,PLAN01,2025-05-29,,Cancelled,True,2026-03-09,Technical issues,6.99
SUB0001706,CUST001550,PLAN02,2020-02-28,,Cancelled,True,2026-02-12,No longer needed,15.49
SUB0001707,CUST001551,PLAN03,2021-12-22,2025-08-22,Plan Changed,True,,,6.99
SUB0001708,CUST001551,PLAN01,2025-08-22,,Active,True,,,6.99
SUB0001709,CUST001552,PLAN01,2023-10-28,,Active,True,,,6.99
SUB0001710,CUST001553,PLAN01,2022-11-15,,Active,True,,,6.99
SUB0001711,CUST001554,PLAN01,2019-11-16,,Active,True,,,6.99
SUB0001712,CUST001555,PLAN01,2024-09-04,,Active,False,,,6.99
SUB0001713,CUST001556,PLAN01,2024-11-15,,Active,True,,,6.99
SUB0001714,CUST001557,PLAN02,2026-05-18,,Active,True,,,15.49
SUB0001715,CUST001558,PLAN02,2022-03-30,,Active,False,,,15.49
SUB0001716,CUST001559,PLAN01,2025-03-01,,Cancelled,True,2026-03-06,Too expensive,6.99
SUB0001717,CUST001560,PLAN01,2022-12-09,,Cancelled,True,2026-01-08,Password sharing crackdown,6.99
SUB0001718,CUST001561,PLAN03,2024-04-12,2024-11-01,Plan Changed,True,,,22.99
SUB0001719,CUST001561,PLAN03,2024-11-01,,Cancelled,True,2025-12-07,Technical issues,22.99
SUB0001720,CUST001562,PLAN02,2021-02-04,,Cancelled,True,2026-06-25,Payment issues,15.49
SUB0001721,CUST001563,PLAN01,2022-08-07,,Active,False,,,6.99
SUB0001722,CUST001564,PLAN03,2019-06-09,,Active,True,,,22.99
SUB0001723,CUST001565,PLAN01,2020-11-05,,Active,True,,,6.99
SUB0001724,CUST001566,PLAN01,2025-12-25,,Cancelled,True,2026-04-22,Too expensive,6.99
SUB0001725,CUST001567,PLAN01,2023-06-01,,Cancelled,True,2025-11-21,Too expensive,6.99
SUB0001726,CUST001568,PLAN02,2024-07-11,,Active,True,,,15.49
SUB0001727,CUST001569,PLAN02,2019-12-07,,Active,True,,,15.49
SUB0001728,CUST001570,PLAN02,2019-03-08,,Active,True,,,15.49
SUB0001729,CUST001571,PLAN01,2023-09-30,,Cancelled,True,2026-05-02,Household budget cuts,6.99
SUB0001730,CUST001572,PLAN02,2019-03-26,2022-06-01,Plan Changed,True,,,6.99
SUB0001731,CUST001572,PLAN01,2022-06-01,,Active,True,,,6.99
SUB0001732,CUST001573,PLAN02,2022-10-26,,Active,True,,,15.49
SUB0001733,CUST001574,PLAN01,2019-05-27,,Active,True,,,6.99
SUB0001734,CUST001575,PLAN03,2021-01-07,2024-03-28,Plan Changed,True,,,15.49
SUB0001735,CUST001575,PLAN02,2024-03-28,,Active,True,,,15.49
SUB0001736,CUST001576,PLAN01,2019-02-28,2019-12-04,Plan Changed,True,,,15.49
SUB0001737,CUST001576,PLAN02,2019-12-04,,Active,True,,,15.49
SUB0001738,CUST001577,PLAN01,2022-02-17,,Active,True,,,6.99
SUB0001739,CUST001578,PLAN02,2025-04-08,,Active,False,,,15.49
SUB0001740,CUST001579,PLAN01,2022-07-16,,Active,True,,,6.99
SUB0001741,CUST001580,PLAN02,2019-01-09,,Active,False,,,15.49
SUB0001742,CUST001581,PLAN01,2022-11-24,,Active,False,,,6.99
SUB0001743,CUST001582,PLAN01,2025-08-13,,Active,False,,,6.99
SUB0001744,CUST001583,PLAN03,2020-11-24,,Active,True,,,22.99
SUB0001745,CUST001584,PLAN02,2021-10-21,,Active,True,,,15.49
SUB0001746,CUST001585,PLAN02,2026-03-02,,Cancelled,True,2026-03-17,Payment issues,15.49
SUB0001747,CUST001586,PLAN01,2023-12-01,,Active,False,,,6.99
SUB0001748,CUST001587,PLAN01,2026-03-15,,Active,True,,,6.99
SUB0001749,CUST001588,PLAN01,2019-01-19,2019-05-10,Plan Changed,True,,,6.99
SUB0001750,CUST001588,PLAN01,2019-05-10,,Active,True,,,6.99
SUB0001751,CUST001589,PLAN01,2023-01-16,,Active,True,,,6.99
SUB0001752,CUST001590,PLAN02,2021-03-04,,Active,True,,,15.49
SUB0001753,CUST001591,PLAN01,2022-09-16,,Active,False,,,6.99
SUB0001754,CUST001592,PLAN01,2022-04-08,,Cancelled,False,2026-04-16,Too expensive,6.99
SUB0001755,CUST001593,PLAN03,2025-10-18,,Active,True,,,22.99
SUB0001756,CUST001594,PLAN02,2024-02-19,,Cancelled,True,2026-06-13,No longer needed,15.49
SUB0001757,CUST001595,PLAN01,2019-01-03,,Active,False,,,6.99
SUB0001758,CUST001596,PLAN03,2023-05-13,,Active,True,,,22.99
SUB0001759,CUST001597,PLAN02,2021-12-19,,Active,True,,,15.49
SUB0001760,CUST001598,PLAN01,2019-11-24,,Cancelled,True,2026-06-14,Poor customer service experience,6.99
SUB0001761,CUST001599,PLAN01,2025-09-25,,Active,True,,,6.99
SUB0001762,CUST001600,PLAN03,2022-03-05,,Active,True,,,22.99
SUB0001763,CUST001601,PLAN01,2025-05-24,2025-12-14,Plan Changed,True,,,22.99
SUB0001764,CUST001601,PLAN03,2025-12-14,,Active,True,,,22.99
SUB0001765,CUST001602,PLAN01,2025-10-14,,Active,False,,,6.99
SUB0001766,CUST001603,PLAN02,2023-01-06,,Active,False,,,15.49
SUB0001767,CUST001604,PLAN02,2019-09-13,2021-02-24,Plan Changed,True,,,15.49
SUB0001768,CUST001604,PLAN02,2021-02-24,,Active,True,,,15.49
SUB0001769,CUST001605,PLAN03,2021-07-09,,Active,False,,,22.99
SUB0001770,CUST001606,PLAN01,2022-05-20,,Cancelled,True,2026-02-24,Found alternative platform,6.99
SUB0001771,CUST001607,PLAN02,2026-05-15,,Active,True,,,15.49
SUB0001772,CUST001608,PLAN01,2020-10-04,,Cancelled,True,2025-10-19,Password sharing crackdown,6.99
SUB0001773,CUST001609,PLAN01,2023-06-18,,Active,True,,,6.99
SUB0001774,CUST001610,PLAN01,2019-11-08,,Active,True,,,6.99
SUB0001775,CUST001611,PLAN02,2020-02-24,,Cancelled,True,2026-03-19,Password sharing crackdown,15.49
SUB0001776,CUST001612,PLAN01,2024-08-21,,Cancelled,False,2026-05-22,Too expensive,6.99
SUB0001777,CUST001613,PLAN02,2022-11-17,,Active,True,,,15.49
SUB0001778,CUST001614,PLAN01,2024-04-17,,Active,True,,,6.99
SUB0001779,CUST001615,PLAN03,2021-07-02,,Cancelled,True,2026-06-02,Found alternative platform,22.99
SUB0001780,CUST001616,PLAN01,2019-10-10,,Active,True,,,6.99
SUB0001781,CUST001617,PLAN01,2021-02-03,2022-10-19,Plan Changed,True,,,6.99
SUB0001782,CUST001617,PLAN01,2022-10-19,,Active,True,,,6.99
SUB0001783,CUST001618,PLAN01,2024-08-12,,Active,True,,,6.99
SUB0001784,CUST001619,PLAN03,2023-08-17,,Active,True,,,22.99
SUB0001785,CUST001620,PLAN03,2021-12-26,,Active,True,,,22.99
SUB0001786,CUST001621,PLAN03,2020-01-22,,Active,False,,,22.99
SUB0001787,CUST001622,PLAN01,2025-12-21,,Active,True,,,6.99
SUB0001788,CUST001623,PLAN02,2022-01-11,,Active,True,,,15.49
SUB0001789,CUST001624,PLAN01,2020-02-24,,Cancelled,True,2026-04-19,Payment issues,6.99
SUB0001790,CUST001625,PLAN02,2025-09-08,,Active,True,,,15.49
SUB0001791,CUST001626,PLAN02,2022-05-24,,Active,True,,,15.49
SUB0001792,CUST001627,PLAN01,2021-06-06,,Active,True,,,6.99
SUB0001793,CUST001628,PLAN02,2019-05-17,,Active,True,,,15.49
SUB0001794,CUST001629,PLAN03,2022-05-15,,Active,True,,,22.99
SUB0001795,CUST001630,PLAN03,2022-09-25,2023-04-28,Plan Changed,True,,,15.49
SUB0001796,CUST001630,PLAN02,2023-04-28,,Active,True,,,15.49
SUB0001797,CUST001631,PLAN01,2024-07-31,,Cancelled,True,2026-02-13,Too expensive,6.99
SUB0001798,CUST001632,PLAN01,2021-02-13,,Active,False,,,6.99
SUB0001799,CUST001633,PLAN02,2025-10-29,,Active,True,,,15.49
SUB0001800,CUST001634,PLAN01,2021-04-20,,Active,True,,,6.99
SUB0001801,CUST001635,PLAN03,2019-10-22,,Active,True,,,22.99
SUB0001802,CUST001636,PLAN02,2020-07-07,,Active,True,,,15.49
SUB0001803,CUST001637,PLAN02,2022-01-06,,Cancelled,True,2026-06-16,Not enough content,15.49
SUB0001804,CUST001638,PLAN01,2020-08-19,,Cancelled,True,2026-01-24,Household budget cuts,6.99
SUB0001805,CUST001639,PLAN02,2023-08-12,,Active,True,,,15.49
SUB0001806,CUST001640,PLAN02,2021-06-17,,Active,True,,,15.49
SUB0001807,CUST001641,PLAN01,2023-05-10,2024-12-04,Plan Changed,True,,,6.99
SUB0001808,CUST001641,PLAN01,2024-12-04,,Active,True,,,6.99
SUB0001809,CUST001642,PLAN01,2025-05-29,,Cancelled,True,2026-06-15,Too expensive,6.99
SUB0001810,CUST001643,PLAN02,2023-12-31,2024-05-03,Plan Changed,True,,,6.99
SUB0001811,CUST001643,PLAN01,2024-05-03,,Active,True,,,6.99
SUB0001812,CUST001644,PLAN03,2025-06-03,,Active,False,,,22.99
SUB0001813,CUST001645,PLAN02,2021-03-23,,Active,False,,,15.49
SUB0001814,CUST001646,PLAN03,2020-12-06,2023-01-06,Plan Changed,False,,,15.49
SUB0001815,CUST001646,PLAN02,2023-01-06,,Cancelled,False,2025-12-16,Technical issues,15.49
SUB0001816,CUST001647,PLAN01,2020-07-15,,Active,False,,,6.99
SUB0001817,CUST001648,PLAN01,2022-03-01,,Cancelled,True,2026-04-11,Content quality decline,6.99
SUB0001818,CUST001649,PLAN01,2023-10-17,,Cancelled,False,2025-12-31,Too expensive,6.99
SUB0001819,CUST001650,PLAN03,2019-11-15,,Active,True,,,22.99
SUB0001820,CUST001651,PLAN01,2019-06-14,,Active,True,,,6.99
SUB0001821,CUST001652,PLAN03,2019-02-03,2020-07-28,Plan Changed,True,,,22.99
SUB0001822,CUST001652,PLAN03,2020-07-28,,Active,True,,,22.99
SUB0001823,CUST001653,PLAN01,2023-07-23,,Active,True,,,6.99
SUB0001824,CUST001654,PLAN02,2019-10-06,,Active,True,,,15.49
SUB0001825,CUST001655,PLAN02,2023-07-06,,Active,True,,,15.49
SUB0001826,CUST001656,PLAN03,2024-03-06,,Active,True,,,22.99
SUB0001827,CUST001657,PLAN03,2022-02-17,,Cancelled,True,2026-02-25,Payment issues,22.99
SUB0001828,CUST001658,PLAN01,2022-03-19,2024-02-22,Plan Changed,False,,,6.99
SUB0001829,CUST001658,PLAN01,2024-02-22,,Cancelled,False,2026-05-28,Too expensive,6.99
SUB0001830,CUST001659,PLAN01,2023-09-07,,Active,False,,,6.99
SUB0001831,CUST001660,PLAN03,2022-07-25,,Active,True,,,22.99
SUB0001832,CUST001661,PLAN02,2025-09-28,,Active,True,,,15.49
SUB0001833,CUST001662,PLAN02,2020-03-03,2026-06-18,Plan Changed,True,,,6.99
SUB0001834,CUST001662,PLAN01,2026-06-18,,Cancelled,True,2026-01-14,Technical issues,6.99
SUB0001835,CUST001663,PLAN01,2022-08-30,,Active,True,,,6.99
SUB0001836,CUST001664,PLAN02,2020-09-24,,Active,True,,,15.49
SUB0001837,CUST001665,PLAN02,2022-02-15,,Active,True,,,15.49
SUB0001838,CUST001666,PLAN01,2021-01-04,,Active,True,,,6.99
SUB0001839,CUST001667,PLAN01,2021-06-09,,Cancelled,True,2026-05-18,Payment issues,6.99
SUB0001840,CUST001668,PLAN03,2020-08-11,2024-04-28,Plan Changed,True,,,6.99
SUB0001841,CUST001668,PLAN01,2024-04-28,,Active,True,,,6.99
SUB0001842,CUST001669,PLAN03,2019-11-27,2021-10-21,Plan Changed,True,,,6.99
SUB0001843,CUST001669,PLAN01,2021-10-21,,Cancelled,True,2025-10-13,Moving / relocation,6.99
SUB0001844,CUST001670,PLAN02,2021-11-05,,Active,False,,,15.49
SUB0001845,CUST001671,PLAN03,2024-12-10,,Active,True,,,22.99
SUB0001846,CUST001672,PLAN02,2023-01-31,,Cancelled,True,2025-11-03,No longer needed,15.49
SUB0001847,CUST001673,PLAN02,2023-06-23,,Active,True,,,15.49
SUB0001848,CUST001674,PLAN01,2019-08-17,,Cancelled,True,2026-01-23,Not enough content,6.99
SUB0001849,CUST001675,PLAN03,2026-04-10,,Cancelled,True,2026-04-27,Household budget cuts,22.99
SUB0001850,CUST001676,PLAN01,2022-09-14,,Active,True,,,6.99
SUB0001851,CUST001677,PLAN01,2019-02-09,,Active,False,,,6.99
SUB0001852,CUST001678,PLAN03,2019-11-12,,Active,True,,,22.99
SUB0001853,CUST001679,PLAN02,2025-10-21,,Active,True,,,15.49
SUB0001854,CUST001680,PLAN01,2023-01-31,,Active,True,,,6.99
SUB0001855,CUST001681,PLAN01,2026-02-16,,Active,True,,,6.99
SUB0001856,CUST001682,PLAN01,2024-06-07,,Cancelled,True,2026-02-27,Household budget cuts,6.99
SUB0001857,CUST001683,PLAN02,2020-08-04,,Cancelled,False,2026-05-23,Technical issues,15.49
SUB0001858,CUST001684,PLAN03,2021-12-01,,Active,True,,,22.99
SUB0001859,CUST001685,PLAN03,2020-12-13,,Active,False,,,22.99
SUB0001860,CUST001686,PLAN01,2025-09-22,2025-12-09,Plan Changed,True,,,22.99
SUB0001861,CUST001686,PLAN03,2025-12-09,,Active,True,,,22.99
SUB0001862,CUST001687,PLAN01,2020-07-11,,Cancelled,True,2026-03-16,Found alternative platform,6.99
SUB0001863,CUST001688,PLAN03,2025-12-08,,Cancelled,True,2026-01-19,Too expensive,22.99
SUB0001864,CUST001689,PLAN02,2019-01-18,,Active,True,,,15.49
SUB0001865,CUST001690,PLAN01,2022-08-18,,Active,False,,,6.99
SUB0001866,CUST001691,PLAN02,2025-07-15,,Cancelled,True,2025-11-21,Household budget cuts,15.49
SUB0001867,CUST001692,PLAN02,2023-03-30,,Active,True,,,15.49
SUB0001868,CUST001693,PLAN01,2021-01-22,,Active,True,,,6.99
SUB0001869,CUST001694,PLAN02,2020-09-27,,Active,True,,,15.49
SUB0001870,CUST001695,PLAN01,2026-03-29,,Active,True,,,6.99
SUB0001871,CUST001696,PLAN03,2025-04-10,2025-10-05,Plan Changed,False,,,15.49
SUB0001872,CUST001696,PLAN02,2025-10-05,,Cancelled,False,2026-02-21,No longer needed,15.49
SUB0001873,CUST001697,PLAN01,2021-07-11,2025-07-24,Plan Changed,True,,,15.49
SUB0001874,CUST001697,PLAN02,2025-07-24,,Active,True,,,15.49
SUB0001875,CUST001698,PLAN01,2021-12-02,,Active,False,,,6.99
SUB0001876,CUST001699,PLAN02,2023-06-19,,Active,True,,,15.49
SUB0001877,CUST001700,PLAN02,2025-06-04,,Active,True,,,15.49
SUB0001878,CUST001701,PLAN03,2022-10-19,2023-04-06,Plan Changed,True,,,6.99
SUB0001879,CUST001701,PLAN01,2023-04-06,,Active,True,,,6.99
SUB0001880,CUST001702,PLAN03,2019-03-23,,Active,True,,,22.99
SUB0001881,CUST001703,PLAN03,2025-09-02,,Active,True,,,22.99
SUB0001882,CUST001704,PLAN01,2019-09-24,,Cancelled,False,2025-12-31,Moving / relocation,6.99
SUB0001883,CUST001705,PLAN02,2025-10-24,,Active,True,,,15.49
SUB0001884,CUST001706,PLAN02,2019-07-20,,Active,True,,,15.49
SUB0001885,CUST001707,PLAN02,2025-11-30,,Active,True,,,15.49
SUB0001886,CUST001708,PLAN01,2024-09-27,,Active,True,,,6.99
SUB0001887,CUST001709,PLAN02,2023-05-24,,Active,True,,,15.49
SUB0001888,CUST001710,PLAN01,2023-11-26,,Cancelled,True,2026-02-02,Too expensive,6.99
SUB0001889,CUST001711,PLAN03,2025-10-21,,Cancelled,True,2025-12-22,Found alternative platform,22.99
SUB0001890,CUST001712,PLAN02,2022-05-10,2025-09-25,Plan Changed,True,,,6.99
SUB0001891,CUST001712,PLAN01,2025-09-25,,Active,True,,,6.99
SUB0001892,CUST001713,PLAN01,2020-08-25,,Active,True,,,6.99
SUB0001893,CUST001714,PLAN02,2021-04-03,,Active,True,,,15.49
SUB0001894,CUST001715,PLAN02,2025-07-15,,Cancelled,True,2026-05-27,Payment issues,15.49
SUB0001895,CUST001716,PLAN02,2022-01-18,,Active,True,,,15.49
SUB0001896,CUST001717,PLAN01,2019-07-03,,Active,True,,,6.99
SUB0001897,CUST001718,PLAN02,2025-12-06,,Active,True,,,15.49
SUB0001898,CUST001719,PLAN02,2023-08-25,,Cancelled,True,2025-12-02,Household budget cuts,15.49
SUB0001899,CUST001720,PLAN03,2021-12-13,2023-09-04,Plan Changed,True,,,6.99
SUB0001900,CUST001720,PLAN01,2023-09-04,,Cancelled,True,2026-03-14,No longer needed,6.99
SUB0001901,CUST001721,PLAN02,2022-03-12,,Active,True,,,15.49
SUB0001902,CUST001722,PLAN01,2023-11-12,,Active,True,,,6.99
SUB0001903,CUST001723,PLAN01,2020-09-23,,Active,False,,,6.99
SUB0001904,CUST001724,PLAN01,2021-09-09,,Cancelled,True,2026-06-08,Content quality decline,6.99
SUB0001905,CUST001725,PLAN02,2023-05-26,,Active,True,,,15.49
SUB0001906,CUST001726,PLAN02,2025-09-29,,Active,True,,,15.49
SUB0001907,CUST001727,PLAN01,2019-04-11,,Active,True,,,6.99
SUB0001908,CUST001728,PLAN01,2022-05-13,,Cancelled,True,2026-03-14,Too expensive,6.99
SUB0001909,CUST001729,PLAN02,2023-01-31,,Active,True,,,15.49
SUB0001910,CUST001730,PLAN03,2019-02-27,,Active,True,,,22.99
SUB0001911,CUST001731,PLAN02,2025-06-09,,Active,True,,,15.49
SUB0001912,CUST001732,PLAN02,2020-12-06,,Active,True,,,15.49
SUB0001913,CUST001733,PLAN02,2021-05-01,,Active,False,,,15.49
SUB0001914,CUST001734,PLAN01,2021-05-26,2022-08-26,Plan Changed,True,,,22.99
SUB0001915,CUST001734,PLAN03,2022-08-26,,Cancelled,True,2026-05-24,Poor customer service experience,22.99
SUB0001916,CUST001735,PLAN03,2025-07-17,,Cancelled,True,2026-05-15,Found alternative platform,22.99
SUB0001917,CUST001736,PLAN02,2022-11-29,,Active,True,,,15.49
SUB0001918,CUST001737,PLAN02,2020-04-26,,Active,True,,,15.49
SUB0001919,CUST001738,PLAN02,2023-08-18,,Cancelled,True,2025-11-30,Not enough content,15.49
SUB0001920,CUST001739,PLAN02,2019-01-28,2025-08-01,Plan Changed,False,,,6.99
SUB0001921,CUST001739,PLAN01,2025-08-01,,Active,False,,,6.99
SUB0001922,CUST001740,PLAN01,2026-03-03,,Active,True,,,6.99
SUB0001923,CUST001741,PLAN01,2024-07-10,,Active,False,,,6.99
SUB0001924,CUST001742,PLAN01,2023-02-23,,Active,True,,,6.99
SUB0001925,CUST001743,PLAN02,2019-09-30,,Active,True,,,15.49
SUB0001926,CUST001744,PLAN03,2025-05-29,,Active,True,,,22.99
SUB0001927,CUST001745,PLAN02,2025-05-01,,Active,True,,,15.49
SUB0001928,CUST001746,PLAN01,2025-12-02,,Active,False,,,6.99
SUB0001929,CUST001747,PLAN02,2024-10-05,,Cancelled,True,2026-05-08,Too expensive,15.49
SUB0001930,CUST001748,PLAN02,2021-04-19,,Active,True,,,15.49
SUB0001931,CUST001749,PLAN03,2020-04-06,,Active,True,,,22.99
SUB0001932,CUST001750,PLAN02,2024-06-07,,Active,True,,,15.49
SUB0001933,CUST001751,PLAN01,2023-11-17,,Active,True,,,6.99
SUB0001934,CUST001752,PLAN03,2025-07-29,,Active,False,,,22.99
SUB0001935,CUST001753,PLAN01,2023-01-08,,Cancelled,False,2026-05-06,Too expensive,6.99
SUB0001936,CUST001754,PLAN02,2020-05-06,,Active,True,,,15.49
SUB0001937,CUST001755,PLAN02,2020-08-15,,Active,False,,,15.49
SUB0001938,CUST001756,PLAN02,2019-07-26,,Active,True,,,15.49
SUB0001939,CUST001757,PLAN01,2023-08-29,,Active,False,,,6.99
SUB0001940,CUST001758,PLAN03,2024-09-24,,Active,True,,,22.99
SUB0001941,CUST001759,PLAN02,2022-02-03,,Active,True,,,15.49
SUB0001942,CUST001760,PLAN01,2024-11-02,,Active,True,,,6.99
SUB0001943,CUST001761,PLAN02,2020-12-20,,Active,True,,,15.49
SUB0001944,CUST001762,PLAN03,2021-05-22,,Cancelled,True,2026-03-21,Too expensive,22.99
SUB0001945,CUST001763,PLAN01,2019-04-21,,Active,True,,,6.99
SUB0001946,CUST001764,PLAN01,2020-08-23,,Active,True,,,6.99
SUB0001947,CUST001765,PLAN03,2022-08-26,,Active,True,,,22.99
SUB0001948,CUST001766,PLAN02,2022-05-05,,Active,True,,,15.49
SUB0001949,CUST001767,PLAN01,2025-10-31,,Active,True,,,6.99
SUB0001950,CUST001768,PLAN01,2020-10-30,,Active,True,,,6.99
SUB0001951,CUST001769,PLAN01,2020-08-21,,Active,True,,,6.99
SUB0001952,CUST001770,PLAN02,2024-06-28,,Active,True,,,15.49
SUB0001953,CUST001771,PLAN03,2023-08-28,,Active,True,,,22.99
SUB0001954,CUST001772,PLAN02,2024-10-14,,Active,True,,,15.49
SUB0001955,CUST001773,PLAN03,2021-04-01,2024-05-15,Plan Changed,True,,,6.99
SUB0001956,CUST001773,PLAN01,2024-05-15,,Active,True,,,6.99
SUB0001957,CUST001774,PLAN02,2021-01-28,,Cancelled,True,2025-10-22,Content quality decline,15.49
SUB0001958,CUST001775,PLAN03,2021-02-28,,Cancelled,False,2025-11-29,Content quality decline,22.99
SUB0001959,CUST001776,PLAN03,2020-05-01,,Active,True,,,22.99
SUB0001960,CUST001777,PLAN03,2021-01-03,2024-12-03,Plan Changed,True,,,15.49
SUB0001961,CUST001777,PLAN02,2024-12-03,,Active,True,,,15.49
SUB0001962,CUST001778,PLAN02,2020-01-04,2023-06-02,Plan Changed,False,,,6.99
SUB0001963,CUST001778,PLAN01,2023-06-02,,Active,False,,,6.99
SUB0001964,CUST001779,PLAN02,2020-08-12,,Active,True,,,15.49
SUB0001965,CUST001780,PLAN01,2025-01-10,,Active,True,,,6.99
SUB0001966,CUST001781,PLAN01,2023-02-08,,Cancelled,True,2026-03-20,No longer needed,6.99
SUB0001967,CUST001782,PLAN02,2020-01-18,,Active,True,,,15.49
SUB0001968,CUST001783,PLAN03,2025-03-31,2026-02-04,Plan Changed,True,,,6.99
SUB0001969,CUST001783,PLAN01,2026-02-04,,Active,True,,,6.99
SUB0001970,CUST001784,PLAN01,2023-03-21,,Active,False,,,6.99
SUB0001971,CUST001785,PLAN02,2020-10-11,,Active,True,,,15.49
SUB0001972,CUST001786,PLAN02,2026-03-22,,Active,True,,,15.49
SUB0001973,CUST001787,PLAN01,2023-02-09,,Active,True,,,6.99
SUB0001974,CUST001788,PLAN02,2025-12-24,,Active,True,,,15.49
SUB0001975,CUST001789,PLAN02,2022-02-20,,Active,True,,,15.49
SUB0001976,CUST001790,PLAN01,2021-09-13,,Active,True,,,6.99
SUB0001977,CUST001791,PLAN01,2021-11-30,,Active,True,,,6.99
SUB0001978,CUST001792,PLAN02,2024-12-02,,Cancelled,False,2025-11-16,Payment issues,15.49
SUB0001979,CUST001793,PLAN01,2023-12-04,,Active,True,,,6.99
SUB0001980,CUST001794,PLAN03,2025-12-01,,Active,True,,,22.99
SUB0001981,CUST001795,PLAN02,2022-07-27,,Active,True,,,15.49
SUB0001982,CUST001796,PLAN01,2022-01-25,2025-09-05,Plan Changed,True,,,15.49
SUB0001983,CUST001796,PLAN02,2025-09-05,,Cancelled,True,2026-01-02,Moving / relocation,15.49
SUB0001984,CUST001797,PLAN01,2021-06-28,,Active,True,,,6.99
SUB0001985,CUST001798,PLAN02,2023-08-15,,Active,True,,,15.49
SUB0001986,CUST001799,PLAN02,2022-06-21,,Active,True,,,15.49
SUB0001987,CUST001800,PLAN01,2020-06-25,,Active,True,,,6.99
SUB0001988,CUST001801,PLAN01,2019-01-26,,Active,True,,,6.99
SUB0001989,CUST001802,PLAN01,2025-02-14,,Active,True,,,6.99
SUB0001990,CUST001803,PLAN01,2022-02-27,,Active,True,,,6.99
SUB0001991,CUST001804,PLAN02,2024-09-07,,Active,True,,,15.49
SUB0001992,CUST001805,PLAN02,2022-02-02,,Cancelled,False,2026-01-22,No longer needed,15.49
SUB0001993,CUST001806,PLAN01,2022-09-08,2024-02-14,Plan Changed,True,,,6.99
SUB0001994,CUST001806,PLAN01,2024-02-14,,Cancelled,True,2025-10-21,Too expensive,6.99
SUB0001995,CUST001807,PLAN02,2024-07-31,,Active,True,,,15.49
SUB0001996,CUST001808,PLAN01,2022-02-21,,Active,False,,,6.99
SUB0001997,CUST001809,PLAN02,2023-09-06,,Active,True,,,15.49
SUB0001998,CUST001810,PLAN01,2021-11-18,,Active,True,,,6.99
SUB0001999,CUST001811,PLAN02,2022-11-10,,Active,True,,,15.49
SUB0002000,CUST001812,PLAN02,2021-05-30,,Active,False,,,15.49
SUB0002001,CUST001813,PLAN03,2022-06-04,2023-09-17,Plan Changed,True,,,6.99
SUB0002002,CUST001813,PLAN01,2023-09-17,,Cancelled,True,2026-04-27,Moving / relocation,6.99
SUB0002003,CUST001814,PLAN03,2023-01-10,,Active,False,,,22.99
SUB0002004,CUST001815,PLAN01,2024-11-15,,Active,True,,,6.99
SUB0002005,CUST001816,PLAN01,2021-04-06,,Cancelled,True,2025-12-15,No longer needed,6.99
SUB0002006,CUST001817,PLAN02,2024-12-04,,Active,False,,,15.49
SUB0002007,CUST001818,PLAN03,2023-03-22,,Active,True,,,22.99
SUB0002008,CUST001819,PLAN01,2019-09-12,,Active,True,,,6.99
SUB0002009,CUST001820,PLAN01,2025-03-17,,Active,False,,,6.99
SUB0002010,CUST001821,PLAN03,2024-02-23,,Cancelled,True,2026-02-09,No longer needed,22.99
SUB0002011,CUST001822,PLAN03,2023-04-12,,Active,False,,,22.99
SUB0002012,CUST001823,PLAN02,2022-06-26,,Active,True,,,15.49
SUB0002013,CUST001824,PLAN02,2026-04-23,,Active,True,,,15.49
SUB0002014,CUST001825,PLAN01,2019-02-08,,Active,True,,,6.99
SUB0002015,CUST001826,PLAN02,2023-04-24,,Active,True,,,15.49
SUB0002016,CUST001827,PLAN03,2022-12-09,,Active,True,,,22.99
SUB0002017,CUST001828,PLAN02,2024-12-14,,Cancelled,True,2026-04-02,No longer needed,15.49
SUB0002018,CUST001829,PLAN01,2025-04-25,,Cancelled,True,2025-10-07,Too expensive,6.99
SUB0002019,CUST001830,PLAN02,2021-06-02,,Active,True,,,15.49
SUB0002020,CUST001831,PLAN02,2021-05-22,,Active,True,,,15.49
SUB0002021,CUST001832,PLAN01,2025-04-06,,Active,True,,,6.99
SUB0002022,CUST001833,PLAN03,2023-03-19,,Active,True,,,22.99
SUB0002023,CUST001834,PLAN03,2021-04-21,,Active,True,,,22.99
SUB0002024,CUST001835,PLAN03,2026-05-12,,Cancelled,True,2026-05-24,No longer needed,22.99
SUB0002025,CUST001836,PLAN03,2020-01-18,,Cancelled,False,2025-12-28,Household budget cuts,22.99
SUB0002026,CUST001837,PLAN03,2019-05-02,,Active,True,,,22.99
SUB0002027,CUST001838,PLAN01,2020-02-15,,Active,True,,,6.99
SUB0002028,CUST001839,PLAN02,2024-09-02,,Active,True,,,15.49
SUB0002029,CUST001840,PLAN02,2020-08-29,,Active,True,,,15.49
SUB0002030,CUST001841,PLAN02,2019-09-20,,Active,True,,,15.49
SUB0002031,CUST001842,PLAN03,2025-03-11,,Active,True,,,22.99
SUB0002032,CUST001843,PLAN02,2025-05-08,,Cancelled,False,2026-05-05,Technical issues,15.49
SUB0002033,CUST001844,PLAN02,2024-02-14,,Active,True,,,15.49
SUB0002034,CUST001845,PLAN02,2024-10-24,,Active,True,,,15.49
SUB0002035,CUST001846,PLAN02,2022-04-01,,Active,True,,,15.49
SUB0002036,CUST001847,PLAN01,2026-05-24,,Active,True,,,6.99
SUB0002037,CUST001848,PLAN01,2021-10-28,,Active,True,,,6.99
SUB0002038,CUST001849,PLAN02,2026-02-12,,Active,True,,,15.49
SUB0002039,CUST001850,PLAN03,2025-11-23,,Cancelled,True,2026-03-15,Content quality decline,22.99
SUB0002040,CUST001851,PLAN03,2022-10-26,2024-10-17,Plan Changed,True,,,22.99
SUB0002041,CUST001851,PLAN03,2024-10-17,,Active,True,,,22.99
SUB0002042,CUST001852,PLAN01,2022-04-15,,Active,True,,,6.99
SUB0002043,CUST001853,PLAN03,2023-10-03,,Active,True,,,22.99
SUB0002044,CUST001854,PLAN03,2024-08-05,,Active,True,,,22.99
SUB0002045,CUST001855,PLAN01,2021-04-11,,Active,True,,,6.99
SUB0002046,CUST001856,PLAN01,2024-05-09,,Active,False,,,6.99
SUB0002047,CUST001857,PLAN01,2020-01-31,,Active,True,,,6.99
SUB0002048,CUST001858,PLAN01,2025-12-11,,Cancelled,True,2026-06-01,Found alternative platform,6.99
SUB0002049,CUST001859,PLAN03,2023-03-19,,Active,True,,,22.99
SUB0002050,CUST001860,PLAN01,2024-10-17,,Active,True,,,6.99
SUB0002051,CUST001861,PLAN02,2026-03-12,,Active,True,,,15.49
SUB0002052,CUST001862,PLAN01,2020-12-29,2022-01-13,Plan Changed,False,,,15.49
SUB0002053,CUST001862,PLAN02,2022-01-13,,Cancelled,False,2026-06-12,Too expensive,15.49
SUB0002054,CUST001863,PLAN01,2025-08-16,2026-02-21,Plan Changed,True,,,15.49
SUB0002055,CUST001863,PLAN02,2026-02-21,,Active,True,,,15.49
SUB0002056,CUST001864,PLAN02,2022-10-05,2024-08-31,Plan Changed,False,,,6.99
SUB0002057,CUST001864,PLAN01,2024-08-31,,Cancelled,False,2025-10-17,Content quality decline,6.99
SUB0002058,CUST001865,PLAN03,2025-04-06,,Active,True,,,22.99
SUB0002059,CUST001866,PLAN02,2019-05-12,,Active,True,,,15.49
SUB0002060,CUST001867,PLAN01,2025-06-02,,Active,True,,,6.99
SUB0002061,CUST001868,PLAN01,2025-11-02,2026-01-28,Plan Changed,True,,,6.99
SUB0002062,CUST001868,PLAN01,2026-01-28,,Active,True,,,6.99
SUB0002063,CUST001869,PLAN01,2025-05-13,,Active,True,,,6.99
SUB0002064,CUST001870,PLAN03,2020-01-13,2024-10-20,Plan Changed,True,,,6.99
SUB0002065,CUST001870,PLAN01,2024-10-20,,Active,True,,,6.99
SUB0002066,CUST001871,PLAN01,2023-12-15,,Active,True,,,6.99
SUB0002067,CUST001872,PLAN01,2023-04-05,,Active,True,,,6.99
SUB0002068,CUST001873,PLAN01,2021-01-19,,Active,True,,,6.99
SUB0002069,CUST001874,PLAN01,2025-04-29,,Active,True,,,6.99
SUB0002070,CUST001875,PLAN01,2019-02-01,,Active,True,,,6.99
SUB0002071,CUST001876,PLAN02,2022-03-21,,Active,True,,,15.49
SUB0002072,CUST001877,PLAN03,2023-02-27,,Cancelled,False,2026-04-07,Content quality decline,22.99
SUB0002073,CUST001878,PLAN01,2026-03-24,,Active,False,,,6.99
SUB0002074,CUST001879,PLAN01,2024-05-25,,Active,True,,,6.99
SUB0002075,CUST001880,PLAN02,2025-11-14,,Active,True,,,15.49
SUB0002076,CUST001881,PLAN03,2025-03-09,,Cancelled,True,2025-11-15,Too expensive,22.99
SUB0002077,CUST001882,PLAN01,2021-01-09,,Cancelled,False,2026-01-07,No longer needed,6.99
SUB0002078,CUST001883,PLAN02,2025-07-02,,Active,True,,,15.49
SUB0002079,CUST001884,PLAN01,2019-08-24,,Active,True,,,6.99
SUB0002080,CUST001885,PLAN03,2023-12-21,,Active,False,,,22.99
SUB0002081,CUST001886,PLAN03,2021-06-08,,Cancelled,True,2026-04-19,Too expensive,22.99
SUB0002082,CUST001887,PLAN03,2021-02-08,,Cancelled,True,2026-06-10,Poor customer service experience,22.99
SUB0002083,CUST001888,PLAN01,2024-04-19,,Active,True,,,6.99
SUB0002084,CUST001889,PLAN03,2021-07-17,,Active,True,,,22.99
SUB0002085,CUST001890,PLAN01,2026-03-26,,Cancelled,True,2026-05-20,Not enough content,6.99
SUB0002086,CUST001891,PLAN02,2022-03-21,,Cancelled,True,2026-02-01,Password sharing crackdown,15.49
SUB0002087,CUST001892,PLAN02,2020-10-20,,Active,True,,,15.49
SUB0002088,CUST001893,PLAN01,2019-09-03,2022-02-03,Plan Changed,True,,,22.99
SUB0002089,CUST001893,PLAN03,2022-02-03,,Active,True,,,22.99
SUB0002090,CUST001894,PLAN01,2023-01-07,,Cancelled,True,2025-11-30,Payment issues,6.99
SUB0002091,CUST001895,PLAN01,2022-11-26,,Cancelled,True,2026-03-22,Poor customer service experience,6.99
SUB0002092,CUST001896,PLAN02,2022-05-28,,Active,True,,,15.49
SUB0002093,CUST001897,PLAN02,2021-09-03,,Cancelled,True,2026-05-27,Technical issues,15.49
SUB0002094,CUST001898,PLAN02,2023-08-12,,Active,True,,,15.49
SUB0002095,CUST001899,PLAN02,2021-07-27,,Active,False,,,15.49
SUB0002096,CUST001900,PLAN03,2019-01-31,,Active,True,,,22.99
SUB0002097,CUST001901,PLAN01,2019-08-07,,Active,True,,,6.99
SUB0002098,CUST001902,PLAN01,2023-10-19,,Active,True,,,6.99
SUB0002099,CUST001903,PLAN03,2023-06-23,,Active,True,,,22.99
SUB0002100,CUST001904,PLAN02,2020-02-03,,Active,True,,,15.49
SUB0002101,CUST001905,PLAN01,2026-03-22,,Active,True,,,6.99
SUB0002102,CUST001906,PLAN03,2024-03-05,,Cancelled,False,2026-01-08,Technical issues,22.99
SUB0002103,CUST001907,PLAN03,2024-02-10,,Active,False,,,22.99
SUB0002104,CUST001908,PLAN01,2026-04-08,,Active,True,,,6.99
SUB0002105,CUST001909,PLAN03,2021-12-13,,Active,True,,,22.99
SUB0002106,CUST001910,PLAN03,2023-09-04,,Active,True,,,22.99
SUB0002107,CUST001911,PLAN03,2025-02-08,,Cancelled,True,2026-02-26,Password sharing crackdown,22.99
SUB0002108,CUST001912,PLAN01,2024-05-23,2025-06-05,Plan Changed,True,,,15.49
SUB0002109,CUST001912,PLAN02,2025-06-05,,Active,True,,,15.49
SUB0002110,CUST001913,PLAN02,2022-04-23,,Active,True,,,15.49
SUB0002111,CUST001914,PLAN02,2023-05-21,,Cancelled,True,2026-01-31,No longer needed,15.49
SUB0002112,CUST001915,PLAN03,2022-12-13,2024-09-13,Plan Changed,True,,,22.99
SUB0002113,CUST001915,PLAN03,2024-09-13,,Cancelled,True,2026-01-04,Content quality decline,22.99
SUB0002114,CUST001916,PLAN01,2024-09-21,,Cancelled,True,2026-03-03,Household budget cuts,6.99
SUB0002115,CUST001917,PLAN01,2019-12-22,,Cancelled,True,2026-06-11,Content quality decline,6.99
SUB0002116,CUST001918,PLAN02,2022-06-10,,Active,False,,,15.49
SUB0002117,CUST001919,PLAN01,2024-11-10,,Active,True,,,6.99
SUB0002118,CUST001920,PLAN01,2021-03-10,,Cancelled,True,2026-02-09,Too expensive,6.99
SUB0002119,CUST001921,PLAN01,2021-12-11,,Active,True,,,6.99
SUB0002120,CUST001922,PLAN02,2021-08-28,,Active,False,,,15.49
SUB0002121,CUST001923,PLAN01,2021-05-19,,Cancelled,False,2025-10-08,Too expensive,6.99
SUB0002122,CUST001924,PLAN02,2022-12-07,,Active,True,,,15.49
SUB0002123,CUST001925,PLAN01,2020-03-31,,Cancelled,False,2025-11-13,Too expensive,6.99
SUB0002124,CUST001926,PLAN02,2025-01-31,,Active,False,,,15.49
SUB0002125,CUST001927,PLAN03,2023-04-17,,Active,True,,,22.99
SUB0002126,CUST001928,PLAN03,2022-02-02,,Active,True,,,22.99
SUB0002127,CUST001929,PLAN01,2019-04-27,,Active,True,,,6.99
SUB0002128,CUST001930,PLAN01,2019-07-03,,Active,True,,,6.99
SUB0002129,CUST001931,PLAN03,2021-05-06,,Cancelled,True,2026-04-20,Moving / relocation,22.99
SUB0002130,CUST001932,PLAN02,2019-04-15,,Active,False,,,15.49
SUB0002131,CUST001933,PLAN01,2021-03-30,,Active,True,,,6.99
SUB0002132,CUST001934,PLAN01,2020-11-16,,Cancelled,True,2025-11-30,Poor customer service experience,6.99
SUB0002133,CUST001935,PLAN01,2022-08-28,,Cancelled,False,2026-05-27,Not enough content,6.99
SUB0002134,CUST001936,PLAN01,2023-11-20,,Active,True,,,6.99
SUB0002135,CUST001937,PLAN01,2022-12-30,,Active,True,,,6.99
SUB0002136,CUST001938,PLAN01,2026-01-19,,Active,True,,,6.99
SUB0002137,CUST001939,PLAN01,2020-12-09,,Active,False,,,6.99
SUB0002138,CUST001940,PLAN02,2021-11-13,,Active,True,,,15.49
SUB0002139,CUST001941,PLAN02,2021-05-08,,Active,True,,,15.49
SUB0002140,CUST001942,PLAN02,2023-08-04,,Active,True,,,15.49
SUB0002141,CUST001943,PLAN02,2024-06-23,,Cancelled,True,2025-12-23,Household budget cuts,15.49
SUB0002142,CUST001944,PLAN01,2021-03-12,,Active,True,,,6.99
SUB0002143,CUST001945,PLAN01,2023-12-26,,Active,True,,,6.99
SUB0002144,CUST001946,PLAN02,2026-01-24,,Active,True,,,15.49
SUB0002145,CUST001947,PLAN03,2019-02-20,,Active,True,,,22.99
SUB0002146,CUST001948,PLAN01,2025-04-20,,Cancelled,True,2026-02-01,Too expensive,6.99
SUB0002147,CUST001949,PLAN02,2021-06-10,,Active,True,,,15.49
SUB0002148,CUST001950,PLAN02,2023-02-20,,Active,True,,,15.49
SUB0002149,CUST001951,PLAN01,2021-04-26,,Cancelled,True,2026-04-23,Technical issues,6.99
SUB0002150,CUST001952,PLAN02,2024-03-03,,Active,True,,,15.49
SUB0002151,CUST001953,PLAN02,2020-10-21,,Active,False,,,15.49
SUB0002152,CUST001954,PLAN03,2026-01-02,,Active,False,,,22.99
SUB0002153,CUST001955,PLAN02,2020-03-01,,Active,True,,,15.49
SUB0002154,CUST001956,PLAN02,2021-11-09,,Cancelled,True,2026-06-25,Technical issues,15.49
SUB0002155,CUST001957,PLAN01,2019-02-23,,Cancelled,True,2025-10-15,Poor customer service experience,6.99
SUB0002156,CUST001958,PLAN01,2024-12-02,2026-01-01,Plan Changed,False,,,22.99
SUB0002157,CUST001958,PLAN03,2026-01-01,,Active,False,,,22.99
SUB0002158,CUST001959,PLAN02,2023-05-16,,Active,True,,,15.49
SUB0002159,CUST001960,PLAN02,2023-01-06,,Active,True,,,15.49
SUB0002160,CUST001961,PLAN01,2019-01-07,,Active,True,,,6.99
SUB0002161,CUST001962,PLAN03,2022-08-17,,Cancelled,False,2026-04-28,Technical issues,22.99
SUB0002162,CUST001963,PLAN02,2019-10-14,,Active,False,,,15.49
SUB0002163,CUST001964,PLAN01,2021-05-19,,Active,True,,,6.99
SUB0002164,CUST001965,PLAN01,2024-07-25,,Cancelled,True,2026-01-12,Technical issues,6.99
SUB0002165,CUST001966,PLAN01,2021-06-05,2021-12-29,Plan Changed,True,,,6.99
SUB0002166,CUST001966,PLAN01,2021-12-29,,Active,True,,,6.99
SUB0002167,CUST001967,PLAN02,2025-03-01,,Active,True,,,15.49
SUB0002168,CUST001968,PLAN01,2022-08-17,2025-10-23,Plan Changed,False,,,6.99
SUB0002169,CUST001968,PLAN01,2025-10-23,,Active,False,,,6.99
SUB0002170,CUST001969,PLAN01,2026-04-19,,Active,False,,,6.99
SUB0002171,CUST001970,PLAN01,2021-02-06,,Active,True,,,6.99
SUB0002172,CUST001971,PLAN02,2026-01-22,,Cancelled,True,2026-04-12,Found alternative platform,15.49
SUB0002173,CUST001972,PLAN03,2020-01-23,,Active,True,,,22.99
SUB0002174,CUST001973,PLAN03,2022-06-16,,Active,True,,,22.99
SUB0002175,CUST001974,PLAN02,2020-10-07,,Active,True,,,15.49
SUB0002176,CUST001975,PLAN01,2020-10-09,,Active,True,,,6.99
SUB0002177,CUST001976,PLAN03,2019-10-19,,Cancelled,True,2025-10-07,Moving / relocation,22.99
SUB0002178,CUST001977,PLAN03,2020-07-24,2021-09-20,Plan Changed,True,,,6.99
SUB0002179,CUST001977,PLAN01,2021-09-20,,Cancelled,True,2026-02-20,Too expensive,6.99
SUB0002180,CUST001978,PLAN02,2021-09-14,2024-05-26,Plan Changed,True,,,15.49
SUB0002181,CUST001978,PLAN02,2024-05-26,,Active,True,,,15.49
SUB0002182,CUST001979,PLAN02,2021-10-04,,Active,True,,,15.49
SUB0002183,CUST001980,PLAN02,2022-01-14,,Active,True,,,15.49
SUB0002184,CUST001981,PLAN03,2020-08-01,,Active,False,,,22.99
SUB0002185,CUST001982,PLAN02,2026-02-05,,Active,False,,,15.49
SUB0002186,CUST001983,PLAN02,2023-12-12,,Cancelled,True,2026-01-28,Too expensive,15.49
SUB0002187,CUST001984,PLAN02,2023-03-28,,Active,True,,,15.49
SUB0002188,CUST001985,PLAN02,2019-02-27,,Active,True,,,15.49
SUB0002189,CUST001986,PLAN03,2023-01-15,,Active,False,,,22.99
SUB0002190,CUST001987,PLAN01,2022-01-30,,Active,True,,,6.99
SUB0002191,CUST001988,PLAN03,2020-05-09,,Cancelled,True,2025-11-05,No longer needed,22.99
SUB0002192,CUST001989,PLAN01,2024-09-17,,Active,True,,,6.99
SUB0002193,CUST001990,PLAN03,2020-08-08,,Active,True,,,22.99
SUB0002194,CUST001991,PLAN01,2021-03-25,,Active,True,,,6.99
SUB0002195,CUST001992,PLAN02,2026-01-12,,Active,True,,,15.49
SUB0002196,CUST001993,PLAN01,2019-03-27,,Cancelled,False,2025-11-20,Technical issues,6.99
SUB0002197,CUST001994,PLAN01,2020-01-10,,Cancelled,True,2026-03-21,Password sharing crackdown,6.99
SUB0002198,CUST001995,PLAN03,2023-12-21,,Active,False,,,22.99
SUB0002199,CUST001996,PLAN01,2026-03-10,,Active,True,,,6.99
SUB0002200,CUST001997,PLAN01,2021-11-14,,Cancelled,True,2025-11-16,Not enough content,6.99
SUB0002201,CUST001998,PLAN01,2025-07-15,,Cancelled,True,2025-11-13,Found alternative platform,6.99
SUB0002202,CUST001999,PLAN01,2023-05-18,,Active,True,,,6.99
SUB0002203,CUST002000,PLAN02,2019-07-28,,Cancelled,True,2026-02-01,No longer needed,15.49
SUB0002204,CUST002001,PLAN03,2022-02-13,2023-01-20,Plan Changed,True,,,15.49
SUB0002205,CUST002001,PLAN02,2023-01-20,,Cancelled,True,2025-12-20,Content quality decline,15.49
SUB0002206,CUST002002,PLAN01,2024-11-09,,Active,True,,,6.99
SUB0002207,CUST002003,PLAN02,2022-10-20,,Active,False,,,15.49
SUB0002208,CUST002004,PLAN03,2023-11-01,,Active,True,,,22.99
SUB0002209,CUST002005,PLAN01,2020-05-22,,Cancelled,False,2025-11-10,Payment issues,6.99
SUB0002210,CUST002006,PLAN03,2022-11-12,,Active,True,,,22.99
SUB0002211,CUST002007,PLAN01,2025-11-06,,Active,True,,,6.99
SUB0002212,CUST002008,PLAN02,2024-11-06,,Active,True,,,15.49
SUB0002213,CUST002009,PLAN01,2024-02-09,,Active,True,,,6.99
SUB0002214,CUST002010,PLAN01,2025-01-21,,Active,True,,,6.99
SUB0002215,CUST002011,PLAN02,2022-10-15,,Active,True,,,15.49
SUB0002216,CUST002012,PLAN01,2023-12-16,,Active,True,,,6.99
SUB0002217,CUST002013,PLAN02,2020-02-19,,Cancelled,True,2026-01-07,Household budget cuts,15.49
SUB0002218,CUST002014,PLAN03,2021-03-13,2022-09-11,Plan Changed,True,,,6.99
SUB0002219,CUST002014,PLAN01,2022-09-11,,Cancelled,True,2026-06-04,Not enough content,6.99
SUB0002220,CUST002015,PLAN02,2026-05-08,,Active,False,,,15.49
SUB0002221,CUST002016,PLAN01,2019-08-23,,Cancelled,True,2025-10-06,Found alternative platform,6.99
SUB0002222,CUST002017,PLAN01,2023-06-14,,Cancelled,True,2026-03-17,No longer needed,6.99
SUB0002223,CUST002018,PLAN01,2019-10-10,,Cancelled,False,2026-05-09,Not enough content,6.99
SUB0002224,CUST002019,PLAN01,2022-11-11,,Cancelled,True,2025-11-16,Not enough content,6.99
SUB0002225,CUST002020,PLAN02,2024-01-22,,Active,True,,,15.49
SUB0002226,CUST002021,PLAN02,2024-02-13,,Active,True,,,15.49
SUB0002227,CUST002022,PLAN01,2025-11-09,,Active,True,,,6.99
SUB0002228,CUST002023,PLAN01,2019-05-25,,Active,True,,,6.99
SUB0002229,CUST002024,PLAN01,2025-07-10,,Active,True,,,6.99
SUB0002230,CUST002025,PLAN03,2021-05-01,,Active,True,,,22.99
SUB0002231,CUST002026,PLAN02,2021-03-17,2023-03-31,Plan Changed,True,,,22.99
SUB0002232,CUST002026,PLAN03,2023-03-31,,Cancelled,True,2026-01-12,Content quality decline,22.99
SUB0002233,CUST002027,PLAN03,2025-01-18,2026-01-28,Plan Changed,True,,,6.99
SUB0002234,CUST002027,PLAN01,2026-01-28,,Active,True,,,6.99
SUB0002235,CUST002028,PLAN01,2023-07-11,,Active,True,,,6.99
SUB0002236,CUST002029,PLAN03,2021-08-14,,Active,True,,,22.99
SUB0002237,CUST002030,PLAN01,2023-11-24,,Active,True,,,6.99
SUB0002238,CUST002031,PLAN02,2021-01-23,,Active,True,,,15.49
SUB0002239,CUST002032,PLAN01,2022-07-23,,Cancelled,True,2026-02-15,Too expensive,6.99
SUB0002240,CUST002033,PLAN02,2025-09-26,,Cancelled,True,2026-06-11,Content quality decline,15.49
SUB0002241,CUST002034,PLAN02,2025-04-14,,Cancelled,True,2025-12-27,No longer needed,15.49
SUB0002242,CUST002035,PLAN01,2023-01-07,,Active,True,,,6.99
SUB0002243,CUST002036,PLAN02,2024-04-26,,Active,True,,,15.49
SUB0002244,CUST002037,PLAN02,2025-06-07,,Cancelled,True,2025-12-16,Too expensive,15.49
SUB0002245,CUST002038,PLAN03,2020-12-27,,Active,True,,,22.99
SUB0002246,CUST002039,PLAN03,2022-06-06,,Active,True,,,22.99
SUB0002247,CUST002040,PLAN01,2021-05-11,,Cancelled,False,2026-04-08,Technical issues,6.99
SUB0002248,CUST002041,PLAN01,2023-03-03,2025-09-11,Plan Changed,True,,,22.99
SUB0002249,CUST002041,PLAN03,2025-09-11,,Cancelled,True,2026-01-24,Too expensive,22.99
SUB0002250,CUST002042,PLAN02,2022-06-22,,Active,True,,,15.49
SUB0002251,CUST002043,PLAN01,2024-05-24,,Cancelled,False,2026-06-18,Too expensive,6.99
SUB0002252,CUST002044,PLAN03,2019-11-24,,Active,False,,,22.99
SUB0002253,CUST002045,PLAN02,2019-03-26,,Cancelled,True,2025-12-06,No longer needed,15.49
SUB0002254,CUST002046,PLAN02,2022-05-15,,Active,True,,,15.49
SUB0002255,CUST002047,PLAN02,2019-06-19,,Active,True,,,15.49
SUB0002256,CUST002048,PLAN03,2019-02-21,2022-05-21,Plan Changed,True,,,6.99
SUB0002257,CUST002048,PLAN01,2022-05-21,,Active,True,,,6.99
SUB0002258,CUST002049,PLAN02,2026-02-09,,Active,True,,,15.49
SUB0002259,CUST002050,PLAN03,2023-08-24,,Active,True,,,22.99
SUB0002260,CUST002051,PLAN01,2021-09-08,,Active,True,,,6.99
SUB0002261,CUST002052,PLAN02,2025-01-10,,Active,True,,,15.49
SUB0002262,CUST002053,PLAN02,2019-05-05,2023-12-12,Plan Changed,True,,,6.99
SUB0002263,CUST002053,PLAN01,2023-12-12,,Active,True,,,6.99
SUB0002264,CUST002054,PLAN02,2020-05-13,,Cancelled,True,2026-02-05,Too expensive,15.49
SUB0002265,CUST002055,PLAN02,2021-03-17,,Active,True,,,15.49
SUB0002266,CUST002056,PLAN03,2022-12-02,,Active,True,,,22.99
SUB0002267,CUST002057,PLAN01,2026-02-15,,Cancelled,False,2026-04-10,Moving / relocation,6.99
SUB0002268,CUST002058,PLAN02,2021-12-13,,Active,False,,,15.49
SUB0002269,CUST002059,PLAN03,2021-07-03,,Cancelled,True,2025-12-18,Found alternative platform,22.99
SUB0002270,CUST002060,PLAN02,2023-11-26,,Active,True,,,15.49
SUB0002271,CUST002061,PLAN03,2026-01-06,,Active,True,,,22.99
SUB0002272,CUST002062,PLAN02,2026-02-07,,Active,True,,,15.49
SUB0002273,CUST002063,PLAN01,2021-02-27,,Active,True,,,6.99
SUB0002274,CUST002064,PLAN02,2022-05-06,,Active,False,,,15.49
SUB0002275,CUST002065,PLAN02,2026-05-31,,Cancelled,True,2026-06-22,Moving / relocation,15.49
SUB0002276,CUST002066,PLAN01,2023-05-09,,Cancelled,True,2025-12-28,Found alternative platform,6.99
SUB0002277,CUST002067,PLAN02,2019-02-13,2023-08-10,Plan Changed,True,,,22.99
SUB0002278,CUST002067,PLAN03,2023-08-10,,Active,True,,,22.99
SUB0002279,CUST002068,PLAN01,2023-10-31,,Cancelled,False,2025-12-18,Household budget cuts,6.99
SUB0002280,CUST002069,PLAN03,2025-06-29,,Active,False,,,22.99
SUB0002281,CUST002070,PLAN01,2020-12-07,,Cancelled,True,2026-03-20,Too expensive,6.99
SUB0002282,CUST002071,PLAN02,2026-01-09,,Cancelled,False,2026-06-10,Household budget cuts,15.49
SUB0002283,CUST002072,PLAN01,2025-10-26,,Active,True,,,6.99
SUB0002284,CUST002073,PLAN01,2020-07-17,,Cancelled,True,2025-11-21,Household budget cuts,6.99
SUB0002285,CUST002074,PLAN02,2021-06-15,,Active,False,,,15.49
SUB0002286,CUST002075,PLAN03,2020-01-05,,Active,True,,,22.99
SUB0002287,CUST002076,PLAN01,2025-05-26,,Cancelled,True,2025-12-05,Password sharing crackdown,6.99
SUB0002288,CUST002077,PLAN02,2022-08-13,,Active,True,,,15.49
SUB0002289,CUST002078,PLAN01,2022-09-06,,Cancelled,True,2026-01-30,Content quality decline,6.99
SUB0002290,CUST002079,PLAN01,2021-07-01,,Active,True,,,6.99
SUB0002291,CUST002080,PLAN02,2025-07-04,,Active,True,,,15.49
SUB0002292,CUST002081,PLAN02,2025-01-16,,Active,True,,,15.49
SUB0002293,CUST002082,PLAN01,2024-03-08,,Cancelled,True,2026-01-31,Password sharing crackdown,6.99
SUB0002294,CUST002083,PLAN03,2023-11-13,2025-11-01,Plan Changed,True,,,15.49
SUB0002295,CUST002083,PLAN02,2025-11-01,,Active,True,,,15.49
SUB0002296,CUST002084,PLAN02,2019-11-30,,Cancelled,False,2026-01-27,Too expensive,15.49
SUB0002297,CUST002085,PLAN01,2020-10-02,,Active,True,,,6.99
SUB0002298,CUST002086,PLAN02,2019-10-08,,Active,True,,,15.49
SUB0002299,CUST002087,PLAN02,2019-01-13,,Cancelled,True,2026-04-13,Household budget cuts,15.49
SUB0002300,CUST002088,PLAN01,2023-09-27,,Cancelled,True,2025-12-04,Content quality decline,6.99
SUB0002301,CUST002089,PLAN01,2024-07-10,,Cancelled,True,2026-01-27,Technical issues,6.99
SUB0002302,CUST002090,PLAN02,2022-09-28,,Active,True,,,15.49
SUB0002303,CUST002091,PLAN01,2019-05-13,,Active,True,,,6.99
SUB0002304,CUST002092,PLAN02,2023-01-31,,Active,True,,,15.49
SUB0002305,CUST002093,PLAN02,2023-07-22,,Active,True,,,15.49
SUB0002306,CUST002094,PLAN01,2026-04-22,,Active,True,,,6.99
SUB0002307,CUST002095,PLAN02,2021-05-01,,Cancelled,True,2025-11-18,Too expensive,15.49
SUB0002308,CUST002096,PLAN02,2021-12-23,,Active,True,,,15.49
SUB0002309,CUST002097,PLAN02,2021-04-17,,Active,True,,,15.49
SUB0002310,CUST002098,PLAN02,2024-04-17,,Active,True,,,15.49
SUB0002311,CUST002099,PLAN02,2023-05-21,,Active,True,,,15.49
SUB0002312,CUST002100,PLAN02,2020-07-27,,Active,True,,,15.49
SUB0002313,CUST002101,PLAN01,2024-07-15,2026-06-15,Plan Changed,True,,,22.99
SUB0002314,CUST002101,PLAN03,2026-06-15,,Cancelled,True,2025-12-23,Not enough content,22.99
SUB0002315,CUST002102,PLAN03,2022-08-29,,Cancelled,False,2026-01-07,Found alternative platform,22.99
SUB0002316,CUST002103,PLAN01,2026-02-08,,Cancelled,True,2026-06-14,Moving / relocation,6.99
SUB0002317,CUST002104,PLAN02,2019-11-14,,Active,True,,,15.49
SUB0002318,CUST002105,PLAN01,2021-08-02,,Cancelled,True,2026-05-05,Not enough content,6.99
SUB0002319,CUST002106,PLAN01,2021-10-26,,Cancelled,True,2026-03-09,Poor customer service experience,6.99
SUB0002320,CUST002107,PLAN02,2021-05-29,,Active,True,,,15.49
SUB0002321,CUST002108,PLAN03,2022-01-05,,Active,True,,,22.99
SUB0002322,CUST002109,PLAN01,2025-02-05,,Active,True,,,6.99
SUB0002323,CUST002110,PLAN01,2023-12-22,,Active,True,,,6.99
SUB0002324,CUST002111,PLAN03,2021-08-31,,Active,True,,,22.99
SUB0002325,CUST002112,PLAN02,2025-07-04,,Cancelled,True,2026-01-10,No longer needed,15.49
SUB0002326,CUST002113,PLAN02,2025-08-03,,Active,True,,,15.49
SUB0002327,CUST002114,PLAN02,2024-11-22,,Active,False,,,15.49
SUB0002328,CUST002115,PLAN02,2024-12-27,,Active,True,,,15.49
SUB0002329,CUST002116,PLAN02,2025-01-26,2026-01-28,Plan Changed,False,,,6.99
SUB0002330,CUST002116,PLAN01,2026-01-28,,Active,False,,,6.99
SUB0002331,CUST002117,PLAN02,2020-02-26,,Cancelled,True,2026-04-30,Poor customer service experience,15.49
SUB0002332,CUST002118,PLAN01,2020-03-08,,Active,True,,,6.99
SUB0002333,CUST002119,PLAN03,2019-11-01,,Cancelled,False,2026-02-02,Household budget cuts,22.99
SUB0002334,CUST002120,PLAN02,2026-05-06,,Cancelled,True,2026-05-08,Technical issues,15.49
SUB0002335,CUST002121,PLAN02,2020-04-13,,Active,True,,,15.49
SUB0002336,CUST002122,PLAN02,2026-05-21,,Active,True,,,15.49
SUB0002337,CUST002123,PLAN01,2025-11-11,,Cancelled,True,2025-11-28,Too expensive,6.99
SUB0002338,CUST002124,PLAN03,2019-12-28,,Active,True,,,22.99
SUB0002339,CUST002125,PLAN02,2022-01-26,,Active,True,,,15.49
SUB0002340,CUST002126,PLAN01,2024-08-12,,Active,False,,,6.99
SUB0002341,CUST002127,PLAN03,2025-10-03,2026-03-16,Plan Changed,True,,,6.99
SUB0002342,CUST002127,PLAN01,2026-03-16,,Active,True,,,6.99
SUB0002343,CUST002128,PLAN01,2025-10-05,2026-04-17,Plan Changed,False,,,22.99
SUB0002344,CUST002128,PLAN03,2026-04-17,,Cancelled,False,2026-05-23,Not enough content,22.99
SUB0002345,CUST002129,PLAN02,2019-07-17,,Active,True,,,15.49
SUB0002346,CUST002130,PLAN02,2023-02-22,,Active,True,,,15.49
SUB0002347,CUST002131,PLAN02,2019-12-15,,Cancelled,True,2026-03-25,Content quality decline,15.49
SUB0002348,CUST002132,PLAN02,2024-10-06,,Active,False,,,15.49
SUB0002349,CUST002133,PLAN03,2019-04-04,2021-10-06,Plan Changed,True,,,15.49
SUB0002350,CUST002133,PLAN02,2021-10-06,,Active,True,,,15.49
SUB0002351,CUST002134,PLAN03,2020-04-21,,Active,True,,,22.99
SUB0002352,CUST002135,PLAN02,2019-09-08,2024-03-13,Plan Changed,True,,,15.49
SUB0002353,CUST002135,PLAN02,2024-03-13,,Active,True,,,15.49
SUB0002354,CUST002136,PLAN01,2019-12-26,,Active,False,,,6.99
SUB0002355,CUST002137,PLAN02,2026-03-26,,Active,False,,,15.49
SUB0002356,CUST002138,PLAN02,2025-07-12,,Active,True,,,15.49
SUB0002357,CUST002139,PLAN01,2024-05-23,,Active,True,,,6.99
SUB0002358,CUST002140,PLAN03,2022-09-02,,Active,True,,,22.99
SUB0002359,CUST002141,PLAN03,2023-01-06,,Active,False,,,22.99
SUB0002360,CUST002142,PLAN01,2021-02-16,2021-11-21,Plan Changed,True,,,6.99
SUB0002361,CUST002142,PLAN01,2021-11-21,,Active,True,,,6.99
SUB0002362,CUST002143,PLAN01,2026-01-15,,Active,True,,,6.99
SUB0002363,CUST002144,PLAN03,2021-06-20,2023-06-20,Plan Changed,True,,,22.99
SUB0002364,CUST002144,PLAN03,2023-06-20,,Active,True,,,22.99
SUB0002365,CUST002145,PLAN01,2025-02-01,,Active,True,,,6.99
SUB0002366,CUST002146,PLAN01,2023-04-22,,Active,True,,,6.99
SUB0002367,CUST002147,PLAN02,2022-10-01,,Active,True,,,15.49
SUB0002368,CUST002148,PLAN02,2025-08-25,,Cancelled,False,2026-03-24,Too expensive,15.49
SUB0002369,CUST002149,PLAN01,2020-02-24,,Active,True,,,6.99
SUB0002370,CUST002150,PLAN01,2020-12-08,,Cancelled,True,2026-04-28,Payment issues,6.99
SUB0002371,CUST002151,PLAN02,2022-12-27,2025-05-20,Plan Changed,False,,,15.49
SUB0002372,CUST002151,PLAN02,2025-05-20,,Cancelled,False,2026-06-25,Too expensive,15.49
SUB0002373,CUST002152,PLAN01,2025-06-27,,Active,True,,,6.99
SUB0002374,CUST002153,PLAN01,2019-11-04,,Active,True,,,6.99
SUB0002375,CUST002154,PLAN01,2022-11-19,,Cancelled,True,2026-03-08,Payment issues,6.99
SUB0002376,CUST002155,PLAN01,2020-11-13,,Active,False,,,6.99
SUB0002377,CUST002156,PLAN02,2022-07-12,,Cancelled,True,2026-01-28,Technical issues,15.49
SUB0002378,CUST002157,PLAN01,2025-07-11,2026-02-25,Plan Changed,False,,,6.99
SUB0002379,CUST002157,PLAN01,2026-02-25,,Active,False,,,6.99
SUB0002380,CUST002158,PLAN01,2022-01-15,,Active,True,,,6.99
SUB0002381,CUST002159,PLAN01,2019-11-26,,Active,True,,,6.99
SUB0002382,CUST002160,PLAN01,2021-08-17,2024-08-26,Plan Changed,False,,,6.99
SUB0002383,CUST002160,PLAN01,2024-08-26,,Active,False,,,6.99
SUB0002384,CUST002161,PLAN02,2022-10-04,,Active,False,,,15.49
SUB0002385,CUST002162,PLAN02,2021-09-14,2024-06-06,Plan Changed,True,,,6.99
SUB0002386,CUST002162,PLAN01,2024-06-06,,Active,True,,,6.99
SUB0002387,CUST002163,PLAN02,2025-02-26,,Active,False,,,15.49
SUB0002388,CUST002164,PLAN02,2019-05-31,,Active,True,,,15.49
SUB0002389,CUST002165,PLAN02,2020-10-25,,Active,True,,,15.49
SUB0002390,CUST002166,PLAN03,2025-08-24,,Active,True,,,22.99
SUB0002391,CUST002167,PLAN01,2019-10-28,,Active,True,,,6.99
SUB0002392,CUST002168,PLAN03,2019-04-08,,Active,False,,,22.99
SUB0002393,CUST002169,PLAN02,2024-12-12,,Active,False,,,15.49
SUB0002394,CUST002170,PLAN03,2025-07-05,,Active,False,,,22.99
SUB0002395,CUST002171,PLAN02,2021-03-24,,Active,True,,,15.49
SUB0002396,CUST002172,PLAN03,2020-05-04,,Active,True,,,22.99
SUB0002397,CUST002173,PLAN03,2026-04-11,,Active,True,,,22.99
SUB0002398,CUST002174,PLAN01,2022-02-28,,Active,True,,,6.99
SUB0002399,CUST002175,PLAN02,2026-02-03,,Cancelled,True,2026-06-11,Content quality decline,15.49
SUB0002400,CUST002176,PLAN03,2023-11-06,,Active,False,,,22.99
SUB0002401,CUST002177,PLAN03,2019-08-05,,Active,True,,,22.99
SUB0002402,CUST002178,PLAN03,2025-07-27,,Active,True,,,22.99
SUB0002403,CUST002179,PLAN02,2024-08-07,,Active,True,,,15.49
SUB0002404,CUST002180,PLAN02,2025-08-08,,Cancelled,True,2025-12-16,Technical issues,15.49
SUB0002405,CUST002181,PLAN02,2021-08-23,,Active,False,,,15.49
SUB0002406,CUST002182,PLAN02,2024-07-01,,Active,True,,,15.49
SUB0002407,CUST002183,PLAN01,2020-02-20,2025-11-26,Plan Changed,True,,,6.99
SUB0002408,CUST002183,PLAN01,2025-11-26,,Active,True,,,6.99
SUB0002409,CUST002184,PLAN01,2020-04-26,,Active,True,,,6.99
SUB0002410,CUST002185,PLAN03,2020-04-25,,Cancelled,True,2026-04-04,Not enough content,22.99
SUB0002411,CUST002186,PLAN01,2020-01-31,,Active,True,,,6.99
SUB0002412,CUST002187,PLAN01,2024-08-02,,Active,True,,,6.99
SUB0002413,CUST002188,PLAN02,2023-05-01,,Active,True,,,15.49
SUB0002414,CUST002189,PLAN02,2020-06-22,,Active,True,,,15.49
SUB0002415,CUST002190,PLAN01,2022-12-06,,Active,False,,,6.99
SUB0002416,CUST002191,PLAN02,2020-07-20,,Active,True,,,15.49
SUB0002417,CUST002192,PLAN01,2024-02-19,,Active,True,,,6.99
SUB0002418,CUST002193,PLAN02,2021-10-17,2022-12-12,Plan Changed,True,,,15.49
SUB0002419,CUST002193,PLAN02,2022-12-12,,Active,True,,,15.49
SUB0002420,CUST002194,PLAN01,2021-04-09,,Active,True,,,6.99
SUB0002421,CUST002195,PLAN03,2020-09-04,,Active,False,,,22.99
SUB0002422,CUST002196,PLAN02,2025-02-03,,Active,False,,,15.49
SUB0002423,CUST002197,PLAN03,2025-07-18,,Active,True,,,22.99
SUB0002424,CUST002198,PLAN01,2019-11-27,2023-01-27,Plan Changed,True,,,22.99
SUB0002425,CUST002198,PLAN03,2023-01-27,,Active,True,,,22.99
SUB0002426,CUST002199,PLAN02,2021-12-14,,Active,True,,,15.49
SUB0002427,CUST002200,PLAN01,2022-01-06,,Active,False,,,6.99
SUB0002428,CUST002201,PLAN01,2023-11-16,,Active,True,,,6.99
SUB0002429,CUST002202,PLAN02,2021-08-10,,Active,True,,,15.49
SUB0002430,CUST002203,PLAN02,2022-08-30,2026-01-26,Plan Changed,True,,,22.99
SUB0002431,CUST002203,PLAN03,2026-01-26,,Active,True,,,22.99
SUB0002432,CUST002204,PLAN01,2020-09-25,,Cancelled,False,2026-01-12,Not enough content,6.99
SUB0002433,CUST002205,PLAN01,2019-08-11,,Active,True,,,6.99
SUB0002434,CUST002206,PLAN02,2022-05-28,,Active,True,,,15.49
SUB0002435,CUST002207,PLAN02,2019-08-03,,Active,True,,,15.49
SUB0002436,CUST002208,PLAN01,2020-05-08,,Active,False,,,6.99
SUB0002437,CUST002209,PLAN03,2020-03-07,,Cancelled,True,2025-10-20,No longer needed,22.99
SUB0002438,CUST002210,PLAN01,2025-11-29,,Active,False,,,6.99
SUB0002439,CUST002211,PLAN01,2025-06-13,,Active,True,,,6.99
SUB0002440,CUST002212,PLAN01,2023-05-07,,Active,False,,,6.99
SUB0002441,CUST002213,PLAN03,2019-12-02,,Cancelled,True,2025-11-19,Household budget cuts,22.99
SUB0002442,CUST002214,PLAN01,2022-10-14,,Active,True,,,6.99
SUB0002443,CUST002215,PLAN02,2024-06-18,,Cancelled,True,2026-06-18,Not enough content,15.49
SUB0002444,CUST002216,PLAN03,2020-06-24,,Cancelled,True,2026-03-15,No longer needed,22.99
SUB0002445,CUST002217,PLAN03,2019-09-07,,Active,True,,,22.99
SUB0002446,CUST002218,PLAN01,2025-05-02,,Cancelled,True,2026-02-14,Found alternative platform,6.99
SUB0002447,CUST002219,PLAN02,2019-05-11,,Cancelled,False,2026-04-24,Poor customer service experience,15.49
SUB0002448,CUST002220,PLAN01,2021-05-01,,Active,False,,,6.99
SUB0002449,CUST002221,PLAN02,2022-12-04,,Active,True,,,15.49
SUB0002450,CUST002222,PLAN03,2019-11-07,,Active,True,,,22.99
SUB0002451,CUST002223,PLAN01,2024-12-18,,Cancelled,True,2026-06-11,Poor customer service experience,6.99
SUB0002452,CUST002224,PLAN01,2025-04-28,,Active,True,,,6.99
SUB0002453,CUST002225,PLAN03,2019-05-18,,Active,True,,,22.99
SUB0002454,CUST002226,PLAN01,2024-06-18,,Cancelled,True,2026-03-18,Too expensive,6.99
SUB0002455,CUST002227,PLAN01,2025-01-24,,Cancelled,False,2025-10-06,Poor customer service experience,6.99
SUB0002456,CUST002228,PLAN01,2021-12-27,,Active,True,,,6.99
SUB0002457,CUST002229,PLAN01,2023-04-09,,Cancelled,True,2025-11-28,Too expensive,6.99
SUB0002458,CUST002230,PLAN02,2025-05-23,,Active,True,,,15.49
SUB0002459,CUST002231,PLAN01,2020-12-16,,Active,True,,,6.99
SUB0002460,CUST002232,PLAN01,2020-10-03,,Active,False,,,6.99
SUB0002461,CUST002233,PLAN02,2020-06-26,2024-02-06,Plan Changed,True,,,22.99
SUB0002462,CUST002233,PLAN03,2024-02-06,,Active,True,,,22.99
SUB0002463,CUST002234,PLAN01,2023-10-12,,Active,True,,,6.99
SUB0002464,CUST002235,PLAN02,2019-10-10,,Active,False,,,15.49
SUB0002465,CUST002236,PLAN03,2022-05-16,,Active,True,,,22.99
SUB0002466,CUST002237,PLAN01,2022-05-14,2026-02-27,Plan Changed,True,,,22.99
SUB0002467,CUST002237,PLAN03,2026-02-27,,Active,True,,,22.99
SUB0002468,CUST002238,PLAN02,2021-07-26,,Cancelled,True,2026-03-05,Payment issues,15.49
SUB0002469,CUST002239,PLAN03,2019-11-09,,Active,True,,,22.99
SUB0002470,CUST002240,PLAN03,2021-03-07,,Active,True,,,22.99
SUB0002471,CUST002241,PLAN03,2022-03-16,,Cancelled,True,2025-10-17,Not enough content,22.99
SUB0002472,CUST002242,PLAN02,2026-02-25,,Active,True,,,15.49
SUB0002473,CUST002243,PLAN02,2022-06-16,,Cancelled,False,2026-03-07,No longer needed,15.49
SUB0002474,CUST002244,PLAN01,2025-05-01,,Cancelled,True,2026-01-08,Payment issues,6.99
SUB0002475,CUST002245,PLAN03,2019-06-10,,Cancelled,True,2026-01-25,Content quality decline,22.99
SUB0002476,CUST002246,PLAN02,2026-05-02,,Active,True,,,15.49
SUB0002477,CUST002247,PLAN01,2023-10-26,,Active,True,,,6.99
SUB0002478,CUST002248,PLAN03,2023-09-09,,Cancelled,True,2026-03-01,Technical issues,22.99
SUB0002479,CUST002249,PLAN02,2024-07-17,,Active,False,,,15.49
SUB0002480,CUST002250,PLAN01,2021-04-04,,Cancelled,False,2026-01-31,Payment issues,6.99
SUB0002481,CUST002251,PLAN02,2025-10-18,,Cancelled,False,2026-04-25,Not enough content,15.49
SUB0002482,CUST002252,PLAN02,2021-06-24,,Active,False,,,15.49
SUB0002483,CUST002253,PLAN01,2021-07-15,,Active,True,,,6.99
SUB0002484,CUST002254,PLAN02,2023-07-31,,Active,True,,,15.49
SUB0002485,CUST002255,PLAN03,2024-11-23,,Active,True,,,22.99
SUB0002486,CUST002256,PLAN02,2020-06-13,2021-07-04,Plan Changed,True,,,6.99
SUB0002487,CUST002256,PLAN01,2021-07-04,,Active,True,,,6.99
SUB0002488,CUST002257,PLAN02,2023-01-17,,Active,True,,,15.49
SUB0002489,CUST002258,PLAN03,2019-04-01,,Active,True,,,22.99
SUB0002490,CUST002259,PLAN02,2025-03-07,,Active,True,,,15.49
SUB0002491,CUST002260,PLAN01,2022-03-06,,Active,False,,,6.99
SUB0002492,CUST002261,PLAN02,2024-03-22,,Active,False,,,15.49
SUB0002493,CUST002262,PLAN02,2026-05-26,,Active,False,,,15.49
SUB0002494,CUST002263,PLAN02,2021-10-15,2023-04-24,Plan Changed,True,,,6.99
SUB0002495,CUST002263,PLAN01,2023-04-24,,Cancelled,True,2025-12-13,Too expensive,6.99
SUB0002496,CUST002264,PLAN02,2022-05-30,,Cancelled,True,2026-03-02,Too expensive,15.49
SUB0002497,CUST002265,PLAN01,2021-10-16,,Active,True,,,6.99
SUB0002498,CUST002266,PLAN01,2022-02-05,,Active,True,,,6.99
SUB0002499,CUST002267,PLAN02,2019-03-22,,Active,True,,,15.49
SUB0002500,CUST002268,PLAN02,2024-11-10,,Cancelled,True,2025-11-10,No longer needed,15.49
SUB0002501,CUST002269,PLAN02,2020-06-18,,Cancelled,False,2026-03-11,Household budget cuts,15.49
SUB0002502,CUST002270,PLAN03,2025-10-30,,Active,True,,,22.99
SUB0002503,CUST002271,PLAN02,2025-08-11,,Cancelled,True,2026-05-10,Too expensive,15.49
SUB0002504,CUST002272,PLAN01,2024-03-31,2026-04-21,Plan Changed,True,,,22.99
SUB0002505,CUST002272,PLAN03,2026-04-21,,Active,True,,,22.99
SUB0002506,CUST002273,PLAN02,2025-12-22,,Active,True,,,15.49
SUB0002507,CUST002274,PLAN01,2022-01-04,,Active,True,,,6.99
SUB0002508,CUST002275,PLAN02,2020-02-11,,Active,False,,,15.49
SUB0002509,CUST002276,PLAN02,2020-03-03,,Active,True,,,15.49
SUB0002510,CUST002277,PLAN01,2026-03-13,,Cancelled,True,2026-03-28,Found alternative platform,6.99
SUB0002511,CUST002278,PLAN01,2019-02-13,,Active,True,,,6.99
SUB0002512,CUST002279,PLAN01,2020-06-20,,Active,True,,,6.99
SUB0002513,CUST002280,PLAN01,2022-05-10,,Active,True,,,6.99
SUB0002514,CUST002281,PLAN02,2021-05-08,,Cancelled,True,2026-03-02,Payment issues,15.49
SUB0002515,CUST002282,PLAN02,2022-05-17,,Active,True,,,15.49
SUB0002516,CUST002283,PLAN02,2021-08-24,,Active,False,,,15.49
SUB0002517,CUST002284,PLAN01,2025-02-23,,Active,True,,,6.99
SUB0002518,CUST002285,PLAN02,2024-12-18,,Cancelled,False,2026-01-30,Too expensive,15.49
SUB0002519,CUST002286,PLAN01,2023-10-01,,Active,True,,,6.99
SUB0002520,CUST002287,PLAN02,2023-07-20,,Active,True,,,15.49
SUB0002521,CUST002288,PLAN02,2019-03-21,2022-04-11,Plan Changed,True,,,6.99
SUB0002522,CUST002288,PLAN01,2022-04-11,,Cancelled,True,2025-11-27,Found alternative platform,6.99
SUB0002523,CUST002289,PLAN02,2020-05-29,,Active,True,,,15.49
SUB0002524,CUST002290,PLAN01,2022-10-10,,Active,False,,,6.99
SUB0002525,CUST002291,PLAN03,2024-12-02,,Active,True,,,22.99
SUB0002526,CUST002292,PLAN03,2022-02-25,,Active,False,,,22.99
SUB0002527,CUST002293,PLAN03,2022-07-09,,Active,True,,,22.99
SUB0002528,CUST002294,PLAN01,2025-10-17,,Active,False,,,6.99
SUB0002529,CUST002295,PLAN02,2024-08-01,,Active,True,,,15.49
SUB0002530,CUST002296,PLAN03,2022-05-11,,Cancelled,True,2026-05-30,Found alternative platform,22.99
SUB0002531,CUST002297,PLAN02,2025-06-08,2026-03-30,Plan Changed,True,,,15.49
SUB0002532,CUST002297,PLAN02,2026-03-30,,Cancelled,True,2026-02-06,Not enough content,15.49
SUB0002533,CUST002298,PLAN03,2025-09-11,,Active,True,,,22.99
SUB0002534,CUST002299,PLAN02,2022-09-16,,Active,True,,,15.49
SUB0002535,CUST002300,PLAN01,2023-01-31,2024-03-12,Plan Changed,False,,,15.49
SUB0002536,CUST002300,PLAN02,2024-03-12,,Active,False,,,15.49
SUB0002537,CUST002301,PLAN02,2021-04-18,,Active,True,,,15.49
SUB0002538,CUST002302,PLAN01,2024-10-27,,Cancelled,True,2026-05-25,Too expensive,6.99
SUB0002539,CUST002303,PLAN02,2024-01-19,,Active,True,,,15.49
SUB0002540,CUST002304,PLAN01,2019-12-03,,Active,True,,,6.99
SUB0002541,CUST002305,PLAN03,2025-09-30,,Active,True,,,22.99
SUB0002542,CUST002306,PLAN02,2020-11-12,,Active,False,,,15.49
SUB0002543,CUST002307,PLAN01,2019-06-01,,Active,True,,,6.99
SUB0002544,CUST002308,PLAN02,2021-01-01,,Active,True,,,15.49
SUB0002545,CUST002309,PLAN02,2024-01-13,,Active,True,,,15.49
SUB0002546,CUST002310,PLAN03,2023-06-20,,Active,False,,,22.99
SUB0002547,CUST002311,PLAN02,2022-12-05,2026-05-26,Plan Changed,True,,,15.49
SUB0002548,CUST002311,PLAN02,2026-05-26,,Cancelled,True,2026-03-26,Found alternative platform,15.49
SUB0002549,CUST002312,PLAN03,2019-08-25,,Active,True,,,22.99
SUB0002550,CUST002313,PLAN02,2021-11-10,,Active,True,,,15.49
SUB0002551,CUST002314,PLAN02,2025-03-18,2026-06-02,Plan Changed,True,,,15.49
SUB0002552,CUST002314,PLAN02,2026-06-02,,Active,True,,,15.49
SUB0002553,CUST002315,PLAN02,2019-11-07,,Cancelled,True,2025-12-26,Household budget cuts,15.49
SUB0002554,CUST002316,PLAN02,2021-02-14,,Cancelled,True,2026-06-09,Payment issues,15.49
SUB0002555,CUST002317,PLAN01,2020-04-21,,Active,False,,,6.99
SUB0002556,CUST002318,PLAN03,2020-04-09,,Active,True,,,22.99
SUB0002557,CUST002319,PLAN01,2025-02-26,,Active,True,,,6.99
SUB0002558,CUST002320,PLAN02,2024-07-17,,Active,True,,,15.49
SUB0002559,CUST002321,PLAN01,2024-04-26,,Active,True,,,6.99
SUB0002560,CUST002322,PLAN01,2020-07-04,,Active,True,,,6.99
SUB0002561,CUST002323,PLAN02,2021-10-19,,Active,False,,,15.49
SUB0002562,CUST002324,PLAN01,2022-03-27,,Active,True,,,6.99
SUB0002563,CUST002325,PLAN01,2020-11-03,,Active,True,,,6.99
SUB0002564,CUST002326,PLAN01,2025-04-10,,Active,False,,,6.99
SUB0002565,CUST002327,PLAN02,2024-10-26,,Active,False,,,15.49
SUB0002566,CUST002328,PLAN02,2020-07-21,2022-01-12,Plan Changed,True,,,15.49
SUB0002567,CUST002328,PLAN02,2022-01-12,,Active,True,,,15.49
SUB0002568,CUST002329,PLAN02,2023-03-13,2025-11-01,Plan Changed,False,,,6.99
SUB0002569,CUST002329,PLAN01,2025-11-01,,Active,False,,,6.99
SUB0002570,CUST002330,PLAN03,2022-05-17,,Active,True,,,22.99
SUB0002571,CUST002331,PLAN01,2023-11-05,,Active,True,,,6.99
SUB0002572,CUST002332,PLAN02,2023-02-12,,Active,True,,,15.49
SUB0002573,CUST002333,PLAN01,2021-05-16,,Active,True,,,6.99
SUB0002574,CUST002334,PLAN02,2022-06-23,,Active,True,,,15.49
SUB0002575,CUST002335,PLAN01,2021-11-27,,Active,True,,,6.99
SUB0002576,CUST002336,PLAN02,2022-04-25,,Active,True,,,15.49
SUB0002577,CUST002337,PLAN02,2022-07-25,,Active,True,,,15.49
SUB0002578,CUST002338,PLAN01,2020-11-16,,Active,True,,,6.99
SUB0002579,CUST002339,PLAN02,2022-06-13,2022-12-18,Plan Changed,True,,,6.99
SUB0002580,CUST002339,PLAN01,2022-12-18,,Active,True,,,6.99
SUB0002581,CUST002340,PLAN01,2025-02-20,,Cancelled,True,2026-01-21,Not enough content,6.99
SUB0002582,CUST002341,PLAN02,2025-11-12,,Active,True,,,15.49
SUB0002583,CUST002342,PLAN01,2022-10-09,,Active,True,,,6.99
SUB0002584,CUST002343,PLAN01,2024-01-17,,Active,False,,,6.99
SUB0002585,CUST002344,PLAN01,2019-07-02,,Cancelled,False,2026-03-30,Found alternative platform,6.99
SUB0002586,CUST002345,PLAN01,2020-02-14,,Active,False,,,6.99
SUB0002587,CUST002346,PLAN01,2025-11-30,2026-02-01,Plan Changed,True,,,6.99
SUB0002588,CUST002346,PLAN01,2026-02-01,,Active,True,,,6.99
SUB0002589,CUST002347,PLAN02,2019-07-12,,Active,True,,,15.49
SUB0002590,CUST002348,PLAN01,2019-02-22,,Active,False,,,6.99
SUB0002591,CUST002349,PLAN03,2020-10-17,2024-03-20,Plan Changed,True,,,22.99
SUB0002592,CUST002349,PLAN03,2024-03-20,,Active,True,,,22.99
SUB0002593,CUST002350,PLAN03,2024-04-02,,Active,True,,,22.99
SUB0002594,CUST002351,PLAN01,2026-04-16,,Active,True,,,6.99
SUB0002595,CUST002352,PLAN03,2023-05-13,,Active,True,,,22.99
SUB0002596,CUST002353,PLAN01,2019-01-31,,Active,True,,,6.99
SUB0002597,CUST002354,PLAN01,2022-03-25,,Active,True,,,6.99
SUB0002598,CUST002355,PLAN03,2024-12-03,,Active,True,,,22.99
SUB0002599,CUST002356,PLAN02,2024-06-07,,Active,True,,,15.49
SUB0002600,CUST002357,PLAN02,2020-12-26,,Active,True,,,15.49
SUB0002601,CUST002358,PLAN03,2023-04-05,,Active,True,,,22.99
SUB0002602,CUST002359,PLAN03,2022-08-27,,Cancelled,True,2026-04-25,Not enough content,22.99
SUB0002603,CUST002360,PLAN03,2024-07-30,,Active,True,,,22.99
SUB0002604,CUST002361,PLAN02,2020-01-24,,Active,False,,,15.49
SUB0002605,CUST002362,PLAN02,2021-12-22,,Active,True,,,15.49
SUB0002606,CUST002363,PLAN03,2025-12-10,,Cancelled,True,2026-01-01,Found alternative platform,22.99
SUB0002607,CUST002364,PLAN01,2026-05-17,,Cancelled,True,2026-05-18,Too expensive,6.99
SUB0002608,CUST002365,PLAN03,2023-08-29,,Active,False,,,22.99
SUB0002609,CUST002366,PLAN01,2019-03-26,,Cancelled,False,2026-06-25,No longer needed,6.99
SUB0002610,CUST002367,PLAN03,2023-05-31,,Active,True,,,22.99
SUB0002611,CUST002368,PLAN01,2021-12-27,,Cancelled,True,2026-01-18,Moving / relocation,6.99
SUB0002612,CUST002369,PLAN03,2020-09-04,,Cancelled,True,2025-12-09,Password sharing crackdown,22.99
SUB0002613,CUST002370,PLAN01,2019-09-25,2022-09-30,Plan Changed,True,,,22.99
SUB0002614,CUST002370,PLAN03,2022-09-30,,Active,True,,,22.99
SUB0002615,CUST002371,PLAN01,2021-12-22,,Active,True,,,6.99
SUB0002616,CUST002372,PLAN01,2024-02-28,,Cancelled,False,2026-05-30,Too expensive,6.99
SUB0002617,CUST002373,PLAN01,2025-03-25,,Active,True,,,6.99
SUB0002618,CUST002374,PLAN03,2023-04-23,2026-02-23,Plan Changed,True,,,15.49
SUB0002619,CUST002374,PLAN02,2026-02-23,,Active,True,,,15.49
SUB0002620,CUST002375,PLAN02,2024-11-13,,Active,False,,,15.49
SUB0002621,CUST002376,PLAN01,2023-05-09,2024-02-02,Plan Changed,True,,,22.99
SUB0002622,CUST002376,PLAN03,2024-02-02,,Cancelled,True,2025-11-07,Too expensive,22.99
SUB0002623,CUST002377,PLAN01,2024-06-29,,Active,False,,,6.99
SUB0002624,CUST002378,PLAN03,2020-04-12,2025-02-06,Plan Changed,True,,,15.49
SUB0002625,CUST002378,PLAN02,2025-02-06,,Active,True,,,15.49
SUB0002626,CUST002379,PLAN01,2024-07-29,,Active,False,,,6.99
SUB0002627,CUST002380,PLAN01,2020-06-21,,Active,True,,,6.99
SUB0002628,CUST002381,PLAN01,2023-11-09,,Active,True,,,6.99
SUB0002629,CUST002382,PLAN01,2024-11-08,,Active,True,,,6.99
SUB0002630,CUST002383,PLAN03,2025-05-15,,Active,True,,,22.99
SUB0002631,CUST002384,PLAN02,2022-09-02,,Active,True,,,15.49
SUB0002632,CUST002385,PLAN01,2019-07-08,,Active,True,,,6.99
SUB0002633,CUST002386,PLAN03,2021-06-08,,Active,True,,,22.99
SUB0002634,CUST002387,PLAN03,2019-04-05,,Cancelled,True,2026-05-11,Found alternative platform,22.99
SUB0002635,CUST002388,PLAN01,2022-08-01,,Cancelled,False,2026-01-16,Too expensive,6.99
SUB0002636,CUST002389,PLAN03,2020-09-17,,Active,True,,,22.99
SUB0002637,CUST002390,PLAN01,2022-04-02,,Cancelled,True,2026-01-14,Found alternative platform,6.99
SUB0002638,CUST002391,PLAN01,2026-05-14,,Active,True,,,6.99
SUB0002639,CUST002392,PLAN01,2020-08-05,,Active,True,,,6.99
SUB0002640,CUST002393,PLAN01,2021-01-09,,Active,True,,,6.99
SUB0002641,CUST002394,PLAN02,2021-11-15,,Active,True,,,15.49
SUB0002642,CUST002395,PLAN03,2021-04-20,,Active,True,,,22.99
SUB0002643,CUST002396,PLAN01,2024-11-15,,Active,True,,,6.99
SUB0002644,CUST002397,PLAN01,2026-01-16,,Active,True,,,6.99
SUB0002645,CUST002398,PLAN01,2023-06-21,,Active,True,,,6.99
SUB0002646,CUST002399,PLAN03,2021-05-11,,Active,True,,,22.99
SUB0002647,CUST002400,PLAN01,2022-08-03,,Active,True,,,6.99
SUB0002648,CUST002401,PLAN01,2026-04-09,,Active,False,,,6.99
SUB0002649,CUST002402,PLAN01,2023-12-14,,Active,True,,,6.99
SUB0002650,CUST002403,PLAN02,2022-04-27,,Active,False,,,15.49
SUB0002651,CUST002404,PLAN03,2022-07-26,,Active,False,,,22.99
SUB0002652,CUST002405,PLAN01,2025-11-17,,Active,False,,,6.99
SUB0002653,CUST002406,PLAN02,2026-01-10,,Active,True,,,15.49
SUB0002654,CUST002407,PLAN02,2023-05-05,,Active,True,,,15.49
SUB0002655,CUST002408,PLAN02,2019-01-05,,Active,True,,,15.49
SUB0002656,CUST002409,PLAN02,2021-02-06,,Active,True,,,15.49
SUB0002657,CUST002410,PLAN03,2020-07-31,,Active,True,,,22.99
SUB0002658,CUST002411,PLAN01,2020-07-27,,Cancelled,True,2025-10-12,Technical issues,6.99
SUB0002659,CUST002412,PLAN02,2020-04-04,,Active,True,,,15.49
SUB0002660,CUST002413,PLAN01,2024-12-27,,Active,True,,,6.99
SUB0002661,CUST002414,PLAN02,2026-02-11,,Active,True,,,15.49
SUB0002662,CUST002415,PLAN02,2020-10-10,2021-09-15,Plan Changed,True,,,6.99
SUB0002663,CUST002415,PLAN01,2021-09-15,,Active,True,,,6.99
SUB0002664,CUST002416,PLAN03,2025-09-23,,Active,False,,,22.99
SUB0002665,CUST002417,PLAN01,2023-04-17,,Active,True,,,6.99
SUB0002666,CUST002418,PLAN03,2019-05-17,,Active,True,,,22.99
SUB0002667,CUST002419,PLAN02,2024-03-05,2025-02-08,Plan Changed,True,,,22.99
SUB0002668,CUST002419,PLAN03,2025-02-08,,Cancelled,True,2025-12-16,Too expensive,22.99
SUB0002669,CUST002420,PLAN02,2025-12-31,,Cancelled,True,2026-04-29,Found alternative platform,15.49
SUB0002670,CUST002421,PLAN02,2025-10-11,,Active,True,,,15.49
SUB0002671,CUST002422,PLAN03,2024-01-09,2024-04-18,Plan Changed,True,,,6.99
SUB0002672,CUST002422,PLAN01,2024-04-18,,Cancelled,True,2025-10-21,Household budget cuts,6.99
SUB0002673,CUST002423,PLAN03,2021-06-30,,Active,True,,,22.99
SUB0002674,CUST002424,PLAN02,2019-08-27,,Active,True,,,15.49
SUB0002675,CUST002425,PLAN03,2023-12-02,,Active,True,,,22.99
SUB0002676,CUST002426,PLAN03,2022-03-08,,Active,True,,,22.99
SUB0002677,CUST002427,PLAN01,2020-12-22,,Active,True,,,6.99
SUB0002678,CUST002428,PLAN02,2024-03-05,,Active,True,,,15.49
SUB0002679,CUST002429,PLAN02,2019-02-13,,Cancelled,True,2026-02-08,No longer needed,15.49
SUB0002680,CUST002430,PLAN01,2024-02-28,,Cancelled,True,2026-01-26,Found alternative platform,6.99
SUB0002681,CUST002431,PLAN02,2020-03-30,,Active,True,,,15.49
SUB0002682,CUST002432,PLAN01,2020-09-10,,Active,True,,,6.99
SUB0002683,CUST002433,PLAN01,2021-04-06,,Active,True,,,6.99
SUB0002684,CUST002434,PLAN02,2020-07-19,,Active,True,,,15.49
SUB0002685,CUST002435,PLAN01,2025-06-28,,Cancelled,True,2026-06-14,Technical issues,6.99
SUB0002686,CUST002436,PLAN02,2020-11-21,,Active,True,,,15.49
SUB0002687,CUST002437,PLAN01,2022-12-04,,Active,True,,,6.99
SUB0002688,CUST002438,PLAN01,2021-06-30,,Active,True,,,6.99
SUB0002689,CUST002439,PLAN01,2025-02-19,,Active,True,,,6.99
SUB0002690,CUST002440,PLAN02,2022-06-12,,Active,True,,,15.49
SUB0002691,CUST002441,PLAN02,2022-03-10,,Active,True,,,15.49
SUB0002692,CUST002442,PLAN01,2020-04-03,,Active,True,,,6.99
SUB0002693,CUST002443,PLAN01,2021-03-11,,Active,True,,,6.99
SUB0002694,CUST002444,PLAN01,2022-11-23,,Active,True,,,6.99
SUB0002695,CUST002445,PLAN01,2020-05-27,,Active,True,,,6.99
SUB0002696,CUST002446,PLAN03,2023-05-30,,Active,True,,,22.99
SUB0002697,CUST002447,PLAN03,2020-03-17,,Active,True,,,22.99
SUB0002698,CUST002448,PLAN02,2019-05-23,,Active,True,,,15.49
SUB0002699,CUST002449,PLAN02,2020-12-18,,Cancelled,True,2026-04-21,Too expensive,15.49
SUB0002700,CUST002450,PLAN01,2019-07-03,,Active,True,,,6.99
SUB0002701,CUST002451,PLAN03,2021-05-15,,Active,True,,,22.99
SUB0002702,CUST002452,PLAN01,2025-02-25,,Cancelled,True,2025-10-20,Found alternative platform,6.99
SUB0002703,CUST002453,PLAN02,2019-08-03,,Active,False,,,15.49
SUB0002704,CUST002454,PLAN01,2022-03-14,,Cancelled,True,2026-01-11,No longer needed,6.99
SUB0002705,CUST002455,PLAN02,2026-03-14,,Active,True,,,15.49
SUB0002706,CUST002456,PLAN03,2025-10-09,,Active,True,,,22.99
SUB0002707,CUST002457,PLAN02,2020-09-19,,Active,True,,,15.49
SUB0002708,CUST002458,PLAN01,2024-06-09,,Active,True,,,6.99
SUB0002709,CUST002459,PLAN01,2021-04-30,,Active,True,,,6.99
SUB0002710,CUST002460,PLAN02,2025-07-18,,Active,True,,,15.49
SUB0002711,CUST002461,PLAN02,2019-01-19,,Active,True,,,15.49
SUB0002712,CUST002462,PLAN01,2025-10-04,,Active,True,,,6.99
SUB0002713,CUST002463,PLAN02,2025-04-18,2026-02-08,Plan Changed,True,,,15.49
SUB0002714,CUST002463,PLAN02,2026-02-08,,Active,True,,,15.49
SUB0002715,CUST002464,PLAN02,2024-09-22,,Active,True,,,15.49
SUB0002716,CUST002465,PLAN02,2020-10-15,,Active,True,,,15.49
SUB0002717,CUST002466,PLAN02,2020-07-03,,Cancelled,True,2026-02-03,Too expensive,15.49
SUB0002718,CUST002467,PLAN01,2021-06-17,,Active,True,,,6.99
SUB0002719,CUST002468,PLAN02,2024-10-03,,Cancelled,True,2026-03-28,Too expensive,15.49
SUB0002720,CUST002469,PLAN03,2024-03-16,2025-03-12,Plan Changed,False,,,15.49
SUB0002721,CUST002469,PLAN02,2025-03-12,,Active,False,,,15.49
SUB0002722,CUST002470,PLAN02,2019-01-08,,Active,True,,,15.49
SUB0002723,CUST002471,PLAN01,2024-05-20,,Active,True,,,6.99
SUB0002724,CUST002472,PLAN01,2020-10-25,,Active,False,,,6.99
SUB0002725,CUST002473,PLAN01,2021-11-11,,Active,True,,,6.99
SUB0002726,CUST002474,PLAN02,2021-01-05,,Active,True,,,15.49
SUB0002727,CUST002475,PLAN03,2024-06-06,,Active,False,,,22.99
SUB0002728,CUST002476,PLAN01,2025-12-05,,Active,True,,,6.99
SUB0002729,CUST002477,PLAN03,2025-07-13,2026-01-06,Plan Changed,True,,,6.99
SUB0002730,CUST002477,PLAN01,2026-01-06,,Active,True,,,6.99
SUB0002731,CUST002478,PLAN01,2026-02-07,,Active,True,,,6.99
SUB0002732,CUST002479,PLAN01,2022-03-23,,Active,True,,,6.99
SUB0002733,CUST002480,PLAN01,2020-04-29,2023-07-18,Plan Changed,True,,,22.99
SUB0002734,CUST002480,PLAN03,2023-07-18,,Cancelled,True,2025-12-25,Found alternative platform,22.99
SUB0002735,CUST002481,PLAN03,2020-04-12,,Active,True,,,22.99
SUB0002736,CUST002482,PLAN03,2022-11-13,,Cancelled,True,2026-02-13,Poor customer service experience,22.99
SUB0002737,CUST002483,PLAN02,2019-04-13,,Active,True,,,15.49
SUB0002738,CUST002484,PLAN02,2023-08-03,,Cancelled,True,2025-10-08,No longer needed,15.49
SUB0002739,CUST002485,PLAN01,2025-04-12,,Cancelled,False,2026-06-25,Poor customer service experience,6.99
SUB0002740,CUST002486,PLAN01,2025-09-13,,Active,True,,,6.99
SUB0002741,CUST002487,PLAN03,2024-05-27,,Active,True,,,22.99
SUB0002742,CUST002488,PLAN02,2022-07-19,,Active,True,,,15.49
SUB0002743,CUST002489,PLAN03,2023-02-28,,Active,True,,,22.99
SUB0002744,CUST002490,PLAN02,2019-05-04,,Active,True,,,15.49
SUB0002745,CUST002491,PLAN02,2022-10-30,,Cancelled,True,2025-10-30,Moving / relocation,15.49
SUB0002746,CUST002492,PLAN03,2023-11-02,2024-10-31,Plan Changed,True,,,6.99
SUB0002747,CUST002492,PLAN01,2024-10-31,,Active,True,,,6.99
SUB0002748,CUST002493,PLAN01,2021-09-15,,Cancelled,True,2025-12-11,Password sharing crackdown,6.99
SUB0002749,CUST002494,PLAN01,2021-07-31,2025-09-29,Plan Changed,True,,,6.99
SUB0002750,CUST002494,PLAN01,2025-09-29,,Cancelled,True,2026-02-07,Technical issues,6.99
SUB0002751,CUST002495,PLAN03,2019-04-23,,Active,True,,,22.99
SUB0002752,CUST002496,PLAN01,2023-03-25,,Cancelled,True,2026-02-17,Technical issues,6.99
SUB0002753,CUST002497,PLAN01,2022-01-26,,Cancelled,True,2026-02-19,Poor customer service experience,6.99
SUB0002754,CUST002498,PLAN01,2023-04-11,,Active,True,,,6.99
SUB0002755,CUST002499,PLAN02,2019-02-18,,Cancelled,True,2026-05-17,Content quality decline,15.49
SUB0002756,CUST002500,PLAN01,2026-04-21,,Active,True,,,6.99
SUB0002757,CUST002501,PLAN01,2022-08-08,,Cancelled,True,2026-05-11,Found alternative platform,6.99
SUB0002758,CUST002502,PLAN02,2025-06-15,,Cancelled,True,2025-12-13,Found alternative platform,15.49
SUB0002759,CUST002503,PLAN03,2022-06-27,,Active,False,,,22.99
SUB0002760,CUST002504,PLAN01,2024-03-08,,Cancelled,True,2026-02-12,Poor customer service experience,6.99
SUB0002761,CUST002505,PLAN01,2019-04-15,,Active,True,,,6.99
SUB0002762,CUST002506,PLAN02,2024-10-21,,Active,True,,,15.49
SUB0002763,CUST002507,PLAN02,2024-02-15,,Active,True,,,15.49
SUB0002764,CUST002508,PLAN01,2023-01-28,,Active,True,,,6.99
SUB0002765,CUST002509,PLAN01,2022-03-29,,Cancelled,True,2025-12-22,Household budget cuts,6.99
SUB0002766,CUST002510,PLAN01,2022-05-14,,Active,True,,,6.99
SUB0002767,CUST002511,PLAN02,2022-12-27,,Active,True,,,15.49
SUB0002768,CUST002512,PLAN01,2022-11-09,2024-02-28,Plan Changed,True,,,15.49
SUB0002769,CUST002512,PLAN02,2024-02-28,,Cancelled,True,2026-02-01,No longer needed,15.49
SUB0002770,CUST002513,PLAN02,2022-02-06,,Active,True,,,15.49
SUB0002771,CUST002514,PLAN01,2025-06-16,,Active,True,,,6.99
SUB0002772,CUST002515,PLAN01,2019-04-18,,Active,True,,,6.99
SUB0002773,CUST002516,PLAN03,2024-07-12,,Active,True,,,22.99
SUB0002774,CUST002517,PLAN01,2019-10-30,,Cancelled,True,2025-11-26,Household budget cuts,6.99
SUB0002775,CUST002518,PLAN01,2024-08-07,,Active,True,,,6.99
SUB0002776,CUST002519,PLAN02,2021-03-29,,Active,True,,,15.49
SUB0002777,CUST002520,PLAN01,2019-08-12,,Cancelled,False,2026-04-04,Technical issues,6.99
SUB0002778,CUST002521,PLAN02,2020-12-29,,Active,True,,,15.49
SUB0002779,CUST002522,PLAN01,2019-05-25,,Active,True,,,6.99
SUB0002780,CUST002523,PLAN01,2019-07-22,,Active,True,,,6.99
SUB0002781,CUST002524,PLAN02,2023-08-15,,Active,True,,,15.49
SUB0002782,CUST002525,PLAN03,2026-05-12,,Active,True,,,22.99
SUB0002783,CUST002526,PLAN01,2021-08-03,,Active,True,,,6.99
SUB0002784,CUST002527,PLAN03,2019-04-11,,Cancelled,True,2026-02-09,Not enough content,22.99
SUB0002785,CUST002528,PLAN01,2025-02-06,,Active,False,,,6.99
SUB0002786,CUST002529,PLAN02,2019-11-15,,Cancelled,True,2026-06-30,Payment issues,15.49
SUB0002787,CUST002530,PLAN03,2024-11-20,,Cancelled,False,2025-12-24,Not enough content,22.99
SUB0002788,CUST002531,PLAN02,2022-06-09,,Active,True,,,15.49
SUB0002789,CUST002532,PLAN01,2020-11-27,2024-09-18,Plan Changed,True,,,15.49
SUB0002790,CUST002532,PLAN02,2024-09-18,,Active,True,,,15.49
SUB0002791,CUST002533,PLAN01,2023-04-18,,Active,True,,,6.99
SUB0002792,CUST002534,PLAN03,2024-12-15,2026-03-04,Plan Changed,True,,,6.99
SUB0002793,CUST002534,PLAN01,2026-03-04,,Active,True,,,6.99
SUB0002794,CUST002535,PLAN02,2020-02-19,,Active,True,,,15.49
SUB0002795,CUST002536,PLAN01,2026-05-01,,Active,True,,,6.99
SUB0002796,CUST002537,PLAN02,2022-01-26,,Cancelled,True,2026-02-19,Not enough content,15.49
SUB0002797,CUST002538,PLAN01,2023-02-19,,Active,False,,,6.99
SUB0002798,CUST002539,PLAN03,2021-10-23,,Active,True,,,22.99
SUB0002799,CUST002540,PLAN02,2022-03-09,,Cancelled,True,2025-12-29,Found alternative platform,15.49
SUB0002800,CUST002541,PLAN02,2024-10-26,,Active,False,,,15.49
SUB0002801,CUST002542,PLAN01,2026-01-22,,Active,True,,,6.99
SUB0002802,CUST002543,PLAN01,2022-09-27,,Cancelled,True,2025-11-03,Moving / relocation,6.99
SUB0002803,CUST002544,PLAN03,2025-02-17,,Active,True,,,22.99
SUB0002804,CUST002545,PLAN02,2022-03-27,2025-09-03,Plan Changed,True,,,15.49
SUB0002805,CUST002545,PLAN02,2025-09-03,,Active,True,,,15.49
SUB0002806,CUST002546,PLAN01,2024-12-31,,Active,True,,,6.99
SUB0002807,CUST002547,PLAN01,2025-05-29,,Active,True,,,6.99
SUB0002808,CUST002548,PLAN01,2024-03-06,,Active,True,,,6.99
SUB0002809,CUST002549,PLAN02,2020-12-14,,Active,True,,,15.49
SUB0002810,CUST002550,PLAN01,2023-09-27,,Active,False,,,6.99
SUB0002811,CUST002551,PLAN01,2021-01-12,,Active,True,,,6.99
SUB0002812,CUST002552,PLAN03,2021-09-12,,Active,True,,,22.99
SUB0002813,CUST002553,PLAN02,2025-04-27,,Active,True,,,15.49
SUB0002814,CUST002554,PLAN01,2024-01-26,,Active,False,,,6.99
SUB0002815,CUST002555,PLAN03,2019-01-12,,Cancelled,False,2026-05-30,Not enough content,22.99
SUB0002816,CUST002556,PLAN02,2020-08-07,,Active,True,,,15.49
SUB0002817,CUST002557,PLAN02,2024-10-10,,Cancelled,True,2025-11-10,Found alternative platform,15.49
SUB0002818,CUST002558,PLAN03,2022-11-15,2025-10-30,Plan Changed,True,,,15.49
SUB0002819,CUST002558,PLAN02,2025-10-30,,Active,True,,,15.49
SUB0002820,CUST002559,PLAN03,2023-09-02,,Active,False,,,22.99
SUB0002821,CUST002560,PLAN02,2022-04-13,,Active,True,,,15.49
SUB0002822,CUST002561,PLAN03,2020-02-16,,Active,True,,,22.99
SUB0002823,CUST002562,PLAN03,2020-10-29,,Active,True,,,22.99
SUB0002824,CUST002563,PLAN03,2021-11-18,,Active,True,,,22.99
SUB0002825,CUST002564,PLAN01,2020-12-09,,Cancelled,True,2026-05-20,Not enough content,6.99
SUB0002826,CUST002565,PLAN01,2022-02-27,,Active,True,,,6.99
SUB0002827,CUST002566,PLAN01,2019-04-12,,Active,True,,,6.99
SUB0002828,CUST002567,PLAN03,2024-03-08,,Active,False,,,22.99
SUB0002829,CUST002568,PLAN02,2023-09-22,,Cancelled,True,2025-12-09,Technical issues,15.49
SUB0002830,CUST002569,PLAN02,2023-10-23,,Active,True,,,15.49
SUB0002831,CUST002570,PLAN02,2025-12-12,,Active,True,,,15.49
SUB0002832,CUST002571,PLAN01,2022-05-24,2024-08-24,Plan Changed,True,,,15.49
SUB0002833,CUST002571,PLAN02,2024-08-24,,Active,True,,,15.49
SUB0002834,CUST002572,PLAN03,2022-12-17,,Active,False,,,22.99
SUB0002835,CUST002573,PLAN03,2019-08-05,,Cancelled,False,2026-02-23,Too expensive,22.99
SUB0002836,CUST002574,PLAN01,2023-08-18,,Cancelled,False,2026-03-03,Technical issues,6.99
SUB0002837,CUST002575,PLAN03,2026-05-18,,Active,False,,,22.99
SUB0002838,CUST002576,PLAN01,2019-06-28,,Active,True,,,6.99
SUB0002839,CUST002577,PLAN02,2025-05-25,2026-06-11,Plan Changed,True,,,6.99
SUB0002840,CUST002577,PLAN01,2026-06-11,,Cancelled,True,2026-05-13,Too expensive,6.99
SUB0002841,CUST002578,PLAN01,2021-04-18,,Active,True,,,6.99
SUB0002842,CUST002579,PLAN01,2019-10-17,,Active,True,,,6.99
SUB0002843,CUST002580,PLAN01,2020-04-18,,Active,True,,,6.99
SUB0002844,CUST002581,PLAN03,2021-07-05,,Active,False,,,22.99
SUB0002845,CUST002582,PLAN01,2020-06-08,,Cancelled,True,2025-12-25,Not enough content,6.99
SUB0002846,CUST002583,PLAN01,2023-09-13,,Active,True,,,6.99
SUB0002847,CUST002584,PLAN01,2024-10-13,,Active,True,,,6.99
SUB0002848,CUST002585,PLAN01,2024-01-11,,Cancelled,True,2025-12-02,Content quality decline,6.99
SUB0002849,CUST002586,PLAN01,2021-03-24,2024-02-23,Plan Changed,True,,,15.49
SUB0002850,CUST002586,PLAN02,2024-02-23,,Active,True,,,15.49
SUB0002851,CUST002587,PLAN02,2022-07-09,,Active,True,,,15.49
SUB0002852,CUST002588,PLAN02,2022-09-30,,Active,True,,,15.49
SUB0002853,CUST002589,PLAN01,2020-11-28,,Cancelled,False,2026-04-30,Found alternative platform,6.99
SUB0002854,CUST002590,PLAN02,2024-02-29,,Active,True,,,15.49
SUB0002855,CUST002591,PLAN01,2021-08-07,,Active,True,,,6.99
SUB0002856,CUST002592,PLAN01,2023-09-26,,Active,True,,,6.99
SUB0002857,CUST002593,PLAN02,2019-03-02,,Active,True,,,15.49
SUB0002858,CUST002594,PLAN02,2026-01-29,,Cancelled,True,2026-04-09,Content quality decline,15.49
SUB0002859,CUST002595,PLAN02,2025-12-29,,Active,True,,,15.49
SUB0002860,CUST002596,PLAN03,2021-11-13,,Active,True,,,22.99
SUB0002861,CUST002597,PLAN02,2021-12-10,,Active,False,,,15.49
SUB0002862,CUST002598,PLAN02,2020-04-19,,Active,True,,,15.49
SUB0002863,CUST002599,PLAN01,2024-04-06,,Cancelled,True,2026-01-16,Moving / relocation,6.99
SUB0002864,CUST002600,PLAN02,2021-06-16,,Cancelled,False,2026-02-03,Technical issues,15.49
SUB0002865,CUST002601,PLAN03,2023-11-07,,Active,False,,,22.99
SUB0002866,CUST002602,PLAN01,2023-01-06,,Cancelled,True,2025-10-26,Not enough content,6.99
SUB0002867,CUST002603,PLAN01,2020-07-11,2022-04-18,Plan Changed,False,,,6.99
SUB0002868,CUST002603,PLAN01,2022-04-18,,Cancelled,False,2025-10-06,Not enough content,6.99
SUB0002869,CUST002604,PLAN02,2024-01-09,,Active,False,,,15.49
SUB0002870,CUST002605,PLAN03,2022-12-29,,Active,False,,,22.99
SUB0002871,CUST002606,PLAN03,2022-01-10,2023-07-18,Plan Changed,False,,,6.99
SUB0002872,CUST002606,PLAN01,2023-07-18,,Active,False,,,6.99
SUB0002873,CUST002607,PLAN02,2026-01-09,,Cancelled,False,2026-03-12,Not enough content,15.49
SUB0002874,CUST002608,PLAN03,2021-02-02,,Active,True,,,22.99
SUB0002875,CUST002609,PLAN02,2020-12-07,,Active,True,,,15.49
SUB0002876,CUST002610,PLAN02,2025-10-09,2026-01-01,Plan Changed,True,,,15.49
SUB0002877,CUST002610,PLAN02,2026-01-01,,Cancelled,True,2026-01-26,Found alternative platform,15.49
SUB0002878,CUST002611,PLAN02,2020-03-11,,Cancelled,True,2026-03-08,Poor customer service experience,15.49
SUB0002879,CUST002612,PLAN03,2020-04-14,,Active,True,,,22.99
SUB0002880,CUST002613,PLAN03,2020-08-24,,Active,False,,,22.99
SUB0002881,CUST002614,PLAN03,2023-04-20,,Active,True,,,22.99
SUB0002882,CUST002615,PLAN01,2019-12-27,,Cancelled,True,2025-11-25,Too expensive,6.99
SUB0002883,CUST002616,PLAN02,2022-08-08,,Active,True,,,15.49
SUB0002884,CUST002617,PLAN03,2022-04-17,,Active,False,,,22.99
SUB0002885,CUST002618,PLAN03,2023-08-07,2025-08-23,Plan Changed,True,,,6.99
SUB0002886,CUST002618,PLAN01,2025-08-23,,Active,True,,,6.99
SUB0002887,CUST002619,PLAN02,2019-11-27,,Active,True,,,15.49
SUB0002888,CUST002620,PLAN01,2025-12-01,,Active,False,,,6.99
SUB0002889,CUST002621,PLAN01,2024-05-21,,Active,True,,,6.99
SUB0002890,CUST002622,PLAN01,2019-11-09,,Cancelled,True,2026-04-11,Too expensive,6.99
SUB0002891,CUST002623,PLAN01,2020-04-05,,Active,False,,,6.99
SUB0002892,CUST002624,PLAN02,2024-04-08,,Cancelled,True,2026-02-20,Content quality decline,15.49
SUB0002893,CUST002625,PLAN01,2019-10-18,,Active,True,,,6.99
SUB0002894,CUST002626,PLAN02,2026-03-15,,Cancelled,True,2026-04-21,Found alternative platform,15.49
SUB0002895,CUST002627,PLAN02,2025-04-27,2026-01-08,Plan Changed,True,,,6.99
SUB0002896,CUST002627,PLAN01,2026-01-08,,Active,True,,,6.99
SUB0002897,CUST002628,PLAN03,2021-08-28,,Active,True,,,22.99
SUB0002898,CUST002629,PLAN02,2025-02-05,,Cancelled,True,2026-05-14,No longer needed,15.49
SUB0002899,CUST002630,PLAN02,2024-11-07,,Active,True,,,15.49
SUB0002900,CUST002631,PLAN03,2022-07-27,2026-04-10,Plan Changed,True,,,22.99
SUB0002901,CUST002631,PLAN03,2026-04-10,,Active,True,,,22.99
SUB0002902,CUST002632,PLAN01,2025-08-03,,Active,False,,,6.99
SUB0002903,CUST002633,PLAN02,2023-11-21,,Active,True,,,15.49
SUB0002904,CUST002634,PLAN01,2022-04-07,,Cancelled,True,2025-10-20,Too expensive,6.99
SUB0002905,CUST002635,PLAN01,2019-10-16,,Active,True,,,6.99
SUB0002906,CUST002636,PLAN03,2019-02-27,,Active,True,,,22.99
SUB0002907,CUST002637,PLAN01,2023-05-03,,Cancelled,False,2025-12-03,Content quality decline,6.99
SUB0002908,CUST002638,PLAN01,2023-10-10,,Active,True,,,6.99
SUB0002909,CUST002639,PLAN03,2020-02-01,,Active,True,,,22.99
SUB0002910,CUST002640,PLAN01,2024-03-07,,Active,True,,,6.99
SUB0002911,CUST002641,PLAN01,2022-08-23,2025-05-07,Plan Changed,True,,,15.49
SUB0002912,CUST002641,PLAN02,2025-05-07,,Cancelled,True,2025-11-10,Technical issues,15.49
SUB0002913,CUST002642,PLAN01,2020-03-28,,Cancelled,True,2026-05-21,Found alternative platform,6.99
SUB0002914,CUST002643,PLAN01,2024-04-27,,Active,True,,,6.99
SUB0002915,CUST002644,PLAN01,2023-07-30,,Active,True,,,6.99
SUB0002916,CUST002645,PLAN01,2025-10-03,,Active,True,,,6.99
SUB0002917,CUST002646,PLAN01,2019-05-24,,Cancelled,True,2025-12-18,Not enough content,6.99
SUB0002918,CUST002647,PLAN01,2023-04-26,,Cancelled,True,2025-12-03,Content quality decline,6.99
SUB0002919,CUST002648,PLAN02,2020-12-25,,Cancelled,True,2026-03-13,No longer needed,15.49
SUB0002920,CUST002649,PLAN01,2019-10-01,,Active,True,,,6.99
SUB0002921,CUST002650,PLAN01,2024-03-03,2025-03-06,Plan Changed,True,,,6.99
SUB0002922,CUST002650,PLAN01,2025-03-06,,Active,True,,,6.99
SUB0002923,CUST002651,PLAN02,2022-10-14,,Active,True,,,15.49
SUB0002924,CUST002652,PLAN02,2022-08-01,,Active,True,,,15.49
SUB0002925,CUST002653,PLAN02,2021-04-10,2024-02-16,Plan Changed,True,,,15.49
SUB0002926,CUST002653,PLAN02,2024-02-16,,Active,True,,,15.49
SUB0002927,CUST002654,PLAN01,2019-11-16,2024-02-23,Plan Changed,True,,,6.99
SUB0002928,CUST002654,PLAN01,2024-02-23,,Active,True,,,6.99
SUB0002929,CUST002655,PLAN03,2023-02-26,,Active,True,,,22.99
SUB0002930,CUST002656,PLAN03,2021-06-15,,Active,True,,,22.99
SUB0002931,CUST002657,PLAN01,2020-09-19,,Cancelled,True,2026-01-06,Found alternative platform,6.99
SUB0002932,CUST002658,PLAN02,2021-01-04,2025-03-01,Plan Changed,True,,,6.99
SUB0002933,CUST002658,PLAN01,2025-03-01,,Active,True,,,6.99
SUB0002934,CUST002659,PLAN01,2025-03-29,2025-10-19,Plan Changed,True,,,6.99
SUB0002935,CUST002659,PLAN01,2025-10-19,,Active,True,,,6.99
SUB0002936,CUST002660,PLAN01,2019-04-26,,Active,False,,,6.99
SUB0002937,CUST002661,PLAN02,2025-03-20,,Active,True,,,15.49
SUB0002938,CUST002662,PLAN01,2023-01-02,,Active,True,,,6.99
SUB0002939,CUST002663,PLAN01,2024-02-06,2024-08-22,Plan Changed,True,,,15.49
SUB0002940,CUST002663,PLAN02,2024-08-22,,Active,True,,,15.49
SUB0002941,CUST002664,PLAN02,2023-03-28,,Active,False,,,15.49
SUB0002942,CUST002665,PLAN01,2019-07-21,,Cancelled,True,2026-04-02,Too expensive,6.99
SUB0002943,CUST002666,PLAN02,2024-11-04,,Active,False,,,15.49
SUB0002944,CUST002667,PLAN01,2024-12-26,,Active,True,,,6.99
SUB0002945,CUST002668,PLAN03,2026-02-15,,Active,True,,,22.99
SUB0002946,CUST002669,PLAN03,2023-10-02,,Active,True,,,22.99
SUB0002947,CUST002670,PLAN02,2021-03-08,,Active,True,,,15.49
SUB0002948,CUST002671,PLAN03,2022-12-29,,Active,True,,,22.99
SUB0002949,CUST002672,PLAN02,2021-05-02,,Active,True,,,15.49
SUB0002950,CUST002673,PLAN02,2020-07-04,,Cancelled,False,2026-04-04,Too expensive,15.49
SUB0002951,CUST002674,PLAN03,2023-12-07,,Cancelled,True,2026-03-14,Moving / relocation,22.99
SUB0002952,CUST002675,PLAN01,2025-08-13,,Active,True,,,6.99
SUB0002953,CUST002676,PLAN01,2026-02-21,,Active,True,,,6.99
SUB0002954,CUST002677,PLAN02,2025-09-05,,Active,False,,,15.49
SUB0002955,CUST002678,PLAN02,2020-10-16,,Active,True,,,15.49
SUB0002956,CUST002679,PLAN03,2019-12-10,,Active,True,,,22.99
SUB0002957,CUST002680,PLAN01,2024-08-14,,Cancelled,False,2025-10-17,Poor customer service experience,6.99
SUB0002958,CUST002681,PLAN01,2025-05-29,2026-02-28,Plan Changed,True,,,15.49
SUB0002959,CUST002681,PLAN02,2026-02-28,,Cancelled,True,2026-03-03,No longer needed,15.49
SUB0002960,CUST002682,PLAN03,2024-07-16,,Active,True,,,22.99
SUB0002961,CUST002683,PLAN02,2021-09-23,,Active,True,,,15.49
SUB0002962,CUST002684,PLAN02,2021-12-04,,Active,False,,,15.49
SUB0002963,CUST002685,PLAN01,2026-04-10,,Active,True,,,6.99
SUB0002964,CUST002686,PLAN03,2019-04-27,,Active,True,,,22.99
SUB0002965,CUST002687,PLAN02,2019-09-04,,Active,True,,,15.49
SUB0002966,CUST002688,PLAN01,2022-07-20,,Active,True,,,6.99
SUB0002967,CUST002689,PLAN01,2022-09-13,,Active,True,,,6.99
SUB0002968,CUST002690,PLAN01,2019-09-01,,Active,True,,,6.99
SUB0002969,CUST002691,PLAN01,2020-12-18,,Active,False,,,6.99
SUB0002970,CUST002692,PLAN02,2019-01-01,,Active,True,,,15.49
SUB0002971,CUST002693,PLAN02,2024-09-16,,Active,True,,,15.49
SUB0002972,CUST002694,PLAN02,2021-06-09,,Active,True,,,15.49
SUB0002973,CUST002695,PLAN02,2019-12-14,,Cancelled,True,2026-01-30,Not enough content,15.49
SUB0002974,CUST002696,PLAN01,2022-04-16,,Active,True,,,6.99
SUB0002975,CUST002697,PLAN01,2020-03-10,,Cancelled,True,2026-01-20,Not enough content,6.99
SUB0002976,CUST002698,PLAN03,2025-04-12,2025-08-26,Plan Changed,True,,,22.99
SUB0002977,CUST002698,PLAN03,2025-08-26,,Active,True,,,22.99
SUB0002978,CUST002699,PLAN02,2020-08-17,,Active,True,,,15.49
SUB0002979,CUST002700,PLAN02,2023-10-10,2024-04-27,Plan Changed,True,,,22.99
SUB0002980,CUST002700,PLAN03,2024-04-27,,Active,True,,,22.99
SUB0002981,CUST002701,PLAN02,2021-10-13,,Active,True,,,15.49
SUB0002982,CUST002702,PLAN02,2020-04-19,,Cancelled,True,2026-02-08,Found alternative platform,15.49
SUB0002983,CUST002703,PLAN01,2024-10-30,2026-06-18,Plan Changed,True,,,15.49
SUB0002984,CUST002703,PLAN02,2026-06-18,,Active,True,,,15.49
SUB0002985,CUST002704,PLAN02,2022-09-23,,Active,True,,,15.49
SUB0002986,CUST002705,PLAN03,2020-08-19,,Active,False,,,22.99
SUB0002987,CUST002706,PLAN01,2024-08-30,,Cancelled,True,2026-04-02,Payment issues,6.99
SUB0002988,CUST002707,PLAN01,2021-02-13,,Active,True,,,6.99
SUB0002989,CUST002708,PLAN02,2019-05-23,2021-03-25,Plan Changed,True,,,6.99
SUB0002990,CUST002708,PLAN01,2021-03-25,,Active,True,,,6.99
SUB0002991,CUST002709,PLAN01,2022-02-20,,Active,True,,,6.99
SUB0002992,CUST002710,PLAN03,2020-06-22,,Active,True,,,22.99
SUB0002993,CUST002711,PLAN02,2021-06-18,,Active,True,,,15.49
SUB0002994,CUST002712,PLAN01,2021-03-18,2025-11-19,Plan Changed,True,,,15.49
SUB0002995,CUST002712,PLAN02,2025-11-19,,Active,True,,,15.49
SUB0002996,CUST002713,PLAN03,2023-04-11,,Cancelled,True,2025-10-11,No longer needed,22.99
SUB0002997,CUST002714,PLAN02,2021-04-09,,Active,True,,,15.49
SUB0002998,CUST002715,PLAN01,2023-05-17,,Active,True,,,6.99
SUB0002999,CUST002716,PLAN03,2020-02-20,,Active,True,,,22.99
SUB0003000,CUST002717,PLAN01,2020-04-14,,Active,True,,,6.99
SUB0003001,CUST002718,PLAN02,2022-06-28,2025-03-29,Plan Changed,False,,,22.99
SUB0003002,CUST002718,PLAN03,2025-03-29,,Cancelled,False,2026-01-28,Moving / relocation,22.99
SUB0003003,CUST002719,PLAN01,2019-10-11,,Active,True,,,6.99
SUB0003004,CUST002720,PLAN01,2022-03-04,2024-06-29,Plan Changed,True,,,22.99
SUB0003005,CUST002720,PLAN03,2024-06-29,,Cancelled,True,2026-01-05,Found alternative platform,22.99
SUB0003006,CUST002721,PLAN02,2026-01-14,,Active,True,,,15.49
SUB0003007,CUST002722,PLAN01,2022-06-06,2026-04-08,Plan Changed,True,,,22.99
SUB0003008,CUST002722,PLAN03,2026-04-08,,Active,True,,,22.99
SUB0003009,CUST002723,PLAN03,2019-12-24,,Active,True,,,22.99
SUB0003010,CUST002724,PLAN02,2024-08-01,,Cancelled,True,2026-05-13,Technical issues,15.49
SUB0003011,CUST002725,PLAN03,2020-04-29,,Active,False,,,22.99
SUB0003012,CUST002726,PLAN02,2025-09-01,,Active,True,,,15.49
SUB0003013,CUST002727,PLAN03,2024-10-01,,Active,True,,,22.99
SUB0003014,CUST002728,PLAN01,2021-10-14,,Active,True,,,6.99
SUB0003015,CUST002729,PLAN01,2023-09-03,2025-04-01,Plan Changed,True,,,6.99
SUB0003016,CUST002729,PLAN01,2025-04-01,,Active,True,,,6.99
SUB0003017,CUST002730,PLAN01,2019-08-14,,Cancelled,True,2025-12-29,Poor customer service experience,6.99
SUB0003018,CUST002731,PLAN02,2019-12-28,,Active,True,,,15.49
SUB0003019,CUST002732,PLAN03,2023-01-15,,Active,True,,,22.99
SUB0003020,CUST002733,PLAN02,2021-12-13,2022-05-26,Plan Changed,True,,,15.49
SUB0003021,CUST002733,PLAN02,2022-05-26,,Cancelled,True,2026-03-15,Technical issues,15.49
SUB0003022,CUST002734,PLAN02,2020-06-25,,Active,True,,,15.49
SUB0003023,CUST002735,PLAN03,2024-10-18,,Active,True,,,22.99
SUB0003024,CUST002736,PLAN01,2025-03-06,,Active,True,,,6.99
SUB0003025,CUST002737,PLAN01,2023-10-21,,Cancelled,False,2026-03-04,Too expensive,6.99
SUB0003026,CUST002738,PLAN02,2024-06-19,,Active,True,,,15.49
SUB0003027,CUST002739,PLAN01,2023-02-24,,Active,True,,,6.99
SUB0003028,CUST002740,PLAN02,2024-03-19,,Active,True,,,15.49
SUB0003029,CUST002741,PLAN03,2026-04-17,,Cancelled,True,2026-05-27,Not enough content,22.99
SUB0003030,CUST002742,PLAN02,2024-07-28,,Active,True,,,15.49
SUB0003031,CUST002743,PLAN03,2023-06-28,,Active,True,,,22.99
SUB0003032,CUST002744,PLAN02,2021-07-01,,Active,True,,,15.49
SUB0003033,CUST002745,PLAN03,2024-05-30,,Active,True,,,22.99
SUB0003034,CUST002746,PLAN01,2022-01-05,,Active,True,,,6.99
SUB0003035,CUST002747,PLAN02,2026-02-08,,Cancelled,False,2026-05-27,Found alternative platform,15.49
SUB0003036,CUST002748,PLAN03,2024-09-23,,Cancelled,True,2026-01-29,No longer needed,22.99
SUB0003037,CUST002749,PLAN01,2026-05-25,,Active,True,,,6.99
SUB0003038,CUST002750,PLAN03,2023-08-12,,Active,True,,,22.99
SUB0003039,CUST002751,PLAN03,2023-02-12,,Cancelled,True,2025-11-27,Moving / relocation,22.99
SUB0003040,CUST002752,PLAN03,2025-03-19,,Active,True,,,22.99
SUB0003041,CUST002753,PLAN01,2026-04-19,,Active,True,,,6.99
SUB0003042,CUST002754,PLAN02,2022-08-13,,Active,True,,,15.49
SUB0003043,CUST002755,PLAN02,2023-08-13,,Active,True,,,15.49
SUB0003044,CUST002756,PLAN02,2022-10-05,,Cancelled,True,2025-12-30,Not enough content,15.49
SUB0003045,CUST002757,PLAN02,2019-12-03,,Active,True,,,15.49
SUB0003046,CUST002758,PLAN01,2020-10-11,,Active,False,,,6.99
SUB0003047,CUST002759,PLAN03,2021-03-19,2022-06-08,Plan Changed,True,,,6.99
SUB0003048,CUST002759,PLAN01,2022-06-08,,Active,True,,,6.99
SUB0003049,CUST002760,PLAN02,2020-02-25,,Active,True,,,15.49
SUB0003050,CUST002761,PLAN01,2024-03-22,,Active,True,,,6.99
SUB0003051,CUST002762,PLAN02,2020-01-18,,Active,True,,,15.49
SUB0003052,CUST002763,PLAN01,2024-10-01,,Cancelled,False,2026-01-12,Found alternative platform,6.99
SUB0003053,CUST002764,PLAN02,2025-02-25,,Active,True,,,15.49
SUB0003054,CUST002765,PLAN01,2023-08-03,,Active,False,,,6.99
SUB0003055,CUST002766,PLAN03,2024-06-23,,Cancelled,True,2025-10-14,Too expensive,22.99
SUB0003056,CUST002767,PLAN02,2020-07-29,,Active,True,,,15.49
SUB0003057,CUST002768,PLAN01,2025-04-27,,Active,True,,,6.99
SUB0003058,CUST002769,PLAN01,2020-09-15,,Active,False,,,6.99
SUB0003059,CUST002770,PLAN03,2023-10-03,,Cancelled,True,2026-03-25,Not enough content,22.99
SUB0003060,CUST002771,PLAN01,2025-05-07,,Active,True,,,6.99
SUB0003061,CUST002772,PLAN02,2021-04-23,,Active,True,,,15.49
SUB0003062,CUST002773,PLAN01,2025-04-13,2026-05-05,Plan Changed,False,,,6.99
SUB0003063,CUST002773,PLAN01,2026-05-05,,Cancelled,False,2026-06-12,Payment issues,6.99
SUB0003064,CUST002774,PLAN03,2019-10-05,2021-09-10,Plan Changed,True,,,6.99
SUB0003065,CUST002774,PLAN01,2021-09-10,,Active,True,,,6.99
SUB0003066,CUST002775,PLAN02,2019-07-02,,Active,True,,,15.49
SUB0003067,CUST002776,PLAN03,2023-09-29,,Cancelled,True,2025-11-06,Poor customer service experience,22.99
SUB0003068,CUST002777,PLAN03,2022-01-31,,Active,True,,,22.99
SUB0003069,CUST002778,PLAN02,2023-05-08,,Cancelled,True,2025-10-16,Too expensive,15.49
SUB0003070,CUST002779,PLAN02,2019-11-29,,Active,True,,,15.49
SUB0003071,CUST002780,PLAN01,2024-01-04,,Active,True,,,6.99
SUB0003072,CUST002781,PLAN01,2021-03-20,,Active,True,,,6.99
SUB0003073,CUST002782,PLAN01,2022-03-15,,Active,True,,,6.99
SUB0003074,CUST002783,PLAN01,2026-03-10,,Cancelled,True,2026-06-14,Not enough content,6.99
SUB0003075,CUST002784,PLAN01,2019-01-03,,Active,True,,,6.99
SUB0003076,CUST002785,PLAN03,2025-06-15,,Active,True,,,22.99
SUB0003077,CUST002786,PLAN01,2023-09-02,,Active,False,,,6.99
SUB0003078,CUST002787,PLAN01,2024-09-11,,Active,True,,,6.99
SUB0003079,CUST002788,PLAN02,2024-08-09,,Active,True,,,15.49
SUB0003080,CUST002789,PLAN03,2022-04-21,,Active,True,,,22.99
SUB0003081,CUST002790,PLAN02,2023-09-16,,Active,True,,,15.49
SUB0003082,CUST002791,PLAN01,2021-09-29,,Active,True,,,6.99
SUB0003083,CUST002792,PLAN03,2023-01-24,,Active,True,,,22.99
SUB0003084,CUST002793,PLAN03,2019-01-07,,Active,True,,,22.99
SUB0003085,CUST002794,PLAN01,2020-01-29,,Active,True,,,6.99
SUB0003086,CUST002795,PLAN01,2020-01-21,,Active,False,,,6.99
SUB0003087,CUST002796,PLAN02,2024-06-22,,Active,True,,,15.49
SUB0003088,CUST002797,PLAN01,2024-09-23,,Active,True,,,6.99
SUB0003089,CUST002798,PLAN02,2022-07-15,,Cancelled,True,2026-01-27,Found alternative platform,15.49
SUB0003090,CUST002799,PLAN02,2021-06-30,,Cancelled,False,2025-11-22,Content quality decline,15.49
SUB0003091,CUST002800,PLAN03,2024-11-25,,Active,False,,,22.99
SUB0003092,CUST002801,PLAN03,2019-11-14,,Active,True,,,22.99
SUB0003093,CUST002802,PLAN01,2024-09-22,,Active,True,,,6.99
SUB0003094,CUST002803,PLAN01,2024-08-25,,Active,True,,,6.99
SUB0003095,CUST002804,PLAN02,2024-07-11,,Active,True,,,15.49
SUB0003096,CUST002805,PLAN02,2019-06-22,,Active,False,,,15.49
SUB0003097,CUST002806,PLAN03,2025-11-20,,Cancelled,False,2026-04-07,Technical issues,22.99
SUB0003098,CUST002807,PLAN01,2025-03-05,,Active,True,,,6.99
SUB0003099,CUST002808,PLAN03,2025-02-11,2025-07-06,Plan Changed,False,,,15.49
SUB0003100,CUST002808,PLAN02,2025-07-06,,Active,False,,,15.49
SUB0003101,CUST002809,PLAN01,2020-02-28,,Active,True,,,6.99
SUB0003102,CUST002810,PLAN02,2025-01-05,2026-04-11,Plan Changed,True,,,6.99
SUB0003103,CUST002810,PLAN01,2026-04-11,,Active,True,,,6.99
SUB0003104,CUST002811,PLAN02,2023-12-03,,Cancelled,False,2026-06-08,No longer needed,15.49
SUB0003105,CUST002812,PLAN02,2020-01-28,,Active,True,,,15.49
SUB0003106,CUST002813,PLAN01,2025-06-08,,Cancelled,True,2025-12-18,Found alternative platform,6.99
SUB0003107,CUST002814,PLAN02,2019-11-28,,Active,True,,,15.49
SUB0003108,CUST002815,PLAN02,2026-03-10,,Active,True,,,15.49
SUB0003109,CUST002816,PLAN02,2023-08-26,2024-06-18,Plan Changed,True,,,22.99
SUB0003110,CUST002816,PLAN03,2024-06-18,,Active,True,,,22.99
SUB0003111,CUST002817,PLAN01,2023-01-28,,Active,True,,,6.99
SUB0003112,CUST002818,PLAN02,2020-05-09,,Active,True,,,15.49
SUB0003113,CUST002819,PLAN01,2020-04-19,,Active,True,,,6.99
SUB0003114,CUST002820,PLAN01,2022-04-18,,Active,True,,,6.99
SUB0003115,CUST002821,PLAN02,2024-09-22,,Cancelled,True,2026-05-08,Content quality decline,15.49
SUB0003116,CUST002822,PLAN01,2024-04-16,,Active,True,,,6.99
SUB0003117,CUST002823,PLAN02,2022-11-04,,Cancelled,True,2025-12-16,Moving / relocation,15.49
SUB0003118,CUST002824,PLAN01,2024-07-14,,Active,True,,,6.99
SUB0003119,CUST002825,PLAN02,2024-09-08,,Cancelled,True,2025-10-11,Technical issues,15.49
SUB0003120,CUST002826,PLAN03,2025-01-24,,Active,True,,,22.99
SUB0003121,CUST002827,PLAN03,2022-06-10,2023-10-17,Plan Changed,True,,,6.99
SUB0003122,CUST002827,PLAN01,2023-10-17,,Active,True,,,6.99
SUB0003123,CUST002828,PLAN02,2023-03-28,,Active,True,,,15.49
SUB0003124,CUST002829,PLAN01,2022-09-09,,Cancelled,True,2025-12-19,Found alternative platform,6.99
SUB0003125,CUST002830,PLAN02,2021-06-16,,Cancelled,False,2026-05-01,Poor customer service experience,15.49
SUB0003126,CUST002831,PLAN03,2022-07-10,,Active,True,,,22.99
SUB0003127,CUST002832,PLAN01,2023-01-03,,Active,True,,,6.99
SUB0003128,CUST002833,PLAN01,2022-05-11,,Active,True,,,6.99
SUB0003129,CUST002834,PLAN02,2020-07-11,,Active,False,,,15.49
SUB0003130,CUST002835,PLAN03,2025-06-20,,Cancelled,True,2026-05-09,Content quality decline,22.99
SUB0003131,CUST002836,PLAN01,2023-07-25,,Cancelled,True,2025-11-24,Payment issues,6.99
SUB0003132,CUST002837,PLAN02,2023-02-06,,Active,True,,,15.49
SUB0003133,CUST002838,PLAN01,2025-07-27,,Active,True,,,6.99
SUB0003134,CUST002839,PLAN01,2022-08-12,,Active,True,,,6.99
SUB0003135,CUST002840,PLAN01,2025-12-09,,Cancelled,True,2026-01-14,Content quality decline,6.99
SUB0003136,CUST002841,PLAN01,2025-10-23,2026-05-04,Plan Changed,True,,,15.49
SUB0003137,CUST002841,PLAN02,2026-05-04,,Active,True,,,15.49
SUB0003138,CUST002842,PLAN03,2019-10-01,,Active,True,,,22.99
SUB0003139,CUST002843,PLAN01,2019-10-26,,Active,False,,,6.99
SUB0003140,CUST002844,PLAN01,2022-03-16,,Cancelled,True,2025-11-06,Not enough content,6.99
SUB0003141,CUST002845,PLAN02,2022-08-26,,Active,True,,,15.49
SUB0003142,CUST002846,PLAN01,2025-01-16,,Active,True,,,6.99
SUB0003143,CUST002847,PLAN02,2021-10-29,,Active,False,,,15.49
SUB0003144,CUST002848,PLAN02,2024-04-25,,Active,True,,,15.49
SUB0003145,CUST002849,PLAN01,2022-06-02,,Active,True,,,6.99
SUB0003146,CUST002850,PLAN02,2024-12-01,,Active,True,,,15.49
SUB0003147,CUST002851,PLAN03,2022-03-29,2024-05-17,Plan Changed,False,,,6.99
SUB0003148,CUST002851,PLAN01,2024-05-17,,Active,False,,,6.99
SUB0003149,CUST002852,PLAN01,2025-12-12,,Active,True,,,6.99
SUB0003150,CUST002853,PLAN01,2022-11-08,,Active,True,,,6.99
SUB0003151,CUST002854,PLAN02,2021-11-05,,Active,True,,,15.49
SUB0003152,CUST002855,PLAN03,2020-03-14,,Cancelled,True,2026-04-28,Payment issues,22.99
SUB0003153,CUST002856,PLAN01,2024-05-15,,Active,True,,,6.99
SUB0003154,CUST002857,PLAN03,2025-03-07,2026-05-29,Plan Changed,True,,,15.49
SUB0003155,CUST002857,PLAN02,2026-05-29,,Active,True,,,15.49
SUB0003156,CUST002858,PLAN01,2019-12-07,,Active,True,,,6.99
SUB0003157,CUST002859,PLAN02,2026-03-17,,Cancelled,True,2026-05-26,No longer needed,15.49
SUB0003158,CUST002860,PLAN01,2025-04-15,,Active,True,,,6.99
SUB0003159,CUST002861,PLAN03,2022-08-03,,Active,True,,,22.99
SUB0003160,CUST002862,PLAN02,2021-09-20,,Active,True,,,15.49
SUB0003161,CUST002863,PLAN03,2023-04-07,2024-03-02,Plan Changed,False,,,6.99
SUB0003162,CUST002863,PLAN01,2024-03-02,,Cancelled,False,2026-06-20,Content quality decline,6.99
SUB0003163,CUST002864,PLAN01,2023-03-16,,Cancelled,True,2026-05-13,Content quality decline,6.99
SUB0003164,CUST002865,PLAN03,2024-12-16,,Active,True,,,22.99
SUB0003165,CUST002866,PLAN03,2021-06-26,,Active,True,,,22.99
SUB0003166,CUST002867,PLAN02,2019-03-27,,Active,True,,,15.49
SUB0003167,CUST002868,PLAN01,2020-02-12,,Active,True,,,6.99
SUB0003168,CUST002869,PLAN03,2023-07-19,,Active,True,,,22.99
SUB0003169,CUST002870,PLAN01,2021-05-29,2022-02-09,Plan Changed,True,,,15.49
SUB0003170,CUST002870,PLAN02,2022-02-09,,Active,True,,,15.49
SUB0003171,CUST002871,PLAN02,2024-02-21,,Active,True,,,15.49
SUB0003172,CUST002872,PLAN03,2025-07-08,,Cancelled,True,2026-03-09,No longer needed,22.99
SUB0003173,CUST002873,PLAN02,2021-03-30,,Active,False,,,15.49
SUB0003174,CUST002874,PLAN01,2025-02-11,,Active,True,,,6.99
SUB0003175,CUST002875,PLAN02,2024-12-09,,Cancelled,True,2025-10-20,Found alternative platform,15.49
SUB0003176,CUST002876,PLAN01,2021-02-26,,Active,True,,,6.99
SUB0003177,CUST002877,PLAN02,2021-09-02,2024-01-02,Plan Changed,True,,,15.49
SUB0003178,CUST002877,PLAN02,2024-01-02,,Active,True,,,15.49
SUB0003179,CUST002878,PLAN03,2021-12-06,2025-06-17,Plan Changed,True,,,6.99
SUB0003180,CUST002878,PLAN01,2025-06-17,,Cancelled,True,2026-05-18,Found alternative platform,6.99
SUB0003181,CUST002879,PLAN01,2023-10-16,,Active,True,,,6.99
SUB0003182,CUST002880,PLAN03,2023-11-09,,Active,False,,,22.99
SUB0003183,CUST002881,PLAN02,2023-04-02,,Cancelled,False,2025-10-22,Household budget cuts,15.49
SUB0003184,CUST002882,PLAN01,2024-11-09,,Cancelled,True,2025-10-09,Not enough content,6.99
SUB0003185,CUST002883,PLAN02,2024-04-30,2026-05-07,Plan Changed,True,,,6.99
SUB0003186,CUST002883,PLAN01,2026-05-07,,Active,True,,,6.99
SUB0003187,CUST002884,PLAN02,2024-03-14,,Active,True,,,15.49
SUB0003188,CUST002885,PLAN01,2023-10-25,,Cancelled,True,2025-11-20,Payment issues,6.99
SUB0003189,CUST002886,PLAN02,2023-11-09,2026-03-20,Plan Changed,True,,,15.49
SUB0003190,CUST002886,PLAN02,2026-03-20,,Active,True,,,15.49
SUB0003191,CUST002887,PLAN02,2024-05-30,,Active,True,,,15.49
SUB0003192,CUST002888,PLAN02,2022-01-15,,Cancelled,True,2025-11-18,No longer needed,15.49
SUB0003193,CUST002889,PLAN01,2026-03-28,,Active,True,,,6.99
SUB0003194,CUST002890,PLAN02,2023-06-09,,Cancelled,True,2025-11-08,Too expensive,15.49
SUB0003195,CUST002891,PLAN02,2022-10-05,,Active,False,,,15.49
SUB0003196,CUST002892,PLAN03,2021-02-03,2022-05-30,Plan Changed,True,,,6.99
SUB0003197,CUST002892,PLAN01,2022-05-30,,Active,True,,,6.99
SUB0003198,CUST002893,PLAN02,2022-11-13,,Active,True,,,15.49
SUB0003199,CUST002894,PLAN03,2023-09-01,,Active,False,,,22.99
SUB0003200,CUST002895,PLAN02,2021-11-21,2025-06-29,Plan Changed,False,,,22.99
SUB0003201,CUST002895,PLAN03,2025-06-29,,Active,False,,,22.99
SUB0003202,CUST002896,PLAN02,2023-01-21,2025-09-24,Plan Changed,True,,,15.49
SUB0003203,CUST002896,PLAN02,2025-09-24,,Active,True,,,15.49
SUB0003204,CUST002897,PLAN01,2025-01-31,,Active,True,,,6.99
SUB0003205,CUST002898,PLAN01,2019-10-02,,Active,True,,,6.99
SUB0003206,CUST002899,PLAN01,2025-12-16,,Cancelled,True,2026-06-18,Payment issues,6.99
SUB0003207,CUST002900,PLAN03,2022-09-22,,Cancelled,True,2025-11-27,Too expensive,22.99
SUB0003208,CUST002901,PLAN03,2021-01-03,2026-02-28,Plan Changed,True,,,15.49
SUB0003209,CUST002901,PLAN02,2026-02-28,,Active,True,,,15.49
SUB0003210,CUST002902,PLAN01,2026-03-12,,Active,False,,,6.99
SUB0003211,CUST002903,PLAN03,2020-02-21,,Cancelled,True,2026-02-19,Found alternative platform,22.99
SUB0003212,CUST002904,PLAN01,2026-02-04,,Cancelled,True,2026-02-06,No longer needed,6.99
SUB0003213,CUST002905,PLAN01,2025-12-30,,Active,True,,,6.99
SUB0003214,CUST002906,PLAN01,2019-11-21,,Active,True,,,6.99
SUB0003215,CUST002907,PLAN01,2026-05-15,,Active,False,,,6.99
SUB0003216,CUST002908,PLAN01,2020-06-16,,Active,False,,,6.99
SUB0003217,CUST002909,PLAN02,2021-01-01,,Cancelled,True,2026-02-02,Poor customer service experience,15.49
SUB0003218,CUST002910,PLAN01,2022-01-17,,Cancelled,True,2026-04-02,Found alternative platform,6.99
SUB0003219,CUST002911,PLAN01,2024-03-14,2025-10-10,Plan Changed,True,,,22.99
SUB0003220,CUST002911,PLAN03,2025-10-10,,Active,True,,,22.99
SUB0003221,CUST002912,PLAN03,2019-07-25,,Active,True,,,22.99
SUB0003222,CUST002913,PLAN02,2020-01-19,,Active,True,,,15.49
SUB0003223,CUST002914,PLAN02,2021-09-16,,Active,True,,,15.49
SUB0003224,CUST002915,PLAN02,2020-05-25,,Active,True,,,15.49
SUB0003225,CUST002916,PLAN01,2024-04-22,,Active,False,,,6.99
SUB0003226,CUST002917,PLAN02,2026-03-15,,Active,False,,,15.49
SUB0003227,CUST002918,PLAN02,2023-01-13,,Active,True,,,15.49
SUB0003228,CUST002919,PLAN02,2019-12-08,,Active,True,,,15.49
SUB0003229,CUST002920,PLAN02,2021-07-29,,Active,False,,,15.49
SUB0003230,CUST002921,PLAN03,2021-02-26,,Active,True,,,22.99
SUB0003231,CUST002922,PLAN03,2019-09-19,2020-10-18,Plan Changed,True,,,6.99
SUB0003232,CUST002922,PLAN01,2020-10-18,,Active,True,,,6.99
SUB0003233,CUST002923,PLAN01,2022-12-26,,Active,True,,,6.99
SUB0003234,CUST002924,PLAN01,2023-12-26,,Active,True,,,6.99
SUB0003235,CUST002925,PLAN02,2019-02-09,,Active,True,,,15.49
SUB0003236,CUST002926,PLAN03,2024-12-09,,Active,True,,,22.99
SUB0003237,CUST002927,PLAN01,2021-03-07,,Active,True,,,6.99
SUB0003238,CUST002928,PLAN03,2019-09-10,2025-06-27,Plan Changed,True,,,6.99
SUB0003239,CUST002928,PLAN01,2025-06-27,,Active,True,,,6.99
SUB0003240,CUST002929,PLAN02,2020-04-03,,Active,True,,,15.49
SUB0003241,CUST002930,PLAN01,2026-03-21,,Active,True,,,6.99
SUB0003242,CUST002931,PLAN02,2025-03-21,,Cancelled,False,2026-03-27,Found alternative platform,15.49
SUB0003243,CUST002932,PLAN03,2023-05-05,2024-12-22,Plan Changed,True,,,15.49
SUB0003244,CUST002932,PLAN02,2024-12-22,,Active,True,,,15.49
SUB0003245,CUST002933,PLAN02,2022-04-06,,Active,True,,,15.49
SUB0003246,CUST002934,PLAN01,2020-08-18,,Cancelled,False,2026-01-20,Too expensive,6.99
SUB0003247,CUST002935,PLAN02,2020-03-21,2022-01-10,Plan Changed,True,,,6.99
SUB0003248,CUST002935,PLAN01,2022-01-10,,Active,True,,,6.99
SUB0003249,CUST002936,PLAN02,2019-10-24,,Active,True,,,15.49
SUB0003250,CUST002937,PLAN03,2020-10-28,,Active,True,,,22.99
SUB0003251,CUST002938,PLAN03,2019-12-03,,Active,True,,,22.99
SUB0003252,CUST002939,PLAN03,2023-12-01,,Active,True,,,22.99
SUB0003253,CUST002940,PLAN03,2020-10-23,,Active,True,,,22.99
SUB0003254,CUST002941,PLAN03,2020-09-21,,Cancelled,False,2025-10-29,Not enough content,22.99
SUB0003255,CUST002942,PLAN01,2022-02-19,,Cancelled,True,2025-11-26,Moving / relocation,6.99
SUB0003256,CUST002943,PLAN03,2021-12-26,,Cancelled,True,2026-01-05,Found alternative platform,22.99
SUB0003257,CUST002944,PLAN03,2020-02-06,,Active,True,,,22.99
SUB0003258,CUST002945,PLAN01,2021-12-25,,Active,True,,,6.99
SUB0003259,CUST002946,PLAN01,2023-03-27,,Active,True,,,6.99
SUB0003260,CUST002947,PLAN02,2020-10-25,,Cancelled,True,2026-04-30,Too expensive,15.49
SUB0003261,CUST002948,PLAN03,2024-02-18,,Active,True,,,22.99
SUB0003262,CUST002949,PLAN01,2021-07-28,,Cancelled,True,2026-04-25,Found alternative platform,6.99
SUB0003263,CUST002950,PLAN03,2019-01-27,,Active,True,,,22.99
SUB0003264,CUST002951,PLAN01,2026-03-12,,Active,True,,,6.99
SUB0003265,CUST002952,PLAN02,2019-02-11,,Active,True,,,15.49
SUB0003266,CUST002953,PLAN01,2022-12-31,,Active,True,,,6.99
SUB0003267,CUST002954,PLAN01,2025-11-05,,Active,True,,,6.99
SUB0003268,CUST002955,PLAN03,2022-09-21,2024-12-24,Plan Changed,True,,,6.99
SUB0003269,CUST002955,PLAN01,2024-12-24,,Active,True,,,6.99
SUB0003270,CUST002956,PLAN02,2019-09-10,,Cancelled,True,2026-06-28,Poor customer service experience,15.49
SUB0003271,CUST002957,PLAN03,2023-09-25,,Active,True,,,22.99
SUB0003272,CUST002958,PLAN02,2019-06-23,,Active,True,,,15.49
SUB0003273,CUST002959,PLAN01,2023-04-12,,Active,True,,,6.99
SUB0003274,CUST002960,PLAN01,2022-04-29,2025-08-04,Plan Changed,True,,,22.99
SUB0003275,CUST002960,PLAN03,2025-08-04,,Active,True,,,22.99
SUB0003276,CUST002961,PLAN01,2020-02-18,,Active,True,,,6.99
SUB0003277,CUST002962,PLAN03,2021-05-28,,Cancelled,True,2026-04-29,Household budget cuts,22.99
SUB0003278,CUST002963,PLAN02,2025-11-17,,Cancelled,True,2026-03-22,Found alternative platform,15.49
SUB0003279,CUST002964,PLAN01,2022-10-05,,Cancelled,True,2026-05-12,Poor customer service experience,6.99
SUB0003280,CUST002965,PLAN01,2024-04-16,,Cancelled,True,2026-01-01,Poor customer service experience,6.99
SUB0003281,CUST002966,PLAN01,2024-08-17,2026-03-08,Plan Changed,True,,,15.49
SUB0003282,CUST002966,PLAN02,2026-03-08,,Active,True,,,15.49
SUB0003283,CUST002967,PLAN01,2021-07-26,,Active,True,,,6.99
SUB0003284,CUST002968,PLAN03,2022-09-10,,Active,False,,,22.99
SUB0003285,CUST002969,PLAN03,2025-12-21,,Active,True,,,22.99
SUB0003286,CUST002970,PLAN02,2020-01-10,,Active,True,,,15.49
SUB0003287,CUST002971,PLAN02,2024-09-30,,Cancelled,True,2026-04-30,Found alternative platform,15.49
SUB0003288,CUST002972,PLAN03,2024-07-27,,Active,True,,,22.99
SUB0003289,CUST002973,PLAN02,2025-10-03,,Active,False,,,15.49
SUB0003290,CUST002974,PLAN01,2022-10-25,,Active,True,,,6.99
SUB0003291,CUST002975,PLAN01,2026-01-01,,Active,True,,,6.99
SUB0003292,CUST002976,PLAN03,2024-07-22,,Active,True,,,22.99
SUB0003293,CUST002977,PLAN02,2019-07-24,,Active,True,,,15.49
SUB0003294,CUST002978,PLAN02,2023-03-16,,Active,True,,,15.49
SUB0003295,CUST002979,PLAN02,2021-10-28,,Active,True,,,15.49
SUB0003296,CUST002980,PLAN01,2022-11-15,,Active,True,,,6.99
SUB0003297,CUST002981,PLAN01,2019-06-01,,Active,True,,,6.99
SUB0003298,CUST002982,PLAN02,2020-10-04,,Active,True,,,15.49
SUB0003299,CUST002983,PLAN01,2019-06-11,,Active,True,,,6.99
SUB0003300,CUST002984,PLAN02,2021-07-11,,Active,True,,,15.49
SUB0003301,CUST002985,PLAN01,2023-01-30,,Active,False,,,6.99
SUB0003302,CUST002986,PLAN01,2024-05-07,,Active,True,,,6.99
SUB0003303,CUST002987,PLAN02,2022-01-30,2025-12-18,Plan Changed,True,,,6.99
SUB0003304,CUST002987,PLAN01,2025-12-18,,Active,True,,,6.99
SUB0003305,CUST002988,PLAN02,2020-11-08,,Active,True,,,15.49
SUB0003306,CUST002989,PLAN03,2023-09-29,,Active,True,,,22.99
SUB0003307,CUST002990,PLAN02,2019-09-12,,Active,True,,,15.49
SUB0003308,CUST002991,PLAN03,2022-05-01,,Active,True,,,22.99
SUB0003309,CUST002992,PLAN02,2022-07-31,,Active,True,,,15.49
SUB0003310,CUST002993,PLAN01,2023-07-16,,Active,True,,,6.99
SUB0003311,CUST002994,PLAN01,2021-06-19,2021-08-27,Plan Changed,False,,,15.49
SUB0003312,CUST002994,PLAN02,2021-08-27,,Active,False,,,15.49
SUB0003313,CUST002995,PLAN01,2019-10-15,,Active,False,,,6.99
SUB0003314,CUST002996,PLAN02,2023-09-15,,Cancelled,False,2026-01-10,Content quality decline,15.49
SUB0003315,CUST002997,PLAN01,2020-08-10,2025-12-22,Plan Changed,True,,,15.49
SUB0003316,CUST002997,PLAN02,2025-12-22,,Cancelled,True,2026-03-21,Password sharing crackdown,15.49
SUB0003317,CUST002998,PLAN01,2022-12-30,,Active,True,,,6.99
SUB0003318,CUST002999,PLAN02,2021-05-05,2022-02-01,Plan Changed,True,,,15.49
SUB0003319,CUST002999,PLAN02,2022-02-01,,Active,True,,,15.49
SUB0003320,CUST003000,PLAN03,2023-01-13,2025-03-19,Plan Changed,True,,,15.49
SUB0003321,CUST003000,PLAN02,2025-03-19,,Cancelled,True,2026-02-17,Password sharing crackdown,15.49
SUB0003322,CUST003001,PLAN02,2024-05-23,,Cancelled,True,2025-12-27,Too expensive,15.49
SUB0003323,CUST003002,PLAN02,2024-06-17,,Active,True,,,15.49
SUB0003324,CUST003003,PLAN01,2025-08-24,,Active,True,,,6.99
SUB0003325,CUST003004,PLAN01,2023-12-05,,Cancelled,False,2026-03-26,Moving / relocation,6.99
SUB0003326,CUST003005,PLAN01,2020-05-16,,Cancelled,False,2025-10-11,Technical issues,6.99
SUB0003327,CUST003006,PLAN02,2019-05-30,,Cancelled,True,2025-12-12,Poor customer service experience,15.49
SUB0003328,CUST003007,PLAN02,2022-10-19,,Active,True,,,15.49
SUB0003329,CUST003008,PLAN02,2020-11-11,,Active,True,,,15.49
SUB0003330,CUST003009,PLAN02,2026-01-09,,Active,True,,,15.49
SUB0003331,CUST003010,PLAN02,2019-07-27,,Active,True,,,15.49
SUB0003332,CUST003011,PLAN01,2021-05-02,,Active,True,,,6.99
SUB0003333,CUST003012,PLAN02,2021-09-15,,Active,True,,,15.49
SUB0003334,CUST003013,PLAN02,2023-05-16,,Active,True,,,15.49
SUB0003335,CUST003014,PLAN01,2021-04-16,,Active,True,,,6.99
SUB0003336,CUST003015,PLAN01,2024-09-29,,Active,True,,,6.99
SUB0003337,CUST003016,PLAN02,2023-09-01,,Cancelled,True,2025-11-25,Payment issues,15.49
SUB0003338,CUST003017,PLAN01,2026-03-13,,Cancelled,True,2026-04-18,Poor customer service experience,6.99
SUB0003339,CUST003018,PLAN01,2026-02-13,,Cancelled,True,2026-03-29,Technical issues,6.99
SUB0003340,CUST003019,PLAN02,2023-08-30,,Active,True,,,15.49
SUB0003341,CUST003020,PLAN03,2020-02-18,,Cancelled,True,2025-11-13,No longer needed,22.99
SUB0003342,CUST003021,PLAN01,2019-07-30,,Cancelled,True,2026-06-30,Too expensive,6.99
SUB0003343,CUST003022,PLAN03,2024-09-15,2025-05-10,Plan Changed,True,,,15.49
SUB0003344,CUST003022,PLAN02,2025-05-10,,Cancelled,True,2025-12-23,Technical issues,15.49
SUB0003345,CUST003023,PLAN02,2022-02-03,,Active,True,,,15.49
SUB0003346,CUST003024,PLAN02,2020-10-17,,Active,True,,,15.49
SUB0003347,CUST003025,PLAN01,2022-03-08,,Active,True,,,6.99
SUB0003348,CUST003026,PLAN02,2019-09-21,,Active,True,,,15.49
SUB0003349,CUST003027,PLAN03,2025-10-26,,Active,True,,,22.99
SUB0003350,CUST003028,PLAN01,2022-12-21,,Active,True,,,6.99
SUB0003351,CUST003029,PLAN03,2021-12-17,,Active,False,,,22.99
SUB0003352,CUST003030,PLAN01,2020-02-29,,Active,False,,,6.99
SUB0003353,CUST003031,PLAN03,2024-04-15,,Active,True,,,22.99
SUB0003354,CUST003032,PLAN02,2025-02-05,,Active,True,,,15.49
SUB0003355,CUST003033,PLAN02,2021-11-01,,Cancelled,True,2026-06-03,Too expensive,15.49
SUB0003356,CUST003034,PLAN02,2026-03-28,,Active,False,,,15.49
SUB0003357,CUST003035,PLAN03,2025-01-19,,Active,True,,,22.99
SUB0003358,CUST003036,PLAN01,2024-05-01,,Cancelled,True,2025-10-08,Too expensive,6.99
SUB0003359,CUST003037,PLAN01,2019-06-02,,Active,True,,,6.99
SUB0003360,CUST003038,PLAN01,2024-03-04,2024-09-28,Plan Changed,True,,,22.99
SUB0003361,CUST003038,PLAN03,2024-09-28,,Active,True,,,22.99
SUB0003362,CUST003039,PLAN03,2023-02-15,2025-09-17,Plan Changed,True,,,15.49
SUB0003363,CUST003039,PLAN02,2025-09-17,,Active,True,,,15.49
SUB0003364,CUST003040,PLAN01,2021-06-22,,Active,False,,,6.99
SUB0003365,CUST003041,PLAN02,2023-02-25,,Cancelled,True,2026-01-24,Moving / relocation,15.49
SUB0003366,CUST003042,PLAN02,2024-07-27,,Active,True,,,15.49
SUB0003367,CUST003043,PLAN02,2020-06-29,,Active,True,,,15.49
SUB0003368,CUST003044,PLAN03,2019-05-29,,Active,True,,,22.99
SUB0003369,CUST003045,PLAN03,2020-10-08,,Active,True,,,22.99
SUB0003370,CUST003046,PLAN02,2021-10-08,,Active,True,,,15.49
SUB0003371,CUST003047,PLAN02,2021-09-21,,Cancelled,True,2025-11-11,Moving / relocation,15.49
SUB0003372,CUST003048,PLAN01,2019-09-12,,Active,True,,,6.99
SUB0003373,CUST003049,PLAN01,2022-08-31,,Active,True,,,6.99
SUB0003374,CUST003050,PLAN03,2025-03-14,,Active,True,,,22.99
SUB0003375,CUST003051,PLAN01,2025-11-13,,Active,True,,,6.99
SUB0003376,CUST003052,PLAN03,2023-07-11,2024-11-08,Plan Changed,False,,,6.99
SUB0003377,CUST003052,PLAN01,2024-11-08,,Cancelled,False,2026-04-29,Too expensive,6.99
SUB0003378,CUST003053,PLAN01,2025-01-24,2025-10-28,Plan Changed,True,,,22.99
SUB0003379,CUST003053,PLAN03,2025-10-28,,Active,True,,,22.99
SUB0003380,CUST003054,PLAN03,2021-11-07,,Cancelled,True,2025-10-06,Password sharing crackdown,22.99
SUB0003381,CUST003055,PLAN01,2024-02-08,,Active,True,,,6.99
SUB0003382,CUST003056,PLAN02,2024-11-01,,Active,True,,,15.49
SUB0003383,CUST003057,PLAN01,2019-03-01,,Active,True,,,6.99
SUB0003384,CUST003058,PLAN01,2022-12-05,,Cancelled,True,2026-04-28,Content quality decline,6.99
SUB0003385,CUST003059,PLAN01,2022-03-17,,Active,True,,,6.99
SUB0003386,CUST003060,PLAN01,2024-04-06,2024-12-18,Plan Changed,True,,,15.49
SUB0003387,CUST003060,PLAN02,2024-12-18,,Active,True,,,15.49
SUB0003388,CUST003061,PLAN02,2025-03-03,,Active,True,,,15.49
SUB0003389,CUST003062,PLAN01,2020-04-02,2021-09-04,Plan Changed,True,,,22.99
SUB0003390,CUST003062,PLAN03,2021-09-04,,Cancelled,True,2025-11-30,Found alternative platform,22.99
SUB0003391,CUST003063,PLAN01,2022-07-10,,Cancelled,True,2026-02-27,Found alternative platform,6.99
SUB0003392,CUST003064,PLAN01,2022-04-30,,Cancelled,True,2026-06-23,Technical issues,6.99
SUB0003393,CUST003065,PLAN02,2022-06-03,,Active,True,,,15.49
SUB0003394,CUST003066,PLAN01,2020-10-02,2025-08-30,Plan Changed,True,,,6.99
SUB0003395,CUST003066,PLAN01,2025-08-30,,Active,True,,,6.99
SUB0003396,CUST003067,PLAN02,2021-04-03,,Active,True,,,15.49
SUB0003397,CUST003068,PLAN01,2020-08-16,,Active,True,,,6.99
SUB0003398,CUST003069,PLAN02,2026-04-28,,Cancelled,True,2026-06-12,Too expensive,15.49
SUB0003399,CUST003070,PLAN03,2025-06-28,,Active,True,,,22.99
SUB0003400,CUST003071,PLAN03,2022-02-11,,Cancelled,True,2025-11-22,Found alternative platform,22.99
SUB0003401,CUST003072,PLAN02,2025-10-30,,Cancelled,True,2025-12-23,Too expensive,15.49
SUB0003402,CUST003073,PLAN02,2022-09-22,2023-12-19,Plan Changed,True,,,15.49
SUB0003403,CUST003073,PLAN02,2023-12-19,,Cancelled,True,2026-05-11,Too expensive,15.49
SUB0003404,CUST003074,PLAN02,2019-03-11,,Active,False,,,15.49
SUB0003405,CUST003075,PLAN01,2020-11-18,,Active,True,,,6.99
SUB0003406,CUST003076,PLAN01,2022-11-05,,Cancelled,False,2025-11-10,Password sharing crackdown,6.99
SUB0003407,CUST003077,PLAN03,2019-05-08,,Active,True,,,22.99
SUB0003408,CUST003078,PLAN03,2021-01-30,,Active,True,,,22.99
SUB0003409,CUST003079,PLAN01,2019-08-31,2022-05-27,Plan Changed,True,,,15.49
SUB0003410,CUST003079,PLAN02,2022-05-27,,Active,True,,,15.49
SUB0003411,CUST003080,PLAN01,2024-04-25,,Cancelled,True,2026-02-20,No longer needed,6.99
SUB0003412,CUST003081,PLAN02,2020-10-19,,Active,True,,,15.49
SUB0003413,CUST003082,PLAN01,2026-04-12,,Active,True,,,6.99
SUB0003414,CUST003083,PLAN03,2024-07-23,,Cancelled,True,2025-10-03,Household budget cuts,22.99
SUB0003415,CUST003084,PLAN02,2020-05-30,,Active,True,,,15.49
SUB0003416,CUST003085,PLAN02,2023-11-04,,Cancelled,True,2026-04-23,Content quality decline,15.49
SUB0003417,CUST003086,PLAN01,2019-02-16,,Active,True,,,6.99
SUB0003418,CUST003087,PLAN03,2019-04-02,,Active,True,,,22.99
SUB0003419,CUST003088,PLAN01,2024-03-07,,Cancelled,True,2026-02-09,Content quality decline,6.99
SUB0003420,CUST003089,PLAN01,2025-09-29,,Active,True,,,6.99
SUB0003421,CUST003090,PLAN02,2020-08-06,,Cancelled,True,2025-12-16,Content quality decline,15.49
SUB0003422,CUST003091,PLAN01,2019-02-14,,Active,True,,,6.99
SUB0003423,CUST003092,PLAN01,2022-06-22,,Active,False,,,6.99
SUB0003424,CUST003093,PLAN02,2022-04-16,,Cancelled,True,2026-01-28,Moving / relocation,15.49
SUB0003425,CUST003094,PLAN02,2022-01-15,,Active,False,,,15.49
SUB0003426,CUST003095,PLAN03,2021-12-04,,Cancelled,False,2026-04-30,Found alternative platform,22.99
SUB0003427,CUST003096,PLAN01,2025-09-16,,Active,True,,,6.99
SUB0003428,CUST003097,PLAN01,2025-03-23,2026-05-15,Plan Changed,True,,,6.99
SUB0003429,CUST003097,PLAN01,2026-05-15,,Active,True,,,6.99
SUB0003430,CUST003098,PLAN03,2020-09-10,,Active,True,,,22.99
SUB0003431,CUST003099,PLAN01,2021-03-01,,Active,True,,,6.99
SUB0003432,CUST003100,PLAN03,2023-09-08,,Active,True,,,22.99
SUB0003433,CUST003101,PLAN01,2021-02-20,,Active,True,,,6.99
SUB0003434,CUST003102,PLAN03,2025-11-19,,Active,True,,,22.99
SUB0003435,CUST003103,PLAN01,2019-12-20,,Active,False,,,6.99
SUB0003436,CUST003104,PLAN02,2025-01-04,,Active,True,,,15.49
SUB0003437,CUST003105,PLAN02,2024-08-04,,Active,True,,,15.49
SUB0003438,CUST003106,PLAN03,2022-01-28,2024-06-18,Plan Changed,False,,,22.99
SUB0003439,CUST003106,PLAN03,2024-06-18,,Active,False,,,22.99
SUB0003440,CUST003107,PLAN01,2025-03-29,,Active,True,,,6.99
SUB0003441,CUST003108,PLAN01,2025-09-18,,Active,False,,,6.99
SUB0003442,CUST003109,PLAN02,2022-11-11,,Active,True,,,15.49
SUB0003443,CUST003110,PLAN03,2024-10-24,,Active,False,,,22.99
SUB0003444,CUST003111,PLAN01,2019-05-14,,Active,False,,,6.99
SUB0003445,CUST003112,PLAN01,2025-03-12,,Active,True,,,6.99
SUB0003446,CUST003113,PLAN01,2022-05-31,,Active,True,,,6.99
SUB0003447,CUST003114,PLAN02,2022-11-19,,Cancelled,False,2026-03-07,Content quality decline,15.49
SUB0003448,CUST003115,PLAN01,2023-02-08,,Cancelled,True,2025-10-25,Too expensive,6.99
SUB0003449,CUST003116,PLAN02,2019-09-04,,Cancelled,False,2026-02-18,Content quality decline,15.49
SUB0003450,CUST003117,PLAN03,2021-05-26,2025-09-27,Plan Changed,False,,,22.99
SUB0003451,CUST003117,PLAN03,2025-09-27,,Cancelled,False,2026-05-14,Poor customer service experience,22.99
SUB0003452,CUST003118,PLAN01,2025-02-21,,Active,True,,,6.99
SUB0003453,CUST003119,PLAN01,2023-10-25,,Cancelled,True,2026-02-08,No longer needed,6.99
SUB0003454,CUST003120,PLAN02,2023-09-30,,Active,True,,,15.49
SUB0003455,CUST003121,PLAN01,2019-03-29,,Active,False,,,6.99
SUB0003456,CUST003122,PLAN02,2026-01-31,,Active,False,,,15.49
SUB0003457,CUST003123,PLAN02,2024-02-15,,Cancelled,True,2025-11-02,Household budget cuts,15.49
SUB0003458,CUST003124,PLAN01,2022-07-03,,Active,False,,,6.99
SUB0003459,CUST003125,PLAN01,2025-11-17,,Active,True,,,6.99
SUB0003460,CUST003126,PLAN01,2019-08-23,,Active,True,,,6.99
SUB0003461,CUST003127,PLAN03,2022-06-28,,Active,True,,,22.99
SUB0003462,CUST003128,PLAN01,2025-02-22,,Cancelled,False,2026-05-28,Too expensive,6.99
SUB0003463,CUST003129,PLAN02,2020-03-21,,Cancelled,True,2026-05-20,Not enough content,15.49
SUB0003464,CUST003130,PLAN01,2022-09-11,,Active,True,,,6.99
SUB0003465,CUST003131,PLAN03,2025-01-17,,Cancelled,True,2026-06-09,No longer needed,22.99
SUB0003466,CUST003132,PLAN03,2020-03-22,,Active,True,,,22.99
SUB0003467,CUST003133,PLAN02,2023-09-07,,Cancelled,True,2026-01-29,No longer needed,15.49
SUB0003468,CUST003134,PLAN01,2025-06-30,,Cancelled,True,2026-01-11,Payment issues,6.99
SUB0003469,CUST003135,PLAN02,2023-10-22,,Active,True,,,15.49
SUB0003470,CUST003136,PLAN03,2024-09-25,2026-02-22,Plan Changed,True,,,6.99
SUB0003471,CUST003136,PLAN01,2026-02-22,,Cancelled,True,2026-04-27,Technical issues,6.99
SUB0003472,CUST003137,PLAN03,2020-07-01,,Active,False,,,22.99
SUB0003473,CUST003138,PLAN03,2019-02-17,,Active,True,,,22.99
SUB0003474,CUST003139,PLAN01,2026-05-31,,Active,True,,,6.99
SUB0003475,CUST003140,PLAN01,2024-11-01,,Cancelled,True,2026-02-18,Household budget cuts,6.99
SUB0003476,CUST003141,PLAN01,2022-03-22,,Cancelled,True,2025-12-18,Payment issues,6.99
SUB0003477,CUST003142,PLAN01,2023-12-12,,Active,True,,,6.99
SUB0003478,CUST003143,PLAN03,2019-10-31,,Active,True,,,22.99
SUB0003479,CUST003144,PLAN01,2019-08-28,,Active,True,,,6.99
SUB0003480,CUST003145,PLAN01,2022-03-25,,Active,False,,,6.99
SUB0003481,CUST003146,PLAN02,2025-12-22,,Active,True,,,15.49
SUB0003482,CUST003147,PLAN02,2022-07-16,,Active,True,,,15.49
SUB0003483,CUST003148,PLAN01,2025-03-11,,Active,True,,,6.99
SUB0003484,CUST003149,PLAN01,2025-10-09,,Active,True,,,6.99
SUB0003485,CUST003150,PLAN01,2023-09-10,,Active,True,,,6.99
SUB0003486,CUST003151,PLAN02,2024-08-04,,Active,True,,,15.49
SUB0003487,CUST003152,PLAN02,2021-06-30,,Active,True,,,15.49
SUB0003488,CUST003153,PLAN02,2024-07-23,,Active,True,,,15.49
SUB0003489,CUST003154,PLAN01,2019-12-12,,Active,True,,,6.99
SUB0003490,CUST003155,PLAN01,2023-07-20,,Cancelled,True,2026-06-29,Too expensive,6.99
SUB0003491,CUST003156,PLAN02,2025-12-06,,Active,True,,,15.49
SUB0003492,CUST003157,PLAN01,2021-12-17,,Active,False,,,6.99
SUB0003493,CUST003158,PLAN01,2019-04-12,,Active,True,,,6.99
SUB0003494,CUST003159,PLAN02,2025-04-03,,Active,True,,,15.49
SUB0003495,CUST003160,PLAN02,2023-08-29,,Cancelled,True,2026-03-24,Household budget cuts,15.49
SUB0003496,CUST003161,PLAN02,2024-05-25,,Cancelled,True,2026-05-29,Technical issues,15.49
SUB0003497,CUST003162,PLAN01,2022-09-19,,Active,True,,,6.99
SUB0003498,CUST003163,PLAN01,2019-05-28,2021-07-17,Plan Changed,False,,,22.99
SUB0003499,CUST003163,PLAN03,2021-07-17,,Active,False,,,22.99
SUB0003500,CUST003164,PLAN01,2019-05-25,,Active,False,,,6.99
SUB0003501,CUST003165,PLAN03,2023-12-19,,Cancelled,False,2025-12-21,Password sharing crackdown,22.99
SUB0003502,CUST003166,PLAN01,2021-08-09,,Active,True,,,6.99
SUB0003503,CUST003167,PLAN02,2022-12-29,,Cancelled,False,2026-06-10,Content quality decline,15.49
SUB0003504,CUST003168,PLAN02,2024-08-06,,Active,True,,,15.49
SUB0003505,CUST003169,PLAN01,2019-08-07,,Active,True,,,6.99
SUB0003506,CUST003170,PLAN03,2020-12-20,,Active,True,,,22.99
SUB0003507,CUST003171,PLAN02,2026-03-25,,Cancelled,True,2026-05-27,Not enough content,15.49
SUB0003508,CUST003172,PLAN02,2020-02-20,2025-03-06,Plan Changed,True,,,15.49
SUB0003509,CUST003172,PLAN02,2025-03-06,,Active,True,,,15.49
SUB0003510,CUST003173,PLAN02,2021-07-08,,Active,True,,,15.49
SUB0003511,CUST003174,PLAN02,2022-11-18,,Active,True,,,15.49
SUB0003512,CUST003175,PLAN02,2020-01-31,,Active,True,,,15.49
SUB0003513,CUST003176,PLAN02,2023-09-04,2023-11-19,Plan Changed,True,,,6.99
SUB0003514,CUST003176,PLAN01,2023-11-19,,Active,True,,,6.99
SUB0003515,CUST003177,PLAN01,2020-02-12,,Active,True,,,6.99
SUB0003516,CUST003178,PLAN02,2022-01-25,,Active,True,,,15.49
SUB0003517,CUST003179,PLAN03,2024-12-21,,Active,True,,,22.99
SUB0003518,CUST003180,PLAN02,2019-09-03,,Cancelled,True,2025-10-04,Too expensive,15.49
SUB0003519,CUST003181,PLAN02,2023-08-05,,Active,True,,,15.49
SUB0003520,CUST003182,PLAN01,2020-05-28,,Active,True,,,6.99
SUB0003521,CUST003183,PLAN01,2024-03-21,2024-08-27,Plan Changed,False,,,6.99
SUB0003522,CUST003183,PLAN01,2024-08-27,,Cancelled,False,2025-12-03,Payment issues,6.99
SUB0003523,CUST003184,PLAN02,2020-10-08,,Active,True,,,15.49
SUB0003524,CUST003185,PLAN02,2021-12-12,,Cancelled,True,2026-05-02,No longer needed,15.49
SUB0003525,CUST003186,PLAN02,2025-10-21,,Cancelled,False,2026-04-27,Household budget cuts,15.49
SUB0003526,CUST003187,PLAN01,2023-05-06,,Cancelled,True,2025-12-02,Too expensive,6.99
SUB0003527,CUST003188,PLAN01,2022-05-01,,Active,True,,,6.99
SUB0003528,CUST003189,PLAN01,2020-02-26,,Active,True,,,6.99
SUB0003529,CUST003190,PLAN03,2021-03-10,,Cancelled,False,2026-01-21,Too expensive,22.99
SUB0003530,CUST003191,PLAN02,2022-01-27,,Active,True,,,15.49
SUB0003531,CUST003192,PLAN01,2026-04-29,,Cancelled,True,2026-04-29,Found alternative platform,6.99
SUB0003532,CUST003193,PLAN02,2019-05-06,,Active,False,,,15.49
SUB0003533,CUST003194,PLAN03,2023-10-20,2026-03-02,Plan Changed,True,,,15.49
SUB0003534,CUST003194,PLAN02,2026-03-02,,Active,True,,,15.49
SUB0003535,CUST003195,PLAN01,2022-11-17,2023-12-01,Plan Changed,False,,,22.99
SUB0003536,CUST003195,PLAN03,2023-12-01,,Active,False,,,22.99
SUB0003537,CUST003196,PLAN02,2021-01-07,,Active,True,,,15.49
SUB0003538,CUST003197,PLAN02,2019-12-01,,Active,False,,,15.49
SUB0003539,CUST003198,PLAN03,2023-10-01,,Active,False,,,22.99
SUB0003540,CUST003199,PLAN01,2023-10-08,,Active,True,,,6.99
SUB0003541,CUST003200,PLAN03,2020-11-22,,Active,True,,,22.99
SUB0003542,CUST003201,PLAN01,2021-01-24,,Cancelled,True,2025-12-07,Not enough content,6.99
SUB0003543,CUST003202,PLAN02,2022-09-03,,Cancelled,True,2026-05-17,Too expensive,15.49
SUB0003544,CUST003203,PLAN02,2021-07-10,,Active,True,,,15.49
SUB0003545,CUST003204,PLAN03,2019-01-30,,Active,True,,,22.99
SUB0003546,CUST003205,PLAN02,2026-04-13,,Active,True,,,15.49
SUB0003547,CUST003206,PLAN01,2019-02-24,,Active,True,,,6.99
SUB0003548,CUST003207,PLAN01,2021-06-16,,Active,True,,,6.99
SUB0003549,CUST003208,PLAN02,2023-09-23,,Active,True,,,15.49
SUB0003550,CUST003209,PLAN02,2022-12-20,,Active,True,,,15.49
SUB0003551,CUST003210,PLAN01,2020-11-22,,Active,True,,,6.99
SUB0003552,CUST003211,PLAN02,2019-03-08,,Active,True,,,15.49
SUB0003553,CUST003212,PLAN01,2022-12-12,,Active,False,,,6.99
SUB0003554,CUST003213,PLAN03,2020-10-21,,Active,True,,,22.99
SUB0003555,CUST003214,PLAN01,2026-04-02,,Cancelled,True,2026-05-20,Technical issues,6.99
SUB0003556,CUST003215,PLAN02,2022-12-27,,Active,True,,,15.49
SUB0003557,CUST003216,PLAN01,2024-11-27,,Cancelled,True,2026-06-06,Too expensive,6.99
SUB0003558,CUST003217,PLAN02,2023-04-14,,Active,True,,,15.49
SUB0003559,CUST003218,PLAN01,2019-02-02,,Active,False,,,6.99
SUB0003560,CUST003219,PLAN02,2022-06-18,2023-04-05,Plan Changed,True,,,15.49
SUB0003561,CUST003219,PLAN02,2023-04-05,,Active,True,,,15.49
SUB0003562,CUST003220,PLAN03,2023-08-13,,Active,True,,,22.99
SUB0003563,CUST003221,PLAN02,2020-01-16,,Active,False,,,15.49
SUB0003564,CUST003222,PLAN02,2019-06-17,,Active,True,,,15.49
SUB0003565,CUST003223,PLAN01,2021-07-20,,Cancelled,True,2026-03-10,Found alternative platform,6.99
SUB0003566,CUST003224,PLAN03,2026-05-14,,Active,False,,,22.99
SUB0003567,CUST003225,PLAN01,2025-06-29,,Active,True,,,6.99
SUB0003568,CUST003226,PLAN01,2020-10-04,,Active,False,,,6.99
SUB0003569,CUST003227,PLAN03,2021-03-07,2026-05-19,Plan Changed,True,,,22.99
SUB0003570,CUST003227,PLAN03,2026-05-19,,Active,True,,,22.99
SUB0003571,CUST003228,PLAN02,2025-01-25,,Cancelled,True,2026-06-05,Not enough content,15.49
SUB0003572,CUST003229,PLAN01,2025-12-15,,Active,True,,,6.99
SUB0003573,CUST003230,PLAN03,2024-06-01,,Active,True,,,22.99
SUB0003574,CUST003231,PLAN01,2020-03-26,,Cancelled,False,2026-06-07,Too expensive,6.99
SUB0003575,CUST003232,PLAN02,2021-12-07,2022-08-16,Plan Changed,True,,,15.49
SUB0003576,CUST003232,PLAN02,2022-08-16,,Cancelled,True,2025-12-13,Payment issues,15.49
SUB0003577,CUST003233,PLAN02,2023-06-23,,Active,True,,,15.49
SUB0003578,CUST003234,PLAN02,2021-01-13,,Active,True,,,15.49
SUB0003579,CUST003235,PLAN02,2022-01-09,,Active,False,,,15.49
SUB0003580,CUST003236,PLAN02,2019-09-07,,Active,True,,,15.49
SUB0003581,CUST003237,PLAN02,2025-02-03,,Active,True,,,15.49
SUB0003582,CUST003238,PLAN02,2023-06-11,,Active,True,,,15.49
SUB0003583,CUST003239,PLAN02,2019-11-23,,Cancelled,False,2025-11-11,Technical issues,15.49
SUB0003584,CUST003240,PLAN01,2025-04-25,,Active,True,,,6.99
SUB0003585,CUST003241,PLAN01,2020-05-17,2023-09-25,Plan Changed,True,,,15.49
SUB0003586,CUST003241,PLAN02,2023-09-25,,Cancelled,True,2026-01-04,Technical issues,15.49
SUB0003587,CUST003242,PLAN02,2026-02-16,,Active,True,,,15.49
SUB0003588,CUST003243,PLAN01,2022-06-21,,Active,True,,,6.99
SUB0003589,CUST003244,PLAN02,2021-08-10,,Active,True,,,15.49
SUB0003590,CUST003245,PLAN01,2022-02-17,,Active,True,,,6.99
SUB0003591,CUST003246,PLAN02,2023-06-22,,Cancelled,True,2026-02-18,Found alternative platform,15.49
SUB0003592,CUST003247,PLAN03,2023-05-24,,Active,True,,,22.99
SUB0003593,CUST003248,PLAN01,2019-11-03,,Active,True,,,6.99
SUB0003594,CUST003249,PLAN01,2023-04-20,,Active,True,,,6.99
SUB0003595,CUST003250,PLAN01,2019-04-25,,Active,False,,,6.99
SUB0003596,CUST003251,PLAN01,2025-03-28,,Active,True,,,6.99
SUB0003597,CUST003252,PLAN03,2025-10-02,,Active,False,,,22.99
SUB0003598,CUST003253,PLAN02,2019-05-26,,Active,True,,,15.49
SUB0003599,CUST003254,PLAN02,2020-07-10,,Active,True,,,15.49
SUB0003600,CUST003255,PLAN01,2023-01-14,,Active,True,,,6.99
SUB0003601,CUST003256,PLAN03,2025-10-05,,Active,True,,,22.99
SUB0003602,CUST003257,PLAN02,2023-06-30,,Cancelled,True,2026-01-22,Not enough content,15.49
SUB0003603,CUST003258,PLAN01,2021-04-19,,Active,True,,,6.99
SUB0003604,CUST003259,PLAN02,2026-04-27,,Active,True,,,15.49
SUB0003605,CUST003260,PLAN01,2023-05-17,,Active,False,,,6.99
SUB0003606,CUST003261,PLAN01,2020-09-04,,Active,True,,,6.99
SUB0003607,CUST003262,PLAN02,2019-10-10,,Active,True,,,15.49
SUB0003608,CUST003263,PLAN01,2024-07-25,2026-01-05,Plan Changed,False,,,6.99
SUB0003609,CUST003263,PLAN01,2026-01-05,,Active,False,,,6.99
SUB0003610,CUST003264,PLAN01,2026-01-24,,Cancelled,True,2026-06-11,Moving / relocation,6.99
SUB0003611,CUST003265,PLAN03,2026-03-04,,Active,True,,,22.99
SUB0003612,CUST003266,PLAN03,2025-11-21,,Active,True,,,22.99
SUB0003613,CUST003267,PLAN01,2022-12-24,,Active,False,,,6.99
SUB0003614,CUST003268,PLAN01,2025-09-04,,Active,True,,,6.99
SUB0003615,CUST003269,PLAN02,2024-04-26,,Active,True,,,15.49
SUB0003616,CUST003270,PLAN02,2025-02-15,,Active,True,,,15.49
SUB0003617,CUST003271,PLAN02,2024-03-13,,Active,True,,,15.49
SUB0003618,CUST003272,PLAN03,2021-11-01,,Cancelled,True,2026-04-16,Too expensive,22.99
SUB0003619,CUST003273,PLAN02,2021-03-21,,Active,True,,,15.49
SUB0003620,CUST003274,PLAN01,2025-04-28,,Active,True,,,6.99
SUB0003621,CUST003275,PLAN01,2024-05-29,,Cancelled,True,2026-06-19,Found alternative platform,6.99
SUB0003622,CUST003276,PLAN01,2019-11-08,,Active,True,,,6.99
SUB0003623,CUST003277,PLAN03,2019-03-12,2022-05-12,Plan Changed,True,,,15.49
SUB0003624,CUST003277,PLAN02,2022-05-12,,Active,True,,,15.49
SUB0003625,CUST003278,PLAN01,2025-04-02,,Active,False,,,6.99
SUB0003626,CUST003279,PLAN01,2023-11-04,,Active,True,,,6.99
SUB0003627,CUST003280,PLAN02,2024-11-03,,Active,True,,,15.49
SUB0003628,CUST003281,PLAN02,2023-04-06,,Active,True,,,15.49
SUB0003629,CUST003282,PLAN03,2019-09-01,,Active,False,,,22.99
SUB0003630,CUST003283,PLAN03,2020-08-06,,Active,True,,,22.99
SUB0003631,CUST003284,PLAN01,2020-08-16,,Active,True,,,6.99
SUB0003632,CUST003285,PLAN03,2019-07-12,,Cancelled,True,2026-04-25,Too expensive,22.99
SUB0003633,CUST003286,PLAN03,2020-12-15,,Active,False,,,22.99
SUB0003634,CUST003287,PLAN03,2020-04-14,,Active,True,,,22.99
SUB0003635,CUST003288,PLAN01,2023-10-18,,Active,True,,,6.99
SUB0003636,CUST003289,PLAN01,2020-09-18,2021-08-29,Plan Changed,True,,,15.49
SUB0003637,CUST003289,PLAN02,2021-08-29,,Active,True,,,15.49
SUB0003638,CUST003290,PLAN02,2022-02-21,2023-10-17,Plan Changed,True,,,22.99
SUB0003639,CUST003290,PLAN03,2023-10-17,,Cancelled,True,2025-10-09,No longer needed,22.99
SUB0003640,CUST003291,PLAN01,2024-07-04,2025-12-01,Plan Changed,False,,,15.49
SUB0003641,CUST003291,PLAN02,2025-12-01,,Active,False,,,15.49
SUB0003642,CUST003292,PLAN02,2023-08-21,,Active,True,,,15.49
SUB0003643,CUST003293,PLAN01,2025-06-03,2026-03-01,Plan Changed,False,,,22.99
SUB0003644,CUST003293,PLAN03,2026-03-01,,Active,False,,,22.99
SUB0003645,CUST003294,PLAN03,2026-05-03,,Active,True,,,22.99
SUB0003646,CUST003295,PLAN01,2023-01-19,,Active,True,,,6.99
SUB0003647,CUST003296,PLAN01,2019-11-14,,Active,True,,,6.99
SUB0003648,CUST003297,PLAN01,2024-07-12,,Active,True,,,6.99
SUB0003649,CUST003298,PLAN01,2024-09-07,,Active,False,,,6.99
SUB0003650,CUST003299,PLAN01,2024-02-14,,Active,True,,,6.99
SUB0003651,CUST003300,PLAN02,2022-06-26,,Active,True,,,15.49
SUB0003652,CUST003301,PLAN02,2021-06-02,,Active,True,,,15.49
SUB0003653,CUST003302,PLAN02,2021-12-15,,Cancelled,True,2025-10-27,Technical issues,15.49
SUB0003654,CUST003303,PLAN02,2021-12-10,,Cancelled,True,2025-12-26,Technical issues,15.49
SUB0003655,CUST003304,PLAN01,2025-06-04,,Active,True,,,6.99
SUB0003656,CUST003305,PLAN01,2021-01-25,,Active,True,,,6.99
SUB0003657,CUST003306,PLAN02,2022-04-27,,Active,True,,,15.49
SUB0003658,CUST003307,PLAN02,2025-12-26,,Active,True,,,15.49
SUB0003659,CUST003308,PLAN02,2025-04-17,,Active,True,,,15.49
SUB0003660,CUST003309,PLAN02,2020-05-23,,Active,True,,,15.49
SUB0003661,CUST003310,PLAN01,2026-03-21,,Cancelled,True,2026-05-15,Found alternative platform,6.99
SUB0003662,CUST003311,PLAN01,2021-07-31,,Active,True,,,6.99
SUB0003663,CUST003312,PLAN02,2020-05-25,,Active,True,,,15.49
SUB0003664,CUST003313,PLAN01,2023-07-07,,Active,False,,,6.99
SUB0003665,CUST003314,PLAN01,2022-03-21,,Active,True,,,6.99
SUB0003666,CUST003315,PLAN03,2020-12-28,,Active,True,,,22.99
SUB0003667,CUST003316,PLAN02,2021-01-17,,Active,True,,,15.49
SUB0003668,CUST003317,PLAN02,2025-08-13,,Cancelled,True,2025-12-20,Too expensive,15.49
SUB0003669,CUST003318,PLAN02,2021-01-18,,Active,True,,,15.49
SUB0003670,CUST003319,PLAN01,2024-12-27,,Active,True,,,6.99
SUB0003671,CUST003320,PLAN01,2024-03-30,,Active,True,,,6.99
SUB0003672,CUST003321,PLAN01,2023-11-16,,Cancelled,True,2026-01-19,Technical issues,6.99
SUB0003673,CUST003322,PLAN02,2021-09-09,,Active,True,,,15.49
SUB0003674,CUST003323,PLAN01,2023-05-30,,Active,True,,,6.99
SUB0003675,CUST003324,PLAN03,2026-02-08,,Active,True,,,22.99
SUB0003676,CUST003325,PLAN01,2023-11-08,,Active,True,,,6.99
SUB0003677,CUST003326,PLAN03,2020-09-23,,Cancelled,False,2026-02-20,Too expensive,22.99
SUB0003678,CUST003327,PLAN02,2025-01-28,,Active,True,,,15.49
SUB0003679,CUST003328,PLAN02,2026-04-10,,Cancelled,True,2026-05-02,Household budget cuts,15.49
SUB0003680,CUST003329,PLAN02,2026-04-18,,Active,True,,,15.49
SUB0003681,CUST003330,PLAN02,2025-08-26,,Cancelled,False,2026-06-22,Too expensive,15.49
SUB0003682,CUST003331,PLAN01,2023-04-03,,Active,True,,,6.99
SUB0003683,CUST003332,PLAN03,2019-08-16,,Active,True,,,22.99
SUB0003684,CUST003333,PLAN02,2024-09-08,,Active,True,,,15.49
SUB0003685,CUST003334,PLAN02,2024-10-14,,Cancelled,True,2025-11-29,Too expensive,15.49
SUB0003686,CUST003335,PLAN02,2023-07-24,,Active,True,,,15.49
SUB0003687,CUST003336,PLAN02,2023-09-12,,Active,True,,,15.49
SUB0003688,CUST003337,PLAN02,2019-04-06,,Active,True,,,15.49
SUB0003689,CUST003338,PLAN01,2025-03-06,,Cancelled,True,2025-10-22,Found alternative platform,6.99
SUB0003690,CUST003339,PLAN02,2022-10-17,2025-08-11,Plan Changed,False,,,15.49
SUB0003691,CUST003339,PLAN02,2025-08-11,,Active,False,,,15.49
SUB0003692,CUST003340,PLAN01,2024-11-26,,Active,True,,,6.99
SUB0003693,CUST003341,PLAN02,2025-06-20,,Active,True,,,15.49
SUB0003694,CUST003342,PLAN03,2022-10-22,2025-04-17,Plan Changed,True,,,15.49
SUB0003695,CUST003342,PLAN02,2025-04-17,,Active,True,,,15.49
SUB0003696,CUST003343,PLAN03,2022-06-16,,Active,False,,,22.99
SUB0003697,CUST003344,PLAN03,2020-04-23,2026-04-28,Plan Changed,True,,,6.99
SUB0003698,CUST003344,PLAN01,2026-04-28,,Active,True,,,6.99
SUB0003699,CUST003345,PLAN02,2021-04-07,,Cancelled,True,2026-01-01,No longer needed,15.49
SUB0003700,CUST003346,PLAN01,2025-09-14,,Cancelled,True,2026-02-13,Poor customer service experience,6.99
SUB0003701,CUST003347,PLAN02,2020-09-29,,Active,True,,,15.49
SUB0003702,CUST003348,PLAN02,2024-05-20,,Active,True,,,15.49
SUB0003703,CUST003349,PLAN02,2025-01-29,,Active,True,,,15.49
SUB0003704,CUST003350,PLAN02,2023-11-19,,Active,False,,,15.49
SUB0003705,CUST003351,PLAN02,2020-04-30,,Active,False,,,15.49
SUB0003706,CUST003352,PLAN03,2025-06-12,,Active,True,,,22.99
SUB0003707,CUST003353,PLAN02,2020-03-06,,Cancelled,True,2026-04-25,Technical issues,15.49
SUB0003708,CUST003354,PLAN02,2020-06-14,,Cancelled,True,2025-11-29,Household budget cuts,15.49
SUB0003709,CUST003355,PLAN01,2020-11-25,,Cancelled,True,2026-06-13,Payment issues,6.99
SUB0003710,CUST003356,PLAN01,2025-10-15,,Cancelled,True,2026-05-28,No longer needed,6.99
SUB0003711,CUST003357,PLAN02,2021-11-27,,Active,True,,,15.49
SUB0003712,CUST003358,PLAN01,2020-11-12,,Active,True,,,6.99
SUB0003713,CUST003359,PLAN03,2019-01-23,2021-11-06,Plan Changed,True,,,6.99
SUB0003714,CUST003359,PLAN01,2021-11-06,,Cancelled,True,2026-03-21,Password sharing crackdown,6.99
SUB0003715,CUST003360,PLAN01,2023-11-03,,Active,True,,,6.99
SUB0003716,CUST003361,PLAN01,2021-04-12,,Active,False,,,6.99
SUB0003717,CUST003362,PLAN01,2019-02-21,,Active,True,,,6.99
SUB0003718,CUST003363,PLAN01,2019-07-02,,Active,True,,,6.99
SUB0003719,CUST003364,PLAN01,2024-03-11,,Active,True,,,6.99
SUB0003720,CUST003365,PLAN02,2019-06-19,,Active,True,,,15.49
SUB0003721,CUST003366,PLAN03,2023-11-11,,Active,True,,,22.99
SUB0003722,CUST003367,PLAN01,2023-07-08,,Active,True,,,6.99
SUB0003723,CUST003368,PLAN02,2021-02-07,,Active,False,,,15.49
SUB0003724,CUST003369,PLAN01,2019-10-09,,Active,True,,,6.99
SUB0003725,CUST003370,PLAN02,2024-09-24,,Cancelled,True,2025-10-09,Not enough content,15.49
SUB0003726,CUST003371,PLAN02,2019-10-05,,Active,True,,,15.49
SUB0003727,CUST003372,PLAN02,2021-01-24,,Active,True,,,15.49
SUB0003728,CUST003373,PLAN03,2020-07-11,,Active,False,,,22.99
SUB0003729,CUST003374,PLAN02,2023-12-01,,Active,True,,,15.49
SUB0003730,CUST003375,PLAN01,2021-04-23,,Active,True,,,6.99
SUB0003731,CUST003376,PLAN02,2025-08-14,,Active,True,,,15.49
SUB0003732,CUST003377,PLAN01,2023-03-12,,Cancelled,True,2026-02-02,Too expensive,6.99
SUB0003733,CUST003378,PLAN01,2023-08-01,,Active,True,,,6.99
SUB0003734,CUST003379,PLAN02,2021-03-13,,Active,True,,,15.49
SUB0003735,CUST003380,PLAN01,2020-08-05,,Cancelled,False,2025-10-17,Too expensive,6.99
SUB0003736,CUST003381,PLAN02,2021-08-10,,Cancelled,True,2026-02-21,Moving / relocation,15.49
SUB0003737,CUST003382,PLAN01,2022-10-04,,Active,False,,,6.99
SUB0003738,CUST003383,PLAN01,2020-11-17,,Active,True,,,6.99
SUB0003739,CUST003384,PLAN01,2025-07-13,,Active,True,,,6.99
SUB0003740,CUST003385,PLAN02,2022-10-30,,Cancelled,True,2026-06-03,Not enough content,15.49
SUB0003741,CUST003386,PLAN01,2026-04-18,,Active,True,,,6.99
SUB0003742,CUST003387,PLAN01,2020-05-15,,Active,True,,,6.99
SUB0003743,CUST003388,PLAN01,2024-11-13,,Cancelled,True,2026-06-30,No longer needed,6.99
SUB0003744,CUST003389,PLAN02,2022-08-04,,Active,True,,,15.49
SUB0003745,CUST003390,PLAN02,2022-10-13,,Active,True,,,15.49
SUB0003746,CUST003391,PLAN01,2025-11-26,,Cancelled,True,2026-04-10,Too expensive,6.99
SUB0003747,CUST003392,PLAN02,2021-05-05,,Active,True,,,15.49
SUB0003748,CUST003393,PLAN01,2019-05-06,,Active,False,,,6.99
SUB0003749,CUST003394,PLAN03,2019-11-08,,Active,True,,,22.99
SUB0003750,CUST003395,PLAN01,2025-12-18,,Cancelled,False,2026-05-15,Not enough content,6.99
SUB0003751,CUST003396,PLAN02,2026-02-12,,Cancelled,True,2026-04-13,Password sharing crackdown,15.49
SUB0003752,CUST003397,PLAN01,2022-06-16,,Active,False,,,6.99
SUB0003753,CUST003398,PLAN01,2022-08-31,,Active,True,,,6.99
SUB0003754,CUST003399,PLAN02,2024-10-17,,Active,True,,,15.49
SUB0003755,CUST003400,PLAN02,2021-08-10,,Active,True,,,15.49
SUB0003756,CUST003401,PLAN01,2026-05-04,,Cancelled,True,2026-05-28,Too expensive,6.99
SUB0003757,CUST003402,PLAN02,2022-05-30,,Cancelled,True,2026-01-08,Password sharing crackdown,15.49
SUB0003758,CUST003403,PLAN03,2025-03-10,,Active,True,,,22.99
SUB0003759,CUST003404,PLAN03,2020-01-26,,Cancelled,True,2025-11-29,Found alternative platform,22.99
SUB0003760,CUST003405,PLAN03,2023-01-03,,Active,True,,,22.99
SUB0003761,CUST003406,PLAN01,2021-07-09,2023-02-14,Plan Changed,True,,,22.99
SUB0003762,CUST003406,PLAN03,2023-02-14,,Cancelled,True,2026-03-13,Found alternative platform,22.99
SUB0003763,CUST003407,PLAN03,2022-06-15,,Active,True,,,22.99
SUB0003764,CUST003408,PLAN01,2022-12-31,,Cancelled,True,2026-01-04,No longer needed,6.99
SUB0003765,CUST003409,PLAN02,2024-12-29,,Active,False,,,15.49
SUB0003766,CUST003410,PLAN02,2024-07-17,2025-12-01,Plan Changed,True,,,15.49
SUB0003767,CUST003410,PLAN02,2025-12-01,,Active,True,,,15.49
SUB0003768,CUST003411,PLAN02,2025-09-09,,Active,True,,,15.49
SUB0003769,CUST003412,PLAN01,2026-04-17,,Active,True,,,6.99
SUB0003770,CUST003413,PLAN01,2021-06-06,,Cancelled,True,2026-03-27,No longer needed,6.99
SUB0003771,CUST003414,PLAN01,2026-02-20,,Active,True,,,6.99
SUB0003772,CUST003415,PLAN01,2019-07-20,,Active,True,,,6.99
SUB0003773,CUST003416,PLAN02,2019-02-20,,Active,True,,,15.49
SUB0003774,CUST003417,PLAN01,2025-03-26,,Active,True,,,6.99
SUB0003775,CUST003418,PLAN02,2025-12-14,,Active,True,,,15.49
SUB0003776,CUST003419,PLAN02,2022-10-09,,Active,True,,,15.49
SUB0003777,CUST003420,PLAN03,2019-05-17,,Cancelled,False,2026-06-21,Moving / relocation,22.99
SUB0003778,CUST003421,PLAN01,2023-01-13,,Active,False,,,6.99
SUB0003779,CUST003422,PLAN03,2025-02-25,,Active,True,,,22.99
SUB0003780,CUST003423,PLAN01,2026-02-04,,Active,True,,,6.99
SUB0003781,CUST003424,PLAN03,2025-01-04,,Active,True,,,22.99
SUB0003782,CUST003425,PLAN03,2022-07-08,,Active,True,,,22.99
SUB0003783,CUST003426,PLAN01,2023-08-07,,Active,True,,,6.99
SUB0003784,CUST003427,PLAN01,2026-05-01,,Active,True,,,6.99
SUB0003785,CUST003428,PLAN02,2023-08-03,,Active,True,,,15.49
SUB0003786,CUST003429,PLAN01,2023-05-25,,Active,True,,,6.99
SUB0003787,CUST003430,PLAN02,2022-09-06,,Active,True,,,15.49
SUB0003788,CUST003431,PLAN01,2025-10-01,,Cancelled,True,2026-01-11,No longer needed,6.99
SUB0003789,CUST003432,PLAN02,2024-12-23,,Active,True,,,15.49
SUB0003790,CUST003433,PLAN02,2020-12-03,,Active,True,,,15.49
SUB0003791,CUST003434,PLAN01,2021-06-25,,Active,True,,,6.99
SUB0003792,CUST003435,PLAN01,2026-02-20,,Active,True,,,6.99
SUB0003793,CUST003436,PLAN01,2025-07-30,,Active,True,,,6.99
SUB0003794,CUST003437,PLAN02,2025-09-22,,Active,True,,,15.49
SUB0003795,CUST003438,PLAN03,2019-08-26,,Active,True,,,22.99
SUB0003796,CUST003439,PLAN01,2024-02-01,,Active,False,,,6.99
SUB0003797,CUST003440,PLAN02,2025-07-09,,Active,True,,,15.49
SUB0003798,CUST003441,PLAN01,2025-12-01,,Cancelled,True,2026-04-28,Too expensive,6.99
SUB0003799,CUST003442,PLAN01,2024-11-21,,Active,True,,,6.99
SUB0003800,CUST003443,PLAN02,2026-05-09,,Active,False,,,15.49
SUB0003801,CUST003444,PLAN02,2024-06-02,,Cancelled,False,2026-01-17,No longer needed,15.49
SUB0003802,CUST003445,PLAN01,2021-06-06,,Active,True,,,6.99
SUB0003803,CUST003446,PLAN01,2019-04-13,,Cancelled,False,2026-05-14,Poor customer service experience,6.99
SUB0003804,CUST003447,PLAN02,2021-01-16,,Active,True,,,15.49
SUB0003805,CUST003448,PLAN01,2022-05-06,,Cancelled,True,2026-05-31,Moving / relocation,6.99
SUB0003806,CUST003449,PLAN01,2024-08-14,,Active,True,,,6.99
SUB0003807,CUST003450,PLAN02,2021-10-09,2024-11-19,Plan Changed,False,,,6.99
SUB0003808,CUST003450,PLAN01,2024-11-19,,Active,False,,,6.99
SUB0003809,CUST003451,PLAN02,2025-11-16,,Active,True,,,15.49
SUB0003810,CUST003452,PLAN01,2020-01-24,,Active,True,,,6.99
SUB0003811,CUST003453,PLAN02,2021-05-07,,Active,True,,,15.49
SUB0003812,CUST003454,PLAN01,2024-10-08,,Active,True,,,6.99
SUB0003813,CUST003455,PLAN02,2023-07-19,,Active,False,,,15.49
SUB0003814,CUST003456,PLAN02,2022-03-28,,Active,False,,,15.49
SUB0003815,CUST003457,PLAN02,2021-03-11,,Cancelled,True,2025-12-16,Found alternative platform,15.49
SUB0003816,CUST003458,PLAN03,2020-12-17,,Active,True,,,22.99
SUB0003817,CUST003459,PLAN01,2020-06-23,,Cancelled,False,2025-10-18,Payment issues,6.99
SUB0003818,CUST003460,PLAN03,2022-07-05,,Active,True,,,22.99
SUB0003819,CUST003461,PLAN02,2024-09-06,,Active,True,,,15.49
SUB0003820,CUST003462,PLAN03,2023-05-08,,Cancelled,False,2026-01-23,Found alternative platform,22.99
SUB0003821,CUST003463,PLAN02,2025-03-08,,Active,True,,,15.49
SUB0003822,CUST003464,PLAN02,2025-10-23,,Active,True,,,15.49
SUB0003823,CUST003465,PLAN01,2025-04-04,,Cancelled,True,2026-06-16,Not enough content,6.99
SUB0003824,CUST003466,PLAN02,2023-12-22,,Active,True,,,15.49
SUB0003825,CUST003467,PLAN01,2021-09-25,,Active,True,,,6.99
SUB0003826,CUST003468,PLAN01,2023-04-20,,Active,True,,,6.99
SUB0003827,CUST003469,PLAN01,2019-09-21,,Active,True,,,6.99
SUB0003828,CUST003470,PLAN02,2023-08-20,,Cancelled,False,2025-12-29,Found alternative platform,15.49
SUB0003829,CUST003471,PLAN01,2021-08-10,,Cancelled,False,2026-01-30,No longer needed,6.99
SUB0003830,CUST003472,PLAN01,2019-03-19,,Active,True,,,6.99
SUB0003831,CUST003473,PLAN02,2020-01-03,,Active,False,,,15.49
SUB0003832,CUST003474,PLAN01,2021-12-28,,Active,True,,,6.99
SUB0003833,CUST003475,PLAN01,2023-03-26,,Active,True,,,6.99
SUB0003834,CUST003476,PLAN01,2025-12-31,,Cancelled,False,2026-06-08,Not enough content,6.99
SUB0003835,CUST003477,PLAN03,2020-05-13,,Active,False,,,22.99
SUB0003836,CUST003478,PLAN01,2024-06-12,,Cancelled,False,2025-10-07,Technical issues,6.99
SUB0003837,CUST003479,PLAN02,2021-07-26,,Active,True,,,15.49
SUB0003838,CUST003480,PLAN03,2021-12-13,,Active,False,,,22.99
SUB0003839,CUST003481,PLAN02,2023-08-12,,Cancelled,True,2026-02-15,Too expensive,15.49
SUB0003840,CUST003482,PLAN03,2021-10-06,,Active,True,,,22.99
SUB0003841,CUST003483,PLAN03,2019-02-09,,Active,True,,,22.99
SUB0003842,CUST003484,PLAN01,2023-10-21,,Active,True,,,6.99
SUB0003843,CUST003485,PLAN03,2024-04-28,,Active,True,,,22.99
SUB0003844,CUST003486,PLAN02,2023-05-11,,Active,True,,,15.49
SUB0003845,CUST003487,PLAN03,2022-11-10,,Active,True,,,22.99
SUB0003846,CUST003488,PLAN01,2023-04-20,,Active,True,,,6.99
SUB0003847,CUST003489,PLAN02,2023-07-01,,Active,True,,,15.49
SUB0003848,CUST003490,PLAN01,2026-01-03,,Active,True,,,6.99
SUB0003849,CUST003491,PLAN02,2024-04-08,2026-03-02,Plan Changed,False,,,6.99
SUB0003850,CUST003491,PLAN01,2026-03-02,,Active,False,,,6.99
SUB0003851,CUST003492,PLAN02,2026-01-09,,Active,True,,,15.49
SUB0003852,CUST003493,PLAN01,2026-02-20,,Active,True,,,6.99
SUB0003853,CUST003494,PLAN02,2024-06-10,,Active,True,,,15.49
SUB0003854,CUST003495,PLAN01,2022-09-10,,Cancelled,True,2026-04-05,No longer needed,6.99
SUB0003855,CUST003496,PLAN02,2023-01-19,,Active,True,,,15.49
SUB0003856,CUST003497,PLAN03,2025-07-26,2025-09-26,Plan Changed,False,,,15.49
SUB0003857,CUST003497,PLAN02,2025-09-26,,Active,False,,,15.49
SUB0003858,CUST003498,PLAN03,2021-08-21,2024-04-14,Plan Changed,True,,,15.49
SUB0003859,CUST003498,PLAN02,2024-04-14,,Active,True,,,15.49
SUB0003860,CUST003499,PLAN02,2019-05-19,2025-08-04,Plan Changed,True,,,15.49
SUB0003861,CUST003499,PLAN02,2025-08-04,,Active,True,,,15.49
SUB0003862,CUST003500,PLAN02,2021-02-19,,Active,True,,,15.49
SUB0003863,CUST003501,PLAN01,2021-05-20,,Active,False,,,6.99
SUB0003864,CUST003502,PLAN01,2022-12-29,,Active,True,,,6.99
SUB0003865,CUST003503,PLAN02,2020-11-26,2025-02-07,Plan Changed,True,,,15.49
SUB0003866,CUST003503,PLAN02,2025-02-07,,Active,True,,,15.49
SUB0003867,CUST003504,PLAN03,2023-01-18,,Active,True,,,22.99
SUB0003868,CUST003505,PLAN01,2024-11-29,,Cancelled,True,2026-04-18,Too expensive,6.99
SUB0003869,CUST003506,PLAN03,2021-06-27,,Active,False,,,22.99
SUB0003870,CUST003507,PLAN02,2026-03-22,,Active,True,,,15.49
SUB0003871,CUST003508,PLAN03,2021-05-08,,Active,True,,,22.99
SUB0003872,CUST003509,PLAN01,2025-02-12,,Active,False,,,6.99
SUB0003873,CUST003510,PLAN01,2022-03-10,,Active,False,,,6.99
SUB0003874,CUST003511,PLAN02,2020-07-14,,Active,True,,,15.49
SUB0003875,CUST003512,PLAN03,2024-01-25,,Active,True,,,22.99
SUB0003876,CUST003513,PLAN02,2023-03-02,,Active,False,,,15.49
SUB0003877,CUST003514,PLAN01,2019-12-27,,Active,True,,,6.99
SUB0003878,CUST003515,PLAN03,2020-08-22,2023-05-10,Plan Changed,True,,,22.99
SUB0003879,CUST003515,PLAN03,2023-05-10,,Active,True,,,22.99
SUB0003880,CUST003516,PLAN02,2024-06-26,,Cancelled,True,2026-03-27,Poor customer service experience,15.49
SUB0003881,CUST003517,PLAN03,2022-11-23,,Active,True,,,22.99
SUB0003882,CUST003518,PLAN03,2024-07-17,,Active,True,,,22.99
SUB0003883,CUST003519,PLAN02,2019-09-15,,Active,True,,,15.49
SUB0003884,CUST003520,PLAN01,2022-10-28,,Active,True,,,6.99
SUB0003885,CUST003521,PLAN01,2022-08-14,,Active,True,,,6.99
SUB0003886,CUST003522,PLAN03,2019-12-15,2021-02-14,Plan Changed,False,,,6.99
SUB0003887,CUST003522,PLAN01,2021-02-14,,Active,False,,,6.99
SUB0003888,CUST003523,PLAN01,2023-02-02,,Cancelled,False,2025-11-19,No longer needed,6.99
SUB0003889,CUST003524,PLAN01,2025-01-03,,Active,True,,,6.99
SUB0003890,CUST003525,PLAN02,2024-09-04,,Active,True,,,15.49
SUB0003891,CUST003526,PLAN02,2023-02-06,,Active,True,,,15.49
SUB0003892,CUST003527,PLAN01,2024-10-21,,Cancelled,True,2026-01-12,Too expensive,6.99
SUB0003893,CUST003528,PLAN01,2022-05-12,,Cancelled,True,2025-12-06,Content quality decline,6.99
SUB0003894,CUST003529,PLAN01,2019-01-30,,Active,True,,,6.99
SUB0003895,CUST003530,PLAN01,2024-05-08,2026-06-17,Plan Changed,True,,,6.99
SUB0003896,CUST003530,PLAN01,2026-06-17,,Active,True,,,6.99
SUB0003897,CUST003531,PLAN02,2020-07-24,,Active,True,,,15.49
SUB0003898,CUST003532,PLAN02,2021-04-03,,Active,True,,,15.49
SUB0003899,CUST003533,PLAN02,2022-12-14,,Cancelled,True,2026-06-21,No longer needed,15.49
SUB0003900,CUST003534,PLAN02,2022-06-06,,Active,True,,,15.49
SUB0003901,CUST003535,PLAN03,2025-03-10,,Active,True,,,22.99
SUB0003902,CUST003536,PLAN02,2021-01-02,,Active,True,,,15.49
SUB0003903,CUST003537,PLAN02,2023-01-14,,Active,True,,,15.49
SUB0003904,CUST003538,PLAN02,2025-10-31,,Active,True,,,15.49
SUB0003905,CUST003539,PLAN03,2023-06-22,2025-08-08,Plan Changed,False,,,6.99
SUB0003906,CUST003539,PLAN01,2025-08-08,,Cancelled,False,2026-06-13,Payment issues,6.99
SUB0003907,CUST003540,PLAN01,2022-07-22,,Active,True,,,6.99
SUB0003908,CUST003541,PLAN02,2022-09-08,,Active,True,,,15.49
SUB0003909,CUST003542,PLAN01,2020-11-10,,Active,True,,,6.99
SUB0003910,CUST003543,PLAN02,2023-04-02,2023-09-03,Plan Changed,True,,,15.49
SUB0003911,CUST003543,PLAN02,2023-09-03,,Active,True,,,15.49
SUB0003912,CUST003544,PLAN01,2021-02-25,2026-03-23,Plan Changed,True,,,15.49
SUB0003913,CUST003544,PLAN02,2026-03-23,,Active,True,,,15.49
SUB0003914,CUST003545,PLAN02,2019-01-27,,Active,True,,,15.49
SUB0003915,CUST003546,PLAN01,2019-08-29,,Active,True,,,6.99
SUB0003916,CUST003547,PLAN03,2024-04-19,,Active,True,,,22.99
SUB0003917,CUST003548,PLAN01,2026-03-16,,Cancelled,True,2026-06-10,Too expensive,6.99
SUB0003918,CUST003549,PLAN03,2021-05-06,2022-08-03,Plan Changed,True,,,15.49
SUB0003919,CUST003549,PLAN02,2022-08-03,,Active,True,,,15.49
SUB0003920,CUST003550,PLAN01,2024-07-15,,Active,True,,,6.99
SUB0003921,CUST003551,PLAN03,2022-12-15,,Active,True,,,22.99
SUB0003922,CUST003552,PLAN02,2020-12-10,,Active,False,,,15.49
SUB0003923,CUST003553,PLAN02,2020-06-05,,Active,True,,,15.49
SUB0003924,CUST003554,PLAN02,2026-03-27,,Active,True,,,15.49
SUB0003925,CUST003555,PLAN02,2021-09-21,,Active,True,,,15.49
SUB0003926,CUST003556,PLAN02,2023-01-07,,Active,True,,,15.49
SUB0003927,CUST003557,PLAN02,2024-08-14,,Cancelled,True,2026-06-30,Technical issues,15.49
SUB0003928,CUST003558,PLAN02,2022-10-09,,Active,True,,,15.49
SUB0003929,CUST003559,PLAN02,2023-12-28,,Cancelled,True,2026-04-15,Found alternative platform,15.49
SUB0003930,CUST003560,PLAN03,2023-08-13,2025-08-27,Plan Changed,True,,,6.99
SUB0003931,CUST003560,PLAN01,2025-08-27,,Active,True,,,6.99
SUB0003932,CUST003561,PLAN01,2024-09-30,,Cancelled,True,2026-01-25,Too expensive,6.99
SUB0003933,CUST003562,PLAN01,2020-04-05,,Active,True,,,6.99
SUB0003934,CUST003563,PLAN02,2019-02-23,,Active,True,,,15.49
SUB0003935,CUST003564,PLAN01,2020-04-13,,Cancelled,True,2025-10-31,Payment issues,6.99
SUB0003936,CUST003565,PLAN02,2024-02-22,,Active,True,,,15.49
SUB0003937,CUST003566,PLAN03,2020-10-29,,Active,False,,,22.99
SUB0003938,CUST003567,PLAN01,2024-09-28,,Active,True,,,6.99
SUB0003939,CUST003568,PLAN01,2022-01-03,,Active,True,,,6.99
SUB0003940,CUST003569,PLAN02,2024-07-04,,Active,True,,,15.49
SUB0003941,CUST003570,PLAN02,2025-01-05,,Cancelled,True,2026-02-23,Too expensive,15.49
SUB0003942,CUST003571,PLAN01,2024-01-15,2024-09-25,Plan Changed,True,,,22.99
SUB0003943,CUST003571,PLAN03,2024-09-25,,Active,True,,,22.99
SUB0003944,CUST003572,PLAN01,2021-08-13,,Active,True,,,6.99
SUB0003945,CUST003573,PLAN02,2025-11-24,,Active,True,,,15.49
SUB0003946,CUST003574,PLAN02,2026-03-26,,Active,True,,,15.49
SUB0003947,CUST003575,PLAN02,2020-07-17,,Active,True,,,15.49
SUB0003948,CUST003576,PLAN01,2019-04-28,,Cancelled,False,2025-12-16,No longer needed,6.99
SUB0003949,CUST003577,PLAN02,2020-03-24,,Active,True,,,15.49
SUB0003950,CUST003578,PLAN01,2022-10-01,,Active,True,,,6.99
SUB0003951,CUST003579,PLAN03,2025-09-01,,Active,True,,,22.99
SUB0003952,CUST003580,PLAN03,2023-01-12,,Cancelled,True,2026-05-25,Household budget cuts,22.99
SUB0003953,CUST003581,PLAN02,2022-04-08,,Cancelled,True,2025-11-18,Payment issues,15.49
SUB0003954,CUST003582,PLAN03,2019-06-12,,Active,True,,,22.99
SUB0003955,CUST003583,PLAN02,2021-06-01,,Active,True,,,15.49
SUB0003956,CUST003584,PLAN01,2021-08-19,,Active,True,,,6.99
SUB0003957,CUST003585,PLAN02,2025-07-03,,Active,True,,,15.49
SUB0003958,CUST003586,PLAN02,2025-03-24,,Active,False,,,15.49
SUB0003959,CUST003587,PLAN01,2022-08-02,,Active,True,,,6.99
SUB0003960,CUST003588,PLAN01,2023-12-22,,Active,True,,,6.99
SUB0003961,CUST003589,PLAN03,2023-09-12,,Cancelled,True,2025-11-03,Found alternative platform,22.99
SUB0003962,CUST003590,PLAN03,2020-09-28,,Active,True,,,22.99
SUB0003963,CUST003591,PLAN02,2021-06-23,,Active,True,,,15.49
SUB0003964,CUST003592,PLAN01,2021-08-19,,Active,False,,,6.99
SUB0003965,CUST003593,PLAN01,2023-10-17,,Active,False,,,6.99
SUB0003966,CUST003594,PLAN01,2020-02-26,,Cancelled,True,2026-05-20,Not enough content,6.99
SUB0003967,CUST003595,PLAN02,2022-09-13,,Cancelled,False,2026-03-28,No longer needed,15.49
SUB0003968,CUST003596,PLAN01,2019-09-06,,Active,True,,,6.99
SUB0003969,CUST003597,PLAN03,2023-11-14,2026-06-22,Plan Changed,True,,,15.49
SUB0003970,CUST003597,PLAN02,2026-06-22,,Active,True,,,15.49
SUB0003971,CUST003598,PLAN03,2026-04-14,,Cancelled,True,2026-06-30,Found alternative platform,22.99
SUB0003972,CUST003599,PLAN02,2021-11-15,,Active,False,,,15.49
SUB0003973,CUST003600,PLAN01,2021-04-10,,Active,True,,,6.99
SUB0003974,CUST003601,PLAN02,2023-07-29,,Active,True,,,15.49
SUB0003975,CUST003602,PLAN01,2020-06-01,,Active,True,,,6.99
SUB0003976,CUST003603,PLAN02,2020-09-16,,Cancelled,True,2026-02-11,Poor customer service experience,15.49
SUB0003977,CUST003604,PLAN02,2019-01-30,,Cancelled,False,2026-04-09,Too expensive,15.49
SUB0003978,CUST003605,PLAN02,2022-09-15,,Cancelled,True,2026-04-08,Found alternative platform,15.49
SUB0003979,CUST003606,PLAN02,2023-03-05,,Active,True,,,15.49
SUB0003980,CUST003607,PLAN01,2019-11-25,,Active,True,,,6.99
SUB0003981,CUST003608,PLAN02,2022-11-21,,Active,False,,,15.49
SUB0003982,CUST003609,PLAN01,2022-07-28,,Active,True,,,6.99
SUB0003983,CUST003610,PLAN02,2024-05-07,,Active,True,,,15.49
SUB0003984,CUST003611,PLAN02,2021-06-01,,Active,True,,,15.49
SUB0003985,CUST003612,PLAN03,2024-04-03,,Active,True,,,22.99
SUB0003986,CUST003613,PLAN03,2020-11-26,,Active,True,,,22.99
SUB0003987,CUST003614,PLAN02,2022-12-22,,Active,True,,,15.49
SUB0003988,CUST003615,PLAN01,2024-07-22,2025-11-24,Plan Changed,False,,,6.99
SUB0003989,CUST003615,PLAN01,2025-11-24,,Cancelled,False,2025-10-10,Poor customer service experience,6.99
SUB0003990,CUST003616,PLAN03,2025-07-18,,Active,True,,,22.99
SUB0003991,CUST003617,PLAN02,2026-02-21,,Active,True,,,15.49
SUB0003992,CUST003618,PLAN02,2025-12-13,,Cancelled,True,2026-03-04,No longer needed,15.49
SUB0003993,CUST003619,PLAN02,2025-07-02,,Active,True,,,15.49
SUB0003994,CUST003620,PLAN01,2023-05-28,,Active,True,,,6.99
SUB0003995,CUST003621,PLAN02,2020-05-22,,Cancelled,True,2025-11-06,Household budget cuts,15.49
SUB0003996,CUST003622,PLAN01,2024-06-07,,Cancelled,False,2026-02-13,Moving / relocation,6.99
SUB0003997,CUST003623,PLAN01,2025-04-12,,Cancelled,True,2026-01-10,Payment issues,6.99
SUB0003998,CUST003624,PLAN01,2025-07-07,,Active,False,,,6.99
SUB0003999,CUST003625,PLAN02,2020-01-14,,Active,True,,,15.49
SUB0004000,CUST003626,PLAN01,2020-03-21,,Active,False,,,6.99
SUB0004001,CUST003627,PLAN01,2019-07-04,,Active,False,,,6.99
SUB0004002,CUST003628,PLAN01,2024-09-12,,Cancelled,True,2025-12-05,Found alternative platform,6.99
SUB0004003,CUST003629,PLAN02,2025-01-03,,Active,True,,,15.49
SUB0004004,CUST003630,PLAN01,2024-04-15,2025-01-01,Plan Changed,True,,,22.99
SUB0004005,CUST003630,PLAN03,2025-01-01,,Active,True,,,22.99
SUB0004006,CUST003631,PLAN02,2021-01-13,,Active,True,,,15.49
SUB0004007,CUST003632,PLAN01,2025-07-14,,Cancelled,True,2026-04-01,Too expensive,6.99
SUB0004008,CUST003633,PLAN03,2023-05-31,,Cancelled,True,2026-04-11,Technical issues,22.99
SUB0004009,CUST003634,PLAN02,2023-12-28,,Active,True,,,15.49
SUB0004010,CUST003635,PLAN02,2020-12-31,2022-09-14,Plan Changed,True,,,15.49
SUB0004011,CUST003635,PLAN02,2022-09-14,,Active,True,,,15.49
SUB0004012,CUST003636,PLAN01,2023-04-26,,Active,True,,,6.99
SUB0004013,CUST003637,PLAN02,2021-08-24,,Cancelled,True,2026-06-26,No longer needed,15.49
SUB0004014,CUST003638,PLAN03,2026-02-25,,Active,True,,,22.99
SUB0004015,CUST003639,PLAN01,2025-09-07,,Cancelled,True,2025-11-17,Too expensive,6.99
SUB0004016,CUST003640,PLAN01,2022-04-10,,Cancelled,True,2026-02-16,Technical issues,6.99
SUB0004017,CUST003641,PLAN01,2024-03-13,,Active,True,,,6.99
SUB0004018,CUST003642,PLAN01,2020-03-19,,Active,False,,,6.99
SUB0004019,CUST003643,PLAN02,2021-04-06,,Active,True,,,15.49
SUB0004020,CUST003644,PLAN02,2019-12-06,,Active,False,,,15.49
SUB0004021,CUST003645,PLAN01,2022-06-12,,Active,True,,,6.99
SUB0004022,CUST003646,PLAN02,2022-06-11,,Active,True,,,15.49
SUB0004023,CUST003647,PLAN02,2022-09-04,,Cancelled,True,2026-06-19,Content quality decline,15.49
SUB0004024,CUST003648,PLAN02,2024-01-09,,Active,True,,,15.49
SUB0004025,CUST003649,PLAN01,2019-02-11,,Cancelled,True,2026-05-20,Not enough content,6.99
SUB0004026,CUST003650,PLAN03,2026-04-04,,Cancelled,False,2026-04-14,Found alternative platform,22.99
SUB0004027,CUST003651,PLAN01,2025-02-08,,Active,True,,,6.99
SUB0004028,CUST003652,PLAN02,2023-04-26,,Cancelled,True,2026-02-26,Household budget cuts,15.49
SUB0004029,CUST003653,PLAN02,2020-12-24,,Active,True,,,15.49
SUB0004030,CUST003654,PLAN01,2025-06-30,,Active,False,,,6.99
SUB0004031,CUST003655,PLAN03,2021-08-07,,Active,True,,,22.99
SUB0004032,CUST003656,PLAN02,2026-01-21,,Cancelled,True,2026-04-06,Found alternative platform,15.49
SUB0004033,CUST003657,PLAN02,2024-09-05,,Active,False,,,15.49
SUB0004034,CUST003658,PLAN01,2021-05-31,,Active,True,,,6.99
SUB0004035,CUST003659,PLAN03,2025-12-19,,Active,True,,,22.99
SUB0004036,CUST003660,PLAN01,2021-03-28,,Cancelled,False,2026-03-10,Found alternative platform,6.99
SUB0004037,CUST003661,PLAN03,2021-11-20,2026-06-18,Plan Changed,True,,,22.99
SUB0004038,CUST003661,PLAN03,2026-06-18,,Active,True,,,22.99
SUB0004039,CUST003662,PLAN02,2019-01-14,,Cancelled,True,2026-06-19,Technical issues,15.49
SUB0004040,CUST003663,PLAN02,2022-04-21,2023-01-06,Plan Changed,True,,,6.99
SUB0004041,CUST003663,PLAN01,2023-01-06,,Cancelled,True,2026-02-13,Too expensive,6.99
SUB0004042,CUST003664,PLAN01,2020-09-25,,Active,True,,,6.99
SUB0004043,CUST003665,PLAN01,2024-09-28,,Active,True,,,6.99
SUB0004044,CUST003666,PLAN02,2021-03-13,,Cancelled,False,2025-10-12,Poor customer service experience,15.49
SUB0004045,CUST003667,PLAN01,2024-09-28,,Active,True,,,6.99
SUB0004046,CUST003668,PLAN01,2019-05-13,,Active,True,,,6.99
SUB0004047,CUST003669,PLAN01,2021-12-02,,Active,True,,,6.99
SUB0004048,CUST003670,PLAN03,2022-10-18,2024-02-10,Plan Changed,True,,,22.99
SUB0004049,CUST003670,PLAN03,2024-02-10,,Cancelled,True,2026-03-10,Poor customer service experience,22.99
SUB0004050,CUST003671,PLAN01,2024-10-20,,Active,False,,,6.99
SUB0004051,CUST003672,PLAN02,2024-09-05,,Active,True,,,15.49
SUB0004052,CUST003673,PLAN02,2020-02-25,,Active,True,,,15.49
SUB0004053,CUST003674,PLAN01,2023-12-31,,Active,True,,,6.99
SUB0004054,CUST003675,PLAN01,2020-03-06,,Cancelled,True,2026-02-20,Moving / relocation,6.99
SUB0004055,CUST003676,PLAN02,2021-01-25,,Active,True,,,15.49
SUB0004056,CUST003677,PLAN03,2024-04-03,,Cancelled,False,2026-02-21,Household budget cuts,22.99
SUB0004057,CUST003678,PLAN01,2026-03-20,,Active,True,,,6.99
SUB0004058,CUST003679,PLAN01,2023-03-02,,Cancelled,True,2026-06-19,Payment issues,6.99
SUB0004059,CUST003680,PLAN02,2025-09-07,,Cancelled,True,2025-12-26,Found alternative platform,15.49
SUB0004060,CUST003681,PLAN01,2025-05-24,2026-03-18,Plan Changed,True,,,6.99
SUB0004061,CUST003681,PLAN01,2026-03-18,,Cancelled,True,2025-11-01,Household budget cuts,6.99
SUB0004062,CUST003682,PLAN01,2020-04-13,,Active,True,,,6.99
SUB0004063,CUST003683,PLAN02,2021-09-03,,Active,False,,,15.49
SUB0004064,CUST003684,PLAN01,2024-08-26,,Active,False,,,6.99
SUB0004065,CUST003685,PLAN03,2021-03-16,,Cancelled,True,2025-11-05,Household budget cuts,22.99
SUB0004066,CUST003686,PLAN01,2020-06-19,,Active,False,,,6.99
SUB0004067,CUST003687,PLAN03,2019-07-17,,Active,False,,,22.99
SUB0004068,CUST003688,PLAN01,2024-11-28,,Cancelled,True,2025-10-27,Too expensive,6.99
SUB0004069,CUST003689,PLAN02,2023-07-18,,Active,False,,,15.49
SUB0004070,CUST003690,PLAN02,2021-01-05,,Cancelled,False,2026-06-26,Household budget cuts,15.49
SUB0004071,CUST003691,PLAN01,2024-10-11,,Active,True,,,6.99
SUB0004072,CUST003692,PLAN01,2022-09-19,,Active,False,,,6.99
SUB0004073,CUST003693,PLAN01,2020-01-09,2026-03-12,Plan Changed,True,,,15.49
SUB0004074,CUST003693,PLAN02,2026-03-12,,Cancelled,True,2026-01-30,Not enough content,15.49
SUB0004075,CUST003694,PLAN01,2024-07-28,,Active,True,,,6.99
SUB0004076,CUST003695,PLAN01,2021-05-30,,Cancelled,False,2025-10-04,Found alternative platform,6.99
SUB0004077,CUST003696,PLAN03,2023-04-14,,Active,True,,,22.99
SUB0004078,CUST003697,PLAN01,2021-01-01,,Cancelled,True,2025-10-15,Too expensive,6.99
SUB0004079,CUST003698,PLAN02,2022-04-07,,Cancelled,True,2025-11-23,Found alternative platform,15.49
SUB0004080,CUST003699,PLAN01,2019-10-04,,Active,True,,,6.99
SUB0004081,CUST003700,PLAN01,2020-12-01,,Active,True,,,6.99
SUB0004082,CUST003701,PLAN01,2023-06-15,,Active,True,,,6.99
SUB0004083,CUST003702,PLAN01,2024-12-26,,Active,True,,,6.99
SUB0004084,CUST003703,PLAN01,2020-01-12,,Active,False,,,6.99
SUB0004085,CUST003704,PLAN03,2021-05-03,,Active,False,,,22.99
SUB0004086,CUST003705,PLAN02,2023-08-19,,Cancelled,True,2025-11-18,Payment issues,15.49
SUB0004087,CUST003706,PLAN01,2019-09-07,2024-03-03,Plan Changed,True,,,15.49
SUB0004088,CUST003706,PLAN02,2024-03-03,,Active,True,,,15.49
SUB0004089,CUST003707,PLAN03,2021-02-03,,Active,True,,,22.99
SUB0004090,CUST003708,PLAN01,2025-08-18,,Cancelled,True,2025-12-03,Found alternative platform,6.99
SUB0004091,CUST003709,PLAN02,2022-10-01,,Cancelled,True,2026-02-17,Household budget cuts,15.49
SUB0004092,CUST003710,PLAN01,2024-06-08,,Active,False,,,6.99
SUB0004093,CUST003711,PLAN03,2020-01-25,,Cancelled,True,2025-10-10,Payment issues,22.99
SUB0004094,CUST003712,PLAN02,2026-02-25,,Active,True,,,15.49
SUB0004095,CUST003713,PLAN02,2021-02-15,,Active,True,,,15.49
SUB0004096,CUST003714,PLAN01,2019-02-08,,Active,True,,,6.99
SUB0004097,CUST003715,PLAN02,2024-07-14,,Active,False,,,15.49
SUB0004098,CUST003716,PLAN01,2023-04-20,,Active,False,,,6.99
SUB0004099,CUST003717,PLAN01,2025-09-04,,Active,True,,,6.99
SUB0004100,CUST003718,PLAN01,2020-01-18,,Active,True,,,6.99
SUB0004101,CUST003719,PLAN01,2022-03-23,,Active,True,,,6.99
SUB0004102,CUST003720,PLAN02,2021-08-31,,Active,True,,,15.49
SUB0004103,CUST003721,PLAN03,2022-05-06,,Active,True,,,22.99
SUB0004104,CUST003722,PLAN02,2022-01-16,,Active,True,,,15.49
SUB0004105,CUST003723,PLAN02,2022-12-11,,Cancelled,False,2026-05-14,No longer needed,15.49
SUB0004106,CUST003724,PLAN01,2024-08-28,,Cancelled,True,2025-12-30,Too expensive,6.99
SUB0004107,CUST003725,PLAN02,2022-06-24,,Active,True,,,15.49
SUB0004108,CUST003726,PLAN02,2025-11-20,,Active,True,,,15.49
SUB0004109,CUST003727,PLAN01,2020-07-24,,Active,True,,,6.99
SUB0004110,CUST003728,PLAN01,2024-09-14,,Active,True,,,6.99
SUB0004111,CUST003729,PLAN02,2025-05-19,,Cancelled,False,2026-04-04,No longer needed,15.49
SUB0004112,CUST003730,PLAN03,2025-07-05,2025-12-14,Plan Changed,True,,,6.99
SUB0004113,CUST003730,PLAN01,2025-12-14,,Active,True,,,6.99
SUB0004114,CUST003731,PLAN01,2020-07-10,,Active,True,,,6.99
SUB0004115,CUST003732,PLAN01,2025-04-11,,Active,True,,,6.99
SUB0004116,CUST003733,PLAN02,2023-03-02,,Cancelled,True,2026-01-09,Household budget cuts,15.49
SUB0004117,CUST003734,PLAN02,2023-01-21,,Active,False,,,15.49
SUB0004118,CUST003735,PLAN01,2022-10-08,,Active,True,,,6.99
SUB0004119,CUST003736,PLAN03,2019-01-19,,Active,True,,,22.99
SUB0004120,CUST003737,PLAN03,2022-11-02,,Active,True,,,22.99
SUB0004121,CUST003738,PLAN02,2022-07-19,,Active,True,,,15.49
SUB0004122,CUST003739,PLAN02,2019-11-22,,Active,True,,,15.49
SUB0004123,CUST003740,PLAN02,2023-04-15,,Cancelled,True,2026-01-19,Found alternative platform,15.49
SUB0004124,CUST003741,PLAN01,2024-09-20,,Active,True,,,6.99
SUB0004125,CUST003742,PLAN02,2024-03-29,,Active,True,,,15.49
SUB0004126,CUST003743,PLAN02,2021-10-21,2025-05-19,Plan Changed,False,,,6.99
SUB0004127,CUST003743,PLAN01,2025-05-19,,Active,False,,,6.99
SUB0004128,CUST003744,PLAN01,2023-11-22,2024-08-15,Plan Changed,False,,,15.49
SUB0004129,CUST003744,PLAN02,2024-08-15,,Active,False,,,15.49
SUB0004130,CUST003745,PLAN02,2019-01-30,,Active,True,,,15.49
SUB0004131,CUST003746,PLAN01,2019-11-13,,Active,True,,,6.99
SUB0004132,CUST003747,PLAN01,2019-08-12,,Active,True,,,6.99
SUB0004133,CUST003748,PLAN02,2022-02-03,,Active,True,,,15.49
SUB0004134,CUST003749,PLAN02,2021-03-17,,Active,True,,,15.49
SUB0004135,CUST003750,PLAN03,2020-08-07,,Active,True,,,22.99
SUB0004136,CUST003751,PLAN01,2026-01-12,,Active,True,,,6.99
SUB0004137,CUST003752,PLAN01,2021-01-23,,Active,True,,,6.99
SUB0004138,CUST003753,PLAN03,2020-02-02,,Active,True,,,22.99
SUB0004139,CUST003754,PLAN02,2020-06-13,,Active,True,,,15.49
SUB0004140,CUST003755,PLAN01,2024-09-13,,Cancelled,True,2026-01-03,Too expensive,6.99
SUB0004141,CUST003756,PLAN01,2022-07-28,,Active,True,,,6.99
SUB0004142,CUST003757,PLAN03,2025-08-24,,Active,True,,,22.99
SUB0004143,CUST003758,PLAN02,2024-05-29,2025-08-07,Plan Changed,True,,,15.49
SUB0004144,CUST003758,PLAN02,2025-08-07,,Active,True,,,15.49
SUB0004145,CUST003759,PLAN02,2020-02-20,,Active,True,,,15.49
SUB0004146,CUST003760,PLAN02,2024-01-20,,Cancelled,True,2026-05-28,Too expensive,15.49
SUB0004147,CUST003761,PLAN02,2019-11-21,,Active,False,,,15.49
SUB0004148,CUST003762,PLAN02,2025-10-12,,Active,False,,,15.49
SUB0004149,CUST003763,PLAN01,2025-05-10,,Active,True,,,6.99
SUB0004150,CUST003764,PLAN01,2020-07-16,,Active,True,,,6.99
SUB0004151,CUST003765,PLAN02,2022-11-25,,Active,True,,,15.49
SUB0004152,CUST003766,PLAN01,2024-09-08,,Active,True,,,6.99
SUB0004153,CUST003767,PLAN02,2020-05-02,,Active,False,,,15.49
SUB0004154,CUST003768,PLAN03,2021-04-26,,Cancelled,False,2026-03-24,Found alternative platform,22.99
SUB0004155,CUST003769,PLAN01,2019-05-30,,Active,True,,,6.99
SUB0004156,CUST003770,PLAN02,2022-01-29,,Active,False,,,15.49
SUB0004157,CUST003771,PLAN03,2025-10-16,,Active,True,,,22.99
SUB0004158,CUST003772,PLAN03,2022-01-29,,Active,True,,,22.99
SUB0004159,CUST003773,PLAN02,2023-09-20,2025-09-17,Plan Changed,True,,,6.99
SUB0004160,CUST003773,PLAN01,2025-09-17,,Cancelled,True,2026-06-09,Not enough content,6.99
SUB0004161,CUST003774,PLAN01,2020-09-04,,Active,True,,,6.99
SUB0004162,CUST003775,PLAN02,2021-05-11,,Active,True,,,15.49
SUB0004163,CUST003776,PLAN02,2020-05-11,,Active,False,,,15.49
SUB0004164,CUST003777,PLAN02,2023-10-08,,Active,True,,,15.49
SUB0004165,CUST003778,PLAN01,2025-11-22,,Cancelled,True,2026-06-01,Too expensive,6.99
SUB0004166,CUST003779,PLAN01,2022-08-27,,Active,True,,,6.99
SUB0004167,CUST003780,PLAN03,2026-02-13,,Active,True,,,22.99
SUB0004168,CUST003781,PLAN02,2021-09-04,,Active,True,,,15.49
SUB0004169,CUST003782,PLAN03,2022-03-05,,Active,True,,,22.99
SUB0004170,CUST003783,PLAN03,2023-11-08,2025-08-04,Plan Changed,True,,,6.99
SUB0004171,CUST003783,PLAN01,2025-08-04,,Active,True,,,6.99
SUB0004172,CUST003784,PLAN03,2022-03-27,2024-05-13,Plan Changed,True,,,15.49
SUB0004173,CUST003784,PLAN02,2024-05-13,,Active,True,,,15.49
SUB0004174,CUST003785,PLAN02,2019-01-19,,Active,True,,,15.49
SUB0004175,CUST003786,PLAN01,2019-03-30,2021-03-12,Plan Changed,True,,,6.99
SUB0004176,CUST003786,PLAN01,2021-03-12,,Active,True,,,6.99
SUB0004177,CUST003787,PLAN01,2024-09-19,,Active,True,,,6.99
SUB0004178,CUST003788,PLAN02,2021-08-08,,Active,True,,,15.49
SUB0004179,CUST003789,PLAN01,2020-09-04,,Active,True,,,6.99
SUB0004180,CUST003790,PLAN01,2025-08-22,,Cancelled,True,2026-04-22,Moving / relocation,6.99
SUB0004181,CUST003791,PLAN02,2023-03-29,,Active,True,,,15.49
SUB0004182,CUST003792,PLAN03,2025-04-24,,Active,True,,,22.99
SUB0004183,CUST003793,PLAN01,2023-03-20,,Active,True,,,6.99
SUB0004184,CUST003794,PLAN03,2024-09-16,,Active,False,,,22.99
SUB0004185,CUST003795,PLAN01,2025-12-23,,Cancelled,True,2026-01-29,Too expensive,6.99
SUB0004186,CUST003796,PLAN02,2019-05-03,,Cancelled,True,2026-05-20,Household budget cuts,15.49
SUB0004187,CUST003797,PLAN01,2020-03-05,,Cancelled,True,2026-04-12,No longer needed,6.99
SUB0004188,CUST003798,PLAN02,2019-06-04,,Cancelled,True,2025-10-11,Password sharing crackdown,15.49
SUB0004189,CUST003799,PLAN02,2023-01-25,2023-07-01,Plan Changed,True,,,6.99
SUB0004190,CUST003799,PLAN01,2023-07-01,,Active,True,,,6.99
SUB0004191,CUST003800,PLAN02,2023-05-15,,Cancelled,True,2026-03-20,Password sharing crackdown,15.49
SUB0004192,CUST003801,PLAN02,2025-08-23,,Cancelled,True,2026-03-27,No longer needed,15.49
SUB0004193,CUST003802,PLAN02,2019-11-20,,Active,False,,,15.49
SUB0004194,CUST003803,PLAN01,2025-08-12,,Active,False,,,6.99
SUB0004195,CUST003804,PLAN02,2021-02-23,,Active,True,,,15.49
SUB0004196,CUST003805,PLAN02,2023-06-23,,Cancelled,True,2026-06-17,Too expensive,15.49
SUB0004197,CUST003806,PLAN02,2024-07-13,,Active,True,,,15.49
SUB0004198,CUST003807,PLAN01,2020-08-08,,Active,True,,,6.99
SUB0004199,CUST003808,PLAN01,2025-09-23,,Active,True,,,6.99
SUB0004200,CUST003809,PLAN03,2021-12-28,,Active,False,,,22.99
SUB0004201,CUST003810,PLAN01,2019-11-24,,Active,True,,,6.99
SUB0004202,CUST003811,PLAN01,2025-03-22,2026-05-17,Plan Changed,False,,,22.99
SUB0004203,CUST003811,PLAN03,2026-05-17,,Cancelled,False,2026-05-08,Found alternative platform,22.99
SUB0004204,CUST003812,PLAN01,2025-01-14,,Cancelled,True,2025-10-07,Too expensive,6.99
SUB0004205,CUST003813,PLAN01,2020-12-29,,Active,True,,,6.99
SUB0004206,CUST003814,PLAN01,2025-03-22,2026-04-24,Plan Changed,True,,,22.99
SUB0004207,CUST003814,PLAN03,2026-04-24,,Active,True,,,22.99
SUB0004208,CUST003815,PLAN01,2020-03-18,,Active,True,,,6.99
SUB0004209,CUST003816,PLAN02,2019-03-31,,Active,True,,,15.49
SUB0004210,CUST003817,PLAN02,2024-11-24,,Active,True,,,15.49
SUB0004211,CUST003818,PLAN01,2023-06-26,,Cancelled,False,2026-05-13,No longer needed,6.99
SUB0004212,CUST003819,PLAN01,2024-01-28,,Active,True,,,6.99
SUB0004213,CUST003820,PLAN03,2020-05-07,2021-10-13,Plan Changed,False,,,15.49
SUB0004214,CUST003820,PLAN02,2021-10-13,,Active,False,,,15.49
SUB0004215,CUST003821,PLAN01,2019-07-22,,Active,True,,,6.99
SUB0004216,CUST003822,PLAN02,2021-04-20,,Active,True,,,15.49
SUB0004217,CUST003823,PLAN02,2025-08-27,,Active,True,,,15.49
SUB0004218,CUST003824,PLAN03,2023-10-22,,Active,True,,,22.99
SUB0004219,CUST003825,PLAN01,2024-08-31,,Active,True,,,6.99
SUB0004220,CUST003826,PLAN03,2019-09-10,,Cancelled,True,2026-05-09,Poor customer service experience,22.99
SUB0004221,CUST003827,PLAN02,2022-05-02,,Active,True,,,15.49
SUB0004222,CUST003828,PLAN02,2021-04-11,,Active,True,,,15.49
SUB0004223,CUST003829,PLAN02,2024-03-08,,Active,True,,,15.49
SUB0004224,CUST003830,PLAN02,2023-03-20,2024-12-11,Plan Changed,False,,,15.49
SUB0004225,CUST003830,PLAN02,2024-12-11,,Cancelled,False,2025-12-26,Found alternative platform,15.49
SUB0004226,CUST003831,PLAN02,2021-12-04,,Active,False,,,15.49
SUB0004227,CUST003832,PLAN02,2023-03-22,,Cancelled,True,2026-02-23,Household budget cuts,15.49
SUB0004228,CUST003833,PLAN02,2024-04-25,,Active,True,,,15.49
SUB0004229,CUST003834,PLAN01,2021-06-11,,Active,True,,,6.99
SUB0004230,CUST003835,PLAN02,2019-06-03,,Active,True,,,15.49
SUB0004231,CUST003836,PLAN03,2025-02-11,2025-06-08,Plan Changed,False,,,6.99
SUB0004232,CUST003836,PLAN01,2025-06-08,,Active,False,,,6.99
SUB0004233,CUST003837,PLAN01,2020-01-30,2022-10-10,Plan Changed,True,,,6.99
SUB0004234,CUST003837,PLAN01,2022-10-10,,Cancelled,True,2026-04-18,Payment issues,6.99
SUB0004235,CUST003838,PLAN02,2023-10-05,,Active,True,,,15.49
SUB0004236,CUST003839,PLAN01,2023-10-04,,Active,True,,,6.99
SUB0004237,CUST003840,PLAN01,2021-07-21,,Cancelled,True,2025-11-25,Moving / relocation,6.99
SUB0004238,CUST003841,PLAN02,2025-11-24,,Active,True,,,15.49
SUB0004239,CUST003842,PLAN01,2019-03-02,,Active,True,,,6.99
SUB0004240,CUST003843,PLAN03,2019-09-09,2024-08-20,Plan Changed,True,,,15.49
SUB0004241,CUST003843,PLAN02,2024-08-20,,Cancelled,True,2026-03-26,Found alternative platform,15.49
SUB0004242,CUST003844,PLAN02,2019-08-26,,Active,True,,,15.49
SUB0004243,CUST003845,PLAN02,2021-04-30,,Active,True,,,15.49
SUB0004244,CUST003846,PLAN03,2024-10-14,,Cancelled,False,2026-05-09,Found alternative platform,22.99
SUB0004245,CUST003847,PLAN03,2023-09-12,,Active,True,,,22.99
SUB0004246,CUST003848,PLAN01,2021-02-09,,Active,True,,,6.99
SUB0004247,CUST003849,PLAN02,2022-01-13,,Active,True,,,15.49
SUB0004248,CUST003850,PLAN02,2022-01-15,,Cancelled,True,2026-01-24,No longer needed,15.49
SUB0004249,CUST003851,PLAN01,2019-05-11,,Active,True,,,6.99
SUB0004250,CUST003852,PLAN03,2021-11-13,,Active,False,,,22.99
SUB0004251,CUST003853,PLAN02,2023-03-24,,Active,False,,,15.49
SUB0004252,CUST003854,PLAN01,2026-04-08,,Cancelled,True,2026-05-02,No longer needed,6.99
SUB0004253,CUST003855,PLAN03,2021-03-22,,Active,False,,,22.99
SUB0004254,CUST003856,PLAN01,2020-11-19,,Active,True,,,6.99
SUB0004255,CUST003857,PLAN02,2022-07-12,,Active,True,,,15.49
SUB0004256,CUST003858,PLAN02,2019-08-07,,Cancelled,True,2026-06-29,Moving / relocation,15.49
SUB0004257,CUST003859,PLAN02,2025-12-22,,Active,True,,,15.49
SUB0004258,CUST003860,PLAN01,2022-03-12,,Active,True,,,6.99
SUB0004259,CUST003861,PLAN01,2024-12-05,2025-11-17,Plan Changed,False,,,15.49
SUB0004260,CUST003861,PLAN02,2025-11-17,,Cancelled,False,2025-12-11,Moving / relocation,15.49
SUB0004261,CUST003862,PLAN01,2021-03-26,,Cancelled,True,2026-06-29,Too expensive,6.99
SUB0004262,CUST003863,PLAN01,2023-03-17,,Active,False,,,6.99
SUB0004263,CUST003864,PLAN02,2026-02-11,,Active,True,,,15.49
SUB0004264,CUST003865,PLAN02,2025-12-01,,Active,True,,,15.49
SUB0004265,CUST003866,PLAN01,2024-01-21,2024-08-03,Plan Changed,True,,,22.99
SUB0004266,CUST003866,PLAN03,2024-08-03,,Active,True,,,22.99
SUB0004267,CUST003867,PLAN01,2026-03-02,,Active,True,,,6.99
SUB0004268,CUST003868,PLAN02,2020-06-08,,Active,True,,,15.49
SUB0004269,CUST003869,PLAN01,2020-10-14,,Active,True,,,6.99
SUB0004270,CUST003870,PLAN02,2024-10-26,,Cancelled,False,2026-01-15,Technical issues,15.49
SUB0004271,CUST003871,PLAN02,2019-02-13,,Active,True,,,15.49
SUB0004272,CUST003872,PLAN01,2023-07-21,,Active,True,,,6.99
SUB0004273,CUST003873,PLAN02,2021-01-10,,Active,True,,,15.49
SUB0004274,CUST003874,PLAN02,2023-07-21,,Active,True,,,15.49
SUB0004275,CUST003875,PLAN03,2020-09-26,,Cancelled,True,2026-05-05,Technical issues,22.99
SUB0004276,CUST003876,PLAN02,2023-09-10,,Active,False,,,15.49
SUB0004277,CUST003877,PLAN03,2021-03-28,2025-01-27,Plan Changed,True,,,6.99
SUB0004278,CUST003877,PLAN01,2025-01-27,,Active,True,,,6.99
SUB0004279,CUST003878,PLAN02,2024-11-17,,Active,True,,,15.49
SUB0004280,CUST003879,PLAN02,2025-07-29,,Active,True,,,15.49
SUB0004281,CUST003880,PLAN02,2023-08-08,,Active,False,,,15.49
SUB0004282,CUST003881,PLAN02,2025-05-22,,Active,True,,,15.49
SUB0004283,CUST003882,PLAN01,2025-03-16,,Active,True,,,6.99
SUB0004284,CUST003883,PLAN02,2023-01-17,,Cancelled,False,2026-03-15,Too expensive,15.49
SUB0004285,CUST003884,PLAN02,2026-02-17,,Active,True,,,15.49
SUB0004286,CUST003885,PLAN03,2024-02-07,,Active,True,,,22.99
SUB0004287,CUST003886,PLAN02,2024-01-23,,Cancelled,False,2026-04-20,No longer needed,15.49
SUB0004288,CUST003887,PLAN03,2021-10-31,2023-08-13,Plan Changed,True,,,6.99
SUB0004289,CUST003887,PLAN01,2023-08-13,,Active,True,,,6.99
SUB0004290,CUST003888,PLAN02,2022-10-22,2023-07-23,Plan Changed,False,,,15.49
SUB0004291,CUST003888,PLAN02,2023-07-23,,Active,False,,,15.49
SUB0004292,CUST003889,PLAN01,2024-03-29,,Active,True,,,6.99
SUB0004293,CUST003890,PLAN02,2023-11-16,,Active,False,,,15.49
SUB0004294,CUST003891,PLAN02,2022-07-22,,Active,True,,,15.49
SUB0004295,CUST003892,PLAN02,2019-03-07,,Active,True,,,15.49
SUB0004296,CUST003893,PLAN02,2021-06-21,,Active,False,,,15.49
SUB0004297,CUST003894,PLAN03,2025-01-24,,Active,True,,,22.99
SUB0004298,CUST003895,PLAN02,2020-08-13,,Cancelled,True,2026-02-24,Technical issues,15.49
SUB0004299,CUST003896,PLAN03,2024-04-02,,Active,True,,,22.99
SUB0004300,CUST003897,PLAN03,2025-12-04,2026-05-29,Plan Changed,True,,,15.49
SUB0004301,CUST003897,PLAN02,2026-05-29,,Active,True,,,15.49
SUB0004302,CUST003898,PLAN01,2019-01-01,,Active,True,,,6.99
SUB0004303,CUST003899,PLAN01,2022-07-29,,Active,True,,,6.99
SUB0004304,CUST003900,PLAN02,2022-10-30,,Active,True,,,15.49
SUB0004305,CUST003901,PLAN03,2025-06-02,2025-12-19,Plan Changed,True,,,6.99
SUB0004306,CUST003901,PLAN01,2025-12-19,,Active,True,,,6.99
SUB0004307,CUST003902,PLAN02,2023-03-08,,Active,False,,,15.49
SUB0004308,CUST003903,PLAN02,2019-06-02,,Active,False,,,15.49
SUB0004309,CUST003904,PLAN01,2023-08-12,,Cancelled,True,2026-05-10,Not enough content,6.99
SUB0004310,CUST003905,PLAN02,2019-04-13,,Active,True,,,15.49
SUB0004311,CUST003906,PLAN02,2025-08-14,,Cancelled,True,2026-05-24,Household budget cuts,15.49
SUB0004312,CUST003907,PLAN01,2026-04-26,,Active,True,,,6.99
SUB0004313,CUST003908,PLAN01,2021-11-18,2022-08-04,Plan Changed,True,,,22.99
SUB0004314,CUST003908,PLAN03,2022-08-04,,Active,True,,,22.99
SUB0004315,CUST003909,PLAN01,2019-04-09,,Active,True,,,6.99
SUB0004316,CUST003910,PLAN01,2022-01-07,,Active,True,,,6.99
SUB0004317,CUST003911,PLAN02,2021-06-27,,Active,True,,,15.49
SUB0004318,CUST003912,PLAN01,2022-06-22,2025-04-11,Plan Changed,True,,,15.49
SUB0004319,CUST003912,PLAN02,2025-04-11,,Cancelled,True,2025-10-18,Password sharing crackdown,15.49
SUB0004320,CUST003913,PLAN01,2022-10-23,,Active,True,,,6.99
SUB0004321,CUST003914,PLAN02,2020-11-09,,Cancelled,True,2026-01-22,Household budget cuts,15.49
SUB0004322,CUST003915,PLAN01,2019-12-11,,Active,True,,,6.99
SUB0004323,CUST003916,PLAN02,2020-01-27,,Active,True,,,15.49
SUB0004324,CUST003917,PLAN02,2022-11-27,,Active,True,,,15.49
SUB0004325,CUST003918,PLAN01,2024-05-14,,Active,True,,,6.99
SUB0004326,CUST003919,PLAN01,2020-11-11,,Cancelled,False,2026-01-08,Found alternative platform,6.99
SUB0004327,CUST003920,PLAN02,2020-05-10,,Active,True,,,15.49
SUB0004328,CUST003921,PLAN01,2023-12-29,,Active,True,,,6.99
SUB0004329,CUST003922,PLAN01,2020-05-20,,Cancelled,True,2026-02-21,No longer needed,6.99
SUB0004330,CUST003923,PLAN02,2021-08-25,,Active,True,,,15.49
SUB0004331,CUST003924,PLAN02,2023-10-02,,Active,False,,,15.49
SUB0004332,CUST003925,PLAN03,2019-12-14,,Active,True,,,22.99
SUB0004333,CUST003926,PLAN01,2021-12-04,,Cancelled,False,2026-03-01,Too expensive,6.99
SUB0004334,CUST003927,PLAN01,2019-06-26,2024-01-30,Plan Changed,True,,,6.99
SUB0004335,CUST003927,PLAN01,2024-01-30,,Cancelled,True,2026-02-09,Found alternative platform,6.99
SUB0004336,CUST003928,PLAN02,2019-05-08,2024-03-18,Plan Changed,True,,,15.49
SUB0004337,CUST003928,PLAN02,2024-03-18,,Active,True,,,15.49
SUB0004338,CUST003929,PLAN02,2020-07-20,,Active,True,,,15.49
SUB0004339,CUST003930,PLAN02,2021-09-21,,Cancelled,False,2025-10-23,Found alternative platform,15.49
SUB0004340,CUST003931,PLAN02,2021-03-20,,Active,True,,,15.49
SUB0004341,CUST003932,PLAN02,2026-05-23,,Active,True,,,15.49
SUB0004342,CUST003933,PLAN01,2019-09-15,2022-01-13,Plan Changed,True,,,22.99
SUB0004343,CUST003933,PLAN03,2022-01-13,,Cancelled,True,2025-11-30,No longer needed,22.99
SUB0004344,CUST003934,PLAN03,2025-08-18,,Cancelled,True,2026-06-25,Content quality decline,22.99
SUB0004345,CUST003935,PLAN02,2025-10-10,,Active,False,,,15.49
SUB0004346,CUST003936,PLAN02,2019-12-03,,Active,True,,,15.49
SUB0004347,CUST003937,PLAN01,2023-08-12,2025-06-25,Plan Changed,False,,,6.99
SUB0004348,CUST003937,PLAN01,2025-06-25,,Cancelled,False,2025-10-11,No longer needed,6.99
SUB0004349,CUST003938,PLAN01,2020-03-18,,Active,False,,,6.99
SUB0004350,CUST003939,PLAN02,2025-07-07,2026-01-18,Plan Changed,True,,,6.99
SUB0004351,CUST003939,PLAN01,2026-01-18,,Active,True,,,6.99
SUB0004352,CUST003940,PLAN02,2020-04-19,,Active,True,,,15.49
SUB0004353,CUST003941,PLAN03,2019-01-27,,Active,True,,,22.99
SUB0004354,CUST003942,PLAN03,2021-12-26,,Active,True,,,22.99
SUB0004355,CUST003943,PLAN02,2021-06-10,,Active,True,,,15.49
SUB0004356,CUST003944,PLAN02,2020-10-29,,Active,False,,,15.49
SUB0004357,CUST003945,PLAN01,2025-02-09,,Active,False,,,6.99
SUB0004358,CUST003946,PLAN02,2021-01-12,,Active,True,,,15.49
SUB0004359,CUST003947,PLAN03,2019-02-04,,Active,True,,,22.99
SUB0004360,CUST003948,PLAN01,2024-04-14,,Active,True,,,6.99
SUB0004361,CUST003949,PLAN02,2020-08-25,,Active,True,,,15.49
SUB0004362,CUST003950,PLAN03,2020-07-04,,Active,True,,,22.99
SUB0004363,CUST003951,PLAN03,2025-10-22,,Active,True,,,22.99
SUB0004364,CUST003952,PLAN02,2019-05-12,,Cancelled,False,2025-10-13,No longer needed,15.49
SUB0004365,CUST003953,PLAN02,2023-11-23,2026-05-31,Plan Changed,True,,,15.49
SUB0004366,CUST003953,PLAN02,2026-05-31,,Active,True,,,15.49
SUB0004367,CUST003954,PLAN01,2020-03-24,,Active,False,,,6.99
SUB0004368,CUST003955,PLAN02,2024-12-17,,Active,True,,,15.49
SUB0004369,CUST003956,PLAN03,2020-10-01,,Cancelled,True,2025-10-27,Content quality decline,22.99
SUB0004370,CUST003957,PLAN03,2023-06-30,,Active,True,,,22.99
SUB0004371,CUST003958,PLAN02,2022-10-30,,Active,True,,,15.49
SUB0004372,CUST003959,PLAN03,2021-09-06,,Active,True,,,22.99
SUB0004373,CUST003960,PLAN01,2021-01-13,,Cancelled,True,2026-01-29,Payment issues,6.99
SUB0004374,CUST003961,PLAN02,2026-05-26,,Cancelled,False,2026-06-09,Household budget cuts,15.49
SUB0004375,CUST003962,PLAN02,2020-12-16,,Active,True,,,15.49
SUB0004376,CUST003963,PLAN02,2025-03-07,,Cancelled,True,2026-02-20,No longer needed,15.49
SUB0004377,CUST003964,PLAN02,2023-11-10,,Cancelled,True,2026-03-24,Moving / relocation,15.49
SUB0004378,CUST003965,PLAN01,2024-02-22,,Cancelled,True,2026-06-22,Content quality decline,6.99
SUB0004379,CUST003966,PLAN01,2024-07-13,,Cancelled,False,2026-01-30,Found alternative platform,6.99
SUB0004380,CUST003967,PLAN02,2024-03-17,,Active,True,,,15.49
SUB0004381,CUST003968,PLAN02,2024-01-18,,Active,True,,,15.49
SUB0004382,CUST003969,PLAN01,2021-04-24,,Cancelled,True,2025-12-08,Too expensive,6.99
SUB0004383,CUST003970,PLAN02,2023-08-19,,Active,True,,,15.49
SUB0004384,CUST003971,PLAN01,2021-05-24,,Active,True,,,6.99
SUB0004385,CUST003972,PLAN01,2020-04-27,,Active,True,,,6.99
SUB0004386,CUST003973,PLAN02,2024-07-30,,Active,False,,,15.49
SUB0004387,CUST003974,PLAN03,2026-01-19,,Active,True,,,22.99
SUB0004388,CUST003975,PLAN02,2023-05-19,2025-01-28,Plan Changed,False,,,22.99
SUB0004389,CUST003975,PLAN03,2025-01-28,,Active,False,,,22.99
SUB0004390,CUST003976,PLAN01,2022-10-10,,Active,True,,,6.99
SUB0004391,CUST003977,PLAN01,2019-11-04,,Cancelled,False,2026-02-07,Not enough content,6.99
SUB0004392,CUST003978,PLAN02,2020-05-03,,Active,True,,,15.49
SUB0004393,CUST003979,PLAN01,2022-04-02,,Cancelled,True,2026-02-26,No longer needed,6.99
SUB0004394,CUST003980,PLAN03,2023-12-19,,Active,True,,,22.99
SUB0004395,CUST003981,PLAN01,2019-11-28,,Active,True,,,6.99
SUB0004396,CUST003982,PLAN02,2020-09-06,,Active,True,,,15.49
SUB0004397,CUST003983,PLAN01,2024-12-18,,Cancelled,True,2025-10-11,Found alternative platform,6.99
SUB0004398,CUST003984,PLAN02,2021-09-29,,Active,True,,,15.49
SUB0004399,CUST003985,PLAN03,2025-12-07,2026-03-11,Plan Changed,True,,,6.99
SUB0004400,CUST003985,PLAN01,2026-03-11,,Active,True,,,6.99
SUB0004401,CUST003986,PLAN01,2022-10-14,,Active,True,,,6.99
SUB0004402,CUST003987,PLAN03,2019-04-01,,Cancelled,True,2025-10-21,Not enough content,22.99
SUB0004403,CUST003988,PLAN01,2025-08-03,,Active,True,,,6.99
SUB0004404,CUST003989,PLAN01,2024-03-05,,Cancelled,True,2026-04-17,Technical issues,6.99
SUB0004405,CUST003990,PLAN01,2021-12-28,2022-10-22,Plan Changed,True,,,6.99
SUB0004406,CUST003990,PLAN01,2022-10-22,,Active,True,,,6.99
SUB0004407,CUST003991,PLAN02,2019-12-06,,Active,True,,,15.49
SUB0004408,CUST003992,PLAN02,2020-03-02,,Active,False,,,15.49
SUB0004409,CUST003993,PLAN02,2026-04-21,,Active,True,,,15.49
SUB0004410,CUST003994,PLAN02,2019-08-11,2024-07-01,Plan Changed,False,,,22.99
SUB0004411,CUST003994,PLAN03,2024-07-01,,Active,False,,,22.99
SUB0004412,CUST003995,PLAN01,2022-05-29,,Active,True,,,6.99
SUB0004413,CUST003996,PLAN01,2020-02-23,,Cancelled,True,2025-10-09,No longer needed,6.99
SUB0004414,CUST003997,PLAN02,2024-06-04,,Active,True,,,15.49
SUB0004415,CUST003998,PLAN02,2023-08-19,,Cancelled,True,2025-11-27,Technical issues,15.49
SUB0004416,CUST003999,PLAN02,2023-07-16,,Cancelled,False,2026-06-27,No longer needed,15.49
SUB0004417,CUST004000,PLAN02,2020-04-16,,Active,True,,,15.49
SUB0004418,CUST004001,PLAN03,2022-10-08,,Active,False,,,22.99
SUB0004419,CUST004002,PLAN01,2021-08-18,,Active,True,,,6.99
SUB0004420,CUST004003,PLAN01,2020-11-08,,Cancelled,True,2026-05-29,Found alternative platform,6.99
SUB0004421,CUST004004,PLAN02,2024-07-19,,Active,True,,,15.49
SUB0004422,CUST004005,PLAN03,2026-02-04,,Cancelled,True,2026-03-23,Not enough content,22.99
SUB0004423,CUST004006,PLAN02,2019-05-18,,Active,True,,,15.49
SUB0004424,CUST004007,PLAN03,2020-09-22,,Active,True,,,22.99
SUB0004425,CUST004008,PLAN01,2020-09-12,,Active,True,,,6.99
SUB0004426,CUST004009,PLAN02,2024-04-22,,Active,True,,,15.49
SUB0004427,CUST004010,PLAN01,2026-04-22,,Cancelled,True,2026-05-16,Too expensive,6.99
SUB0004428,CUST004011,PLAN01,2019-10-22,,Cancelled,True,2026-06-23,Payment issues,6.99
SUB0004429,CUST004012,PLAN01,2020-09-22,2021-03-10,Plan Changed,True,,,22.99
SUB0004430,CUST004012,PLAN03,2021-03-10,,Active,True,,,22.99
SUB0004431,CUST004013,PLAN01,2024-02-07,,Active,True,,,6.99
SUB0004432,CUST004014,PLAN03,2020-06-01,,Cancelled,True,2026-02-12,Too expensive,22.99
SUB0004433,CUST004015,PLAN03,2023-04-27,,Active,True,,,22.99
SUB0004434,CUST004016,PLAN01,2019-05-11,,Active,True,,,6.99
SUB0004435,CUST004017,PLAN01,2020-12-30,,Active,True,,,6.99
SUB0004436,CUST004018,PLAN02,2020-12-18,,Active,False,,,15.49
SUB0004437,CUST004019,PLAN01,2020-10-25,,Active,True,,,6.99
SUB0004438,CUST004020,PLAN02,2020-08-08,,Cancelled,True,2025-10-09,Household budget cuts,15.49
SUB0004439,CUST004021,PLAN03,2022-09-02,,Cancelled,False,2026-05-22,Household budget cuts,22.99
SUB0004440,CUST004022,PLAN03,2022-01-31,2025-04-26,Plan Changed,False,,,6.99
SUB0004441,CUST004022,PLAN01,2025-04-26,,Active,False,,,6.99
SUB0004442,CUST004023,PLAN02,2024-08-09,,Cancelled,True,2026-05-03,No longer needed,15.49
SUB0004443,CUST004024,PLAN02,2021-11-11,,Cancelled,True,2026-02-16,Found alternative platform,15.49
SUB0004444,CUST004025,PLAN03,2020-01-15,2020-08-16,Plan Changed,True,,,15.49
SUB0004445,CUST004025,PLAN02,2020-08-16,,Cancelled,True,2025-10-09,Found alternative platform,15.49
SUB0004446,CUST004026,PLAN02,2024-05-28,,Active,True,,,15.49
SUB0004447,CUST004027,PLAN02,2024-12-19,,Active,True,,,15.49
SUB0004448,CUST004028,PLAN01,2024-03-22,,Cancelled,False,2025-12-02,Household budget cuts,6.99
SUB0004449,CUST004029,PLAN01,2023-07-22,,Active,True,,,6.99
SUB0004450,CUST004030,PLAN01,2025-10-07,,Cancelled,True,2026-01-09,Found alternative platform,6.99
SUB0004451,CUST004031,PLAN01,2021-02-26,,Cancelled,True,2025-11-24,Found alternative platform,6.99
SUB0004452,CUST004032,PLAN03,2024-02-06,,Active,True,,,22.99
SUB0004453,CUST004033,PLAN02,2024-11-02,,Cancelled,True,2026-02-09,Too expensive,15.49
SUB0004454,CUST004034,PLAN01,2022-11-10,,Active,True,,,6.99
SUB0004455,CUST004035,PLAN03,2024-07-20,,Cancelled,True,2025-10-31,Found alternative platform,22.99
SUB0004456,CUST004036,PLAN02,2023-04-01,,Active,True,,,15.49
SUB0004457,CUST004037,PLAN01,2020-09-23,,Active,False,,,6.99
SUB0004458,CUST004038,PLAN01,2024-11-18,,Cancelled,False,2026-02-23,Poor customer service experience,6.99
SUB0004459,CUST004039,PLAN01,2023-11-06,,Active,True,,,6.99
SUB0004460,CUST004040,PLAN03,2021-09-17,,Cancelled,False,2026-04-29,No longer needed,22.99
SUB0004461,CUST004041,PLAN03,2020-08-17,2026-02-25,Plan Changed,True,,,22.99
SUB0004462,CUST004041,PLAN03,2026-02-25,,Cancelled,True,2025-10-16,Found alternative platform,22.99
SUB0004463,CUST004042,PLAN02,2023-10-13,,Cancelled,True,2026-01-25,Not enough content,15.49
SUB0004464,CUST004043,PLAN03,2025-04-13,,Active,True,,,22.99
SUB0004465,CUST004044,PLAN01,2022-06-27,,Active,True,,,6.99
SUB0004466,CUST004045,PLAN01,2025-11-12,,Active,False,,,6.99
SUB0004467,CUST004046,PLAN02,2022-10-05,,Active,True,,,15.49
SUB0004468,CUST004047,PLAN01,2022-06-10,,Active,False,,,6.99
SUB0004469,CUST004048,PLAN02,2024-05-06,,Active,True,,,15.49
SUB0004470,CUST004049,PLAN01,2024-03-10,,Cancelled,True,2026-04-02,Technical issues,6.99
SUB0004471,CUST004050,PLAN01,2019-01-25,,Active,True,,,6.99
SUB0004472,CUST004051,PLAN01,2023-11-24,,Active,True,,,6.99
SUB0004473,CUST004052,PLAN02,2026-01-05,,Active,True,,,15.49
SUB0004474,CUST004053,PLAN01,2020-11-10,,Active,True,,,6.99
SUB0004475,CUST004054,PLAN02,2022-11-30,,Cancelled,True,2026-02-07,No longer needed,15.49
SUB0004476,CUST004055,PLAN03,2019-06-15,,Active,True,,,22.99
SUB0004477,CUST004056,PLAN03,2020-07-23,,Active,True,,,22.99
SUB0004478,CUST004057,PLAN02,2024-06-27,,Active,True,,,15.49
SUB0004479,CUST004058,PLAN01,2019-04-29,,Active,True,,,6.99
SUB0004480,CUST004059,PLAN02,2021-02-06,,Active,True,,,15.49
SUB0004481,CUST004060,PLAN01,2023-08-03,2026-01-29,Plan Changed,True,,,22.99
SUB0004482,CUST004060,PLAN03,2026-01-29,,Active,True,,,22.99
SUB0004483,CUST004061,PLAN01,2025-07-28,,Active,True,,,6.99
SUB0004484,CUST004062,PLAN02,2020-07-25,,Active,True,,,15.49
SUB0004485,CUST004063,PLAN01,2024-12-15,,Active,True,,,6.99
SUB0004486,CUST004064,PLAN01,2022-05-09,,Active,True,,,6.99
SUB0004487,CUST004065,PLAN01,2021-05-14,,Active,True,,,6.99
SUB0004488,CUST004066,PLAN02,2020-07-24,,Active,True,,,15.49
SUB0004489,CUST004067,PLAN01,2019-12-07,,Cancelled,True,2026-02-01,Too expensive,6.99
SUB0004490,CUST004068,PLAN02,2024-02-21,2024-05-15,Plan Changed,False,,,6.99
SUB0004491,CUST004068,PLAN01,2024-05-15,,Active,False,,,6.99
SUB0004492,CUST004069,PLAN02,2022-11-01,,Active,False,,,15.49
SUB0004493,CUST004070,PLAN01,2022-03-16,,Active,True,,,6.99
SUB0004494,CUST004071,PLAN03,2024-08-19,,Active,True,,,22.99
SUB0004495,CUST004072,PLAN01,2022-12-28,,Active,True,,,6.99
SUB0004496,CUST004073,PLAN02,2023-06-13,,Active,False,,,15.49
SUB0004497,CUST004074,PLAN02,2021-05-02,,Active,True,,,15.49
SUB0004498,CUST004075,PLAN01,2020-04-06,,Cancelled,True,2026-05-07,Content quality decline,6.99
SUB0004499,CUST004076,PLAN02,2026-05-09,,Active,True,,,15.49
SUB0004500,CUST004077,PLAN01,2021-06-28,,Active,True,,,6.99
SUB0004501,CUST004078,PLAN01,2020-01-16,2023-11-10,Plan Changed,False,,,15.49
SUB0004502,CUST004078,PLAN02,2023-11-10,,Active,False,,,15.49
SUB0004503,CUST004079,PLAN01,2019-10-28,,Active,True,,,6.99
SUB0004504,CUST004080,PLAN01,2023-11-28,,Active,True,,,6.99
SUB0004505,CUST004081,PLAN02,2019-02-07,2022-06-01,Plan Changed,True,,,22.99
SUB0004506,CUST004081,PLAN03,2022-06-01,,Active,True,,,22.99
SUB0004507,CUST004082,PLAN02,2024-12-20,,Active,True,,,15.49
SUB0004508,CUST004083,PLAN02,2020-12-12,,Active,True,,,15.49
SUB0004509,CUST004084,PLAN02,2025-02-06,,Cancelled,True,2026-03-07,Not enough content,15.49
SUB0004510,CUST004085,PLAN02,2023-12-24,,Active,False,,,15.49
SUB0004511,CUST004086,PLAN02,2024-04-24,,Active,True,,,15.49
SUB0004512,CUST004087,PLAN01,2022-05-14,,Active,True,,,6.99
SUB0004513,CUST004088,PLAN02,2026-02-03,,Active,True,,,15.49
SUB0004514,CUST004089,PLAN02,2020-11-04,,Cancelled,False,2025-11-06,Found alternative platform,15.49
SUB0004515,CUST004090,PLAN02,2019-08-25,,Active,True,,,15.49
SUB0004516,CUST004091,PLAN01,2019-12-21,,Active,True,,,6.99
SUB0004517,CUST004092,PLAN03,2020-12-31,,Active,True,,,22.99
SUB0004518,CUST004093,PLAN02,2024-04-18,,Active,True,,,15.49
SUB0004519,CUST004094,PLAN01,2019-02-02,,Cancelled,False,2025-12-15,Too expensive,6.99
SUB0004520,CUST004095,PLAN02,2025-07-04,,Active,True,,,15.49
SUB0004521,CUST004096,PLAN03,2023-06-12,,Active,True,,,22.99
SUB0004522,CUST004097,PLAN01,2023-10-27,,Active,True,,,6.99
SUB0004523,CUST004098,PLAN01,2025-08-09,,Active,True,,,6.99
SUB0004524,CUST004099,PLAN01,2025-10-09,,Active,True,,,6.99
SUB0004525,CUST004100,PLAN01,2019-04-17,,Active,True,,,6.99
SUB0004526,CUST004101,PLAN03,2024-09-30,,Active,False,,,22.99
SUB0004527,CUST004102,PLAN01,2021-11-04,,Active,True,,,6.99
SUB0004528,CUST004103,PLAN01,2023-10-15,2026-06-24,Plan Changed,True,,,15.49
SUB0004529,CUST004103,PLAN02,2026-06-24,,Cancelled,True,2026-06-03,Found alternative platform,15.49
SUB0004530,CUST004104,PLAN02,2024-09-10,2025-09-20,Plan Changed,True,,,6.99
SUB0004531,CUST004104,PLAN01,2025-09-20,,Active,True,,,6.99
SUB0004532,CUST004105,PLAN03,2022-09-28,,Active,True,,,22.99
SUB0004533,CUST004106,PLAN02,2020-08-30,,Active,False,,,15.49
SUB0004534,CUST004107,PLAN01,2025-06-20,,Active,True,,,6.99
SUB0004535,CUST004108,PLAN02,2025-12-24,,Active,True,,,15.49
SUB0004536,CUST004109,PLAN01,2023-03-13,,Active,True,,,6.99
SUB0004537,CUST004110,PLAN01,2025-02-19,,Cancelled,True,2026-03-08,Not enough content,6.99
SUB0004538,CUST004111,PLAN02,2023-05-09,,Active,False,,,15.49
SUB0004539,CUST004112,PLAN02,2020-03-16,,Active,True,,,15.49
SUB0004540,CUST004113,PLAN01,2022-07-07,,Active,True,,,6.99
SUB0004541,CUST004114,PLAN02,2019-08-12,,Active,True,,,15.49
SUB0004542,CUST004115,PLAN01,2023-11-04,2025-12-02,Plan Changed,False,,,15.49
SUB0004543,CUST004115,PLAN02,2025-12-02,,Active,False,,,15.49
SUB0004544,CUST004116,PLAN02,2025-03-09,2025-09-11,Plan Changed,True,,,15.49
SUB0004545,CUST004116,PLAN02,2025-09-11,,Active,True,,,15.49
SUB0004546,CUST004117,PLAN01,2023-02-15,,Active,True,,,6.99
SUB0004547,CUST004118,PLAN01,2023-11-14,,Active,False,,,6.99
SUB0004548,CUST004119,PLAN01,2021-03-16,,Active,False,,,6.99
SUB0004549,CUST004120,PLAN03,2020-06-27,,Active,True,,,22.99
SUB0004550,CUST004121,PLAN01,2021-03-10,,Active,True,,,6.99
SUB0004551,CUST004122,PLAN01,2024-05-31,,Cancelled,True,2026-02-12,Too expensive,6.99
SUB0004552,CUST004123,PLAN02,2023-08-25,,Cancelled,True,2026-04-15,Household budget cuts,15.49
SUB0004553,CUST004124,PLAN02,2019-11-19,,Active,True,,,15.49
SUB0004554,CUST004125,PLAN03,2024-05-03,2026-05-02,Plan Changed,True,,,22.99
SUB0004555,CUST004125,PLAN03,2026-05-02,,Active,True,,,22.99
SUB0004556,CUST004126,PLAN01,2019-11-15,,Active,True,,,6.99
SUB0004557,CUST004127,PLAN02,2020-04-18,,Active,False,,,15.49
SUB0004558,CUST004128,PLAN01,2023-12-29,,Active,True,,,6.99
SUB0004559,CUST004129,PLAN01,2020-02-12,,Active,True,,,6.99
SUB0004560,CUST004130,PLAN01,2022-11-05,,Cancelled,True,2026-06-05,Password sharing crackdown,6.99
SUB0004561,CUST004131,PLAN02,2026-03-15,,Active,True,,,15.49
SUB0004562,CUST004132,PLAN02,2020-03-13,,Active,True,,,15.49
SUB0004563,CUST004133,PLAN02,2021-10-10,,Active,True,,,15.49
SUB0004564,CUST004134,PLAN01,2026-01-31,,Cancelled,True,2026-02-16,Too expensive,6.99
SUB0004565,CUST004135,PLAN02,2022-06-27,,Active,True,,,15.49
SUB0004566,CUST004136,PLAN01,2020-05-03,,Active,True,,,6.99
SUB0004567,CUST004137,PLAN02,2024-04-05,2026-02-28,Plan Changed,False,,,22.99
SUB0004568,CUST004137,PLAN03,2026-02-28,,Active,False,,,22.99
SUB0004569,CUST004138,PLAN01,2021-04-20,,Active,True,,,6.99
SUB0004570,CUST004139,PLAN02,2021-03-18,,Active,True,,,15.49
SUB0004571,CUST004140,PLAN03,2021-09-17,,Active,True,,,22.99
SUB0004572,CUST004141,PLAN03,2019-01-31,2019-04-11,Plan Changed,True,,,6.99
SUB0004573,CUST004141,PLAN01,2019-04-11,,Active,True,,,6.99
SUB0004574,CUST004142,PLAN01,2021-11-01,,Active,False,,,6.99
SUB0004575,CUST004143,PLAN01,2023-02-13,,Active,True,,,6.99
SUB0004576,CUST004144,PLAN02,2023-01-21,,Active,False,,,15.49
SUB0004577,CUST004145,PLAN02,2021-04-18,,Cancelled,True,2025-12-05,Too expensive,15.49
SUB0004578,CUST004146,PLAN03,2024-09-27,,Active,True,,,22.99
SUB0004579,CUST004147,PLAN01,2023-01-30,,Active,True,,,6.99
SUB0004580,CUST004148,PLAN03,2025-05-10,2026-04-22,Plan Changed,True,,,15.49
SUB0004581,CUST004148,PLAN02,2026-04-22,,Cancelled,True,2025-12-20,Poor customer service experience,15.49
SUB0004582,CUST004149,PLAN01,2024-01-28,,Cancelled,True,2026-01-05,Found alternative platform,6.99
SUB0004583,CUST004150,PLAN02,2022-05-11,,Active,True,,,15.49
SUB0004584,CUST004151,PLAN01,2026-02-05,,Active,True,,,6.99
SUB0004585,CUST004152,PLAN02,2020-05-31,,Active,False,,,15.49
SUB0004586,CUST004153,PLAN03,2022-08-05,,Active,True,,,22.99
SUB0004587,CUST004154,PLAN01,2023-10-03,,Cancelled,True,2026-04-17,Technical issues,6.99
SUB0004588,CUST004155,PLAN01,2025-10-29,,Cancelled,True,2025-12-28,Found alternative platform,6.99
SUB0004589,CUST004156,PLAN02,2023-07-21,,Cancelled,False,2026-06-02,Poor customer service experience,15.49
SUB0004590,CUST004157,PLAN01,2023-05-22,,Cancelled,True,2025-11-07,Too expensive,6.99
SUB0004591,CUST004158,PLAN02,2022-01-05,,Active,True,,,15.49
SUB0004592,CUST004159,PLAN02,2022-01-08,,Active,True,,,15.49
SUB0004593,CUST004160,PLAN01,2024-02-16,,Active,True,,,6.99
SUB0004594,CUST004161,PLAN01,2022-12-24,,Active,True,,,6.99
SUB0004595,CUST004162,PLAN02,2024-05-21,,Cancelled,True,2026-03-12,Not enough content,15.49
SUB0004596,CUST004163,PLAN01,2019-06-20,,Active,True,,,6.99
SUB0004597,CUST004164,PLAN01,2019-07-13,,Cancelled,False,2025-10-07,Not enough content,6.99
SUB0004598,CUST004165,PLAN03,2021-11-14,,Active,True,,,22.99
SUB0004599,CUST004166,PLAN01,2022-05-12,,Active,True,,,6.99
SUB0004600,CUST004167,PLAN03,2024-02-25,,Active,True,,,22.99
SUB0004601,CUST004168,PLAN02,2025-12-31,,Cancelled,True,2026-04-22,Found alternative platform,15.49
SUB0004602,CUST004169,PLAN01,2019-09-07,,Active,True,,,6.99
SUB0004603,CUST004170,PLAN03,2026-05-07,,Cancelled,True,2026-05-21,Content quality decline,22.99
SUB0004604,CUST004171,PLAN03,2020-11-24,,Active,True,,,22.99
SUB0004605,CUST004172,PLAN02,2024-06-20,,Active,True,,,15.49
SUB0004606,CUST004173,PLAN01,2020-10-01,,Active,True,,,6.99
SUB0004607,CUST004174,PLAN01,2026-02-23,,Active,True,,,6.99
SUB0004608,CUST004175,PLAN03,2026-03-06,,Active,False,,,22.99
SUB0004609,CUST004176,PLAN01,2025-11-04,,Active,True,,,6.99
SUB0004610,CUST004177,PLAN01,2024-06-21,,Active,True,,,6.99
SUB0004611,CUST004178,PLAN01,2021-08-23,,Active,True,,,6.99
SUB0004612,CUST004179,PLAN02,2022-05-01,,Active,True,,,15.49
SUB0004613,CUST004180,PLAN01,2022-03-18,,Cancelled,True,2025-10-04,Content quality decline,6.99
SUB0004614,CUST004181,PLAN01,2024-08-08,,Cancelled,True,2026-06-14,Too expensive,6.99
SUB0004615,CUST004182,PLAN01,2021-03-30,,Cancelled,True,2025-11-22,No longer needed,6.99
SUB0004616,CUST004183,PLAN01,2020-09-10,,Active,True,,,6.99
SUB0004617,CUST004184,PLAN01,2019-07-05,,Active,True,,,6.99
SUB0004618,CUST004185,PLAN02,2022-09-26,,Active,True,,,15.49
SUB0004619,CUST004186,PLAN03,2022-08-29,2023-04-05,Plan Changed,False,,,6.99
SUB0004620,CUST004186,PLAN01,2023-04-05,,Active,False,,,6.99
SUB0004621,CUST004187,PLAN01,2024-06-22,,Active,True,,,6.99
SUB0004622,CUST004188,PLAN02,2025-06-02,,Active,True,,,15.49
SUB0004623,CUST004189,PLAN03,2021-07-12,,Cancelled,True,2025-11-11,Found alternative platform,22.99
SUB0004624,CUST004190,PLAN01,2021-11-27,,Cancelled,True,2026-02-10,Found alternative platform,6.99
SUB0004625,CUST004191,PLAN03,2024-05-20,,Cancelled,False,2026-05-06,Technical issues,22.99
SUB0004626,CUST004192,PLAN03,2023-01-25,,Cancelled,False,2025-12-11,Not enough content,22.99
SUB0004627,CUST004193,PLAN03,2023-01-15,,Active,True,,,22.99
SUB0004628,CUST004194,PLAN01,2025-09-12,,Active,True,,,6.99
SUB0004629,CUST004195,PLAN02,2024-07-27,,Active,True,,,15.49
SUB0004630,CUST004196,PLAN03,2026-05-19,,Active,True,,,22.99
SUB0004631,CUST004197,PLAN03,2020-06-14,,Cancelled,True,2025-11-04,No longer needed,22.99
SUB0004632,CUST004198,PLAN01,2025-11-18,,Active,True,,,6.99
SUB0004633,CUST004199,PLAN01,2023-03-01,,Active,True,,,6.99
SUB0004634,CUST004200,PLAN02,2023-09-12,,Active,False,,,15.49
SUB0004635,CUST004201,PLAN01,2021-03-05,2024-03-13,Plan Changed,True,,,22.99
SUB0004636,CUST004201,PLAN03,2024-03-13,,Cancelled,True,2026-05-27,Household budget cuts,22.99
SUB0004637,CUST004202,PLAN02,2025-08-31,,Active,True,,,15.49
SUB0004638,CUST004203,PLAN03,2020-03-17,,Active,True,,,22.99
SUB0004639,CUST004204,PLAN03,2022-04-11,,Active,True,,,22.99
SUB0004640,CUST004205,PLAN01,2020-11-21,,Active,True,,,6.99
SUB0004641,CUST004206,PLAN03,2019-06-07,2026-06-20,Plan Changed,False,,,15.49
SUB0004642,CUST004206,PLAN02,2026-06-20,,Cancelled,False,2026-03-27,Too expensive,15.49
SUB0004643,CUST004207,PLAN02,2025-12-24,,Cancelled,True,2026-02-18,Household budget cuts,15.49
SUB0004644,CUST004208,PLAN02,2019-11-11,,Cancelled,True,2025-12-28,Household budget cuts,15.49
SUB0004645,CUST004209,PLAN01,2025-02-20,2025-10-21,Plan Changed,True,,,15.49
SUB0004646,CUST004209,PLAN02,2025-10-21,,Active,True,,,15.49
SUB0004647,CUST004210,PLAN03,2023-12-27,,Cancelled,False,2026-01-09,Moving / relocation,22.99
SUB0004648,CUST004211,PLAN01,2019-09-12,,Active,True,,,6.99
SUB0004649,CUST004212,PLAN01,2021-01-03,,Active,True,,,6.99
SUB0004650,CUST004213,PLAN01,2025-10-22,,Active,True,,,6.99
SUB0004651,CUST004214,PLAN01,2025-08-24,2026-05-12,Plan Changed,False,,,6.99
SUB0004652,CUST004214,PLAN01,2026-05-12,,Cancelled,False,2026-04-05,No longer needed,6.99
SUB0004653,CUST004215,PLAN03,2019-12-31,,Active,True,,,22.99
SUB0004654,CUST004216,PLAN02,2021-01-28,,Active,False,,,15.49
SUB0004655,CUST004217,PLAN02,2020-08-23,,Active,False,,,15.49
SUB0004656,CUST004218,PLAN02,2023-11-11,,Active,True,,,15.49
SUB0004657,CUST004219,PLAN02,2024-01-19,,Cancelled,False,2025-12-16,Poor customer service experience,15.49
SUB0004658,CUST004220,PLAN01,2025-02-26,,Cancelled,True,2025-12-08,Too expensive,6.99
SUB0004659,CUST004221,PLAN01,2019-09-13,,Active,True,,,6.99
SUB0004660,CUST004222,PLAN02,2024-12-12,,Active,True,,,15.49
SUB0004661,CUST004223,PLAN02,2025-03-03,,Active,False,,,15.49
SUB0004662,CUST004224,PLAN02,2019-10-03,,Active,True,,,15.49
SUB0004663,CUST004225,PLAN02,2024-09-17,,Active,True,,,15.49
SUB0004664,CUST004226,PLAN02,2023-12-28,,Active,True,,,15.49
SUB0004665,CUST004227,PLAN01,2026-05-30,,Active,False,,,6.99
SUB0004666,CUST004228,PLAN03,2024-12-25,2026-06-25,Plan Changed,False,,,6.99
SUB0004667,CUST004228,PLAN01,2026-06-25,,Cancelled,False,2026-04-06,No longer needed,6.99
SUB0004668,CUST004229,PLAN01,2023-11-21,,Cancelled,True,2026-03-13,Household budget cuts,6.99
SUB0004669,CUST004230,PLAN01,2020-02-10,,Active,True,,,6.99
SUB0004670,CUST004231,PLAN01,2022-08-17,,Active,True,,,6.99
SUB0004671,CUST004232,PLAN01,2025-01-02,,Cancelled,True,2026-05-10,Too expensive,6.99
SUB0004672,CUST004233,PLAN01,2022-01-08,,Active,True,,,6.99
SUB0004673,CUST004234,PLAN02,2022-03-05,2024-04-16,Plan Changed,False,,,22.99
SUB0004674,CUST004234,PLAN03,2024-04-16,,Active,False,,,22.99
SUB0004675,CUST004235,PLAN02,2022-11-02,,Active,True,,,15.49
SUB0004676,CUST004236,PLAN01,2026-01-16,,Active,True,,,6.99
SUB0004677,CUST004237,PLAN02,2022-04-23,,Active,True,,,15.49
SUB0004678,CUST004238,PLAN02,2020-02-24,,Active,True,,,15.49
SUB0004679,CUST004239,PLAN02,2025-01-14,,Active,True,,,15.49
SUB0004680,CUST004240,PLAN03,2022-02-27,,Active,False,,,22.99
SUB0004681,CUST004241,PLAN03,2024-07-08,,Active,True,,,22.99
SUB0004682,CUST004242,PLAN01,2019-08-01,,Cancelled,True,2025-12-25,Too expensive,6.99
SUB0004683,CUST004243,PLAN02,2024-06-22,,Active,True,,,15.49
SUB0004684,CUST004244,PLAN01,2021-01-18,,Cancelled,True,2026-04-04,Too expensive,6.99
SUB0004685,CUST004245,PLAN01,2023-12-16,,Active,True,,,6.99
SUB0004686,CUST004246,PLAN01,2023-12-25,,Cancelled,False,2026-03-16,Found alternative platform,6.99
SUB0004687,CUST004247,PLAN02,2022-10-11,,Cancelled,True,2026-05-13,Found alternative platform,15.49
SUB0004688,CUST004248,PLAN02,2025-06-01,,Active,True,,,15.49
SUB0004689,CUST004249,PLAN01,2025-09-06,,Active,True,,,6.99
SUB0004690,CUST004250,PLAN02,2020-07-12,,Active,True,,,15.49
SUB0004691,CUST004251,PLAN03,2019-11-01,,Active,True,,,22.99
SUB0004692,CUST004252,PLAN02,2023-05-13,,Active,True,,,15.49
SUB0004693,CUST004253,PLAN02,2021-07-28,,Active,True,,,15.49
SUB0004694,CUST004254,PLAN01,2019-05-29,,Cancelled,True,2026-05-23,Technical issues,6.99
SUB0004695,CUST004255,PLAN03,2019-02-07,,Active,True,,,22.99
SUB0004696,CUST004256,PLAN03,2022-10-10,2023-10-13,Plan Changed,True,,,6.99
SUB0004697,CUST004256,PLAN01,2023-10-13,,Active,True,,,6.99
SUB0004698,CUST004257,PLAN02,2024-06-07,,Active,True,,,15.49
SUB0004699,CUST004258,PLAN01,2025-10-28,2026-03-15,Plan Changed,True,,,6.99
SUB0004700,CUST004258,PLAN01,2026-03-15,,Active,True,,,6.99
SUB0004701,CUST004259,PLAN02,2023-09-07,,Cancelled,True,2025-10-30,Poor customer service experience,15.49
SUB0004702,CUST004260,PLAN02,2025-06-04,,Cancelled,True,2026-01-04,Too expensive,15.49
SUB0004703,CUST004261,PLAN01,2026-03-01,,Active,True,,,6.99
SUB0004704,CUST004262,PLAN01,2023-05-10,2025-05-27,Plan Changed,True,,,15.49
SUB0004705,CUST004262,PLAN02,2025-05-27,,Active,True,,,15.49
SUB0004706,CUST004263,PLAN03,2024-09-27,,Active,True,,,22.99
SUB0004707,CUST004264,PLAN02,2025-09-19,,Cancelled,True,2026-03-21,Too expensive,15.49
SUB0004708,CUST004265,PLAN02,2023-12-07,,Active,True,,,15.49
SUB0004709,CUST004266,PLAN02,2023-07-12,,Cancelled,True,2026-01-07,Content quality decline,15.49
SUB0004710,CUST004267,PLAN01,2019-02-19,2022-10-17,Plan Changed,False,,,6.99
SUB0004711,CUST004267,PLAN01,2022-10-17,,Cancelled,False,2026-05-05,Too expensive,6.99
SUB0004712,CUST004268,PLAN03,2019-12-04,,Active,True,,,22.99
SUB0004713,CUST004269,PLAN01,2024-05-31,,Active,True,,,6.99
SUB0004714,CUST004270,PLAN01,2023-09-21,,Active,True,,,6.99
SUB0004715,CUST004271,PLAN01,2022-11-23,,Active,True,,,6.99
SUB0004716,CUST004272,PLAN03,2021-01-10,,Cancelled,True,2026-01-27,Payment issues,22.99
SUB0004717,CUST004273,PLAN01,2024-11-04,2025-08-26,Plan Changed,True,,,22.99
SUB0004718,CUST004273,PLAN03,2025-08-26,,Active,True,,,22.99
SUB0004719,CUST004274,PLAN02,2022-10-01,,Cancelled,True,2025-10-28,No longer needed,15.49
SUB0004720,CUST004275,PLAN02,2019-07-18,,Active,True,,,15.49
SUB0004721,CUST004276,PLAN01,2019-10-01,,Active,True,,,6.99
SUB0004722,CUST004277,PLAN01,2023-08-20,,Active,False,,,6.99
SUB0004723,CUST004278,PLAN03,2025-08-09,,Active,True,,,22.99
SUB0004724,CUST004279,PLAN02,2023-10-11,,Cancelled,True,2026-01-15,Found alternative platform,15.49
SUB0004725,CUST004280,PLAN01,2026-03-20,,Active,True,,,6.99
SUB0004726,CUST004281,PLAN01,2022-06-07,2024-02-25,Plan Changed,True,,,22.99
SUB0004727,CUST004281,PLAN03,2024-02-25,,Active,True,,,22.99
SUB0004728,CUST004282,PLAN01,2019-05-05,2024-10-23,Plan Changed,True,,,6.99
SUB0004729,CUST004282,PLAN01,2024-10-23,,Active,True,,,6.99
SUB0004730,CUST004283,PLAN03,2025-04-04,,Active,False,,,22.99
SUB0004731,CUST004284,PLAN03,2020-02-16,2022-11-22,Plan Changed,True,,,15.49
SUB0004732,CUST004284,PLAN02,2022-11-22,,Active,True,,,15.49
SUB0004733,CUST004285,PLAN03,2025-04-26,2026-05-19,Plan Changed,True,,,15.49
SUB0004734,CUST004285,PLAN02,2026-05-19,,Active,True,,,15.49
SUB0004735,CUST004286,PLAN02,2023-12-26,2025-05-30,Plan Changed,True,,,15.49
SUB0004736,CUST004286,PLAN02,2025-05-30,,Active,True,,,15.49
SUB0004737,CUST004287,PLAN02,2024-01-03,,Active,True,,,15.49
SUB0004738,CUST004288,PLAN01,2019-08-04,,Active,False,,,6.99
SUB0004739,CUST004289,PLAN01,2024-01-27,2024-05-18,Plan Changed,True,,,22.99
SUB0004740,CUST004289,PLAN03,2024-05-18,,Active,True,,,22.99
SUB0004741,CUST004290,PLAN02,2022-02-24,,Cancelled,True,2025-11-16,Household budget cuts,15.49
SUB0004742,CUST004291,PLAN02,2020-03-13,,Cancelled,True,2026-06-11,Found alternative platform,15.49
SUB0004743,CUST004292,PLAN02,2022-09-02,,Active,False,,,15.49
SUB0004744,CUST004293,PLAN03,2025-11-09,,Active,True,,,22.99
SUB0004745,CUST004294,PLAN03,2022-05-06,2025-11-21,Plan Changed,True,,,15.49
SUB0004746,CUST004294,PLAN02,2025-11-21,,Cancelled,True,2026-02-15,Payment issues,15.49
SUB0004747,CUST004295,PLAN03,2019-09-05,,Active,True,,,22.99
SUB0004748,CUST004296,PLAN01,2019-12-24,,Cancelled,False,2025-12-25,Not enough content,6.99
SUB0004749,CUST004297,PLAN01,2022-12-31,,Active,True,,,6.99
SUB0004750,CUST004298,PLAN01,2021-09-29,2025-12-07,Plan Changed,True,,,6.99
SUB0004751,CUST004298,PLAN01,2025-12-07,,Active,True,,,6.99
SUB0004752,CUST004299,PLAN01,2020-02-28,,Active,True,,,6.99
SUB0004753,CUST004300,PLAN03,2024-01-14,,Cancelled,True,2025-10-12,Too expensive,22.99
SUB0004754,CUST004301,PLAN01,2020-02-26,,Active,True,,,6.99
SUB0004755,CUST004302,PLAN01,2023-01-23,,Cancelled,True,2026-05-07,Technical issues,6.99
SUB0004756,CUST004303,PLAN01,2026-02-27,,Active,True,,,6.99
SUB0004757,CUST004304,PLAN01,2023-11-27,2025-07-19,Plan Changed,True,,,22.99
SUB0004758,CUST004304,PLAN03,2025-07-19,,Cancelled,True,2025-10-29,Moving / relocation,22.99
SUB0004759,CUST004305,PLAN01,2021-06-25,,Active,True,,,6.99
SUB0004760,CUST004306,PLAN01,2019-04-13,,Active,True,,,6.99
SUB0004761,CUST004307,PLAN01,2023-01-22,,Cancelled,True,2026-05-20,Technical issues,6.99
SUB0004762,CUST004308,PLAN01,2025-08-04,,Active,True,,,6.99
SUB0004763,CUST004309,PLAN03,2019-06-04,2019-10-09,Plan Changed,True,,,22.99
SUB0004764,CUST004309,PLAN03,2019-10-09,,Active,True,,,22.99
SUB0004765,CUST004310,PLAN03,2024-04-01,,Active,True,,,22.99
SUB0004766,CUST004311,PLAN02,2019-07-15,2021-01-06,Plan Changed,True,,,6.99
SUB0004767,CUST004311,PLAN01,2021-01-06,,Active,True,,,6.99
SUB0004768,CUST004312,PLAN03,2022-02-17,,Active,True,,,22.99
SUB0004769,CUST004313,PLAN03,2024-10-20,2026-02-01,Plan Changed,True,,,22.99
SUB0004770,CUST004313,PLAN03,2026-02-01,,Active,True,,,22.99
SUB0004771,CUST004314,PLAN01,2020-08-10,,Active,True,,,6.99
SUB0004772,CUST004315,PLAN02,2025-01-28,,Active,True,,,15.49
SUB0004773,CUST004316,PLAN01,2020-06-13,,Active,True,,,6.99
SUB0004774,CUST004317,PLAN02,2024-01-14,,Active,True,,,15.49
SUB0004775,CUST004318,PLAN02,2025-12-09,,Active,True,,,15.49
SUB0004776,CUST004319,PLAN02,2022-03-25,,Active,True,,,15.49
SUB0004777,CUST004320,PLAN01,2024-07-29,,Cancelled,True,2025-10-09,Moving / relocation,6.99
SUB0004778,CUST004321,PLAN02,2019-08-10,,Active,False,,,15.49
SUB0004779,CUST004322,PLAN02,2026-03-18,,Active,True,,,15.49
SUB0004780,CUST004323,PLAN02,2019-05-22,,Active,True,,,15.49
SUB0004781,CUST004324,PLAN01,2021-06-19,,Cancelled,True,2025-12-15,Poor customer service experience,6.99
SUB0004782,CUST004325,PLAN01,2022-10-09,,Active,True,,,6.99
SUB0004783,CUST004326,PLAN01,2022-08-26,,Active,True,,,6.99
SUB0004784,CUST004327,PLAN02,2024-05-15,,Active,True,,,15.49
SUB0004785,CUST004328,PLAN01,2023-01-02,,Active,True,,,6.99
SUB0004786,CUST004329,PLAN02,2024-10-05,,Active,True,,,15.49
SUB0004787,CUST004330,PLAN01,2022-09-02,,Active,True,,,6.99
SUB0004788,CUST004331,PLAN02,2022-02-18,,Cancelled,False,2025-11-05,Moving / relocation,15.49
SUB0004789,CUST004332,PLAN02,2024-06-03,,Active,True,,,15.49
SUB0004790,CUST004333,PLAN01,2025-01-02,,Active,True,,,6.99
SUB0004791,CUST004334,PLAN01,2023-02-17,,Active,True,,,6.99
SUB0004792,CUST004335,PLAN02,2026-02-06,,Cancelled,True,2026-06-15,Found alternative platform,15.49
SUB0004793,CUST004336,PLAN01,2021-01-18,,Cancelled,False,2025-11-01,Too expensive,6.99
SUB0004794,CUST004337,PLAN01,2020-07-26,,Active,True,,,6.99
SUB0004795,CUST004338,PLAN02,2020-07-27,,Active,False,,,15.49
SUB0004796,CUST004339,PLAN01,2022-06-12,,Active,True,,,6.99
SUB0004797,CUST004340,PLAN01,2025-07-29,2025-10-15,Plan Changed,False,,,6.99
SUB0004798,CUST004340,PLAN01,2025-10-15,,Active,False,,,6.99
SUB0004799,CUST004341,PLAN02,2023-02-03,,Active,False,,,15.49
SUB0004800,CUST004342,PLAN03,2026-02-12,,Active,True,,,22.99
SUB0004801,CUST004343,PLAN02,2025-02-14,,Cancelled,False,2025-11-07,Found alternative platform,15.49
SUB0004802,CUST004344,PLAN03,2022-11-25,2024-12-11,Plan Changed,True,,,6.99
SUB0004803,CUST004344,PLAN01,2024-12-11,,Cancelled,True,2026-02-07,No longer needed,6.99
SUB0004804,CUST004345,PLAN01,2025-11-11,,Cancelled,True,2026-01-10,Too expensive,6.99
SUB0004805,CUST004346,PLAN01,2025-05-29,,Active,True,,,6.99
SUB0004806,CUST004347,PLAN01,2019-03-08,,Active,True,,,6.99
SUB0004807,CUST004348,PLAN01,2022-08-18,,Active,False,,,6.99
SUB0004808,CUST004349,PLAN02,2025-01-19,,Active,True,,,15.49
SUB0004809,CUST004350,PLAN01,2019-03-15,,Active,True,,,6.99
SUB0004810,CUST004351,PLAN03,2024-01-28,2025-12-30,Plan Changed,False,,,22.99
SUB0004811,CUST004351,PLAN03,2025-12-30,,Cancelled,False,2026-03-10,Found alternative platform,22.99
SUB0004812,CUST004352,PLAN02,2022-05-28,,Active,True,,,15.49
SUB0004813,CUST004353,PLAN03,2021-07-02,,Active,True,,,22.99
SUB0004814,CUST004354,PLAN01,2019-01-19,,Active,False,,,6.99
SUB0004815,CUST004355,PLAN01,2024-04-05,,Active,True,,,6.99
SUB0004816,CUST004356,PLAN02,2019-05-22,,Active,True,,,15.49
SUB0004817,CUST004357,PLAN01,2020-01-16,,Active,True,,,6.99
SUB0004818,CUST004358,PLAN03,2020-11-01,,Active,True,,,22.99
SUB0004819,CUST004359,PLAN01,2024-09-13,,Active,False,,,6.99
SUB0004820,CUST004360,PLAN02,2025-06-11,,Active,True,,,15.49
SUB0004821,CUST004361,PLAN01,2021-06-04,,Active,True,,,6.99
SUB0004822,CUST004362,PLAN03,2024-11-12,,Active,True,,,22.99
SUB0004823,CUST004363,PLAN03,2022-04-01,,Cancelled,True,2026-01-13,Too expensive,22.99
SUB0004824,CUST004364,PLAN03,2020-09-29,,Active,True,,,22.99
SUB0004825,CUST004365,PLAN01,2022-09-01,,Active,True,,,6.99
SUB0004826,CUST004366,PLAN01,2019-03-22,2020-04-16,Plan Changed,True,,,6.99
SUB0004827,CUST004366,PLAN01,2020-04-16,,Active,True,,,6.99
SUB0004828,CUST004367,PLAN01,2019-02-09,,Active,True,,,6.99
SUB0004829,CUST004368,PLAN03,2019-12-07,2024-01-03,Plan Changed,True,,,15.49
SUB0004830,CUST004368,PLAN02,2024-01-03,,Active,True,,,15.49
SUB0004831,CUST004369,PLAN02,2021-09-11,,Active,True,,,15.49
SUB0004832,CUST004370,PLAN01,2023-05-26,,Cancelled,False,2026-06-25,Found alternative platform,6.99
SUB0004833,CUST004371,PLAN03,2024-07-14,,Active,True,,,22.99
SUB0004834,CUST004372,PLAN03,2019-12-26,,Cancelled,False,2026-02-19,Content quality decline,22.99
SUB0004835,CUST004373,PLAN03,2019-12-10,,Active,True,,,22.99
SUB0004836,CUST004374,PLAN03,2020-03-07,,Cancelled,True,2026-05-10,Not enough content,22.99
SUB0004837,CUST004375,PLAN02,2020-12-24,,Active,True,,,15.49
SUB0004838,CUST004376,PLAN01,2025-12-25,,Active,False,,,6.99
SUB0004839,CUST004377,PLAN01,2026-02-21,,Cancelled,True,2026-05-17,Payment issues,6.99
SUB0004840,CUST004378,PLAN02,2026-02-10,,Active,True,,,15.49
SUB0004841,CUST004379,PLAN03,2024-01-18,,Active,True,,,22.99
SUB0004842,CUST004380,PLAN02,2022-12-03,,Active,True,,,15.49
SUB0004843,CUST004381,PLAN01,2025-06-28,,Cancelled,False,2025-10-14,Payment issues,6.99
SUB0004844,CUST004382,PLAN02,2022-03-15,,Active,True,,,15.49
SUB0004845,CUST004383,PLAN01,2025-02-09,,Active,True,,,6.99
SUB0004846,CUST004384,PLAN01,2025-07-27,,Cancelled,True,2026-04-06,Found alternative platform,6.99
SUB0004847,CUST004385,PLAN02,2021-12-05,,Active,False,,,15.49
SUB0004848,CUST004386,PLAN01,2025-06-09,,Active,False,,,6.99
SUB0004849,CUST004387,PLAN02,2024-06-18,,Active,False,,,15.49
SUB0004850,CUST004388,PLAN02,2025-09-05,,Active,True,,,15.49
SUB0004851,CUST004389,PLAN02,2023-08-05,,Active,False,,,15.49
SUB0004852,CUST004390,PLAN03,2021-12-16,,Cancelled,False,2026-03-27,Technical issues,22.99
SUB0004853,CUST004391,PLAN01,2022-02-14,,Cancelled,True,2025-12-08,Not enough content,6.99
SUB0004854,CUST004392,PLAN02,2020-05-11,,Cancelled,True,2026-02-25,Too expensive,15.49
SUB0004855,CUST004393,PLAN02,2021-11-23,,Active,True,,,15.49
SUB0004856,CUST004394,PLAN02,2023-02-24,,Active,True,,,15.49
SUB0004857,CUST004395,PLAN02,2020-03-18,,Active,True,,,15.49
SUB0004858,CUST004396,PLAN01,2022-06-07,,Active,True,,,6.99
SUB0004859,CUST004397,PLAN02,2025-11-27,,Cancelled,True,2026-06-21,Too expensive,15.49
SUB0004860,CUST004398,PLAN02,2021-10-04,,Active,True,,,15.49
SUB0004861,CUST004399,PLAN03,2022-04-27,,Active,False,,,22.99
SUB0004862,CUST004400,PLAN02,2019-03-07,,Active,True,,,15.49
SUB0004863,CUST004401,PLAN03,2020-06-08,,Active,False,,,22.99
SUB0004864,CUST004402,PLAN02,2024-10-07,,Cancelled,True,2026-02-27,Not enough content,15.49
SUB0004865,CUST004403,PLAN01,2023-09-16,2026-05-02,Plan Changed,True,,,15.49
SUB0004866,CUST004403,PLAN02,2026-05-02,,Cancelled,True,2026-02-14,Found alternative platform,15.49
SUB0004867,CUST004404,PLAN01,2020-10-15,,Active,False,,,6.99
SUB0004868,CUST004405,PLAN01,2022-09-21,,Active,False,,,6.99
SUB0004869,CUST004406,PLAN02,2026-04-29,,Active,True,,,15.49
SUB0004870,CUST004407,PLAN01,2021-06-11,,Active,True,,,6.99
SUB0004871,CUST004408,PLAN02,2021-12-17,,Active,True,,,15.49
SUB0004872,CUST004409,PLAN02,2020-05-01,,Active,True,,,15.49
SUB0004873,CUST004410,PLAN01,2023-01-11,,Cancelled,True,2025-11-07,Found alternative platform,6.99
SUB0004874,CUST004411,PLAN02,2025-08-31,,Active,True,,,15.49
SUB0004875,CUST004412,PLAN01,2022-07-12,,Active,False,,,6.99
SUB0004876,CUST004413,PLAN01,2019-12-27,,Active,True,,,6.99
SUB0004877,CUST004414,PLAN01,2020-07-10,,Cancelled,False,2025-10-30,Found alternative platform,6.99
SUB0004878,CUST004415,PLAN01,2025-10-26,,Active,True,,,6.99
SUB0004879,CUST004416,PLAN03,2024-03-16,,Cancelled,False,2026-02-01,Content quality decline,22.99
SUB0004880,CUST004417,PLAN01,2026-01-07,,Cancelled,True,2026-02-27,Content quality decline,6.99
SUB0004881,CUST004418,PLAN02,2019-06-24,,Active,True,,,15.49
SUB0004882,CUST004419,PLAN02,2019-09-16,,Active,False,,,15.49
SUB0004883,CUST004420,PLAN01,2024-10-01,,Active,True,,,6.99
SUB0004884,CUST004421,PLAN03,2026-03-19,,Cancelled,True,2026-04-20,Found alternative platform,22.99
SUB0004885,CUST004422,PLAN02,2026-02-03,,Active,False,,,15.49
SUB0004886,CUST004423,PLAN02,2019-12-12,,Active,True,,,15.49
SUB0004887,CUST004424,PLAN01,2019-03-24,,Active,True,,,6.99
SUB0004888,CUST004425,PLAN03,2025-05-23,,Cancelled,True,2026-02-01,Payment issues,22.99
SUB0004889,CUST004426,PLAN03,2019-08-05,,Cancelled,True,2026-01-07,Content quality decline,22.99
SUB0004890,CUST004427,PLAN03,2025-03-26,,Active,True,,,22.99
SUB0004891,CUST004428,PLAN02,2024-01-16,,Active,True,,,15.49
SUB0004892,CUST004429,PLAN01,2024-02-20,,Active,True,,,6.99
SUB0004893,CUST004430,PLAN02,2022-04-08,,Active,True,,,15.49
SUB0004894,CUST004431,PLAN02,2026-02-28,,Cancelled,True,2026-06-03,Too expensive,15.49
SUB0004895,CUST004432,PLAN03,2020-12-12,2025-08-15,Plan Changed,True,,,22.99
SUB0004896,CUST004432,PLAN03,2025-08-15,,Active,True,,,22.99
SUB0004897,CUST004433,PLAN01,2019-11-02,,Active,False,,,6.99
SUB0004898,CUST004434,PLAN01,2021-12-01,,Active,True,,,6.99
SUB0004899,CUST004435,PLAN01,2019-08-09,,Active,True,,,6.99
SUB0004900,CUST004436,PLAN01,2023-01-10,,Active,True,,,6.99
SUB0004901,CUST004437,PLAN01,2019-04-10,2023-01-09,Plan Changed,True,,,6.99
SUB0004902,CUST004437,PLAN01,2023-01-09,,Cancelled,True,2026-06-15,Poor customer service experience,6.99
SUB0004903,CUST004438,PLAN02,2022-10-08,,Active,True,,,15.49
SUB0004904,CUST004439,PLAN01,2019-12-06,,Active,True,,,6.99
SUB0004905,CUST004440,PLAN03,2024-04-28,,Active,False,,,22.99
SUB0004906,CUST004441,PLAN02,2020-10-02,,Active,True,,,15.49
SUB0004907,CUST004442,PLAN02,2021-10-02,2025-12-02,Plan Changed,True,,,6.99
SUB0004908,CUST004442,PLAN01,2025-12-02,,Active,True,,,6.99
SUB0004909,CUST004443,PLAN01,2021-12-19,,Active,True,,,6.99
SUB0004910,CUST004444,PLAN03,2022-11-25,,Active,False,,,22.99
SUB0004911,CUST004445,PLAN03,2022-09-28,,Active,True,,,22.99
SUB0004912,CUST004446,PLAN02,2021-12-31,,Active,True,,,15.49
SUB0004913,CUST004447,PLAN01,2020-01-23,,Active,True,,,6.99
SUB0004914,CUST004448,PLAN02,2022-09-14,,Active,False,,,15.49
SUB0004915,CUST004449,PLAN03,2023-09-07,,Active,True,,,22.99
SUB0004916,CUST004450,PLAN01,2022-04-14,,Active,True,,,6.99
SUB0004917,CUST004451,PLAN03,2024-07-30,,Active,True,,,22.99
SUB0004918,CUST004452,PLAN03,2022-03-07,,Active,True,,,22.99
SUB0004919,CUST004453,PLAN03,2023-06-10,,Active,True,,,22.99
SUB0004920,CUST004454,PLAN01,2021-11-21,,Cancelled,True,2025-10-17,Found alternative platform,6.99
SUB0004921,CUST004455,PLAN03,2026-02-10,,Active,True,,,22.99
SUB0004922,CUST004456,PLAN02,2024-09-08,2025-11-04,Plan Changed,True,,,22.99
SUB0004923,CUST004456,PLAN03,2025-11-04,,Active,True,,,22.99
SUB0004924,CUST004457,PLAN02,2023-10-27,,Cancelled,True,2026-04-28,Household budget cuts,15.49
SUB0004925,CUST004458,PLAN01,2025-03-01,,Active,True,,,6.99
SUB0004926,CUST004459,PLAN02,2021-05-25,,Active,False,,,15.49
SUB0004927,CUST004460,PLAN01,2022-09-28,,Cancelled,True,2026-05-18,No longer needed,6.99
SUB0004928,CUST004461,PLAN03,2020-11-01,,Active,True,,,22.99
SUB0004929,CUST004462,PLAN01,2021-02-23,,Active,True,,,6.99
SUB0004930,CUST004463,PLAN01,2022-05-25,,Active,True,,,6.99
SUB0004931,CUST004464,PLAN01,2021-05-28,2025-02-05,Plan Changed,True,,,22.99
SUB0004932,CUST004464,PLAN03,2025-02-05,,Active,True,,,22.99
SUB0004933,CUST004465,PLAN01,2023-04-19,,Active,True,,,6.99
SUB0004934,CUST004466,PLAN02,2019-07-18,2025-06-26,Plan Changed,True,,,6.99
SUB0004935,CUST004466,PLAN01,2025-06-26,,Active,True,,,6.99
SUB0004936,CUST004467,PLAN01,2022-08-28,,Active,False,,,6.99
SUB0004937,CUST004468,PLAN02,2025-05-23,2026-03-05,Plan Changed,False,,,22.99
SUB0004938,CUST004468,PLAN03,2026-03-05,,Cancelled,False,2025-10-12,Household budget cuts,22.99
SUB0004939,CUST004469,PLAN01,2019-04-27,,Active,False,,,6.99
SUB0004940,CUST004470,PLAN02,2023-11-07,2026-01-29,Plan Changed,True,,,6.99
SUB0004941,CUST004470,PLAN01,2026-01-29,,Active,True,,,6.99
SUB0004942,CUST004471,PLAN01,2019-07-20,,Active,True,,,6.99
SUB0004943,CUST004472,PLAN02,2022-08-24,,Active,True,,,15.49
SUB0004944,CUST004473,PLAN02,2024-11-07,,Active,True,,,15.49
SUB0004945,CUST004474,PLAN02,2020-06-30,2024-11-24,Plan Changed,True,,,6.99
SUB0004946,CUST004474,PLAN01,2024-11-24,,Cancelled,True,2026-01-24,Too expensive,6.99
SUB0004947,CUST004475,PLAN01,2021-05-04,,Active,True,,,6.99
SUB0004948,CUST004476,PLAN03,2023-06-07,,Active,False,,,22.99
SUB0004949,CUST004477,PLAN01,2022-02-15,,Active,False,,,6.99
SUB0004950,CUST004478,PLAN01,2024-02-03,,Active,True,,,6.99
SUB0004951,CUST004479,PLAN03,2023-08-31,,Cancelled,True,2026-01-23,No longer needed,22.99
SUB0004952,CUST004480,PLAN02,2025-07-30,,Cancelled,True,2025-10-07,Content quality decline,15.49
SUB0004953,CUST004481,PLAN01,2025-05-21,,Active,True,,,6.99
SUB0004954,CUST004482,PLAN02,2023-05-27,,Active,True,,,15.49
SUB0004955,CUST004483,PLAN01,2024-04-17,,Cancelled,True,2026-01-09,Too expensive,6.99
SUB0004956,CUST004484,PLAN01,2024-03-23,,Active,True,,,6.99
SUB0004957,CUST004485,PLAN02,2022-01-18,,Active,False,,,15.49
SUB0004958,CUST004486,PLAN01,2026-03-28,,Cancelled,True,2026-06-19,Content quality decline,6.99
SUB0004959,CUST004487,PLAN03,2025-01-21,,Active,True,,,22.99
SUB0004960,CUST004488,PLAN01,2023-08-27,,Active,True,,,6.99
SUB0004961,CUST004489,PLAN03,2024-05-19,,Active,True,,,22.99
SUB0004962,CUST004490,PLAN01,2023-01-18,,Active,True,,,6.99
SUB0004963,CUST004491,PLAN01,2019-06-19,,Active,True,,,6.99
SUB0004964,CUST004492,PLAN02,2024-02-07,,Active,True,,,15.49
SUB0004965,CUST004493,PLAN02,2021-03-14,,Active,True,,,15.49
SUB0004966,CUST004494,PLAN02,2025-03-15,,Active,True,,,15.49
SUB0004967,CUST004495,PLAN02,2019-07-29,,Active,True,,,15.49
SUB0004968,CUST004496,PLAN01,2022-04-26,,Cancelled,True,2026-01-11,Found alternative platform,6.99
SUB0004969,CUST004497,PLAN02,2021-11-11,,Active,True,,,15.49
SUB0004970,CUST004498,PLAN03,2022-04-26,,Active,False,,,22.99
SUB0004971,CUST004499,PLAN02,2020-03-19,,Active,True,,,15.49
SUB0004972,CUST004500,PLAN02,2025-03-08,2025-09-11,Plan Changed,True,,,6.99
SUB0004973,CUST004500,PLAN01,2025-09-11,,Cancelled,True,2025-11-30,Payment issues,6.99
SUB0004974,CUST004501,PLAN01,2019-06-19,,Active,True,,,6.99
SUB0004975,CUST004502,PLAN02,2026-05-07,,Active,True,,,15.49
SUB0004976,CUST004503,PLAN01,2025-07-10,,Active,True,,,6.99
SUB0004977,CUST004504,PLAN01,2020-04-13,,Active,False,,,6.99
SUB0004978,CUST004505,PLAN01,2022-04-22,,Active,False,,,6.99
SUB0004979,CUST004506,PLAN01,2021-05-02,,Active,True,,,6.99
SUB0004980,CUST004507,PLAN01,2020-06-17,,Active,False,,,6.99
SUB0004981,CUST004508,PLAN01,2020-07-30,,Cancelled,False,2025-11-09,Poor customer service experience,6.99
SUB0004982,CUST004509,PLAN01,2025-05-10,,Active,True,,,6.99
SUB0004983,CUST004510,PLAN01,2023-05-12,,Active,True,,,6.99
SUB0004984,CUST004511,PLAN01,2021-11-15,,Active,True,,,6.99
SUB0004985,CUST004512,PLAN01,2024-03-23,2024-07-26,Plan Changed,False,,,6.99
SUB0004986,CUST004512,PLAN01,2024-07-26,,Cancelled,False,2026-04-14,Poor customer service experience,6.99
SUB0004987,CUST004513,PLAN01,2022-12-02,,Active,True,,,6.99
SUB0004988,CUST004514,PLAN02,2024-06-07,,Active,True,,,15.49
SUB0004989,CUST004515,PLAN01,2025-10-08,,Cancelled,True,2026-04-15,Found alternative platform,6.99
SUB0004990,CUST004516,PLAN02,2024-08-01,,Cancelled,True,2026-03-04,Not enough content,15.49
SUB0004991,CUST004517,PLAN01,2023-06-09,,Active,True,,,6.99
SUB0004992,CUST004518,PLAN02,2020-05-27,,Active,True,,,15.49
SUB0004993,CUST004519,PLAN01,2021-07-28,,Active,False,,,6.99
SUB0004994,CUST004520,PLAN01,2023-06-21,,Active,True,,,6.99
SUB0004995,CUST004521,PLAN02,2020-08-22,,Active,True,,,15.49
SUB0004996,CUST004522,PLAN02,2022-07-07,,Active,True,,,15.49
SUB0004997,CUST004523,PLAN01,2024-01-31,,Active,True,,,6.99
SUB0004998,CUST004524,PLAN03,2025-05-04,,Active,False,,,22.99
SUB0004999,CUST004525,PLAN02,2024-12-20,,Active,True,,,15.49
SUB0005000,CUST004526,PLAN02,2019-07-24,,Active,True,,,15.49
SUB0005001,CUST004527,PLAN02,2025-07-17,,Active,False,,,15.49
SUB0005002,CUST004528,PLAN02,2025-06-14,,Active,True,,,15.49
SUB0005003,CUST004529,PLAN02,2019-05-08,,Active,True,,,15.49
SUB0005004,CUST004530,PLAN03,2024-11-10,,Active,True,,,22.99
SUB0005005,CUST004531,PLAN03,2020-10-18,,Cancelled,True,2026-04-16,Moving / relocation,22.99
SUB0005006,CUST004532,PLAN01,2023-02-28,,Active,True,,,6.99
SUB0005007,CUST004533,PLAN01,2021-07-10,,Active,True,,,6.99
SUB0005008,CUST004534,PLAN02,2022-10-07,,Active,True,,,15.49
SUB0005009,CUST004535,PLAN01,2022-10-17,,Active,True,,,6.99
SUB0005010,CUST004536,PLAN01,2024-09-28,,Cancelled,True,2025-10-31,Password sharing crackdown,6.99
SUB0005011,CUST004537,PLAN01,2020-11-03,,Cancelled,True,2026-04-05,Not enough content,6.99
SUB0005012,CUST004538,PLAN01,2023-07-31,,Cancelled,False,2026-03-10,Not enough content,6.99
SUB0005013,CUST004539,PLAN02,2019-01-18,2021-05-03,Plan Changed,True,,,22.99
SUB0005014,CUST004539,PLAN03,2021-05-03,,Cancelled,True,2026-06-20,Found alternative platform,22.99
SUB0005015,CUST004540,PLAN01,2025-04-13,,Active,True,,,6.99
SUB0005016,CUST004541,PLAN01,2019-05-27,,Active,True,,,6.99
SUB0005017,CUST004542,PLAN02,2022-09-10,,Active,True,,,15.49
SUB0005018,CUST004543,PLAN01,2024-09-21,,Active,True,,,6.99
SUB0005019,CUST004544,PLAN01,2019-02-15,,Active,True,,,6.99
SUB0005020,CUST004545,PLAN01,2020-06-11,2021-09-18,Plan Changed,True,,,6.99
SUB0005021,CUST004545,PLAN01,2021-09-18,,Active,True,,,6.99
SUB0005022,CUST004546,PLAN02,2025-11-20,,Active,True,,,15.49
SUB0005023,CUST004547,PLAN03,2022-10-12,2023-03-23,Plan Changed,False,,,15.49
SUB0005024,CUST004547,PLAN02,2023-03-23,,Cancelled,False,2026-03-18,Not enough content,15.49
SUB0005025,CUST004548,PLAN02,2023-04-12,,Cancelled,True,2026-03-10,Household budget cuts,15.49
SUB0005026,CUST004549,PLAN03,2021-08-18,,Cancelled,True,2025-10-12,No longer needed,22.99
SUB0005027,CUST004550,PLAN02,2024-06-06,,Active,True,,,15.49
SUB0005028,CUST004551,PLAN01,2020-02-03,,Active,True,,,6.99
SUB0005029,CUST004552,PLAN02,2021-02-26,,Active,False,,,15.49
SUB0005030,CUST004553,PLAN02,2020-02-28,,Active,True,,,15.49
SUB0005031,CUST004554,PLAN02,2025-03-29,,Active,False,,,15.49
SUB0005032,CUST004555,PLAN03,2025-01-06,,Cancelled,False,2026-06-19,Found alternative platform,22.99
SUB0005033,CUST004556,PLAN02,2022-06-24,2025-03-20,Plan Changed,False,,,15.49
SUB0005034,CUST004556,PLAN02,2025-03-20,,Active,False,,,15.49
SUB0005035,CUST004557,PLAN02,2024-02-04,,Cancelled,True,2025-11-02,Found alternative platform,15.49
SUB0005036,CUST004558,PLAN01,2019-05-14,,Active,True,,,6.99
SUB0005037,CUST004559,PLAN02,2024-06-19,,Active,True,,,15.49
SUB0005038,CUST004560,PLAN02,2021-07-17,,Active,True,,,15.49
SUB0005039,CUST004561,PLAN03,2020-10-22,,Cancelled,True,2026-01-27,Content quality decline,22.99
SUB0005040,CUST004562,PLAN01,2024-01-20,2024-09-20,Plan Changed,True,,,6.99
SUB0005041,CUST004562,PLAN01,2024-09-20,,Active,True,,,6.99
SUB0005042,CUST004563,PLAN02,2021-01-16,2025-10-31,Plan Changed,False,,,15.49
SUB0005043,CUST004563,PLAN02,2025-10-31,,Active,False,,,15.49
SUB0005044,CUST004564,PLAN03,2024-02-08,,Active,True,,,22.99
SUB0005045,CUST004565,PLAN02,2025-09-20,,Active,True,,,15.49
SUB0005046,CUST004566,PLAN01,2024-09-03,,Active,True,,,6.99
SUB0005047,CUST004567,PLAN03,2023-07-07,,Active,True,,,22.99
SUB0005048,CUST004568,PLAN03,2025-10-19,,Active,True,,,22.99
SUB0005049,CUST004569,PLAN02,2023-09-27,,Active,True,,,15.49
SUB0005050,CUST004570,PLAN02,2020-04-01,,Active,True,,,15.49
SUB0005051,CUST004571,PLAN02,2025-07-10,,Active,True,,,15.49
SUB0005052,CUST004572,PLAN02,2023-08-20,,Active,True,,,15.49
SUB0005053,CUST004573,PLAN01,2019-11-14,,Active,True,,,6.99
SUB0005054,CUST004574,PLAN03,2020-03-24,,Active,False,,,22.99
SUB0005055,CUST004575,PLAN02,2022-10-01,,Cancelled,True,2026-01-05,Technical issues,15.49
SUB0005056,CUST004576,PLAN02,2020-07-08,,Active,True,,,15.49
SUB0005057,CUST004577,PLAN02,2020-08-06,,Cancelled,True,2026-02-01,Technical issues,15.49
SUB0005058,CUST004578,PLAN01,2019-08-24,,Active,True,,,6.99
SUB0005059,CUST004579,PLAN03,2019-12-03,,Active,False,,,22.99
SUB0005060,CUST004580,PLAN02,2020-03-10,,Active,True,,,15.49
SUB0005061,CUST004581,PLAN02,2023-10-16,,Active,True,,,15.49
SUB0005062,CUST004582,PLAN01,2021-07-07,,Active,True,,,6.99
SUB0005063,CUST004583,PLAN02,2026-01-22,,Active,True,,,15.49
SUB0005064,CUST004584,PLAN02,2024-11-30,2025-05-05,Plan Changed,True,,,6.99
SUB0005065,CUST004584,PLAN01,2025-05-05,,Cancelled,True,2026-05-09,Found alternative platform,6.99
SUB0005066,CUST004585,PLAN01,2023-11-30,,Active,True,,,6.99
SUB0005067,CUST004586,PLAN01,2021-01-14,,Active,True,,,6.99
SUB0005068,CUST004587,PLAN01,2024-05-12,,Active,True,,,6.99
SUB0005069,CUST004588,PLAN02,2024-05-18,,Active,True,,,15.49
SUB0005070,CUST004589,PLAN02,2024-03-29,,Active,True,,,15.49
SUB0005071,CUST004590,PLAN02,2023-01-13,,Cancelled,True,2026-06-27,Moving / relocation,15.49
SUB0005072,CUST004591,PLAN01,2021-07-08,,Active,False,,,6.99
SUB0005073,CUST004592,PLAN01,2022-02-07,,Cancelled,True,2026-06-09,Too expensive,6.99
SUB0005074,CUST004593,PLAN01,2022-11-20,,Active,True,,,6.99
SUB0005075,CUST004594,PLAN03,2019-06-02,,Active,True,,,22.99
SUB0005076,CUST004595,PLAN03,2022-09-07,,Active,True,,,22.99
SUB0005077,CUST004596,PLAN01,2020-03-12,2023-10-04,Plan Changed,True,,,22.99
SUB0005078,CUST004596,PLAN03,2023-10-04,,Active,True,,,22.99
SUB0005079,CUST004597,PLAN01,2024-03-23,,Active,False,,,6.99
SUB0005080,CUST004598,PLAN03,2020-11-05,2026-06-29,Plan Changed,True,,,15.49
SUB0005081,CUST004598,PLAN02,2026-06-29,,Active,True,,,15.49
SUB0005082,CUST004599,PLAN03,2025-08-07,,Active,False,,,22.99
SUB0005083,CUST004600,PLAN01,2022-12-06,,Cancelled,False,2026-06-13,Found alternative platform,6.99
SUB0005084,CUST004601,PLAN02,2023-01-06,2025-06-17,Plan Changed,True,,,6.99
SUB0005085,CUST004601,PLAN01,2025-06-17,,Cancelled,True,2026-01-02,Not enough content,6.99
SUB0005086,CUST004602,PLAN01,2019-10-25,,Active,True,,,6.99
SUB0005087,CUST004603,PLAN01,2023-04-27,,Cancelled,False,2025-12-13,Poor customer service experience,6.99
SUB0005088,CUST004604,PLAN02,2026-03-12,,Active,True,,,15.49
SUB0005089,CUST004605,PLAN02,2020-12-30,,Active,True,,,15.49
SUB0005090,CUST004606,PLAN02,2022-06-09,2025-05-21,Plan Changed,False,,,22.99
SUB0005091,CUST004606,PLAN03,2025-05-21,,Active,False,,,22.99
SUB0005092,CUST004607,PLAN02,2023-09-10,,Active,True,,,15.49
SUB0005093,CUST004608,PLAN02,2021-01-09,,Active,True,,,15.49
SUB0005094,CUST004609,PLAN02,2024-07-06,,Active,True,,,15.49
SUB0005095,CUST004610,PLAN01,2023-02-02,,Active,True,,,6.99
SUB0005096,CUST004611,PLAN01,2023-06-20,,Cancelled,True,2025-10-04,Not enough content,6.99
SUB0005097,CUST004612,PLAN01,2026-02-10,,Active,True,,,6.99
SUB0005098,CUST004613,PLAN02,2025-09-21,,Active,True,,,15.49
SUB0005099,CUST004614,PLAN01,2023-04-12,,Active,True,,,6.99
SUB0005100,CUST004615,PLAN01,2020-08-29,,Active,True,,,6.99
SUB0005101,CUST004616,PLAN01,2023-07-02,2024-11-16,Plan Changed,True,,,6.99
SUB0005102,CUST004616,PLAN01,2024-11-16,,Active,True,,,6.99
SUB0005103,CUST004617,PLAN03,2019-11-06,,Active,False,,,22.99
SUB0005104,CUST004618,PLAN01,2025-11-11,,Active,True,,,6.99
SUB0005105,CUST004619,PLAN01,2026-02-11,,Cancelled,True,2026-06-05,Technical issues,6.99
SUB0005106,CUST004620,PLAN01,2021-02-01,,Active,False,,,6.99
SUB0005107,CUST004621,PLAN02,2025-09-07,,Cancelled,True,2026-01-27,Too expensive,15.49
SUB0005108,CUST004622,PLAN02,2020-04-10,,Active,True,,,15.49
SUB0005109,CUST004623,PLAN01,2020-12-19,,Cancelled,True,2026-01-28,Too expensive,6.99
SUB0005110,CUST004624,PLAN02,2024-12-30,,Active,True,,,15.49
SUB0005111,CUST004625,PLAN03,2025-11-04,,Cancelled,False,2026-06-15,Household budget cuts,22.99
SUB0005112,CUST004626,PLAN01,2023-01-07,,Active,True,,,6.99
SUB0005113,CUST004627,PLAN02,2019-02-21,,Active,True,,,15.49
SUB0005114,CUST004628,PLAN02,2025-09-26,,Active,False,,,15.49
SUB0005115,CUST004629,PLAN01,2025-12-12,,Active,True,,,6.99
SUB0005116,CUST004630,PLAN01,2024-10-29,,Active,False,,,6.99
SUB0005117,CUST004631,PLAN01,2024-05-12,,Active,True,,,6.99
SUB0005118,CUST004632,PLAN02,2022-01-28,,Active,True,,,15.49
SUB0005119,CUST004633,PLAN02,2021-04-24,,Active,True,,,15.49
SUB0005120,CUST004634,PLAN02,2026-03-15,,Cancelled,False,2026-05-21,Content quality decline,15.49
SUB0005121,CUST004635,PLAN02,2024-10-14,,Active,True,,,15.49
SUB0005122,CUST004636,PLAN03,2024-11-24,,Active,False,,,22.99
SUB0005123,CUST004637,PLAN01,2022-09-29,,Active,True,,,6.99
SUB0005124,CUST004638,PLAN01,2024-10-07,,Active,True,,,6.99
SUB0005125,CUST004639,PLAN03,2019-02-12,,Cancelled,True,2025-10-30,Technical issues,22.99
SUB0005126,CUST004640,PLAN02,2022-04-03,,Cancelled,True,2025-10-11,Found alternative platform,15.49
SUB0005127,CUST004641,PLAN03,2020-10-03,2023-10-21,Plan Changed,False,,,15.49
SUB0005128,CUST004641,PLAN02,2023-10-21,,Active,False,,,15.49
SUB0005129,CUST004642,PLAN02,2019-05-01,,Active,True,,,15.49
SUB0005130,CUST004643,PLAN03,2024-04-24,,Active,True,,,22.99
SUB0005131,CUST004644,PLAN02,2025-01-11,,Cancelled,True,2026-02-02,Technical issues,15.49
SUB0005132,CUST004645,PLAN01,2022-09-02,,Cancelled,True,2026-05-19,Too expensive,6.99
SUB0005133,CUST004646,PLAN02,2026-02-05,,Cancelled,True,2026-06-25,Technical issues,15.49
SUB0005134,CUST004647,PLAN02,2023-05-31,2025-02-25,Plan Changed,True,,,6.99
SUB0005135,CUST004647,PLAN01,2025-02-25,,Cancelled,True,2026-05-09,Moving / relocation,6.99
SUB0005136,CUST004648,PLAN02,2021-05-23,,Active,False,,,15.49
SUB0005137,CUST004649,PLAN02,2020-09-20,,Active,True,,,15.49
SUB0005138,CUST004650,PLAN02,2019-11-20,,Active,False,,,15.49
SUB0005139,CUST004651,PLAN03,2026-03-14,,Active,True,,,22.99
SUB0005140,CUST004652,PLAN02,2026-01-08,,Active,True,,,15.49
SUB0005141,CUST004653,PLAN01,2020-03-28,,Active,True,,,6.99
SUB0005142,CUST004654,PLAN01,2025-04-03,,Cancelled,True,2025-12-06,Too expensive,6.99
SUB0005143,CUST004655,PLAN02,2019-11-22,,Cancelled,False,2026-06-20,Too expensive,15.49
SUB0005144,CUST004656,PLAN01,2019-04-11,,Cancelled,True,2025-10-09,Too expensive,6.99
SUB0005145,CUST004657,PLAN03,2019-03-11,,Active,True,,,22.99
SUB0005146,CUST004658,PLAN03,2026-05-04,,Active,True,,,22.99
SUB0005147,CUST004659,PLAN02,2021-07-12,,Active,True,,,15.49
SUB0005148,CUST004660,PLAN02,2024-12-07,,Active,True,,,15.49
SUB0005149,CUST004661,PLAN02,2023-05-23,,Cancelled,True,2026-02-20,Moving / relocation,15.49
SUB0005150,CUST004662,PLAN02,2023-03-28,,Active,True,,,15.49
SUB0005151,CUST004663,PLAN01,2022-07-21,,Active,True,,,6.99
SUB0005152,CUST004664,PLAN02,2020-08-13,,Active,True,,,15.49
SUB0005153,CUST004665,PLAN01,2020-12-03,,Active,False,,,6.99
SUB0005154,CUST004666,PLAN03,2024-05-06,,Cancelled,True,2025-11-13,No longer needed,22.99
SUB0005155,CUST004667,PLAN02,2022-10-31,,Active,True,,,15.49
SUB0005156,CUST004668,PLAN02,2021-09-29,,Active,True,,,15.49
SUB0005157,CUST004669,PLAN02,2024-10-06,,Active,False,,,15.49
SUB0005158,CUST004670,PLAN03,2020-09-29,,Active,True,,,22.99
SUB0005159,CUST004671,PLAN01,2019-09-28,,Active,True,,,6.99
SUB0005160,CUST004672,PLAN03,2026-05-07,,Active,True,,,22.99
SUB0005161,CUST004673,PLAN03,2022-05-01,,Active,True,,,22.99
SUB0005162,CUST004674,PLAN01,2023-07-27,2026-05-08,Plan Changed,True,,,6.99
SUB0005163,CUST004674,PLAN01,2026-05-08,,Cancelled,True,2026-06-25,Payment issues,6.99
SUB0005164,CUST004675,PLAN02,2021-07-13,,Active,True,,,15.49
SUB0005165,CUST004676,PLAN02,2022-04-21,,Active,True,,,15.49
SUB0005166,CUST004677,PLAN03,2024-10-30,,Active,True,,,22.99
SUB0005167,CUST004678,PLAN01,2020-08-26,,Active,True,,,6.99
SUB0005168,CUST004679,PLAN03,2021-07-18,2025-06-05,Plan Changed,True,,,22.99
SUB0005169,CUST004679,PLAN03,2025-06-05,,Active,True,,,22.99
SUB0005170,CUST004680,PLAN02,2019-03-16,,Active,True,,,15.49
SUB0005171,CUST004681,PLAN03,2025-05-01,,Active,True,,,22.99
SUB0005172,CUST004682,PLAN01,2022-05-31,,Active,True,,,6.99
SUB0005173,CUST004683,PLAN03,2021-03-29,,Active,False,,,22.99
SUB0005174,CUST004684,PLAN03,2022-07-03,,Active,True,,,22.99
SUB0005175,CUST004685,PLAN03,2019-06-01,,Active,False,,,22.99
SUB0005176,CUST004686,PLAN01,2023-07-12,,Active,True,,,6.99
SUB0005177,CUST004687,PLAN01,2025-04-06,,Cancelled,True,2025-11-19,Found alternative platform,6.99
SUB0005178,CUST004688,PLAN03,2020-09-30,,Active,True,,,22.99
SUB0005179,CUST004689,PLAN01,2025-02-24,,Active,True,,,6.99
SUB0005180,CUST004690,PLAN02,2024-08-16,,Cancelled,True,2025-12-01,Too expensive,15.49
SUB0005181,CUST004691,PLAN03,2025-09-01,2025-11-29,Plan Changed,True,,,6.99
SUB0005182,CUST004691,PLAN01,2025-11-29,,Active,True,,,6.99
SUB0005183,CUST004692,PLAN01,2019-11-11,,Cancelled,False,2026-05-20,Payment issues,6.99
SUB0005184,CUST004693,PLAN02,2025-10-13,,Active,True,,,15.49
SUB0005185,CUST004694,PLAN02,2024-10-05,2026-02-24,Plan Changed,True,,,15.49
SUB0005186,CUST004694,PLAN02,2026-02-24,,Cancelled,True,2026-06-04,Too expensive,15.49
SUB0005187,CUST004695,PLAN03,2021-07-26,,Active,True,,,22.99
SUB0005188,CUST004696,PLAN02,2025-11-24,,Active,True,,,15.49
SUB0005189,CUST004697,PLAN02,2020-11-05,,Active,True,,,15.49
SUB0005190,CUST004698,PLAN03,2024-07-29,2026-03-03,Plan Changed,True,,,15.49
SUB0005191,CUST004698,PLAN02,2026-03-03,,Cancelled,True,2025-11-13,Household budget cuts,15.49
SUB0005192,CUST004699,PLAN01,2023-10-20,,Cancelled,True,2026-04-07,Content quality decline,6.99
SUB0005193,CUST004700,PLAN01,2022-05-22,,Active,True,,,6.99
SUB0005194,CUST004701,PLAN01,2025-10-05,,Cancelled,False,2025-11-25,No longer needed,6.99
SUB0005195,CUST004702,PLAN02,2021-02-10,,Active,True,,,15.49
SUB0005196,CUST004703,PLAN03,2021-08-02,,Active,True,,,22.99
SUB0005197,CUST004704,PLAN01,2021-07-27,2023-02-09,Plan Changed,True,,,15.49
SUB0005198,CUST004704,PLAN02,2023-02-09,,Cancelled,True,2026-04-17,No longer needed,15.49
SUB0005199,CUST004705,PLAN01,2021-03-18,,Active,True,,,6.99
SUB0005200,CUST004706,PLAN02,2025-08-25,,Active,True,,,15.49
SUB0005201,CUST004707,PLAN01,2019-02-02,,Active,True,,,6.99
SUB0005202,CUST004708,PLAN02,2019-03-09,,Cancelled,False,2026-01-08,Household budget cuts,15.49
SUB0005203,CUST004709,PLAN01,2021-03-26,,Active,True,,,6.99
SUB0005204,CUST004710,PLAN01,2024-07-07,,Active,False,,,6.99
SUB0005205,CUST004711,PLAN01,2023-11-05,,Active,False,,,6.99
SUB0005206,CUST004712,PLAN01,2024-03-16,,Active,True,,,6.99
SUB0005207,CUST004713,PLAN02,2020-08-11,,Cancelled,True,2025-12-10,No longer needed,15.49
SUB0005208,CUST004714,PLAN01,2024-10-18,2025-04-29,Plan Changed,False,,,22.99
SUB0005209,CUST004714,PLAN03,2025-04-29,,Cancelled,False,2026-02-15,Found alternative platform,22.99
SUB0005210,CUST004715,PLAN03,2021-05-05,,Active,False,,,22.99
SUB0005211,CUST004716,PLAN03,2021-02-11,2022-03-10,Plan Changed,True,,,15.49
SUB0005212,CUST004716,PLAN02,2022-03-10,,Active,True,,,15.49
SUB0005213,CUST004717,PLAN02,2021-05-17,2021-09-24,Plan Changed,True,,,15.49
SUB0005214,CUST004717,PLAN02,2021-09-24,,Active,True,,,15.49
SUB0005215,CUST004718,PLAN03,2024-08-25,2025-08-05,Plan Changed,True,,,6.99
SUB0005216,CUST004718,PLAN01,2025-08-05,,Active,True,,,6.99
SUB0005217,CUST004719,PLAN03,2025-02-11,,Active,False,,,22.99
SUB0005218,CUST004720,PLAN03,2026-05-18,,Active,True,,,22.99
SUB0005219,CUST004721,PLAN01,2020-11-22,,Active,True,,,6.99
SUB0005220,CUST004722,PLAN01,2024-10-23,,Active,True,,,6.99
SUB0005221,CUST004723,PLAN02,2024-10-14,2026-01-09,Plan Changed,True,,,15.49
SUB0005222,CUST004723,PLAN02,2026-01-09,,Cancelled,True,2025-10-10,Too expensive,15.49
SUB0005223,CUST004724,PLAN02,2021-06-07,,Active,True,,,15.49
SUB0005224,CUST004725,PLAN02,2023-04-08,,Active,True,,,15.49
SUB0005225,CUST004726,PLAN03,2025-08-09,,Active,True,,,22.99
SUB0005226,CUST004727,PLAN01,2019-05-08,,Active,True,,,6.99
SUB0005227,CUST004728,PLAN01,2024-06-07,,Active,True,,,6.99
SUB0005228,CUST004729,PLAN01,2025-02-28,2026-06-10,Plan Changed,True,,,15.49
SUB0005229,CUST004729,PLAN02,2026-06-10,,Active,True,,,15.49
SUB0005230,CUST004730,PLAN02,2021-03-03,,Cancelled,True,2026-01-03,Too expensive,15.49
SUB0005231,CUST004731,PLAN01,2021-01-24,,Active,True,,,6.99
SUB0005232,CUST004732,PLAN02,2021-05-08,,Cancelled,True,2025-11-27,Moving / relocation,15.49
SUB0005233,CUST004733,PLAN03,2024-05-28,,Cancelled,True,2026-02-14,Poor customer service experience,22.99
SUB0005234,CUST004734,PLAN03,2023-08-19,,Active,False,,,22.99
SUB0005235,CUST004735,PLAN02,2025-06-06,,Active,True,,,15.49
SUB0005236,CUST004736,PLAN03,2023-05-28,,Active,True,,,22.99
SUB0005237,CUST004737,PLAN01,2021-03-22,,Active,False,,,6.99
SUB0005238,CUST004738,PLAN02,2026-01-18,,Cancelled,False,2026-01-28,Too expensive,15.49
SUB0005239,CUST004739,PLAN01,2023-01-19,,Active,True,,,6.99
SUB0005240,CUST004740,PLAN01,2026-03-12,,Cancelled,False,2026-03-29,Password sharing crackdown,6.99
SUB0005241,CUST004741,PLAN01,2020-08-14,,Active,True,,,6.99
SUB0005242,CUST004742,PLAN02,2026-05-27,,Cancelled,False,2026-06-02,Found alternative platform,15.49
SUB0005243,CUST004743,PLAN03,2019-11-21,,Cancelled,True,2026-04-09,Found alternative platform,22.99
SUB0005244,CUST004744,PLAN02,2020-07-17,,Cancelled,True,2026-05-12,Not enough content,15.49
SUB0005245,CUST004745,PLAN03,2019-04-26,2022-10-07,Plan Changed,True,,,22.99
SUB0005246,CUST004745,PLAN03,2022-10-07,,Active,True,,,22.99
SUB0005247,CUST004746,PLAN01,2023-04-04,,Active,True,,,6.99
SUB0005248,CUST004747,PLAN03,2020-08-18,,Cancelled,True,2026-03-14,Payment issues,22.99
SUB0005249,CUST004748,PLAN03,2024-06-09,2025-03-01,Plan Changed,True,,,6.99
SUB0005250,CUST004748,PLAN01,2025-03-01,,Cancelled,True,2025-10-20,Payment issues,6.99
SUB0005251,CUST004749,PLAN02,2024-01-04,,Cancelled,True,2025-10-15,Payment issues,15.49
SUB0005252,CUST004750,PLAN01,2026-02-26,,Active,True,,,6.99
SUB0005253,CUST004751,PLAN02,2023-07-13,,Active,True,,,15.49
SUB0005254,CUST004752,PLAN02,2019-04-11,,Active,True,,,15.49
SUB0005255,CUST004753,PLAN01,2023-01-15,2025-05-21,Plan Changed,False,,,15.49
SUB0005256,CUST004753,PLAN02,2025-05-21,,Active,False,,,15.49
SUB0005257,CUST004754,PLAN02,2025-02-16,2026-03-16,Plan Changed,True,,,6.99
SUB0005258,CUST004754,PLAN01,2026-03-16,,Cancelled,True,2026-06-12,Technical issues,6.99
SUB0005259,CUST004755,PLAN02,2020-11-30,,Active,True,,,15.49
SUB0005260,CUST004756,PLAN02,2024-04-26,,Active,True,,,15.49
SUB0005261,CUST004757,PLAN01,2024-04-27,,Active,True,,,6.99
SUB0005262,CUST004758,PLAN03,2019-03-19,,Active,True,,,22.99
SUB0005263,CUST004759,PLAN01,2020-04-16,,Cancelled,False,2026-04-16,Poor customer service experience,6.99
SUB0005264,CUST004760,PLAN02,2024-06-25,,Active,False,,,15.49
SUB0005265,CUST004761,PLAN01,2021-07-16,,Cancelled,True,2025-10-30,Password sharing crackdown,6.99
SUB0005266,CUST004762,PLAN02,2024-03-22,2026-06-06,Plan Changed,True,,,15.49
SUB0005267,CUST004762,PLAN02,2026-06-06,,Active,True,,,15.49
SUB0005268,CUST004763,PLAN03,2022-09-26,,Active,True,,,22.99
SUB0005269,CUST004764,PLAN01,2020-07-12,,Active,False,,,6.99
SUB0005270,CUST004765,PLAN03,2024-07-04,,Active,True,,,22.99
SUB0005271,CUST004766,PLAN02,2024-08-23,,Active,True,,,15.49
SUB0005272,CUST004767,PLAN01,2019-11-24,,Active,True,,,6.99
SUB0005273,CUST004768,PLAN02,2025-04-09,,Active,True,,,15.49
SUB0005274,CUST004769,PLAN02,2026-04-20,,Active,True,,,15.49
SUB0005275,CUST004770,PLAN02,2019-09-27,,Active,False,,,15.49
SUB0005276,CUST004771,PLAN01,2022-05-06,,Active,True,,,6.99
SUB0005277,CUST004772,PLAN02,2020-03-25,,Active,True,,,15.49
SUB0005278,CUST004773,PLAN02,2021-09-21,,Cancelled,True,2026-04-28,Not enough content,15.49
SUB0005279,CUST004774,PLAN01,2022-01-15,,Active,True,,,6.99
SUB0005280,CUST004775,PLAN01,2021-09-03,,Active,True,,,6.99
SUB0005281,CUST004776,PLAN03,2021-10-26,,Active,True,,,22.99
SUB0005282,CUST004777,PLAN03,2019-10-10,2022-10-29,Plan Changed,True,,,6.99
SUB0005283,CUST004777,PLAN01,2022-10-29,,Active,True,,,6.99
SUB0005284,CUST004778,PLAN01,2024-10-15,,Active,True,,,6.99
SUB0005285,CUST004779,PLAN02,2023-10-11,,Active,False,,,15.49
SUB0005286,CUST004780,PLAN02,2025-02-27,2025-12-09,Plan Changed,True,,,22.99
SUB0005287,CUST004780,PLAN03,2025-12-09,,Active,True,,,22.99
SUB0005288,CUST004781,PLAN02,2019-02-01,,Active,True,,,15.49
SUB0005289,CUST004782,PLAN01,2023-11-19,,Active,True,,,6.99
SUB0005290,CUST004783,PLAN01,2023-06-25,,Active,True,,,6.99
SUB0005291,CUST004784,PLAN01,2023-03-04,,Active,True,,,6.99
SUB0005292,CUST004785,PLAN03,2025-09-24,2026-03-07,Plan Changed,True,,,6.99
SUB0005293,CUST004785,PLAN01,2026-03-07,,Cancelled,True,2026-06-16,Too expensive,6.99
SUB0005294,CUST004786,PLAN02,2025-01-03,,Active,True,,,15.49
SUB0005295,CUST004787,PLAN01,2026-02-21,,Active,True,,,6.99
SUB0005296,CUST004788,PLAN02,2020-05-13,,Active,True,,,15.49
SUB0005297,CUST004789,PLAN03,2021-04-30,,Active,True,,,22.99
SUB0005298,CUST004790,PLAN02,2020-02-01,,Active,True,,,15.49
SUB0005299,CUST004791,PLAN02,2021-06-10,,Active,True,,,15.49
SUB0005300,CUST004792,PLAN01,2021-07-07,,Active,False,,,6.99
SUB0005301,CUST004793,PLAN02,2019-06-24,,Active,True,,,15.49
SUB0005302,CUST004794,PLAN02,2026-01-19,,Active,False,,,15.49
SUB0005303,CUST004795,PLAN02,2022-02-22,,Cancelled,True,2025-11-10,Found alternative platform,15.49
SUB0005304,CUST004796,PLAN02,2022-01-21,,Active,True,,,15.49
SUB0005305,CUST004797,PLAN01,2020-11-15,,Cancelled,True,2026-05-26,Technical issues,6.99
SUB0005306,CUST004798,PLAN02,2021-02-16,,Active,True,,,15.49
SUB0005307,CUST004799,PLAN02,2019-07-26,2023-03-13,Plan Changed,True,,,6.99
SUB0005308,CUST004799,PLAN01,2023-03-13,,Cancelled,True,2026-06-08,Technical issues,6.99
SUB0005309,CUST004800,PLAN01,2024-08-28,,Cancelled,True,2026-03-16,Not enough content,6.99
SUB0005310,CUST004801,PLAN01,2026-03-26,,Active,True,,,6.99
SUB0005311,CUST004802,PLAN01,2025-01-19,,Active,True,,,6.99
SUB0005312,CUST004803,PLAN01,2019-03-08,,Active,True,,,6.99
SUB0005313,CUST004804,PLAN01,2025-02-21,,Active,True,,,6.99
SUB0005314,CUST004805,PLAN01,2024-07-20,,Cancelled,True,2026-02-07,No longer needed,6.99
SUB0005315,CUST004806,PLAN01,2020-11-28,,Cancelled,True,2026-05-23,Content quality decline,6.99
SUB0005316,CUST004807,PLAN03,2023-11-09,,Active,True,,,22.99
SUB0005317,CUST004808,PLAN02,2019-07-07,,Active,True,,,15.49
SUB0005318,CUST004809,PLAN03,2025-09-02,,Active,True,,,22.99
SUB0005319,CUST004810,PLAN03,2025-01-28,,Active,True,,,22.99
SUB0005320,CUST004811,PLAN01,2021-03-16,,Cancelled,True,2026-04-08,Payment issues,6.99
SUB0005321,CUST004812,PLAN01,2025-09-13,,Cancelled,False,2026-06-14,Payment issues,6.99
SUB0005322,CUST004813,PLAN02,2020-04-24,,Cancelled,True,2025-11-20,Too expensive,15.49
SUB0005323,CUST004814,PLAN02,2022-03-02,,Active,True,,,15.49
SUB0005324,CUST004815,PLAN03,2021-07-07,,Active,True,,,22.99
SUB0005325,CUST004816,PLAN01,2021-01-05,,Active,True,,,6.99
SUB0005326,CUST004817,PLAN01,2024-05-31,,Active,True,,,6.99
SUB0005327,CUST004818,PLAN02,2020-06-15,,Active,True,,,15.49
SUB0005328,CUST004819,PLAN02,2025-08-23,,Active,True,,,15.49
SUB0005329,CUST004820,PLAN01,2020-06-27,,Cancelled,False,2026-05-07,No longer needed,6.99
SUB0005330,CUST004821,PLAN02,2020-06-22,,Active,False,,,15.49
SUB0005331,CUST004822,PLAN02,2025-03-05,,Cancelled,False,2026-02-16,No longer needed,15.49
SUB0005332,CUST004823,PLAN03,2023-10-09,2024-08-22,Plan Changed,False,,,22.99
SUB0005333,CUST004823,PLAN03,2024-08-22,,Active,False,,,22.99
SUB0005334,CUST004824,PLAN01,2020-08-07,,Active,True,,,6.99
SUB0005335,CUST004825,PLAN01,2021-03-02,,Active,False,,,6.99
SUB0005336,CUST004826,PLAN01,2022-02-02,,Active,True,,,6.99
SUB0005337,CUST004827,PLAN02,2020-11-18,2022-03-25,Plan Changed,True,,,6.99
SUB0005338,CUST004827,PLAN01,2022-03-25,,Active,True,,,6.99
SUB0005339,CUST004828,PLAN01,2024-11-06,,Cancelled,False,2026-01-02,Poor customer service experience,6.99
SUB0005340,CUST004829,PLAN03,2019-09-12,,Active,True,,,22.99
SUB0005341,CUST004830,PLAN01,2020-05-08,,Active,False,,,6.99
SUB0005342,CUST004831,PLAN02,2023-12-30,,Active,True,,,15.49
SUB0005343,CUST004832,PLAN02,2025-03-22,,Active,True,,,15.49
SUB0005344,CUST004833,PLAN02,2019-07-26,,Active,True,,,15.49
SUB0005345,CUST004834,PLAN01,2022-02-15,,Cancelled,False,2026-04-20,Technical issues,6.99
SUB0005346,CUST004835,PLAN02,2022-02-02,,Active,True,,,15.49
SUB0005347,CUST004836,PLAN01,2022-07-13,,Active,True,,,6.99
SUB0005348,CUST004837,PLAN02,2022-02-21,,Active,True,,,15.49
SUB0005349,CUST004838,PLAN02,2019-01-09,,Cancelled,False,2025-10-24,Password sharing crackdown,15.49
SUB0005350,CUST004839,PLAN03,2022-04-26,,Active,True,,,22.99
SUB0005351,CUST004840,PLAN01,2025-08-10,,Active,True,,,6.99
SUB0005352,CUST004841,PLAN02,2020-12-13,,Active,True,,,15.49
SUB0005353,CUST004842,PLAN01,2021-03-16,,Active,False,,,6.99
SUB0005354,CUST004843,PLAN02,2022-05-07,2024-06-30,Plan Changed,False,,,15.49
SUB0005355,CUST004843,PLAN02,2024-06-30,,Cancelled,False,2025-11-16,Payment issues,15.49
SUB0005356,CUST004844,PLAN01,2022-03-28,,Active,True,,,6.99
SUB0005357,CUST004845,PLAN03,2025-06-23,,Active,True,,,22.99
SUB0005358,CUST004846,PLAN02,2023-03-17,,Active,True,,,15.49
SUB0005359,CUST004847,PLAN03,2023-11-04,,Active,True,,,22.99
SUB0005360,CUST004848,PLAN03,2026-03-18,,Active,True,,,22.99
SUB0005361,CUST004849,PLAN01,2025-06-20,,Cancelled,True,2026-05-20,Technical issues,6.99
SUB0005362,CUST004850,PLAN01,2020-05-10,,Active,False,,,6.99
SUB0005363,CUST004851,PLAN03,2026-01-14,,Cancelled,False,2026-03-20,Not enough content,22.99
SUB0005364,CUST004852,PLAN01,2021-11-17,,Active,True,,,6.99
SUB0005365,CUST004853,PLAN03,2021-01-22,,Active,True,,,22.99
SUB0005366,CUST004854,PLAN03,2022-03-12,2024-09-21,Plan Changed,True,,,15.49
SUB0005367,CUST004854,PLAN02,2024-09-21,,Cancelled,True,2025-12-30,Content quality decline,15.49
SUB0005368,CUST004855,PLAN03,2020-04-10,,Active,False,,,22.99
SUB0005369,CUST004856,PLAN01,2022-02-13,,Active,True,,,6.99
SUB0005370,CUST004857,PLAN02,2019-01-01,,Active,False,,,15.49
SUB0005371,CUST004858,PLAN01,2021-07-23,,Active,True,,,6.99
SUB0005372,CUST004859,PLAN02,2023-02-07,,Active,True,,,15.49
SUB0005373,CUST004860,PLAN01,2024-06-27,2026-05-13,Plan Changed,True,,,15.49
SUB0005374,CUST004860,PLAN02,2026-05-13,,Active,True,,,15.49
SUB0005375,CUST004861,PLAN02,2022-07-05,,Active,False,,,15.49
SUB0005376,CUST004862,PLAN02,2022-08-24,2023-01-13,Plan Changed,False,,,6.99
SUB0005377,CUST004862,PLAN01,2023-01-13,,Active,False,,,6.99
SUB0005378,CUST004863,PLAN02,2022-07-28,,Active,True,,,15.49
SUB0005379,CUST004864,PLAN01,2022-03-19,,Cancelled,True,2026-03-28,Found alternative platform,6.99
SUB0005380,CUST004865,PLAN02,2021-02-09,,Cancelled,True,2025-12-19,No longer needed,15.49
SUB0005381,CUST004866,PLAN01,2022-03-30,,Cancelled,True,2026-06-16,Not enough content,6.99
SUB0005382,CUST004867,PLAN01,2023-06-30,,Active,True,,,6.99
SUB0005383,CUST004868,PLAN02,2025-03-06,,Cancelled,True,2025-12-01,Not enough content,15.49
SUB0005384,CUST004869,PLAN01,2021-09-27,,Active,True,,,6.99
SUB0005385,CUST004870,PLAN01,2024-04-02,,Active,True,,,6.99
SUB0005386,CUST004871,PLAN03,2021-01-29,,Cancelled,True,2026-04-11,Too expensive,22.99
SUB0005387,CUST004872,PLAN02,2022-04-17,,Cancelled,True,2026-02-20,Moving / relocation,15.49
SUB0005388,CUST004873,PLAN02,2025-09-02,,Active,False,,,15.49
SUB0005389,CUST004874,PLAN02,2023-06-24,,Active,True,,,15.49
SUB0005390,CUST004875,PLAN02,2025-06-08,,Active,True,,,15.49
SUB0005391,CUST004876,PLAN02,2019-11-19,,Active,True,,,15.49
SUB0005392,CUST004877,PLAN02,2020-01-23,2024-06-24,Plan Changed,True,,,15.49
SUB0005393,CUST004877,PLAN02,2024-06-24,,Active,True,,,15.49
SUB0005394,CUST004878,PLAN01,2025-07-13,2025-12-23,Plan Changed,False,,,22.99
SUB0005395,CUST004878,PLAN03,2025-12-23,,Active,False,,,22.99
SUB0005396,CUST004879,PLAN01,2019-12-02,,Active,True,,,6.99
SUB0005397,CUST004880,PLAN01,2026-02-23,,Active,True,,,6.99
SUB0005398,CUST004881,PLAN01,2022-12-26,,Active,False,,,6.99
SUB0005399,CUST004882,PLAN01,2019-01-22,,Cancelled,True,2025-10-22,Found alternative platform,6.99
SUB0005400,CUST004883,PLAN03,2022-10-30,,Active,True,,,22.99
SUB0005401,CUST004884,PLAN01,2024-10-09,,Active,True,,,6.99
SUB0005402,CUST004885,PLAN01,2019-02-15,,Active,True,,,6.99
SUB0005403,CUST004886,PLAN02,2023-05-28,,Active,False,,,15.49
SUB0005404,CUST004887,PLAN02,2025-06-14,,Active,True,,,15.49
SUB0005405,CUST004888,PLAN01,2020-02-07,,Active,True,,,6.99
SUB0005406,CUST004889,PLAN01,2023-12-10,,Active,True,,,6.99
SUB0005407,CUST004890,PLAN01,2022-12-14,,Active,True,,,6.99
SUB0005408,CUST004891,PLAN03,2020-08-30,,Active,True,,,22.99
SUB0005409,CUST004892,PLAN01,2019-08-16,,Cancelled,True,2026-04-03,Too expensive,6.99
SUB0005410,CUST004893,PLAN01,2019-02-13,,Active,True,,,6.99
SUB0005411,CUST004894,PLAN02,2024-07-06,,Active,True,,,15.49
SUB0005412,CUST004895,PLAN03,2020-01-28,,Active,False,,,22.99
SUB0005413,CUST004896,PLAN03,2024-03-18,,Cancelled,False,2025-11-17,Password sharing crackdown,22.99
SUB0005414,CUST004897,PLAN01,2020-01-19,,Active,True,,,6.99
SUB0005415,CUST004898,PLAN03,2019-09-19,,Active,True,,,22.99
SUB0005416,CUST004899,PLAN01,2022-09-21,,Active,True,,,6.99
SUB0005417,CUST004900,PLAN03,2022-04-21,,Active,True,,,22.99
SUB0005418,CUST004901,PLAN02,2019-03-12,,Active,True,,,15.49
SUB0005419,CUST004902,PLAN03,2021-05-29,,Active,True,,,22.99
SUB0005420,CUST004903,PLAN03,2024-08-24,2024-11-16,Plan Changed,True,,,15.49
SUB0005421,CUST004903,PLAN02,2024-11-16,,Active,True,,,15.49
SUB0005422,CUST004904,PLAN01,2021-02-16,,Active,True,,,6.99
SUB0005423,CUST004905,PLAN01,2020-01-08,,Active,True,,,6.99
SUB0005424,CUST004906,PLAN01,2022-03-07,,Active,True,,,6.99
SUB0005425,CUST004907,PLAN02,2023-02-15,,Active,True,,,15.49
SUB0005426,CUST004908,PLAN03,2023-11-14,,Active,False,,,22.99
SUB0005427,CUST004909,PLAN02,2022-03-26,,Active,True,,,15.49
SUB0005428,CUST004910,PLAN03,2023-03-03,,Active,False,,,22.99
SUB0005429,CUST004911,PLAN01,2024-05-12,,Active,True,,,6.99
SUB0005430,CUST004912,PLAN02,2026-05-10,,Active,True,,,15.49
SUB0005431,CUST004913,PLAN03,2021-08-20,,Active,True,,,22.99
SUB0005432,CUST004914,PLAN03,2022-12-08,,Active,True,,,22.99
SUB0005433,CUST004915,PLAN01,2022-07-04,,Active,False,,,6.99
SUB0005434,CUST004916,PLAN03,2021-02-10,,Active,True,,,22.99
SUB0005435,CUST004917,PLAN03,2021-02-15,,Active,True,,,22.99
SUB0005436,CUST004918,PLAN02,2024-06-05,,Active,True,,,15.49
SUB0005437,CUST004919,PLAN02,2023-07-19,2025-08-10,Plan Changed,True,,,22.99
SUB0005438,CUST004919,PLAN03,2025-08-10,,Active,True,,,22.99
SUB0005439,CUST004920,PLAN03,2025-07-04,,Active,True,,,22.99
SUB0005440,CUST004921,PLAN03,2020-09-04,,Active,False,,,22.99
SUB0005441,CUST004922,PLAN01,2024-12-26,,Active,False,,,6.99
SUB0005442,CUST004923,PLAN01,2023-03-14,,Active,True,,,6.99
SUB0005443,CUST004924,PLAN02,2023-11-03,2025-01-23,Plan Changed,True,,,22.99
SUB0005444,CUST004924,PLAN03,2025-01-23,,Active,True,,,22.99
SUB0005445,CUST004925,PLAN03,2024-01-20,,Active,True,,,22.99
SUB0005446,CUST004926,PLAN03,2019-07-31,,Active,True,,,22.99
SUB0005447,CUST004927,PLAN01,2025-09-15,,Active,True,,,6.99
SUB0005448,CUST004928,PLAN01,2019-04-14,,Cancelled,True,2026-04-01,Payment issues,6.99
SUB0005449,CUST004929,PLAN02,2022-02-28,,Active,True,,,15.49
SUB0005450,CUST004930,PLAN03,2021-02-04,,Cancelled,True,2026-05-28,Not enough content,22.99
SUB0005451,CUST004931,PLAN02,2022-08-15,,Active,True,,,15.49
SUB0005452,CUST004932,PLAN02,2020-08-29,,Active,True,,,15.49
SUB0005453,CUST004933,PLAN01,2020-03-07,,Active,True,,,6.99
SUB0005454,CUST004934,PLAN01,2019-07-24,2024-10-15,Plan Changed,True,,,6.99
SUB0005455,CUST004934,PLAN01,2024-10-15,,Active,True,,,6.99
SUB0005456,CUST004935,PLAN01,2022-11-08,2024-12-30,Plan Changed,True,,,15.49
SUB0005457,CUST004935,PLAN02,2024-12-30,,Active,True,,,15.49
SUB0005458,CUST004936,PLAN03,2025-07-28,,Active,True,,,22.99
SUB0005459,CUST004937,PLAN02,2025-04-20,,Active,True,,,15.49
SUB0005460,CUST004938,PLAN01,2020-09-03,,Active,True,,,6.99
SUB0005461,CUST004939,PLAN01,2026-04-18,,Active,True,,,6.99
SUB0005462,CUST004940,PLAN01,2024-09-06,,Active,True,,,6.99
SUB0005463,CUST004941,PLAN01,2020-08-28,,Active,True,,,6.99
SUB0005464,CUST004942,PLAN03,2025-07-18,,Cancelled,True,2025-10-22,Poor customer service experience,22.99
SUB0005465,CUST004943,PLAN01,2024-09-08,2025-05-07,Plan Changed,False,,,6.99
SUB0005466,CUST004943,PLAN01,2025-05-07,,Cancelled,False,2025-11-02,Content quality decline,6.99
SUB0005467,CUST004944,PLAN02,2023-06-30,,Active,True,,,15.49
SUB0005468,CUST004945,PLAN03,2021-01-07,,Active,False,,,22.99
SUB0005469,CUST004946,PLAN01,2024-01-01,,Active,True,,,6.99
SUB0005470,CUST004947,PLAN01,2025-10-08,,Active,True,,,6.99
SUB0005471,CUST004948,PLAN03,2022-09-04,,Active,False,,,22.99
SUB0005472,CUST004949,PLAN01,2024-01-11,,Active,True,,,6.99
SUB0005473,CUST004950,PLAN02,2022-10-09,,Active,True,,,15.49
SUB0005474,CUST004951,PLAN02,2020-12-08,,Active,True,,,15.49
SUB0005475,CUST004952,PLAN02,2022-03-01,,Active,True,,,15.49
SUB0005476,CUST004953,PLAN01,2020-05-15,,Active,True,,,6.99
SUB0005477,CUST004954,PLAN01,2025-10-09,,Active,True,,,6.99
SUB0005478,CUST004955,PLAN01,2024-06-13,,Cancelled,False,2026-05-11,Too expensive,6.99
SUB0005479,CUST004956,PLAN01,2019-04-03,,Cancelled,True,2026-03-09,Household budget cuts,6.99
SUB0005480,CUST004957,PLAN02,2023-12-01,,Active,True,,,15.49
SUB0005481,CUST004958,PLAN03,2023-05-15,,Cancelled,True,2026-01-24,Poor customer service experience,22.99
SUB0005482,CUST004959,PLAN02,2024-06-01,,Cancelled,True,2026-04-18,Too expensive,15.49
SUB0005483,CUST004960,PLAN03,2021-10-17,,Cancelled,False,2026-01-25,Payment issues,22.99
SUB0005484,CUST004961,PLAN02,2024-01-07,,Active,True,,,15.49
SUB0005485,CUST004962,PLAN02,2020-10-13,,Active,True,,,15.49
SUB0005486,CUST004963,PLAN02,2025-04-24,2025-07-14,Plan Changed,True,,,6.99
SUB0005487,CUST004963,PLAN01,2025-07-14,,Active,True,,,6.99
SUB0005488,CUST004964,PLAN03,2021-01-04,,Active,True,,,22.99
SUB0005489,CUST004965,PLAN03,2025-01-19,,Active,True,,,22.99
SUB0005490,CUST004966,PLAN02,2024-06-14,,Active,True,,,15.49
SUB0005491,CUST004967,PLAN02,2020-05-04,,Active,True,,,15.49
SUB0005492,CUST004968,PLAN02,2019-05-18,,Active,True,,,15.49
SUB0005493,CUST004969,PLAN01,2023-09-04,,Active,True,,,6.99
SUB0005494,CUST004970,PLAN01,2024-08-16,,Active,True,,,6.99
SUB0005495,CUST004971,PLAN03,2019-09-21,,Active,True,,,22.99
SUB0005496,CUST004972,PLAN03,2024-04-15,,Active,True,,,22.99
SUB0005497,CUST004973,PLAN03,2019-01-22,,Active,True,,,22.99
SUB0005498,CUST004974,PLAN01,2021-12-11,,Cancelled,True,2025-11-09,Moving / relocation,6.99
SUB0005499,CUST004975,PLAN03,2019-07-26,2019-12-20,Plan Changed,True,,,6.99
SUB0005500,CUST004975,PLAN01,2019-12-20,,Active,True,,,6.99
SUB0005501,CUST004976,PLAN03,2023-03-05,,Active,True,,,22.99
SUB0005502,CUST004977,PLAN03,2026-01-10,,Active,True,,,22.99
SUB0005503,CUST004978,PLAN02,2022-11-02,2024-08-01,Plan Changed,True,,,22.99
SUB0005504,CUST004978,PLAN03,2024-08-01,,Active,True,,,22.99
SUB0005505,CUST004979,PLAN02,2025-02-12,,Active,True,,,15.49
SUB0005506,CUST004980,PLAN01,2024-11-12,2026-05-24,Plan Changed,True,,,6.99
SUB0005507,CUST004980,PLAN01,2026-05-24,,Active,True,,,6.99
SUB0005508,CUST004981,PLAN02,2021-07-15,,Active,True,,,15.49
SUB0005509,CUST004982,PLAN02,2019-06-01,,Active,False,,,15.49
SUB0005510,CUST004983,PLAN02,2023-09-10,,Active,True,,,15.49
SUB0005511,CUST004984,PLAN01,2021-05-01,,Active,True,,,6.99
SUB0005512,CUST004985,PLAN03,2023-11-15,,Cancelled,True,2026-04-14,Poor customer service experience,22.99
SUB0005513,CUST004986,PLAN02,2021-10-10,,Active,False,,,15.49
SUB0005514,CUST004987,PLAN01,2019-09-30,,Cancelled,True,2026-04-19,No longer needed,6.99
SUB0005515,CUST004988,PLAN02,2024-04-13,,Cancelled,True,2026-04-23,Technical issues,15.49
SUB0005516,CUST004989,PLAN02,2021-10-28,,Cancelled,True,2026-06-13,Poor customer service experience,15.49
SUB0005517,CUST004990,PLAN01,2019-12-17,,Active,True,,,6.99
SUB0005518,CUST004991,PLAN01,2022-06-01,,Active,True,,,6.99
SUB0005519,CUST004992,PLAN02,2026-04-16,,Active,True,,,15.49
SUB0005520,CUST004993,PLAN01,2026-01-31,,Active,True,,,6.99
SUB0005521,CUST004994,PLAN01,2024-11-06,,Active,False,,,6.99
SUB0005522,CUST004995,PLAN01,2021-03-01,,Active,True,,,6.99
SUB0005523,CUST004996,PLAN03,2021-07-01,,Active,True,,,22.99
SUB0005524,CUST004997,PLAN02,2023-12-31,,Cancelled,True,2025-10-30,Too expensive,15.49
SUB0005525,CUST004998,PLAN03,2025-09-11,,Active,False,,,22.99
SUB0005526,CUST004999,PLAN01,2020-10-28,,Active,False,,,6.99
SUB0005527,CUST005000,PLAN02,2019-04-08,,Cancelled,True,2025-11-09,Technical issues,15.49
SUB0005528,CUST005001,PLAN01,2023-11-22,,Cancelled,True,2025-10-21,Content quality decline,6.99
SUB0005529,CUST005002,PLAN01,2019-09-25,,Active,False,,,6.99
SUB0005530,CUST005003,PLAN03,2025-06-06,,Active,True,,,22.99
SUB0005531,CUST005004,PLAN02,2024-04-11,,Cancelled,False,2026-03-05,Not enough content,15.49
SUB0005532,CUST005005,PLAN03,2025-10-07,,Active,False,,,22.99
SUB0005533,CUST005006,PLAN03,2020-09-27,,Cancelled,True,2026-03-03,Found alternative platform,22.99
SUB0005534,CUST005007,PLAN03,2019-03-20,,Active,True,,,22.99
SUB0005535,CUST005008,PLAN02,2022-03-07,,Cancelled,True,2025-11-24,Found alternative platform,15.49
SUB0005536,CUST005009,PLAN01,2021-03-29,,Active,True,,,6.99
SUB0005537,CUST005010,PLAN01,2023-05-19,,Active,True,,,6.99
SUB0005538,CUST005011,PLAN02,2023-10-07,,Active,True,,,15.49
SUB0005539,CUST005012,PLAN02,2020-09-23,,Active,True,,,15.49
SUB0005540,CUST005013,PLAN02,2019-07-07,,Active,True,,,15.49
SUB0005541,CUST005014,PLAN03,2022-10-24,,Active,True,,,22.99
SUB0005542,CUST005015,PLAN01,2025-01-19,2025-07-15,Plan Changed,True,,,6.99
SUB0005543,CUST005015,PLAN01,2025-07-15,,Cancelled,True,2025-10-09,Technical issues,6.99
SUB0005544,CUST005016,PLAN02,2026-05-17,,Active,True,,,15.49
SUB0005545,CUST005017,PLAN01,2025-10-26,,Active,True,,,6.99
SUB0005546,CUST005018,PLAN01,2020-08-28,,Active,True,,,6.99
SUB0005547,CUST005019,PLAN02,2022-08-11,2026-06-27,Plan Changed,True,,,22.99
SUB0005548,CUST005019,PLAN03,2026-06-27,,Active,True,,,22.99
SUB0005549,CUST005020,PLAN01,2019-12-19,,Cancelled,True,2026-06-10,Found alternative platform,6.99
SUB0005550,CUST005021,PLAN03,2022-07-04,,Active,True,,,22.99
SUB0005551,CUST005022,PLAN03,2024-01-16,,Cancelled,True,2025-11-22,Household budget cuts,22.99
SUB0005552,CUST005023,PLAN01,2021-03-28,2024-06-01,Plan Changed,True,,,6.99
SUB0005553,CUST005023,PLAN01,2024-06-01,,Active,True,,,6.99
SUB0005554,CUST005024,PLAN01,2026-03-04,,Cancelled,True,2026-05-07,Not enough content,6.99
SUB0005555,CUST005025,PLAN02,2020-03-24,,Active,True,,,15.49
SUB0005556,CUST005026,PLAN03,2022-04-20,,Cancelled,True,2026-06-25,Poor customer service experience,22.99
SUB0005557,CUST005027,PLAN03,2023-09-30,,Active,True,,,22.99
SUB0005558,CUST005028,PLAN03,2021-06-28,2024-08-14,Plan Changed,False,,,22.99
SUB0005559,CUST005028,PLAN03,2024-08-14,,Cancelled,False,2025-12-24,Poor customer service experience,22.99
SUB0005560,CUST005029,PLAN03,2019-09-16,,Active,True,,,22.99
SUB0005561,CUST005030,PLAN01,2023-05-15,,Cancelled,True,2025-12-17,Not enough content,6.99
SUB0005562,CUST005031,PLAN02,2019-03-29,,Cancelled,False,2025-10-25,No longer needed,15.49
SUB0005563,CUST005032,PLAN02,2023-10-16,,Cancelled,True,2025-12-20,Too expensive,15.49
SUB0005564,CUST005033,PLAN02,2021-04-30,2025-04-12,Plan Changed,True,,,15.49
SUB0005565,CUST005033,PLAN02,2025-04-12,,Cancelled,True,2025-11-03,Technical issues,15.49
SUB0005566,CUST005034,PLAN01,2019-03-26,,Active,False,,,6.99
SUB0005567,CUST005035,PLAN01,2020-09-16,2025-10-19,Plan Changed,True,,,6.99
SUB0005568,CUST005035,PLAN01,2025-10-19,,Active,True,,,6.99
SUB0005569,CUST005036,PLAN01,2025-08-10,,Active,False,,,6.99
SUB0005570,CUST005037,PLAN02,2021-03-31,,Active,False,,,15.49
SUB0005571,CUST005038,PLAN03,2025-09-03,,Cancelled,True,2026-01-26,Found alternative platform,22.99
SUB0005572,CUST005039,PLAN02,2019-09-08,,Active,True,,,15.49
SUB0005573,CUST005040,PLAN01,2022-11-14,,Active,False,,,6.99
SUB0005574,CUST005041,PLAN01,2023-12-11,,Cancelled,True,2025-11-14,Payment issues,6.99
SUB0005575,CUST005042,PLAN01,2021-03-02,,Active,True,,,6.99
SUB0005576,CUST005043,PLAN02,2019-03-30,2023-01-31,Plan Changed,True,,,22.99
SUB0005577,CUST005043,PLAN03,2023-01-31,,Active,True,,,22.99
SUB0005578,CUST005044,PLAN03,2019-09-13,,Cancelled,True,2026-05-28,Found alternative platform,22.99
SUB0005579,CUST005045,PLAN01,2024-10-04,2026-05-15,Plan Changed,True,,,15.49
SUB0005580,CUST005045,PLAN02,2026-05-15,,Active,True,,,15.49
SUB0005581,CUST005046,PLAN01,2025-02-12,,Active,True,,,6.99
SUB0005582,CUST005047,PLAN02,2025-06-05,2026-02-20,Plan Changed,True,,,6.99
SUB0005583,CUST005047,PLAN01,2026-02-20,,Active,True,,,6.99
SUB0005584,CUST005048,PLAN01,2025-04-20,,Active,False,,,6.99
SUB0005585,CUST005049,PLAN01,2021-02-18,2026-06-12,Plan Changed,True,,,22.99
SUB0005586,CUST005049,PLAN03,2026-06-12,,Cancelled,True,2026-02-07,Payment issues,22.99
SUB0005587,CUST005050,PLAN03,2021-06-05,,Active,True,,,22.99
SUB0005588,CUST005051,PLAN02,2020-07-02,,Active,False,,,15.49
SUB0005589,CUST005052,PLAN02,2023-01-31,2024-09-18,Plan Changed,True,,,15.49
SUB0005590,CUST005052,PLAN02,2024-09-18,,Active,True,,,15.49
SUB0005591,CUST005053,PLAN01,2020-09-14,2022-02-13,Plan Changed,True,,,6.99
SUB0005592,CUST005053,PLAN01,2022-02-13,,Active,True,,,6.99
SUB0005593,CUST005054,PLAN01,2025-09-07,,Active,True,,,6.99
SUB0005594,CUST005055,PLAN03,2024-04-09,2025-06-26,Plan Changed,False,,,22.99
SUB0005595,CUST005055,PLAN03,2025-06-26,,Active,False,,,22.99
SUB0005596,CUST005056,PLAN01,2022-08-01,,Active,True,,,6.99
SUB0005597,CUST005057,PLAN03,2025-05-14,2026-01-14,Plan Changed,True,,,22.99
SUB0005598,CUST005057,PLAN03,2026-01-14,,Active,True,,,22.99
SUB0005599,CUST005058,PLAN02,2019-12-25,,Active,True,,,15.49
SUB0005600,CUST005059,PLAN01,2024-04-28,,Active,True,,,6.99
SUB0005601,CUST005060,PLAN03,2025-04-06,,Active,False,,,22.99
SUB0005602,CUST005061,PLAN02,2020-10-07,,Active,True,,,15.49
SUB0005603,CUST005062,PLAN01,2026-05-16,,Active,True,,,6.99
SUB0005604,CUST005063,PLAN01,2024-03-04,,Active,True,,,6.99
SUB0005605,CUST005064,PLAN01,2023-06-26,,Active,True,,,6.99
SUB0005606,CUST005065,PLAN02,2019-09-29,,Cancelled,True,2026-02-20,No longer needed,15.49
SUB0005607,CUST005066,PLAN03,2023-02-26,2023-12-13,Plan Changed,False,,,15.49
SUB0005608,CUST005066,PLAN02,2023-12-13,,Active,False,,,15.49
SUB0005609,CUST005067,PLAN01,2026-01-01,,Active,True,,,6.99
SUB0005610,CUST005068,PLAN03,2025-09-17,2026-06-25,Plan Changed,True,,,15.49
SUB0005611,CUST005068,PLAN02,2026-06-25,,Cancelled,True,2026-06-03,Found alternative platform,15.49
SUB0005612,CUST005069,PLAN02,2022-05-26,,Active,True,,,15.49
SUB0005613,CUST005070,PLAN01,2019-07-19,,Active,True,,,6.99
SUB0005614,CUST005071,PLAN03,2024-01-23,2024-03-30,Plan Changed,False,,,15.49
SUB0005615,CUST005071,PLAN02,2024-03-30,,Cancelled,False,2026-03-27,Found alternative platform,15.49
SUB0005616,CUST005072,PLAN03,2025-09-25,,Active,True,,,22.99
SUB0005617,CUST005073,PLAN02,2026-01-16,,Active,True,,,15.49
SUB0005618,CUST005074,PLAN01,2019-02-22,,Active,True,,,6.99
SUB0005619,CUST005075,PLAN02,2022-08-11,,Active,True,,,15.49
SUB0005620,CUST005076,PLAN01,2022-09-11,,Active,True,,,6.99
SUB0005621,CUST005077,PLAN01,2025-02-24,,Cancelled,True,2025-10-17,Technical issues,6.99
SUB0005622,CUST005078,PLAN03,2020-02-20,,Active,False,,,22.99
SUB0005623,CUST005079,PLAN02,2023-03-28,,Active,True,,,15.49
SUB0005624,CUST005080,PLAN01,2019-07-08,,Active,True,,,6.99
SUB0005625,CUST005081,PLAN01,2023-02-05,,Active,True,,,6.99
SUB0005626,CUST005082,PLAN01,2025-05-15,,Cancelled,True,2026-05-13,Too expensive,6.99
SUB0005627,CUST005083,PLAN02,2025-01-16,,Cancelled,True,2026-04-19,No longer needed,15.49
SUB0005628,CUST005084,PLAN02,2022-04-20,,Active,True,,,15.49
SUB0005629,CUST005085,PLAN01,2020-03-13,,Active,True,,,6.99
SUB0005630,CUST005086,PLAN01,2021-12-28,,Active,True,,,6.99
SUB0005631,CUST005087,PLAN03,2019-05-02,,Active,True,,,22.99
SUB0005632,CUST005088,PLAN02,2026-05-10,,Active,True,,,15.49
SUB0005633,CUST005089,PLAN02,2022-04-10,,Cancelled,True,2026-04-24,Technical issues,15.49
SUB0005634,CUST005090,PLAN02,2021-09-16,,Active,False,,,15.49
SUB0005635,CUST005091,PLAN01,2020-05-07,,Active,True,,,6.99
SUB0005636,CUST005092,PLAN02,2022-05-02,,Active,True,,,15.49
SUB0005637,CUST005093,PLAN01,2024-11-25,,Cancelled,False,2026-01-25,Technical issues,6.99
SUB0005638,CUST005094,PLAN01,2021-01-24,,Active,True,,,6.99
SUB0005639,CUST005095,PLAN01,2022-09-12,2022-12-14,Plan Changed,False,,,15.49
SUB0005640,CUST005095,PLAN02,2022-12-14,,Cancelled,False,2025-11-06,Too expensive,15.49
SUB0005641,CUST005096,PLAN01,2021-04-07,,Cancelled,False,2026-02-02,Household budget cuts,6.99
SUB0005642,CUST005097,PLAN02,2022-04-23,,Active,True,,,15.49
SUB0005643,CUST005098,PLAN03,2020-01-10,,Active,False,,,22.99
SUB0005644,CUST005099,PLAN02,2025-10-06,,Cancelled,True,2026-03-09,Too expensive,15.49
SUB0005645,CUST005100,PLAN01,2019-08-29,,Active,True,,,6.99
SUB0005646,CUST005101,PLAN02,2024-10-14,,Cancelled,True,2025-12-10,Found alternative platform,15.49
SUB0005647,CUST005102,PLAN01,2024-11-04,,Active,True,,,6.99
SUB0005648,CUST005103,PLAN02,2019-07-16,,Active,True,,,15.49
SUB0005649,CUST005104,PLAN03,2019-07-22,,Active,False,,,22.99
SUB0005650,CUST005105,PLAN01,2022-02-24,,Active,True,,,6.99
SUB0005651,CUST005106,PLAN01,2020-02-24,,Active,True,,,6.99
SUB0005652,CUST005107,PLAN03,2022-09-14,,Active,True,,,22.99
SUB0005653,CUST005108,PLAN01,2020-04-26,,Active,True,,,6.99
SUB0005654,CUST005109,PLAN03,2023-08-30,,Cancelled,True,2025-11-03,Technical issues,22.99
SUB0005655,CUST005110,PLAN01,2022-07-28,,Active,True,,,6.99
SUB0005656,CUST005111,PLAN01,2024-03-09,,Active,False,,,6.99
SUB0005657,CUST005112,PLAN01,2019-08-21,2022-03-15,Plan Changed,True,,,15.49
SUB0005658,CUST005112,PLAN02,2022-03-15,,Cancelled,True,2026-03-06,Content quality decline,15.49
SUB0005659,CUST005113,PLAN01,2025-10-20,2025-12-30,Plan Changed,True,,,6.99
SUB0005660,CUST005113,PLAN01,2025-12-30,,Active,True,,,6.99
SUB0005661,CUST005114,PLAN02,2019-12-23,,Active,True,,,15.49
SUB0005662,CUST005115,PLAN01,2024-03-22,,Active,True,,,6.99
SUB0005663,CUST005116,PLAN02,2021-12-05,,Active,False,,,15.49
SUB0005664,CUST005117,PLAN02,2021-11-06,,Active,False,,,15.49
SUB0005665,CUST005118,PLAN02,2025-07-27,,Active,True,,,15.49
SUB0005666,CUST005119,PLAN02,2026-01-15,,Active,False,,,15.49
SUB0005667,CUST005120,PLAN01,2024-04-19,,Cancelled,True,2025-12-20,Password sharing crackdown,6.99
SUB0005668,CUST005121,PLAN03,2025-08-12,,Active,True,,,22.99
SUB0005669,CUST005122,PLAN02,2020-05-27,2022-03-05,Plan Changed,True,,,6.99
SUB0005670,CUST005122,PLAN01,2022-03-05,,Active,True,,,6.99
SUB0005671,CUST005123,PLAN02,2026-04-10,,Active,True,,,15.49
SUB0005672,CUST005124,PLAN02,2022-02-15,,Active,True,,,15.49
SUB0005673,CUST005125,PLAN02,2024-09-06,,Active,True,,,15.49
SUB0005674,CUST005126,PLAN02,2021-08-04,,Active,True,,,15.49
SUB0005675,CUST005127,PLAN02,2022-12-29,,Cancelled,True,2026-05-12,Household budget cuts,15.49
SUB0005676,CUST005128,PLAN01,2019-01-19,,Active,False,,,6.99
SUB0005677,CUST005129,PLAN01,2026-03-28,,Active,False,,,6.99
SUB0005678,CUST005130,PLAN01,2026-05-26,,Active,True,,,6.99
SUB0005679,CUST005131,PLAN01,2021-01-15,,Active,True,,,6.99
SUB0005680,CUST005132,PLAN01,2023-09-02,,Active,True,,,6.99
SUB0005681,CUST005133,PLAN02,2023-02-15,,Cancelled,False,2026-02-17,Technical issues,15.49
SUB0005682,CUST005134,PLAN03,2024-12-23,,Active,False,,,22.99
SUB0005683,CUST005135,PLAN03,2025-09-03,,Active,False,,,22.99
SUB0005684,CUST005136,PLAN01,2021-05-14,,Active,True,,,6.99
SUB0005685,CUST005137,PLAN03,2023-08-19,,Active,True,,,22.99
SUB0005686,CUST005138,PLAN01,2023-06-07,,Active,True,,,6.99
SUB0005687,CUST005139,PLAN01,2019-09-12,,Active,True,,,6.99
SUB0005688,CUST005140,PLAN01,2019-02-22,,Active,True,,,6.99
SUB0005689,CUST005141,PLAN03,2019-04-07,,Active,True,,,22.99
SUB0005690,CUST005142,PLAN01,2022-04-26,,Active,True,,,6.99
SUB0005691,CUST005143,PLAN02,2020-04-20,,Active,True,,,15.49
SUB0005692,CUST005144,PLAN02,2022-05-05,,Active,False,,,15.49
SUB0005693,CUST005145,PLAN03,2019-06-06,,Active,True,,,22.99
SUB0005694,CUST005146,PLAN02,2025-06-27,,Active,True,,,15.49
SUB0005695,CUST005147,PLAN02,2024-08-24,2026-05-23,Plan Changed,True,,,15.49
SUB0005696,CUST005147,PLAN02,2026-05-23,,Active,True,,,15.49
SUB0005697,CUST005148,PLAN02,2023-06-11,,Active,True,,,15.49
SUB0005698,CUST005149,PLAN02,2020-08-10,,Cancelled,True,2025-12-18,Too expensive,15.49
SUB0005699,CUST005150,PLAN01,2024-01-25,2024-04-13,Plan Changed,True,,,6.99
SUB0005700,CUST005150,PLAN01,2024-04-13,,Active,True,,,6.99
SUB0005701,CUST005151,PLAN03,2025-06-27,,Active,False,,,22.99
SUB0005702,CUST005152,PLAN03,2026-03-07,,Active,True,,,22.99
SUB0005703,CUST005153,PLAN03,2019-07-01,2023-05-28,Plan Changed,False,,,6.99
SUB0005704,CUST005153,PLAN01,2023-05-28,,Active,False,,,6.99
SUB0005705,CUST005154,PLAN01,2025-11-04,,Cancelled,True,2026-05-06,No longer needed,6.99
SUB0005706,CUST005155,PLAN02,2025-08-11,,Cancelled,True,2026-02-02,Household budget cuts,15.49
SUB0005707,CUST005156,PLAN02,2020-08-22,,Cancelled,True,2026-04-21,Poor customer service experience,15.49
SUB0005708,CUST005157,PLAN02,2025-11-28,,Cancelled,True,2026-05-18,Too expensive,15.49
SUB0005709,CUST005158,PLAN03,2023-05-27,,Active,True,,,22.99
SUB0005710,CUST005159,PLAN03,2020-02-12,,Cancelled,True,2025-11-18,Payment issues,22.99
SUB0005711,CUST005160,PLAN02,2025-08-27,,Active,True,,,15.49
SUB0005712,CUST005161,PLAN02,2021-06-24,,Active,False,,,15.49
SUB0005713,CUST005162,PLAN01,2024-12-06,,Active,True,,,6.99
SUB0005714,CUST005163,PLAN02,2019-04-02,2026-02-13,Plan Changed,False,,,6.99
SUB0005715,CUST005163,PLAN01,2026-02-13,,Active,False,,,6.99
SUB0005716,CUST005164,PLAN01,2019-02-07,,Active,True,,,6.99
SUB0005717,CUST005165,PLAN01,2022-05-07,,Active,True,,,6.99
SUB0005718,CUST005166,PLAN03,2022-09-04,,Active,True,,,22.99
SUB0005719,CUST005167,PLAN02,2024-04-17,,Active,True,,,15.49
SUB0005720,CUST005168,PLAN02,2022-11-23,,Active,True,,,15.49
SUB0005721,CUST005169,PLAN01,2020-03-04,,Active,True,,,6.99
SUB0005722,CUST005170,PLAN01,2024-11-21,,Cancelled,True,2026-03-11,Poor customer service experience,6.99
SUB0005723,CUST005171,PLAN03,2021-02-07,,Active,True,,,22.99
SUB0005724,CUST005172,PLAN02,2020-01-20,,Active,False,,,15.49
SUB0005725,CUST005173,PLAN01,2019-03-22,,Active,True,,,6.99
SUB0005726,CUST005174,PLAN03,2025-10-15,,Active,True,,,22.99
SUB0005727,CUST005175,PLAN02,2026-02-13,,Active,False,,,15.49
SUB0005728,CUST005176,PLAN02,2019-04-17,,Cancelled,False,2026-03-07,Poor customer service experience,15.49
SUB0005729,CUST005177,PLAN03,2022-09-06,,Active,True,,,22.99
SUB0005730,CUST005178,PLAN03,2023-11-17,,Cancelled,True,2026-03-18,No longer needed,22.99
SUB0005731,CUST005179,PLAN03,2020-06-09,,Active,True,,,22.99
SUB0005732,CUST005180,PLAN01,2019-05-14,,Cancelled,True,2026-05-08,No longer needed,6.99
SUB0005733,CUST005181,PLAN03,2025-01-02,,Cancelled,True,2025-10-18,Not enough content,22.99
SUB0005734,CUST005182,PLAN01,2023-06-13,,Active,True,,,6.99
SUB0005735,CUST005183,PLAN02,2022-07-15,,Active,True,,,15.49
SUB0005736,CUST005184,PLAN01,2019-04-03,,Cancelled,True,2026-03-07,Technical issues,6.99
SUB0005737,CUST005185,PLAN01,2024-06-26,,Cancelled,True,2025-10-17,Not enough content,6.99
SUB0005738,CUST005186,PLAN01,2025-08-31,,Active,False,,,6.99
SUB0005739,CUST005187,PLAN02,2025-08-22,2026-01-08,Plan Changed,True,,,15.49
SUB0005740,CUST005187,PLAN02,2026-01-08,,Cancelled,True,2026-04-05,Too expensive,15.49
SUB0005741,CUST005188,PLAN02,2020-10-25,,Active,True,,,15.49
SUB0005742,CUST005189,PLAN02,2022-12-27,,Active,True,,,15.49
SUB0005743,CUST005190,PLAN02,2025-09-11,,Cancelled,True,2025-11-20,No longer needed,15.49
SUB0005744,CUST005191,PLAN01,2021-10-07,,Active,True,,,6.99
SUB0005745,CUST005192,PLAN01,2020-09-04,,Active,False,,,6.99
SUB0005746,CUST005193,PLAN02,2020-12-04,,Cancelled,True,2025-11-02,Technical issues,15.49
SUB0005747,CUST005194,PLAN02,2020-09-13,,Active,True,,,15.49
SUB0005748,CUST005195,PLAN01,2019-01-07,,Active,True,,,6.99
SUB0005749,CUST005196,PLAN02,2023-09-19,,Cancelled,True,2026-02-12,Household budget cuts,15.49
SUB0005750,CUST005197,PLAN02,2026-05-28,,Active,True,,,15.49
SUB0005751,CUST005198,PLAN02,2022-01-31,2024-03-20,Plan Changed,False,,,6.99
SUB0005752,CUST005198,PLAN01,2024-03-20,,Cancelled,False,2025-10-28,No longer needed,6.99
SUB0005753,CUST005199,PLAN02,2024-04-01,,Cancelled,True,2026-04-23,Content quality decline,15.49
SUB0005754,CUST005200,PLAN02,2025-07-19,,Active,True,,,15.49
SUB0005755,CUST005201,PLAN02,2019-12-07,,Active,True,,,15.49
SUB0005756,CUST005202,PLAN02,2025-06-03,,Active,True,,,15.49
SUB0005757,CUST005203,PLAN02,2023-06-16,,Active,True,,,15.49
SUB0005758,CUST005204,PLAN01,2021-01-23,,Active,True,,,6.99
SUB0005759,CUST005205,PLAN02,2021-02-12,2024-03-30,Plan Changed,True,,,22.99
SUB0005760,CUST005205,PLAN03,2024-03-30,,Active,True,,,22.99
SUB0005761,CUST005206,PLAN03,2019-08-08,,Active,True,,,22.99
SUB0005762,CUST005207,PLAN03,2020-07-05,,Active,True,,,22.99
SUB0005763,CUST005208,PLAN02,2023-12-09,2024-12-26,Plan Changed,True,,,6.99
SUB0005764,CUST005208,PLAN01,2024-12-26,,Active,True,,,6.99
SUB0005765,CUST005209,PLAN02,2020-08-10,,Active,False,,,15.49
SUB0005766,CUST005210,PLAN01,2024-09-10,,Active,False,,,6.99
SUB0005767,CUST005211,PLAN01,2019-10-26,,Active,True,,,6.99
SUB0005768,CUST005212,PLAN02,2021-02-21,,Cancelled,True,2026-05-25,Found alternative platform,15.49
SUB0005769,CUST005213,PLAN03,2024-11-02,,Active,True,,,22.99
SUB0005770,CUST005214,PLAN01,2024-05-13,,Active,False,,,6.99
SUB0005771,CUST005215,PLAN03,2024-11-01,2025-05-23,Plan Changed,False,,,15.49
SUB0005772,CUST005215,PLAN02,2025-05-23,,Cancelled,False,2026-06-07,Too expensive,15.49
SUB0005773,CUST005216,PLAN02,2024-10-01,,Active,True,,,15.49
SUB0005774,CUST005217,PLAN02,2021-08-20,,Active,True,,,15.49
SUB0005775,CUST005218,PLAN02,2024-09-21,2025-05-14,Plan Changed,True,,,22.99
SUB0005776,CUST005218,PLAN03,2025-05-14,,Active,True,,,22.99
SUB0005777,CUST005219,PLAN03,2021-09-25,,Active,True,,,22.99
SUB0005778,CUST005220,PLAN03,2023-09-13,,Active,True,,,22.99
SUB0005779,CUST005221,PLAN01,2020-11-06,2024-07-07,Plan Changed,True,,,15.49
SUB0005780,CUST005221,PLAN02,2024-07-07,,Active,True,,,15.49
SUB0005781,CUST005222,PLAN03,2022-10-16,,Active,False,,,22.99
SUB0005782,CUST005223,PLAN01,2025-03-01,,Active,False,,,6.99
SUB0005783,CUST005224,PLAN01,2019-12-19,,Cancelled,True,2026-05-09,Too expensive,6.99
SUB0005784,CUST005225,PLAN03,2022-09-07,,Active,True,,,22.99
SUB0005785,CUST005226,PLAN02,2020-03-27,,Active,True,,,15.49
SUB0005786,CUST005227,PLAN03,2023-07-04,,Active,True,,,22.99
SUB0005787,CUST005228,PLAN01,2020-05-04,,Active,True,,,6.99
SUB0005788,CUST005229,PLAN01,2020-09-26,,Active,False,,,6.99
SUB0005789,CUST005230,PLAN02,2020-01-13,,Active,True,,,15.49
SUB0005790,CUST005231,PLAN02,2021-11-15,,Active,True,,,15.49
SUB0005791,CUST005232,PLAN03,2020-11-16,,Active,True,,,22.99
SUB0005792,CUST005233,PLAN01,2020-08-28,,Active,True,,,6.99
SUB0005793,CUST005234,PLAN03,2023-11-21,,Active,True,,,22.99
SUB0005794,CUST005235,PLAN03,2025-06-10,2026-05-12,Plan Changed,True,,,15.49
SUB0005795,CUST005235,PLAN02,2026-05-12,,Active,True,,,15.49
SUB0005796,CUST005236,PLAN02,2019-09-21,,Cancelled,True,2026-05-18,Found alternative platform,15.49
SUB0005797,CUST005237,PLAN01,2020-09-04,,Active,True,,,6.99
SUB0005798,CUST005238,PLAN01,2023-02-14,,Active,True,,,6.99
SUB0005799,CUST005239,PLAN01,2019-12-17,,Active,True,,,6.99
SUB0005800,CUST005240,PLAN02,2020-05-26,,Active,True,,,15.49
SUB0005801,CUST005241,PLAN02,2026-02-25,,Active,True,,,15.49
SUB0005802,CUST005242,PLAN01,2019-11-14,2024-08-01,Plan Changed,True,,,6.99
SUB0005803,CUST005242,PLAN01,2024-08-01,,Active,True,,,6.99
SUB0005804,CUST005243,PLAN01,2019-08-08,,Active,True,,,6.99
SUB0005805,CUST005244,PLAN03,2019-01-04,2020-11-24,Plan Changed,True,,,6.99
SUB0005806,CUST005244,PLAN01,2020-11-24,,Active,True,,,6.99
SUB0005807,CUST005245,PLAN01,2021-10-01,,Cancelled,True,2026-01-31,Technical issues,6.99
SUB0005808,CUST005246,PLAN01,2021-03-24,,Active,True,,,6.99
SUB0005809,CUST005247,PLAN01,2021-09-02,,Active,True,,,6.99
SUB0005810,CUST005248,PLAN03,2026-04-22,,Active,True,,,22.99
SUB0005811,CUST005249,PLAN01,2021-11-30,,Cancelled,True,2026-03-07,Too expensive,6.99
SUB0005812,CUST005250,PLAN01,2025-02-03,,Active,True,,,6.99
SUB0005813,CUST005251,PLAN02,2022-09-22,,Active,True,,,15.49
SUB0005814,CUST005252,PLAN02,2024-09-29,,Active,True,,,15.49
SUB0005815,CUST005253,PLAN03,2021-12-06,,Active,True,,,22.99
SUB0005816,CUST005254,PLAN03,2020-03-22,,Cancelled,True,2026-02-25,Too expensive,22.99
SUB0005817,CUST005255,PLAN01,2019-05-11,,Cancelled,True,2026-03-15,No longer needed,6.99
SUB0005818,CUST005256,PLAN03,2025-01-11,,Active,False,,,22.99
SUB0005819,CUST005257,PLAN02,2024-09-11,,Cancelled,True,2026-03-24,Too expensive,15.49
SUB0005820,CUST005258,PLAN01,2022-10-22,,Active,True,,,6.99
SUB0005821,CUST005259,PLAN01,2020-10-04,,Cancelled,True,2026-01-30,Payment issues,6.99
SUB0005822,CUST005260,PLAN03,2024-06-27,,Active,True,,,22.99
SUB0005823,CUST005261,PLAN02,2025-02-08,,Cancelled,False,2026-02-17,Moving / relocation,15.49
SUB0005824,CUST005262,PLAN02,2019-09-11,,Cancelled,True,2026-04-07,Not enough content,15.49
SUB0005825,CUST005263,PLAN01,2019-09-20,,Cancelled,False,2026-03-25,Found alternative platform,6.99
SUB0005826,CUST005264,PLAN02,2023-03-14,,Active,True,,,15.49
SUB0005827,CUST005265,PLAN01,2021-10-27,,Cancelled,True,2026-01-06,Technical issues,6.99
SUB0005828,CUST005266,PLAN01,2020-06-17,,Active,True,,,6.99
SUB0005829,CUST005267,PLAN01,2025-08-21,,Active,True,,,6.99
SUB0005830,CUST005268,PLAN02,2020-04-05,,Active,True,,,15.49
SUB0005831,CUST005269,PLAN01,2021-12-21,,Active,False,,,6.99
SUB0005832,CUST005270,PLAN03,2023-08-03,2026-03-04,Plan Changed,True,,,15.49
SUB0005833,CUST005270,PLAN02,2026-03-04,,Cancelled,True,2025-11-02,No longer needed,15.49
SUB0005834,CUST005271,PLAN03,2021-07-26,,Active,True,,,22.99
SUB0005835,CUST005272,PLAN02,2019-10-08,2024-07-15,Plan Changed,True,,,15.49
SUB0005836,CUST005272,PLAN02,2024-07-15,,Active,True,,,15.49
SUB0005837,CUST005273,PLAN03,2026-05-25,,Active,True,,,22.99
SUB0005838,CUST005274,PLAN01,2022-04-15,2025-10-12,Plan Changed,False,,,6.99
SUB0005839,CUST005274,PLAN01,2025-10-12,,Active,False,,,6.99
SUB0005840,CUST005275,PLAN03,2019-08-21,,Cancelled,True,2026-05-06,Moving / relocation,22.99
SUB0005841,CUST005276,PLAN03,2019-11-13,,Active,False,,,22.99
SUB0005842,CUST005277,PLAN03,2021-05-03,,Active,True,,,22.99
SUB0005843,CUST005278,PLAN01,2021-06-06,,Cancelled,True,2026-06-07,Too expensive,6.99
SUB0005844,CUST005279,PLAN02,2025-10-29,2026-02-02,Plan Changed,True,,,6.99
SUB0005845,CUST005279,PLAN01,2026-02-02,,Active,True,,,6.99
SUB0005846,CUST005280,PLAN03,2020-08-29,,Cancelled,True,2025-12-02,Too expensive,22.99
SUB0005847,CUST005281,PLAN01,2019-12-01,,Active,True,,,6.99
SUB0005848,CUST005282,PLAN03,2023-09-23,,Cancelled,True,2026-02-13,Technical issues,22.99
SUB0005849,CUST005283,PLAN01,2021-08-08,,Cancelled,True,2025-11-28,Too expensive,6.99
SUB0005850,CUST005284,PLAN01,2022-01-28,,Active,True,,,6.99
SUB0005851,CUST005285,PLAN01,2022-10-22,,Active,True,,,6.99
SUB0005852,CUST005286,PLAN03,2025-03-30,,Active,True,,,22.99
SUB0005853,CUST005287,PLAN02,2022-09-27,,Active,True,,,15.49
SUB0005854,CUST005288,PLAN01,2023-06-23,,Active,True,,,6.99
SUB0005855,CUST005289,PLAN02,2026-02-26,,Cancelled,True,2026-05-19,Not enough content,15.49
SUB0005856,CUST005290,PLAN01,2023-12-18,,Cancelled,True,2026-01-31,Too expensive,6.99
SUB0005857,CUST005291,PLAN02,2021-01-30,,Cancelled,True,2026-03-28,Payment issues,15.49
SUB0005858,CUST005292,PLAN01,2021-08-29,,Active,True,,,6.99
SUB0005859,CUST005293,PLAN02,2026-02-08,,Cancelled,True,2026-03-16,No longer needed,15.49
SUB0005860,CUST005294,PLAN03,2024-11-24,,Active,True,,,22.99
SUB0005861,CUST005295,PLAN01,2025-10-30,,Active,True,,,6.99
SUB0005862,CUST005296,PLAN01,2025-01-15,2026-03-13,Plan Changed,True,,,15.49
SUB0005863,CUST005296,PLAN02,2026-03-13,,Active,True,,,15.49
SUB0005864,CUST005297,PLAN02,2021-07-29,,Active,False,,,15.49
SUB0005865,CUST005298,PLAN01,2020-10-07,,Active,True,,,6.99
SUB0005866,CUST005299,PLAN02,2019-03-28,2021-04-04,Plan Changed,True,,,15.49
SUB0005867,CUST005299,PLAN02,2021-04-04,,Active,True,,,15.49
SUB0005868,CUST005300,PLAN02,2024-04-16,,Active,True,,,15.49
SUB0005869,CUST005301,PLAN03,2024-01-03,,Active,True,,,22.99
SUB0005870,CUST005302,PLAN01,2020-04-27,,Active,False,,,6.99
SUB0005871,CUST005303,PLAN01,2022-10-26,,Active,True,,,6.99
SUB0005872,CUST005304,PLAN03,2021-10-21,2024-11-29,Plan Changed,True,,,6.99
SUB0005873,CUST005304,PLAN01,2024-11-29,,Cancelled,True,2025-11-20,No longer needed,6.99
SUB0005874,CUST005305,PLAN03,2022-02-24,,Active,True,,,22.99
SUB0005875,CUST005306,PLAN01,2021-12-30,,Cancelled,True,2026-05-21,Too expensive,6.99
SUB0005876,CUST005307,PLAN02,2023-02-12,,Active,False,,,15.49
SUB0005877,CUST005308,PLAN02,2026-03-25,,Active,True,,,15.49
SUB0005878,CUST005309,PLAN03,2020-05-21,2021-05-12,Plan Changed,True,,,22.99
SUB0005879,CUST005309,PLAN03,2021-05-12,,Active,True,,,22.99
SUB0005880,CUST005310,PLAN01,2026-03-19,,Active,False,,,6.99
SUB0005881,CUST005311,PLAN02,2020-03-09,2024-04-04,Plan Changed,True,,,22.99
SUB0005882,CUST005311,PLAN03,2024-04-04,,Active,True,,,22.99
SUB0005883,CUST005312,PLAN02,2022-01-12,,Cancelled,False,2025-12-30,Not enough content,15.49
SUB0005884,CUST005313,PLAN02,2021-06-16,,Active,True,,,15.49
SUB0005885,CUST005314,PLAN01,2023-08-18,,Active,True,,,6.99
SUB0005886,CUST005315,PLAN02,2022-05-06,,Cancelled,True,2025-10-26,Moving / relocation,15.49
SUB0005887,CUST005316,PLAN03,2024-09-11,,Active,True,,,22.99
SUB0005888,CUST005317,PLAN02,2021-12-12,,Active,True,,,15.49
SUB0005889,CUST005318,PLAN02,2024-05-22,,Cancelled,True,2026-05-11,Household budget cuts,15.49
SUB0005890,CUST005319,PLAN02,2020-11-09,,Active,True,,,15.49
SUB0005891,CUST005320,PLAN03,2021-07-28,,Active,True,,,22.99
SUB0005892,CUST005321,PLAN03,2023-07-17,,Cancelled,True,2026-04-15,Poor customer service experience,22.99
SUB0005893,CUST005322,PLAN02,2022-04-20,,Active,True,,,15.49
SUB0005894,CUST005323,PLAN01,2022-06-15,,Active,True,,,6.99
SUB0005895,CUST005324,PLAN02,2024-08-09,,Active,True,,,15.49
SUB0005896,CUST005325,PLAN01,2025-05-19,,Cancelled,True,2026-01-09,Too expensive,6.99
SUB0005897,CUST005326,PLAN02,2024-03-05,,Active,True,,,15.49
SUB0005898,CUST005327,PLAN02,2020-03-09,,Cancelled,True,2026-06-18,Moving / relocation,15.49
SUB0005899,CUST005328,PLAN01,2024-12-01,,Cancelled,True,2026-06-02,Password sharing crackdown,6.99
SUB0005900,CUST005329,PLAN02,2025-04-14,,Active,False,,,15.49
SUB0005901,CUST005330,PLAN02,2019-05-25,,Active,True,,,15.49
SUB0005902,CUST005331,PLAN01,2023-11-18,,Active,True,,,6.99
SUB0005903,CUST005332,PLAN02,2025-05-16,,Active,True,,,15.49
SUB0005904,CUST005333,PLAN02,2019-06-24,2019-11-09,Plan Changed,True,,,6.99
SUB0005905,CUST005333,PLAN01,2019-11-09,,Active,True,,,6.99
SUB0005906,CUST005334,PLAN01,2021-11-27,,Active,True,,,6.99
SUB0005907,CUST005335,PLAN02,2023-06-01,,Active,True,,,15.49
SUB0005908,CUST005336,PLAN02,2022-10-22,,Active,False,,,15.49
SUB0005909,CUST005337,PLAN01,2025-08-26,2026-04-03,Plan Changed,False,,,15.49
SUB0005910,CUST005337,PLAN02,2026-04-03,,Active,False,,,15.49
SUB0005911,CUST005338,PLAN02,2024-10-07,,Active,True,,,15.49
SUB0005912,CUST005339,PLAN01,2026-05-25,,Active,True,,,6.99
SUB0005913,CUST005340,PLAN01,2022-11-03,,Active,True,,,6.99
SUB0005914,CUST005341,PLAN03,2021-11-06,,Cancelled,False,2026-04-30,Found alternative platform,22.99
SUB0005915,CUST005342,PLAN02,2024-01-17,,Active,True,,,15.49
SUB0005916,CUST005343,PLAN03,2026-01-01,,Active,False,,,22.99
SUB0005917,CUST005344,PLAN02,2021-03-26,,Active,True,,,15.49
SUB0005918,CUST005345,PLAN02,2024-12-14,,Active,True,,,15.49
SUB0005919,CUST005346,PLAN03,2026-04-02,,Active,True,,,22.99
SUB0005920,CUST005347,PLAN02,2024-06-08,,Active,True,,,15.49
SUB0005921,CUST005348,PLAN01,2019-01-03,,Active,True,,,6.99
SUB0005922,CUST005349,PLAN02,2020-06-26,,Active,True,,,15.49
SUB0005923,CUST005350,PLAN02,2026-02-28,,Active,False,,,15.49
SUB0005924,CUST005351,PLAN03,2021-02-16,,Cancelled,True,2026-03-27,No longer needed,22.99
SUB0005925,CUST005352,PLAN02,2023-10-09,,Active,True,,,15.49
SUB0005926,CUST005353,PLAN03,2022-05-30,,Active,True,,,22.99
SUB0005927,CUST005354,PLAN03,2021-11-18,,Cancelled,True,2025-12-21,Household budget cuts,22.99
SUB0005928,CUST005355,PLAN01,2023-07-02,2024-04-11,Plan Changed,False,,,15.49
SUB0005929,CUST005355,PLAN02,2024-04-11,,Active,False,,,15.49
SUB0005930,CUST005356,PLAN01,2025-09-08,,Active,True,,,6.99
SUB0005931,CUST005357,PLAN02,2019-11-27,,Active,False,,,15.49
SUB0005932,CUST005358,PLAN02,2023-03-25,,Active,False,,,15.49
SUB0005933,CUST005359,PLAN02,2025-12-11,,Active,True,,,15.49
SUB0005934,CUST005360,PLAN02,2025-10-31,2026-02-01,Plan Changed,True,,,15.49
SUB0005935,CUST005360,PLAN02,2026-02-01,,Active,True,,,15.49
SUB0005936,CUST005361,PLAN03,2022-05-23,2024-11-29,Plan Changed,True,,,6.99
SUB0005937,CUST005361,PLAN01,2024-11-29,,Active,True,,,6.99
SUB0005938,CUST005362,PLAN03,2024-01-13,,Active,True,,,22.99
SUB0005939,CUST005363,PLAN02,2024-03-22,,Cancelled,True,2025-12-20,Found alternative platform,15.49
SUB0005940,CUST005364,PLAN03,2022-06-26,,Active,True,,,22.99
SUB0005941,CUST005365,PLAN02,2022-03-21,,Active,True,,,15.49
SUB0005942,CUST005366,PLAN03,2025-04-21,,Active,False,,,22.99
SUB0005943,CUST005367,PLAN01,2019-02-08,2025-07-12,Plan Changed,True,,,6.99
SUB0005944,CUST005367,PLAN01,2025-07-12,,Active,True,,,6.99
SUB0005945,CUST005368,PLAN03,2025-03-08,2025-10-15,Plan Changed,False,,,6.99
SUB0005946,CUST005368,PLAN01,2025-10-15,,Cancelled,False,2026-04-13,Poor customer service experience,6.99
SUB0005947,CUST005369,PLAN01,2024-06-16,,Active,True,,,6.99
SUB0005948,CUST005370,PLAN03,2024-10-11,,Active,True,,,22.99
SUB0005949,CUST005371,PLAN01,2021-08-25,,Active,True,,,6.99
SUB0005950,CUST005372,PLAN03,2023-05-03,2024-02-04,Plan Changed,True,,,22.99
SUB0005951,CUST005372,PLAN03,2024-02-04,,Active,True,,,22.99
SUB0005952,CUST005373,PLAN03,2024-09-26,,Active,True,,,22.99
SUB0005953,CUST005374,PLAN03,2025-05-19,,Active,True,,,22.99
SUB0005954,CUST005375,PLAN02,2024-02-05,,Active,True,,,15.49
SUB0005955,CUST005376,PLAN02,2024-07-09,,Active,True,,,15.49
SUB0005956,CUST005377,PLAN02,2020-03-13,,Active,True,,,15.49
SUB0005957,CUST005378,PLAN01,2021-02-04,,Active,True,,,6.99
SUB0005958,CUST005379,PLAN01,2026-02-26,,Active,True,,,6.99
SUB0005959,CUST005380,PLAN01,2025-08-23,,Active,True,,,6.99
SUB0005960,CUST005381,PLAN03,2023-10-18,,Active,True,,,22.99
SUB0005961,CUST005382,PLAN01,2020-01-12,,Active,True,,,6.99
SUB0005962,CUST005383,PLAN01,2023-06-17,,Active,True,,,6.99
SUB0005963,CUST005384,PLAN03,2021-08-15,,Cancelled,True,2026-06-22,Poor customer service experience,22.99
SUB0005964,CUST005385,PLAN02,2021-04-24,,Active,True,,,15.49
SUB0005965,CUST005386,PLAN02,2021-01-17,2021-08-26,Plan Changed,False,,,15.49
SUB0005966,CUST005386,PLAN02,2021-08-26,,Active,False,,,15.49
SUB0005967,CUST005387,PLAN02,2022-07-28,,Active,True,,,15.49
SUB0005968,CUST005388,PLAN03,2019-03-01,,Active,False,,,22.99
SUB0005969,CUST005389,PLAN02,2021-07-10,2022-10-25,Plan Changed,True,,,6.99
SUB0005970,CUST005389,PLAN01,2022-10-25,,Active,True,,,6.99
SUB0005971,CUST005390,PLAN02,2020-08-15,,Cancelled,True,2025-10-19,Payment issues,15.49
SUB0005972,CUST005391,PLAN01,2022-12-13,,Cancelled,True,2026-04-11,Moving / relocation,6.99
SUB0005973,CUST005392,PLAN02,2020-09-13,2023-09-14,Plan Changed,True,,,6.99
SUB0005974,CUST005392,PLAN01,2023-09-14,,Active,True,,,6.99
SUB0005975,CUST005393,PLAN03,2025-10-19,,Active,True,,,22.99
SUB0005976,CUST005394,PLAN03,2022-10-28,,Active,True,,,22.99
SUB0005977,CUST005395,PLAN01,2026-05-12,,Cancelled,True,2026-05-15,Household budget cuts,6.99
SUB0005978,CUST005396,PLAN01,2019-03-23,2022-09-23,Plan Changed,False,,,6.99
SUB0005979,CUST005396,PLAN01,2022-09-23,,Active,False,,,6.99
SUB0005980,CUST005397,PLAN03,2025-06-07,,Active,False,,,22.99
SUB0005981,CUST005398,PLAN01,2022-12-22,,Cancelled,True,2025-12-23,Household budget cuts,6.99
SUB0005982,CUST005399,PLAN03,2022-06-07,,Active,True,,,22.99
SUB0005983,CUST005400,PLAN03,2024-05-24,,Cancelled,True,2025-11-29,Found alternative platform,22.99
SUB0005984,CUST005401,PLAN03,2020-03-07,,Active,True,,,22.99
SUB0005985,CUST005402,PLAN03,2024-06-29,,Active,True,,,22.99
SUB0005986,CUST005403,PLAN03,2020-04-15,,Active,True,,,22.99
SUB0005987,CUST005404,PLAN02,2021-03-23,,Active,True,,,15.49
SUB0005988,CUST005405,PLAN03,2023-09-08,,Active,False,,,22.99
SUB0005989,CUST005406,PLAN01,2024-07-15,,Active,True,,,6.99
SUB0005990,CUST005407,PLAN03,2020-04-17,,Cancelled,True,2026-06-16,Payment issues,22.99
SUB0005991,CUST005408,PLAN02,2024-10-18,,Active,False,,,15.49
SUB0005992,CUST005409,PLAN02,2024-02-21,,Active,True,,,15.49
SUB0005993,CUST005410,PLAN02,2023-04-26,,Cancelled,True,2025-12-05,Poor customer service experience,15.49
SUB0005994,CUST005411,PLAN01,2022-03-19,,Active,True,,,6.99
SUB0005995,CUST005412,PLAN01,2025-03-07,,Cancelled,True,2025-11-22,Payment issues,6.99
SUB0005996,CUST005413,PLAN01,2024-07-07,,Cancelled,True,2026-05-01,Too expensive,6.99
SUB0005997,CUST005414,PLAN01,2020-04-01,,Cancelled,True,2026-03-21,Too expensive,6.99
SUB0005998,CUST005415,PLAN02,2020-01-21,,Active,True,,,15.49
SUB0005999,CUST005416,PLAN01,2021-01-06,,Active,True,,,6.99
SUB0006000,CUST005417,PLAN01,2021-02-26,,Active,True,,,6.99
SUB0006001,CUST005418,PLAN01,2025-08-07,,Active,True,,,6.99
SUB0006002,CUST005419,PLAN01,2020-04-09,,Active,True,,,6.99
SUB0006003,CUST005420,PLAN01,2021-08-16,2025-04-10,Plan Changed,True,,,22.99
SUB0006004,CUST005420,PLAN03,2025-04-10,,Cancelled,True,2025-10-09,Content quality decline,22.99
SUB0006005,CUST005421,PLAN03,2021-06-10,2022-02-13,Plan Changed,True,,,6.99
SUB0006006,CUST005421,PLAN01,2022-02-13,,Active,True,,,6.99
SUB0006007,CUST005422,PLAN01,2021-11-21,,Active,True,,,6.99
SUB0006008,CUST005423,PLAN01,2022-11-13,,Active,True,,,6.99
SUB0006009,CUST005424,PLAN02,2020-10-13,,Active,True,,,15.49
SUB0006010,CUST005425,PLAN01,2022-07-06,,Active,True,,,6.99
SUB0006011,CUST005426,PLAN01,2023-02-21,2025-06-17,Plan Changed,True,,,15.49
SUB0006012,CUST005426,PLAN02,2025-06-17,,Active,True,,,15.49
SUB0006013,CUST005427,PLAN02,2025-07-05,,Active,True,,,15.49
SUB0006014,CUST005428,PLAN03,2019-06-13,,Active,True,,,22.99
SUB0006015,CUST005429,PLAN03,2021-04-22,,Active,False,,,22.99
SUB0006016,CUST005430,PLAN01,2019-05-24,2021-05-09,Plan Changed,True,,,15.49
SUB0006017,CUST005430,PLAN02,2021-05-09,,Active,True,,,15.49
SUB0006018,CUST005431,PLAN01,2021-12-23,,Active,True,,,6.99
SUB0006019,CUST005432,PLAN02,2022-04-24,,Active,True,,,15.49
SUB0006020,CUST005433,PLAN01,2026-04-18,,Cancelled,True,2026-06-20,No longer needed,6.99
SUB0006021,CUST005434,PLAN03,2020-03-03,,Active,True,,,22.99
SUB0006022,CUST005435,PLAN03,2025-11-07,,Active,False,,,22.99
SUB0006023,CUST005436,PLAN03,2020-04-27,,Active,True,,,22.99
SUB0006024,CUST005437,PLAN03,2019-01-16,,Active,True,,,22.99
SUB0006025,CUST005438,PLAN02,2025-05-07,2026-01-28,Plan Changed,True,,,6.99
SUB0006026,CUST005438,PLAN01,2026-01-28,,Cancelled,True,2026-06-26,Too expensive,6.99
SUB0006027,CUST005439,PLAN01,2020-02-17,,Active,True,,,6.99
SUB0006028,CUST005440,PLAN02,2024-07-21,,Active,True,,,15.49
SUB0006029,CUST005441,PLAN02,2021-12-04,,Cancelled,True,2026-06-28,Too expensive,15.49
SUB0006030,CUST005442,PLAN03,2020-05-01,,Cancelled,True,2025-10-21,Moving / relocation,22.99
SUB0006031,CUST005443,PLAN02,2022-09-14,,Active,False,,,15.49
SUB0006032,CUST005444,PLAN02,2023-07-17,,Active,True,,,15.49
SUB0006033,CUST005445,PLAN03,2019-09-23,2025-02-18,Plan Changed,True,,,6.99
SUB0006034,CUST005445,PLAN01,2025-02-18,,Active,True,,,6.99
SUB0006035,CUST005446,PLAN02,2025-08-26,2026-01-24,Plan Changed,True,,,6.99
SUB0006036,CUST005446,PLAN01,2026-01-24,,Active,True,,,6.99
SUB0006037,CUST005447,PLAN01,2025-07-27,,Active,True,,,6.99
SUB0006038,CUST005448,PLAN01,2020-02-12,,Active,False,,,6.99
SUB0006039,CUST005449,PLAN02,2021-02-15,,Active,True,,,15.49
SUB0006040,CUST005450,PLAN02,2022-04-04,,Active,True,,,15.49
SUB0006041,CUST005451,PLAN01,2025-12-17,,Active,True,,,6.99
SUB0006042,CUST005452,PLAN01,2019-04-18,,Active,True,,,6.99
SUB0006043,CUST005453,PLAN01,2022-02-12,,Cancelled,True,2026-02-14,Poor customer service experience,6.99
SUB0006044,CUST005454,PLAN01,2021-05-12,,Cancelled,True,2025-12-30,No longer needed,6.99
SUB0006045,CUST005455,PLAN03,2026-02-20,,Cancelled,True,2026-04-08,No longer needed,22.99
SUB0006046,CUST005456,PLAN02,2023-10-01,2025-09-30,Plan Changed,True,,,6.99
SUB0006047,CUST005456,PLAN01,2025-09-30,,Active,True,,,6.99
SUB0006048,CUST005457,PLAN03,2025-03-22,,Cancelled,False,2026-03-19,No longer needed,22.99
SUB0006049,CUST005458,PLAN01,2024-05-10,,Active,True,,,6.99
SUB0006050,CUST005459,PLAN02,2020-04-12,,Active,True,,,15.49
SUB0006051,CUST005460,PLAN02,2025-10-02,,Cancelled,True,2026-01-20,Content quality decline,15.49
SUB0006052,CUST005461,PLAN01,2024-01-12,,Active,True,,,6.99
SUB0006053,CUST005462,PLAN01,2021-03-20,,Active,True,,,6.99
SUB0006054,CUST005463,PLAN01,2020-11-09,,Active,True,,,6.99
SUB0006055,CUST005464,PLAN01,2024-10-29,,Active,False,,,6.99
SUB0006056,CUST005465,PLAN02,2019-04-01,,Cancelled,True,2025-12-14,Not enough content,15.49
SUB0006057,CUST005466,PLAN01,2020-09-17,2021-04-17,Plan Changed,True,,,22.99
SUB0006058,CUST005466,PLAN03,2021-04-17,,Cancelled,True,2025-11-28,Found alternative platform,22.99
SUB0006059,CUST005467,PLAN02,2020-05-07,,Active,True,,,15.49
SUB0006060,CUST005468,PLAN02,2022-08-19,,Active,True,,,15.49
SUB0006061,CUST005469,PLAN03,2019-08-11,2020-09-24,Plan Changed,True,,,6.99
SUB0006062,CUST005469,PLAN01,2020-09-24,,Active,True,,,6.99
SUB0006063,CUST005470,PLAN02,2023-11-18,,Cancelled,True,2025-11-29,Too expensive,15.49
SUB0006064,CUST005471,PLAN02,2022-06-18,,Active,True,,,15.49
SUB0006065,CUST005472,PLAN01,2019-11-13,,Active,True,,,6.99
SUB0006066,CUST005473,PLAN03,2020-12-17,,Active,True,,,22.99
SUB0006067,CUST005474,PLAN03,2025-04-23,,Active,True,,,22.99
SUB0006068,CUST005475,PLAN03,2024-11-03,,Active,True,,,22.99
SUB0006069,CUST005476,PLAN03,2022-06-25,,Active,True,,,22.99
SUB0006070,CUST005477,PLAN03,2022-10-09,,Active,True,,,22.99
SUB0006071,CUST005478,PLAN01,2023-11-29,,Cancelled,True,2025-11-20,Content quality decline,6.99
SUB0006072,CUST005479,PLAN02,2024-12-13,,Cancelled,True,2025-10-12,Not enough content,15.49
SUB0006073,CUST005480,PLAN01,2019-12-31,,Active,True,,,6.99
SUB0006074,CUST005481,PLAN01,2020-06-20,,Cancelled,True,2025-12-16,Poor customer service experience,6.99
SUB0006075,CUST005482,PLAN01,2023-01-24,,Active,True,,,6.99
SUB0006076,CUST005483,PLAN01,2022-01-22,,Cancelled,True,2025-12-19,Too expensive,6.99
SUB0006077,CUST005484,PLAN03,2019-09-21,,Active,False,,,22.99
SUB0006078,CUST005485,PLAN02,2023-12-19,2024-10-24,Plan Changed,True,,,6.99
SUB0006079,CUST005485,PLAN01,2024-10-24,,Active,True,,,6.99
SUB0006080,CUST005486,PLAN02,2023-08-25,,Active,True,,,15.49
SUB0006081,CUST005487,PLAN02,2020-08-11,,Cancelled,True,2026-06-24,Found alternative platform,15.49
SUB0006082,CUST005488,PLAN01,2019-04-29,,Active,True,,,6.99
SUB0006083,CUST005489,PLAN02,2024-11-05,,Active,True,,,15.49
SUB0006084,CUST005490,PLAN03,2021-10-31,2022-05-15,Plan Changed,False,,,6.99
SUB0006085,CUST005490,PLAN01,2022-05-15,,Active,False,,,6.99
SUB0006086,CUST005491,PLAN03,2021-01-18,,Active,True,,,22.99
SUB0006087,CUST005492,PLAN02,2025-02-10,,Active,True,,,15.49
SUB0006088,CUST005493,PLAN02,2020-10-25,,Active,False,,,15.49
SUB0006089,CUST005494,PLAN03,2022-08-28,,Active,True,,,22.99
SUB0006090,CUST005495,PLAN03,2024-04-12,2025-09-07,Plan Changed,False,,,15.49
SUB0006091,CUST005495,PLAN02,2025-09-07,,Active,False,,,15.49
SUB0006092,CUST005496,PLAN02,2023-08-25,,Active,False,,,15.49
SUB0006093,CUST005497,PLAN03,2019-05-27,,Cancelled,True,2025-11-14,Password sharing crackdown,22.99
SUB0006094,CUST005498,PLAN02,2024-12-03,,Active,True,,,15.49
SUB0006095,CUST005499,PLAN03,2022-04-28,,Cancelled,False,2026-02-10,No longer needed,22.99
SUB0006096,CUST005500,PLAN02,2023-07-12,,Active,True,,,15.49
SUB0006097,CUST005501,PLAN01,2019-10-22,,Active,False,,,6.99
SUB0006098,CUST005502,PLAN01,2024-07-11,,Active,True,,,6.99
SUB0006099,CUST005503,PLAN01,2019-03-15,,Active,True,,,6.99
SUB0006100,CUST005504,PLAN02,2021-12-09,,Cancelled,True,2026-05-24,Poor customer service experience,15.49
SUB0006101,CUST005505,PLAN01,2025-07-21,,Active,False,,,6.99
SUB0006102,CUST005506,PLAN03,2022-06-09,,Active,True,,,22.99
SUB0006103,CUST005507,PLAN01,2026-01-10,,Active,False,,,6.99
SUB0006104,CUST005508,PLAN01,2026-03-10,,Cancelled,True,2026-04-30,No longer needed,6.99
SUB0006105,CUST005509,PLAN01,2022-07-19,,Active,True,,,6.99
SUB0006106,CUST005510,PLAN03,2020-07-14,,Active,True,,,22.99
SUB0006107,CUST005511,PLAN03,2019-06-05,,Active,True,,,22.99
SUB0006108,CUST005512,PLAN02,2019-03-16,,Active,False,,,15.49
SUB0006109,CUST005513,PLAN02,2024-07-17,,Active,True,,,15.49
SUB0006110,CUST005514,PLAN02,2021-06-07,,Active,True,,,15.49
SUB0006111,CUST005515,PLAN01,2021-02-20,2021-12-28,Plan Changed,True,,,15.49
SUB0006112,CUST005515,PLAN02,2021-12-28,,Cancelled,True,2025-10-24,Password sharing crackdown,15.49
SUB0006113,CUST005516,PLAN02,2021-03-02,,Active,True,,,15.49
SUB0006114,CUST005517,PLAN01,2022-05-19,,Active,True,,,6.99
SUB0006115,CUST005518,PLAN01,2023-08-08,,Active,True,,,6.99
SUB0006116,CUST005519,PLAN02,2022-01-20,2023-03-09,Plan Changed,False,,,6.99
SUB0006117,CUST005519,PLAN01,2023-03-09,,Active,False,,,6.99
SUB0006118,CUST005520,PLAN02,2024-01-02,,Active,True,,,15.49
SUB0006119,CUST005521,PLAN01,2025-06-05,,Active,True,,,6.99
SUB0006120,CUST005522,PLAN03,2021-01-03,,Active,True,,,22.99
SUB0006121,CUST005523,PLAN02,2019-05-19,,Active,False,,,15.49
SUB0006122,CUST005524,PLAN02,2024-12-11,,Active,False,,,15.49
SUB0006123,CUST005525,PLAN02,2020-06-13,,Active,True,,,15.49
SUB0006124,CUST005526,PLAN01,2025-08-24,,Active,True,,,6.99
SUB0006125,CUST005527,PLAN01,2025-11-20,,Active,True,,,6.99
SUB0006126,CUST005528,PLAN03,2022-03-12,,Active,True,,,22.99
SUB0006127,CUST005529,PLAN02,2023-01-18,2025-11-26,Plan Changed,True,,,6.99
SUB0006128,CUST005529,PLAN01,2025-11-26,,Active,True,,,6.99
SUB0006129,CUST005530,PLAN03,2020-01-17,,Active,True,,,22.99
SUB0006130,CUST005531,PLAN02,2021-11-11,,Cancelled,True,2025-10-16,Password sharing crackdown,15.49
SUB0006131,CUST005532,PLAN01,2020-10-15,,Active,True,,,6.99
SUB0006132,CUST005533,PLAN01,2023-09-23,,Active,True,,,6.99
SUB0006133,CUST005534,PLAN02,2024-02-15,,Cancelled,True,2026-05-06,Moving / relocation,15.49
SUB0006134,CUST005535,PLAN01,2021-06-02,,Active,True,,,6.99
SUB0006135,CUST005536,PLAN02,2021-04-21,,Active,True,,,15.49
SUB0006136,CUST005537,PLAN02,2025-10-20,,Cancelled,True,2025-12-04,Moving / relocation,15.49
SUB0006137,CUST005538,PLAN01,2026-01-31,,Active,True,,,6.99
SUB0006138,CUST005539,PLAN01,2023-12-17,,Active,True,,,6.99
SUB0006139,CUST005540,PLAN02,2021-12-01,,Active,True,,,15.49
SUB0006140,CUST005541,PLAN01,2022-06-26,,Cancelled,True,2025-11-28,Payment issues,6.99
SUB0006141,CUST005542,PLAN01,2019-10-07,,Active,True,,,6.99
SUB0006142,CUST005543,PLAN01,2025-02-08,,Active,True,,,6.99
SUB0006143,CUST005544,PLAN01,2019-02-19,,Cancelled,True,2025-11-01,Payment issues,6.99
SUB0006144,CUST005545,PLAN02,2025-01-16,,Active,False,,,15.49
SUB0006145,CUST005546,PLAN03,2019-07-18,,Cancelled,True,2025-10-29,Not enough content,22.99
SUB0006146,CUST005547,PLAN02,2025-01-26,,Active,True,,,15.49
SUB0006147,CUST005548,PLAN03,2021-07-23,,Cancelled,True,2026-06-02,Household budget cuts,22.99
SUB0006148,CUST005549,PLAN02,2025-11-02,,Active,True,,,15.49
SUB0006149,CUST005550,PLAN02,2020-11-08,,Active,True,,,15.49
SUB0006150,CUST005551,PLAN01,2020-08-19,,Active,True,,,6.99
SUB0006151,CUST005552,PLAN01,2025-06-03,,Active,True,,,6.99
SUB0006152,CUST005553,PLAN01,2020-01-30,,Active,True,,,6.99
SUB0006153,CUST005554,PLAN01,2020-03-15,,Cancelled,True,2026-01-14,Payment issues,6.99
SUB0006154,CUST005555,PLAN02,2019-04-04,2021-09-21,Plan Changed,True,,,15.49
SUB0006155,CUST005555,PLAN02,2021-09-21,,Active,True,,,15.49
SUB0006156,CUST005556,PLAN01,2022-02-11,,Active,True,,,6.99
SUB0006157,CUST005557,PLAN01,2024-01-13,,Active,True,,,6.99
SUB0006158,CUST005558,PLAN02,2020-01-29,,Active,True,,,15.49
SUB0006159,CUST005559,PLAN01,2019-10-09,2020-07-11,Plan Changed,True,,,22.99
SUB0006160,CUST005559,PLAN03,2020-07-11,,Cancelled,True,2026-04-22,Technical issues,22.99
SUB0006161,CUST005560,PLAN03,2024-04-14,,Cancelled,True,2026-02-07,Technical issues,22.99
SUB0006162,CUST005561,PLAN01,2021-12-23,,Cancelled,True,2026-04-04,Not enough content,6.99
SUB0006163,CUST005562,PLAN02,2025-03-05,,Active,True,,,15.49
SUB0006164,CUST005563,PLAN03,2026-01-28,,Active,False,,,22.99
SUB0006165,CUST005564,PLAN03,2026-02-09,,Active,True,,,22.99
SUB0006166,CUST005565,PLAN01,2023-05-03,,Active,False,,,6.99
SUB0006167,CUST005566,PLAN01,2024-03-17,,Active,True,,,6.99
SUB0006168,CUST005567,PLAN03,2023-07-22,,Active,True,,,22.99
SUB0006169,CUST005568,PLAN02,2021-08-01,2022-02-21,Plan Changed,True,,,15.49
SUB0006170,CUST005568,PLAN02,2022-02-21,,Active,True,,,15.49
SUB0006171,CUST005569,PLAN02,2023-11-17,,Active,True,,,15.49
SUB0006172,CUST005570,PLAN01,2024-10-13,,Active,True,,,6.99
SUB0006173,CUST005571,PLAN02,2023-05-17,,Active,True,,,15.49
SUB0006174,CUST005572,PLAN02,2021-05-23,,Active,False,,,15.49
SUB0006175,CUST005573,PLAN02,2023-04-02,,Active,True,,,15.49
SUB0006176,CUST005574,PLAN01,2020-11-15,,Cancelled,True,2025-12-17,Too expensive,6.99
SUB0006177,CUST005575,PLAN01,2022-02-12,,Active,True,,,6.99
SUB0006178,CUST005576,PLAN02,2019-11-29,,Active,True,,,15.49
SUB0006179,CUST005577,PLAN01,2021-05-20,2023-04-10,Plan Changed,True,,,15.49
SUB0006180,CUST005577,PLAN02,2023-04-10,,Active,True,,,15.49
SUB0006181,CUST005578,PLAN02,2025-06-25,,Active,False,,,15.49
SUB0006182,CUST005579,PLAN01,2022-07-09,,Cancelled,True,2026-01-29,Technical issues,6.99
SUB0006183,CUST005580,PLAN02,2019-02-13,,Active,False,,,15.49
SUB0006184,CUST005581,PLAN01,2021-02-21,,Active,True,,,6.99
SUB0006185,CUST005582,PLAN03,2020-04-17,,Active,True,,,22.99
SUB0006186,CUST005583,PLAN02,2023-12-10,,Cancelled,True,2026-06-07,Not enough content,15.49
SUB0006187,CUST005584,PLAN03,2022-11-27,,Active,True,,,22.99
SUB0006188,CUST005585,PLAN01,2019-05-30,,Active,False,,,6.99
SUB0006189,CUST005586,PLAN02,2023-02-24,,Active,True,,,15.49
SUB0006190,CUST005587,PLAN02,2021-04-15,2021-06-25,Plan Changed,True,,,15.49
SUB0006191,CUST005587,PLAN02,2021-06-25,,Active,True,,,15.49
SUB0006192,CUST005588,PLAN01,2021-12-25,,Cancelled,False,2026-05-29,Found alternative platform,6.99
SUB0006193,CUST005589,PLAN02,2024-10-07,,Active,True,,,15.49
SUB0006194,CUST005590,PLAN02,2022-11-18,,Cancelled,True,2025-11-07,Found alternative platform,15.49
SUB0006195,CUST005591,PLAN02,2021-12-09,,Active,True,,,15.49
SUB0006196,CUST005592,PLAN02,2021-11-04,,Active,True,,,15.49
SUB0006197,CUST005593,PLAN02,2021-01-07,,Cancelled,True,2026-06-08,Content quality decline,15.49
SUB0006198,CUST005594,PLAN02,2020-04-21,,Active,True,,,15.49
SUB0006199,CUST005595,PLAN01,2019-09-19,,Cancelled,True,2025-11-05,Household budget cuts,6.99
SUB0006200,CUST005596,PLAN02,2019-08-06,2021-06-21,Plan Changed,True,,,6.99
SUB0006201,CUST005596,PLAN01,2021-06-21,,Active,True,,,6.99
SUB0006202,CUST005597,PLAN02,2023-10-27,,Active,True,,,15.49
SUB0006203,CUST005598,PLAN03,2024-12-17,,Active,True,,,22.99
SUB0006204,CUST005599,PLAN03,2020-10-26,,Active,False,,,22.99
SUB0006205,CUST005600,PLAN03,2022-10-22,,Active,True,,,22.99
SUB0006206,CUST005601,PLAN03,2024-05-21,,Active,True,,,22.99
SUB0006207,CUST005602,PLAN02,2024-10-17,,Cancelled,False,2026-06-06,Technical issues,15.49
SUB0006208,CUST005603,PLAN02,2025-04-10,2025-09-17,Plan Changed,True,,,6.99
SUB0006209,CUST005603,PLAN01,2025-09-17,,Active,True,,,6.99
SUB0006210,CUST005604,PLAN01,2026-01-01,,Cancelled,True,2026-04-28,Poor customer service experience,6.99
SUB0006211,CUST005605,PLAN01,2023-05-09,,Active,True,,,6.99
SUB0006212,CUST005606,PLAN02,2022-12-06,,Active,True,,,15.49
SUB0006213,CUST005607,PLAN02,2025-01-18,,Active,True,,,15.49
SUB0006214,CUST005608,PLAN01,2021-06-28,,Cancelled,True,2026-01-02,Technical issues,6.99
SUB0006215,CUST005609,PLAN02,2023-01-03,,Active,False,,,15.49
SUB0006216,CUST005610,PLAN02,2019-07-12,,Active,False,,,15.49
SUB0006217,CUST005611,PLAN01,2019-06-02,,Active,True,,,6.99
SUB0006218,CUST005612,PLAN02,2022-12-25,,Active,True,,,15.49
SUB0006219,CUST005613,PLAN01,2021-02-01,,Active,True,,,6.99
SUB0006220,CUST005614,PLAN03,2022-08-19,,Active,False,,,22.99
SUB0006221,CUST005615,PLAN01,2025-08-19,,Active,True,,,6.99
SUB0006222,CUST005616,PLAN02,2023-10-17,,Active,True,,,15.49
SUB0006223,CUST005617,PLAN03,2022-09-22,,Active,True,,,22.99
SUB0006224,CUST005618,PLAN02,2020-10-04,,Active,True,,,15.49
SUB0006225,CUST005619,PLAN02,2022-02-06,2024-08-14,Plan Changed,True,,,22.99
SUB0006226,CUST005619,PLAN03,2024-08-14,,Cancelled,True,2025-12-09,Found alternative platform,22.99
SUB0006227,CUST005620,PLAN03,2021-04-06,,Active,True,,,22.99
SUB0006228,CUST005621,PLAN02,2022-01-23,,Active,False,,,15.49
SUB0006229,CUST005622,PLAN02,2020-02-14,,Active,True,,,15.49
SUB0006230,CUST005623,PLAN02,2024-04-09,,Active,True,,,15.49
SUB0006231,CUST005624,PLAN03,2026-01-14,,Active,True,,,22.99
SUB0006232,CUST005625,PLAN01,2023-08-04,,Active,True,,,6.99
SUB0006233,CUST005626,PLAN02,2024-01-02,,Active,True,,,15.49
SUB0006234,CUST005627,PLAN02,2025-11-01,,Active,True,,,15.49
SUB0006235,CUST005628,PLAN02,2024-11-27,,Active,True,,,15.49
SUB0006236,CUST005629,PLAN03,2021-05-29,,Active,True,,,22.99
SUB0006237,CUST005630,PLAN02,2023-05-09,,Active,False,,,15.49
SUB0006238,CUST005631,PLAN01,2020-11-30,,Active,True,,,6.99
SUB0006239,CUST005632,PLAN03,2022-04-23,2023-06-20,Plan Changed,True,,,6.99
SUB0006240,CUST005632,PLAN01,2023-06-20,,Active,True,,,6.99
SUB0006241,CUST005633,PLAN02,2021-05-06,,Cancelled,True,2025-10-14,Found alternative platform,15.49
SUB0006242,CUST005634,PLAN01,2024-12-20,,Active,False,,,6.99
SUB0006243,CUST005635,PLAN01,2022-04-26,,Active,True,,,6.99
SUB0006244,CUST005636,PLAN01,2024-10-03,,Active,False,,,6.99
SUB0006245,CUST005637,PLAN01,2019-11-10,,Cancelled,True,2026-01-22,Too expensive,6.99
SUB0006246,CUST005638,PLAN02,2021-09-26,,Active,True,,,15.49
SUB0006247,CUST005639,PLAN01,2020-05-10,,Active,False,,,6.99
SUB0006248,CUST005640,PLAN03,2026-04-13,,Cancelled,True,2026-06-20,Payment issues,22.99
SUB0006249,CUST005641,PLAN01,2019-01-18,,Active,False,,,6.99
SUB0006250,CUST005642,PLAN02,2026-02-25,,Active,True,,,15.49
SUB0006251,CUST005643,PLAN03,2022-05-07,,Active,True,,,22.99
SUB0006252,CUST005644,PLAN01,2019-11-16,,Active,False,,,6.99
SUB0006253,CUST005645,PLAN02,2022-06-30,,Active,True,,,15.49
SUB0006254,CUST005646,PLAN01,2023-02-02,,Cancelled,True,2026-03-26,Found alternative platform,6.99
SUB0006255,CUST005647,PLAN01,2020-11-08,,Cancelled,True,2025-12-24,Payment issues,6.99
SUB0006256,CUST005648,PLAN03,2022-04-29,,Active,True,,,22.99
SUB0006257,CUST005649,PLAN01,2022-06-19,,Cancelled,True,2026-03-26,Payment issues,6.99
SUB0006258,CUST005650,PLAN03,2022-05-16,,Active,True,,,22.99
SUB0006259,CUST005651,PLAN01,2025-01-22,,Active,True,,,6.99
SUB0006260,CUST005652,PLAN01,2024-11-10,2025-12-19,Plan Changed,True,,,6.99
SUB0006261,CUST005652,PLAN01,2025-12-19,,Active,True,,,6.99
SUB0006262,CUST005653,PLAN01,2025-12-11,2026-05-16,Plan Changed,True,,,6.99
SUB0006263,CUST005653,PLAN01,2026-05-16,,Cancelled,True,2026-06-08,Not enough content,6.99
SUB0006264,CUST005654,PLAN01,2019-02-04,,Active,True,,,6.99
SUB0006265,CUST005655,PLAN03,2025-01-04,,Cancelled,True,2026-01-04,Too expensive,22.99
SUB0006266,CUST005656,PLAN02,2021-05-22,,Active,True,,,15.49
SUB0006267,CUST005657,PLAN01,2023-04-13,,Active,True,,,6.99
SUB0006268,CUST005658,PLAN03,2025-07-29,2025-11-02,Plan Changed,True,,,15.49
SUB0006269,CUST005658,PLAN02,2025-11-02,,Cancelled,True,2026-06-04,Poor customer service experience,15.49
SUB0006270,CUST005659,PLAN02,2020-01-21,,Cancelled,True,2026-02-27,Not enough content,15.49
SUB0006271,CUST005660,PLAN01,2023-05-29,,Cancelled,True,2026-03-27,Not enough content,6.99
SUB0006272,CUST005661,PLAN01,2026-05-06,,Active,True,,,6.99
SUB0006273,CUST005662,PLAN02,2023-08-31,,Active,True,,,15.49
SUB0006274,CUST005663,PLAN01,2023-03-20,,Active,True,,,6.99
SUB0006275,CUST005664,PLAN02,2023-07-09,,Active,True,,,15.49
SUB0006276,CUST005665,PLAN02,2025-11-28,,Active,True,,,15.49
SUB0006277,CUST005666,PLAN01,2021-02-01,,Active,True,,,6.99
SUB0006278,CUST005667,PLAN02,2025-10-21,,Active,True,,,15.49
SUB0006279,CUST005668,PLAN02,2022-09-17,,Cancelled,True,2026-06-04,Technical issues,15.49
SUB0006280,CUST005669,PLAN01,2020-12-25,,Active,True,,,6.99
SUB0006281,CUST005670,PLAN02,2023-08-22,,Active,True,,,15.49
SUB0006282,CUST005671,PLAN02,2020-06-28,2022-11-04,Plan Changed,True,,,6.99
SUB0006283,CUST005671,PLAN01,2022-11-04,,Cancelled,True,2026-06-03,Password sharing crackdown,6.99
SUB0006284,CUST005672,PLAN03,2021-02-13,2024-02-06,Plan Changed,False,,,15.49
SUB0006285,CUST005672,PLAN02,2024-02-06,,Active,False,,,15.49
SUB0006286,CUST005673,PLAN03,2021-08-29,,Active,True,,,22.99
SUB0006287,CUST005674,PLAN03,2020-07-31,,Active,True,,,22.99
SUB0006288,CUST005675,PLAN02,2019-01-07,,Active,True,,,15.49
SUB0006289,CUST005676,PLAN01,2023-12-16,2025-08-03,Plan Changed,True,,,6.99
SUB0006290,CUST005676,PLAN01,2025-08-03,,Active,True,,,6.99
SUB0006291,CUST005677,PLAN02,2022-06-03,,Active,True,,,15.49
SUB0006292,CUST005678,PLAN02,2025-02-20,,Cancelled,True,2026-05-22,Technical issues,15.49
SUB0006293,CUST005679,PLAN02,2022-11-17,,Active,True,,,15.49
SUB0006294,CUST005680,PLAN01,2021-09-20,,Active,True,,,6.99
SUB0006295,CUST005681,PLAN02,2019-11-14,,Active,False,,,15.49
SUB0006296,CUST005682,PLAN01,2022-02-25,2025-09-07,Plan Changed,True,,,6.99
SUB0006297,CUST005682,PLAN01,2025-09-07,,Active,True,,,6.99
SUB0006298,CUST005683,PLAN02,2020-08-10,,Active,True,,,15.49
SUB0006299,CUST005684,PLAN02,2021-08-15,2022-11-02,Plan Changed,True,,,6.99
SUB0006300,CUST005684,PLAN01,2022-11-02,,Active,True,,,6.99
SUB0006301,CUST005685,PLAN01,2019-06-29,,Active,True,,,6.99
SUB0006302,CUST005686,PLAN03,2021-11-20,,Active,True,,,22.99
SUB0006303,CUST005687,PLAN02,2021-10-08,,Active,True,,,15.49
SUB0006304,CUST005688,PLAN02,2025-11-24,2026-02-18,Plan Changed,True,,,15.49
SUB0006305,CUST005688,PLAN02,2026-02-18,,Cancelled,True,2026-01-03,Password sharing crackdown,15.49
SUB0006306,CUST005689,PLAN01,2020-04-13,2025-09-14,Plan Changed,True,,,6.99
SUB0006307,CUST005689,PLAN01,2025-09-14,,Active,True,,,6.99
SUB0006308,CUST005690,PLAN02,2021-06-20,,Active,True,,,15.49
SUB0006309,CUST005691,PLAN03,2024-05-08,,Active,True,,,22.99
SUB0006310,CUST005692,PLAN02,2021-02-22,,Active,True,,,15.49
SUB0006311,CUST005693,PLAN03,2024-09-04,,Cancelled,True,2026-05-10,Not enough content,22.99
SUB0006312,CUST005694,PLAN01,2024-12-26,,Cancelled,False,2026-05-05,Found alternative platform,6.99
SUB0006313,CUST005695,PLAN02,2024-07-17,2025-10-19,Plan Changed,False,,,6.99
SUB0006314,CUST005695,PLAN01,2025-10-19,,Cancelled,False,2026-06-15,Content quality decline,6.99
SUB0006315,CUST005696,PLAN01,2022-07-04,,Active,False,,,6.99
SUB0006316,CUST005697,PLAN01,2025-12-20,,Active,True,,,6.99
SUB0006317,CUST005698,PLAN02,2024-05-16,,Cancelled,False,2026-03-09,Found alternative platform,15.49
SUB0006318,CUST005699,PLAN03,2025-01-23,,Active,True,,,22.99
SUB0006319,CUST005700,PLAN02,2021-05-01,,Active,False,,,15.49
SUB0006320,CUST005701,PLAN01,2021-01-26,,Active,True,,,6.99
SUB0006321,CUST005702,PLAN02,2020-05-20,,Active,False,,,15.49
SUB0006322,CUST005703,PLAN01,2023-03-09,,Active,True,,,6.99
SUB0006323,CUST005704,PLAN02,2022-09-23,,Active,True,,,15.49
SUB0006324,CUST005705,PLAN02,2024-05-14,,Active,True,,,15.49
SUB0006325,CUST005706,PLAN01,2024-02-04,,Cancelled,True,2025-11-29,Payment issues,6.99
SUB0006326,CUST005707,PLAN02,2025-09-02,,Active,True,,,15.49
SUB0006327,CUST005708,PLAN01,2024-06-28,,Active,True,,,6.99
SUB0006328,CUST005709,PLAN03,2025-05-14,,Active,True,,,22.99
SUB0006329,CUST005710,PLAN01,2021-09-29,,Active,True,,,6.99
SUB0006330,CUST005711,PLAN01,2019-08-19,,Active,True,,,6.99
SUB0006331,CUST005712,PLAN01,2026-03-04,,Active,False,,,6.99
SUB0006332,CUST005713,PLAN02,2019-02-18,,Active,True,,,15.49
SUB0006333,CUST005714,PLAN02,2022-07-06,,Active,False,,,15.49
SUB0006334,CUST005715,PLAN01,2021-09-19,,Active,False,,,6.99
SUB0006335,CUST005716,PLAN02,2022-11-07,,Active,True,,,15.49
SUB0006336,CUST005717,PLAN01,2021-11-15,,Active,True,,,6.99
SUB0006337,CUST005718,PLAN01,2021-02-18,,Active,True,,,6.99
SUB0006338,CUST005719,PLAN03,2024-02-03,,Active,True,,,22.99
SUB0006339,CUST005720,PLAN01,2020-07-01,,Active,True,,,6.99
SUB0006340,CUST005721,PLAN02,2021-11-29,2025-01-26,Plan Changed,True,,,22.99
SUB0006341,CUST005721,PLAN03,2025-01-26,,Active,True,,,22.99
SUB0006342,CUST005722,PLAN01,2020-10-14,,Cancelled,True,2026-02-07,Too expensive,6.99
SUB0006343,CUST005723,PLAN03,2021-02-20,,Active,True,,,22.99
SUB0006344,CUST005724,PLAN01,2025-12-15,,Active,True,,,6.99
SUB0006345,CUST005725,PLAN02,2023-05-19,,Active,True,,,15.49
SUB0006346,CUST005726,PLAN01,2023-06-10,2024-08-15,Plan Changed,True,,,6.99
SUB0006347,CUST005726,PLAN01,2024-08-15,,Active,True,,,6.99
SUB0006348,CUST005727,PLAN01,2023-08-07,,Active,True,,,6.99
SUB0006349,CUST005728,PLAN03,2019-05-31,,Active,True,,,22.99
SUB0006350,CUST005729,PLAN02,2024-08-17,,Active,True,,,15.49
SUB0006351,CUST005730,PLAN01,2023-07-15,,Active,True,,,6.99
SUB0006352,CUST005731,PLAN01,2019-08-28,2025-03-12,Plan Changed,True,,,6.99
SUB0006353,CUST005731,PLAN01,2025-03-12,,Cancelled,True,2025-10-26,Too expensive,6.99
SUB0006354,CUST005732,PLAN03,2026-05-19,,Active,False,,,22.99
SUB0006355,CUST005733,PLAN02,2023-11-23,,Active,True,,,15.49
SUB0006356,CUST005734,PLAN02,2019-12-21,,Cancelled,True,2026-05-17,Moving / relocation,15.49
SUB0006357,CUST005735,PLAN01,2022-08-15,,Active,True,,,6.99
SUB0006358,CUST005736,PLAN01,2020-05-11,,Cancelled,True,2026-04-13,No longer needed,6.99
SUB0006359,CUST005737,PLAN02,2022-04-01,,Active,True,,,15.49
SUB0006360,CUST005738,PLAN01,2020-04-03,,Active,True,,,6.99
SUB0006361,CUST005739,PLAN02,2025-07-24,,Active,True,,,15.49
SUB0006362,CUST005740,PLAN01,2023-08-08,,Active,True,,,6.99
SUB0006363,CUST005741,PLAN02,2022-11-29,,Active,True,,,15.49
SUB0006364,CUST005742,PLAN02,2024-12-12,,Cancelled,False,2025-10-16,Payment issues,15.49
SUB0006365,CUST005743,PLAN01,2022-12-20,,Active,True,,,6.99
SUB0006366,CUST005744,PLAN02,2024-01-19,,Cancelled,False,2026-01-04,Found alternative platform,15.49
SUB0006367,CUST005745,PLAN03,2024-11-12,2025-05-16,Plan Changed,True,,,15.49
SUB0006368,CUST005745,PLAN02,2025-05-16,,Active,True,,,15.49
SUB0006369,CUST005746,PLAN01,2024-04-11,,Cancelled,True,2025-10-30,Not enough content,6.99
SUB0006370,CUST005747,PLAN01,2022-03-28,,Active,False,,,6.99
SUB0006371,CUST005748,PLAN01,2022-01-30,,Active,False,,,6.99
SUB0006372,CUST005749,PLAN02,2024-12-01,,Cancelled,True,2026-04-30,Too expensive,15.49
SUB0006373,CUST005750,PLAN01,2020-03-10,,Active,True,,,6.99
SUB0006374,CUST005751,PLAN01,2022-09-19,2026-06-18,Plan Changed,True,,,15.49
SUB0006375,CUST005751,PLAN02,2026-06-18,,Active,True,,,15.49
SUB0006376,CUST005752,PLAN01,2020-09-20,,Active,True,,,6.99
SUB0006377,CUST005753,PLAN02,2023-07-15,,Cancelled,True,2026-05-26,Too expensive,15.49
SUB0006378,CUST005754,PLAN01,2023-04-28,,Active,True,,,6.99
SUB0006379,CUST005755,PLAN03,2023-02-06,,Active,True,,,22.99
SUB0006380,CUST005756,PLAN03,2019-12-11,,Active,True,,,22.99
SUB0006381,CUST005757,PLAN01,2023-11-29,,Active,False,,,6.99
SUB0006382,CUST005758,PLAN01,2025-11-16,,Active,True,,,6.99
SUB0006383,CUST005759,PLAN02,2019-02-09,,Cancelled,True,2025-11-20,Technical issues,15.49
SUB0006384,CUST005760,PLAN03,2021-10-22,,Active,False,,,22.99
SUB0006385,CUST005761,PLAN01,2025-02-08,,Active,True,,,6.99
SUB0006386,CUST005762,PLAN03,2023-11-03,,Cancelled,False,2026-02-18,Payment issues,22.99
SUB0006387,CUST005763,PLAN02,2025-08-10,,Active,True,,,15.49
SUB0006388,CUST005764,PLAN01,2024-06-03,,Cancelled,True,2026-02-23,No longer needed,6.99
SUB0006389,CUST005765,PLAN02,2022-02-25,,Active,True,,,15.49
SUB0006390,CUST005766,PLAN01,2024-08-18,,Active,True,,,6.99
SUB0006391,CUST005767,PLAN01,2024-03-07,,Active,False,,,6.99
SUB0006392,CUST005768,PLAN01,2021-09-21,,Active,True,,,6.99
SUB0006393,CUST005769,PLAN02,2019-12-22,,Active,True,,,15.49
SUB0006394,CUST005770,PLAN01,2024-07-24,,Cancelled,False,2025-11-27,Technical issues,6.99
SUB0006395,CUST005771,PLAN01,2019-07-13,,Active,True,,,6.99
SUB0006396,CUST005772,PLAN02,2021-05-23,2024-01-01,Plan Changed,True,,,15.49
SUB0006397,CUST005772,PLAN02,2024-01-01,,Active,True,,,15.49
SUB0006398,CUST005773,PLAN02,2021-07-14,,Cancelled,True,2025-12-30,Found alternative platform,15.49
SUB0006399,CUST005774,PLAN01,2023-03-08,,Cancelled,False,2026-04-09,Technical issues,6.99
SUB0006400,CUST005775,PLAN02,2022-05-31,,Cancelled,True,2026-05-10,Too expensive,15.49
SUB0006401,CUST005776,PLAN01,2023-09-08,,Active,True,,,6.99
SUB0006402,CUST005777,PLAN03,2021-04-08,,Active,False,,,22.99
SUB0006403,CUST005778,PLAN03,2021-09-25,,Active,True,,,22.99
SUB0006404,CUST005779,PLAN02,2020-06-20,,Cancelled,True,2026-04-09,Moving / relocation,15.49
SUB0006405,CUST005780,PLAN01,2019-10-03,2021-05-07,Plan Changed,True,,,15.49
SUB0006406,CUST005780,PLAN02,2021-05-07,,Active,True,,,15.49
SUB0006407,CUST005781,PLAN01,2023-01-13,,Active,False,,,6.99
SUB0006408,CUST005782,PLAN01,2026-04-08,,Cancelled,True,2026-04-11,Found alternative platform,6.99
SUB0006409,CUST005783,PLAN01,2024-06-15,,Active,False,,,6.99
SUB0006410,CUST005784,PLAN03,2019-12-15,2023-02-21,Plan Changed,True,,,22.99
SUB0006411,CUST005784,PLAN03,2023-02-21,,Active,True,,,22.99
SUB0006412,CUST005785,PLAN03,2021-02-09,,Active,True,,,22.99
SUB0006413,CUST005786,PLAN03,2023-04-04,,Active,True,,,22.99
SUB0006414,CUST005787,PLAN02,2025-05-26,,Cancelled,True,2025-10-17,Found alternative platform,15.49
SUB0006415,CUST005788,PLAN01,2023-03-18,,Active,True,,,6.99
SUB0006416,CUST005789,PLAN01,2020-05-15,,Active,True,,,6.99
SUB0006417,CUST005790,PLAN01,2024-08-24,,Active,True,,,6.99
SUB0006418,CUST005791,PLAN01,2019-02-16,,Active,True,,,6.99
SUB0006419,CUST005792,PLAN02,2019-01-19,,Active,True,,,15.49
SUB0006420,CUST005793,PLAN02,2019-12-02,,Active,True,,,15.49
SUB0006421,CUST005794,PLAN02,2019-01-08,,Active,True,,,15.49
SUB0006422,CUST005795,PLAN03,2021-04-17,,Active,False,,,22.99
SUB0006423,CUST005796,PLAN03,2023-03-14,,Active,True,,,22.99
SUB0006424,CUST005797,PLAN02,2019-02-03,,Cancelled,True,2025-11-28,Not enough content,15.49
SUB0006425,CUST005798,PLAN02,2021-04-04,,Cancelled,True,2026-03-15,Too expensive,15.49
SUB0006426,CUST005799,PLAN01,2019-12-24,,Active,True,,,6.99
SUB0006427,CUST005800,PLAN01,2021-06-04,,Cancelled,False,2026-03-11,Poor customer service experience,6.99
SUB0006428,CUST005801,PLAN01,2020-02-06,,Active,True,,,6.99
SUB0006429,CUST005802,PLAN01,2025-10-14,,Active,True,,,6.99
SUB0006430,CUST005803,PLAN01,2026-04-28,,Cancelled,True,2026-06-20,Moving / relocation,6.99
SUB0006431,CUST005804,PLAN02,2022-05-31,,Active,False,,,15.49
SUB0006432,CUST005805,PLAN02,2026-05-14,,Active,True,,,15.49
SUB0006433,CUST005806,PLAN02,2024-11-21,,Active,True,,,15.49
SUB0006434,CUST005807,PLAN01,2023-12-05,,Cancelled,True,2026-01-01,Technical issues,6.99
SUB0006435,CUST005808,PLAN02,2019-03-16,,Active,False,,,15.49
SUB0006436,CUST005809,PLAN02,2021-12-03,2023-05-17,Plan Changed,False,,,22.99
SUB0006437,CUST005809,PLAN03,2023-05-17,,Active,False,,,22.99
SUB0006438,CUST005810,PLAN01,2019-02-11,2026-05-18,Plan Changed,True,,,6.99
SUB0006439,CUST005810,PLAN01,2026-05-18,,Active,True,,,6.99
SUB0006440,CUST005811,PLAN03,2026-03-17,,Active,True,,,22.99
SUB0006441,CUST005812,PLAN02,2021-12-28,,Active,True,,,15.49
SUB0006442,CUST005813,PLAN01,2024-11-01,,Cancelled,True,2026-06-12,Payment issues,6.99
SUB0006443,CUST005814,PLAN02,2021-06-27,2022-03-02,Plan Changed,False,,,6.99
SUB0006444,CUST005814,PLAN01,2022-03-02,,Active,False,,,6.99
SUB0006445,CUST005815,PLAN01,2024-12-06,,Cancelled,True,2025-12-16,Found alternative platform,6.99
SUB0006446,CUST005816,PLAN01,2023-05-03,,Active,True,,,6.99
SUB0006447,CUST005817,PLAN01,2022-06-07,,Cancelled,False,2025-11-01,Technical issues,6.99
SUB0006448,CUST005818,PLAN02,2025-09-18,,Cancelled,True,2026-03-28,Payment issues,15.49
SUB0006449,CUST005819,PLAN03,2020-02-02,,Active,True,,,22.99
SUB0006450,CUST005820,PLAN01,2020-01-09,,Cancelled,True,2026-03-06,Technical issues,6.99
SUB0006451,CUST005821,PLAN01,2020-01-17,,Active,False,,,6.99
SUB0006452,CUST005822,PLAN02,2019-09-18,,Active,True,,,15.49
SUB0006453,CUST005823,PLAN03,2021-05-24,,Active,True,,,22.99
SUB0006454,CUST005824,PLAN02,2019-05-18,,Cancelled,True,2026-06-13,Not enough content,15.49
SUB0006455,CUST005825,PLAN02,2023-08-15,,Active,True,,,15.49
SUB0006456,CUST005826,PLAN02,2020-06-15,,Active,True,,,15.49
SUB0006457,CUST005827,PLAN01,2022-07-23,,Cancelled,False,2026-01-26,Technical issues,6.99
SUB0006458,CUST005828,PLAN02,2019-08-16,,Active,True,,,15.49
SUB0006459,CUST005829,PLAN03,2024-04-30,,Active,True,,,22.99
SUB0006460,CUST005830,PLAN01,2019-06-12,,Active,True,,,6.99
SUB0006461,CUST005831,PLAN01,2026-01-09,,Active,True,,,6.99
SUB0006462,CUST005832,PLAN01,2024-07-25,,Active,True,,,6.99
SUB0006463,CUST005833,PLAN02,2021-06-07,,Active,True,,,15.49
SUB0006464,CUST005834,PLAN01,2024-06-26,,Active,False,,,6.99
SUB0006465,CUST005835,PLAN01,2025-02-02,,Active,True,,,6.99
SUB0006466,CUST005836,PLAN01,2024-09-04,,Active,True,,,6.99
SUB0006467,CUST005837,PLAN01,2019-08-02,,Active,False,,,6.99
SUB0006468,CUST005838,PLAN02,2025-06-26,,Active,True,,,15.49
SUB0006469,CUST005839,PLAN02,2026-02-20,,Cancelled,True,2026-06-19,Too expensive,15.49
SUB0006470,CUST005840,PLAN02,2023-04-02,,Active,True,,,15.49
SUB0006471,CUST005841,PLAN02,2025-12-26,,Active,True,,,15.49
SUB0006472,CUST005842,PLAN01,2023-01-12,,Active,True,,,6.99
SUB0006473,CUST005843,PLAN01,2022-03-08,2026-04-06,Plan Changed,True,,,22.99
SUB0006474,CUST005843,PLAN03,2026-04-06,,Active,True,,,22.99
SUB0006475,CUST005844,PLAN01,2019-03-22,,Cancelled,True,2025-11-17,Technical issues,6.99
SUB0006476,CUST005845,PLAN03,2025-05-06,,Active,True,,,22.99
SUB0006477,CUST005846,PLAN02,2020-11-14,2022-01-15,Plan Changed,True,,,22.99
SUB0006478,CUST005846,PLAN03,2022-01-15,,Active,True,,,22.99
SUB0006479,CUST005847,PLAN03,2022-02-02,,Active,True,,,22.99
SUB0006480,CUST005848,PLAN02,2022-01-23,,Active,True,,,15.49
SUB0006481,CUST005849,PLAN02,2023-11-02,,Cancelled,True,2026-05-05,Moving / relocation,15.49
SUB0006482,CUST005850,PLAN01,2023-09-19,,Active,True,,,6.99
SUB0006483,CUST005851,PLAN02,2024-11-02,,Cancelled,True,2025-12-11,Content quality decline,15.49
SUB0006484,CUST005852,PLAN01,2020-07-10,,Active,True,,,6.99
SUB0006485,CUST005853,PLAN01,2024-11-08,2025-01-16,Plan Changed,True,,,6.99
SUB0006486,CUST005853,PLAN01,2025-01-16,,Active,True,,,6.99
SUB0006487,CUST005854,PLAN01,2026-01-28,,Active,False,,,6.99
SUB0006488,CUST005855,PLAN02,2025-10-24,,Active,True,,,15.49
SUB0006489,CUST005856,PLAN02,2020-11-04,,Active,True,,,15.49
SUB0006490,CUST005857,PLAN03,2019-05-15,,Cancelled,True,2026-03-29,Technical issues,22.99
SUB0006491,CUST005858,PLAN01,2022-04-04,,Cancelled,True,2025-12-19,Technical issues,6.99
SUB0006492,CUST005859,PLAN02,2020-11-30,,Cancelled,True,2025-11-01,Found alternative platform,15.49
SUB0006493,CUST005860,PLAN01,2023-04-30,,Active,False,,,6.99
SUB0006494,CUST005861,PLAN01,2024-03-17,,Active,True,,,6.99
SUB0006495,CUST005862,PLAN02,2020-05-08,,Cancelled,True,2026-04-06,No longer needed,15.49
SUB0006496,CUST005863,PLAN01,2024-07-28,,Active,True,,,6.99
SUB0006497,CUST005864,PLAN01,2022-07-09,,Active,True,,,6.99
SUB0006498,CUST005865,PLAN03,2022-07-23,,Active,True,,,22.99
SUB0006499,CUST005866,PLAN01,2022-07-26,,Cancelled,True,2025-12-29,Too expensive,6.99
SUB0006500,CUST005867,PLAN03,2022-04-23,,Active,True,,,22.99
SUB0006501,CUST005868,PLAN01,2020-12-21,,Active,False,,,6.99
SUB0006502,CUST005869,PLAN02,2025-02-15,,Active,True,,,15.49
SUB0006503,CUST005870,PLAN01,2019-12-27,,Active,True,,,6.99
SUB0006504,CUST005871,PLAN01,2021-07-19,,Active,True,,,6.99
SUB0006505,CUST005872,PLAN03,2022-08-04,,Active,True,,,22.99
SUB0006506,CUST005873,PLAN01,2020-12-06,,Active,True,,,6.99
SUB0006507,CUST005874,PLAN01,2020-10-24,,Active,True,,,6.99
SUB0006508,CUST005875,PLAN02,2024-01-15,,Cancelled,True,2026-01-03,Not enough content,15.49
SUB0006509,CUST005876,PLAN01,2021-03-04,,Active,True,,,6.99
SUB0006510,CUST005877,PLAN03,2025-12-03,,Active,True,,,22.99
SUB0006511,CUST005878,PLAN01,2025-12-16,,Cancelled,False,2026-02-27,Poor customer service experience,6.99
SUB0006512,CUST005879,PLAN02,2026-03-28,,Active,True,,,15.49
SUB0006513,CUST005880,PLAN03,2021-07-02,,Active,True,,,22.99
SUB0006514,CUST005881,PLAN01,2023-09-07,,Active,True,,,6.99
SUB0006515,CUST005882,PLAN02,2021-08-12,,Active,True,,,15.49
SUB0006516,CUST005883,PLAN02,2022-04-25,,Active,False,,,15.49
SUB0006517,CUST005884,PLAN01,2019-09-23,,Active,True,,,6.99
SUB0006518,CUST005885,PLAN01,2024-10-17,,Active,True,,,6.99
SUB0006519,CUST005886,PLAN01,2020-01-28,,Active,True,,,6.99
SUB0006520,CUST005887,PLAN01,2023-02-13,,Active,True,,,6.99
SUB0006521,CUST005888,PLAN03,2023-05-14,2025-06-27,Plan Changed,True,,,15.49
SUB0006522,CUST005888,PLAN02,2025-06-27,,Cancelled,True,2026-01-31,No longer needed,15.49
SUB0006523,CUST005889,PLAN01,2024-10-08,,Active,True,,,6.99
SUB0006524,CUST005890,PLAN02,2022-06-01,,Active,True,,,15.49
SUB0006525,CUST005891,PLAN02,2019-03-08,,Active,False,,,15.49
SUB0006526,CUST005892,PLAN03,2024-12-10,,Cancelled,True,2026-06-12,Content quality decline,22.99
SUB0006527,CUST005893,PLAN01,2021-04-21,,Active,False,,,6.99
SUB0006528,CUST005894,PLAN01,2025-05-01,,Active,True,,,6.99
SUB0006529,CUST005895,PLAN01,2024-08-08,,Active,True,,,6.99
SUB0006530,CUST005896,PLAN01,2021-05-18,,Active,False,,,6.99
SUB0006531,CUST005897,PLAN01,2025-07-21,,Cancelled,True,2026-05-11,Too expensive,6.99
SUB0006532,CUST005898,PLAN03,2021-08-21,,Active,True,,,22.99
SUB0006533,CUST005899,PLAN03,2024-08-18,,Active,True,,,22.99
SUB0006534,CUST005900,PLAN03,2021-12-01,,Active,True,,,22.99
SUB0006535,CUST005901,PLAN02,2023-05-29,,Active,True,,,15.49
SUB0006536,CUST005902,PLAN01,2024-10-27,,Cancelled,False,2026-01-19,Found alternative platform,6.99
SUB0006537,CUST005903,PLAN01,2021-09-20,,Active,True,,,6.99
SUB0006538,CUST005904,PLAN01,2024-01-01,,Cancelled,True,2026-06-12,Moving / relocation,6.99
SUB0006539,CUST005905,PLAN03,2025-07-01,,Cancelled,True,2026-02-18,Poor customer service experience,22.99
SUB0006540,CUST005906,PLAN01,2024-03-09,,Active,False,,,6.99
SUB0006541,CUST005907,PLAN01,2020-01-06,,Cancelled,True,2026-02-22,Found alternative platform,6.99
SUB0006542,CUST005908,PLAN02,2025-11-19,,Active,True,,,15.49
SUB0006543,CUST005909,PLAN01,2020-06-18,2020-09-25,Plan Changed,True,,,6.99
SUB0006544,CUST005909,PLAN01,2020-09-25,,Active,True,,,6.99
SUB0006545,CUST005910,PLAN01,2024-01-24,,Active,True,,,6.99
SUB0006546,CUST005911,PLAN01,2021-04-11,,Active,False,,,6.99
SUB0006547,CUST005912,PLAN02,2020-02-07,,Active,True,,,15.49
SUB0006548,CUST005913,PLAN02,2019-01-18,,Cancelled,True,2026-01-20,Not enough content,15.49
SUB0006549,CUST005914,PLAN03,2020-04-13,,Active,False,,,22.99
SUB0006550,CUST005915,PLAN02,2024-11-10,,Active,True,,,15.49
SUB0006551,CUST005916,PLAN01,2021-04-17,,Cancelled,True,2026-05-16,Not enough content,6.99
SUB0006552,CUST005917,PLAN02,2024-02-04,,Active,True,,,15.49
SUB0006553,CUST005918,PLAN01,2024-06-23,,Cancelled,True,2026-05-02,Too expensive,6.99
SUB0006554,CUST005919,PLAN01,2020-02-06,,Cancelled,True,2026-01-17,Not enough content,6.99
SUB0006555,CUST005920,PLAN03,2024-09-14,,Active,False,,,22.99
SUB0006556,CUST005921,PLAN02,2020-08-23,2021-12-27,Plan Changed,False,,,22.99
SUB0006557,CUST005921,PLAN03,2021-12-27,,Active,False,,,22.99
SUB0006558,CUST005922,PLAN01,2021-11-27,,Active,False,,,6.99
SUB0006559,CUST005923,PLAN01,2021-09-27,,Active,True,,,6.99
SUB0006560,CUST005924,PLAN02,2023-10-06,2026-04-08,Plan Changed,False,,,6.99
SUB0006561,CUST005924,PLAN01,2026-04-08,,Active,False,,,6.99
SUB0006562,CUST005925,PLAN01,2020-07-05,,Cancelled,True,2026-04-29,Password sharing crackdown,6.99
SUB0006563,CUST005926,PLAN03,2024-06-20,,Active,True,,,22.99
SUB0006564,CUST005927,PLAN02,2025-10-23,,Cancelled,True,2026-01-30,Not enough content,15.49
SUB0006565,CUST005928,PLAN03,2023-10-26,,Cancelled,False,2026-06-18,Not enough content,22.99
SUB0006566,CUST005929,PLAN01,2025-04-14,,Cancelled,True,2026-05-12,Payment issues,6.99
SUB0006567,CUST005930,PLAN03,2023-07-30,,Active,False,,,22.99
SUB0006568,CUST005931,PLAN01,2026-01-12,,Cancelled,False,2026-06-07,Content quality decline,6.99
SUB0006569,CUST005932,PLAN01,2024-12-05,,Active,True,,,6.99
SUB0006570,CUST005933,PLAN02,2023-03-07,,Active,True,,,15.49
SUB0006571,CUST005934,PLAN01,2019-12-03,,Active,True,,,6.99
SUB0006572,CUST005935,PLAN02,2022-06-08,2025-05-08,Plan Changed,False,,,15.49
SUB0006573,CUST005935,PLAN02,2025-05-08,,Cancelled,False,2026-03-22,Content quality decline,15.49
SUB0006574,CUST005936,PLAN02,2019-07-18,,Cancelled,False,2025-11-05,Poor customer service experience,15.49
SUB0006575,CUST005937,PLAN02,2019-12-13,,Active,False,,,15.49
SUB0006576,CUST005938,PLAN02,2022-09-23,,Active,True,,,15.49
SUB0006577,CUST005939,PLAN01,2021-04-15,,Active,True,,,6.99
SUB0006578,CUST005940,PLAN02,2020-12-11,2023-04-28,Plan Changed,False,,,15.49
SUB0006579,CUST005940,PLAN02,2023-04-28,,Active,False,,,15.49
SUB0006580,CUST005941,PLAN03,2021-08-20,,Active,True,,,22.99
SUB0006581,CUST005942,PLAN02,2023-10-04,2024-02-27,Plan Changed,True,,,22.99
SUB0006582,CUST005942,PLAN03,2024-02-27,,Active,True,,,22.99
SUB0006583,CUST005943,PLAN01,2021-09-14,,Active,True,,,6.99
SUB0006584,CUST005944,PLAN01,2022-01-31,,Active,True,,,6.99
SUB0006585,CUST005945,PLAN01,2021-11-12,,Active,False,,,6.99
SUB0006586,CUST005946,PLAN02,2023-12-24,,Active,True,,,15.49
SUB0006587,CUST005947,PLAN01,2021-05-18,,Active,True,,,6.99
SUB0006588,CUST005948,PLAN02,2025-06-03,,Active,True,,,15.49
SUB0006589,CUST005949,PLAN01,2023-11-19,,Active,True,,,6.99
SUB0006590,CUST005950,PLAN01,2023-01-04,,Active,True,,,6.99
SUB0006591,CUST005951,PLAN01,2022-07-28,,Active,True,,,6.99
SUB0006592,CUST005952,PLAN01,2020-05-17,,Active,True,,,6.99
SUB0006593,CUST005953,PLAN01,2019-11-08,,Cancelled,True,2026-05-11,Too expensive,6.99
SUB0006594,CUST005954,PLAN01,2024-11-08,,Cancelled,True,2025-11-16,Found alternative platform,6.99
SUB0006595,CUST005955,PLAN01,2020-07-02,,Active,True,,,6.99
SUB0006596,CUST005956,PLAN03,2020-04-24,,Active,True,,,22.99
SUB0006597,CUST005957,PLAN03,2022-04-13,2025-10-15,Plan Changed,True,,,22.99
SUB0006598,CUST005957,PLAN03,2025-10-15,,Cancelled,True,2026-06-10,Found alternative platform,22.99
SUB0006599,CUST005958,PLAN02,2022-03-10,,Active,True,,,15.49
SUB0006600,CUST005959,PLAN01,2021-02-18,,Active,False,,,6.99
SUB0006601,CUST005960,PLAN02,2025-04-06,,Active,True,,,15.49
SUB0006602,CUST005961,PLAN01,2023-07-08,,Cancelled,True,2026-01-11,Moving / relocation,6.99
SUB0006603,CUST005962,PLAN01,2021-09-10,,Active,True,,,6.99
SUB0006604,CUST005963,PLAN01,2021-06-03,,Active,True,,,6.99
SUB0006605,CUST005964,PLAN03,2025-10-27,2026-01-24,Plan Changed,True,,,15.49
SUB0006606,CUST005964,PLAN02,2026-01-24,,Active,True,,,15.49
SUB0006607,CUST005965,PLAN02,2025-12-08,2026-05-01,Plan Changed,True,,,15.49
SUB0006608,CUST005965,PLAN02,2026-05-01,,Cancelled,True,2026-01-18,Poor customer service experience,15.49
SUB0006609,CUST005966,PLAN01,2024-05-29,,Cancelled,True,2025-12-04,Payment issues,6.99
SUB0006610,CUST005967,PLAN02,2024-01-13,,Active,True,,,15.49
SUB0006611,CUST005968,PLAN02,2026-01-23,,Active,True,,,15.49
SUB0006612,CUST005969,PLAN01,2022-12-10,,Active,True,,,6.99
SUB0006613,CUST005970,PLAN02,2023-11-16,2024-10-02,Plan Changed,False,,,22.99
SUB0006614,CUST005970,PLAN03,2024-10-02,,Active,False,,,22.99
SUB0006615,CUST005971,PLAN03,2024-11-26,,Active,True,,,22.99
SUB0006616,CUST005972,PLAN02,2024-10-18,,Active,True,,,15.49
SUB0006617,CUST005973,PLAN02,2024-06-30,,Active,False,,,15.49
SUB0006618,CUST005974,PLAN02,2025-09-20,,Active,True,,,15.49
SUB0006619,CUST005975,PLAN02,2019-01-18,,Active,True,,,15.49
SUB0006620,CUST005976,PLAN01,2020-12-02,,Active,True,,,6.99
SUB0006621,CUST005977,PLAN02,2024-06-30,,Active,True,,,15.49
SUB0006622,CUST005978,PLAN03,2020-07-04,,Active,True,,,22.99
SUB0006623,CUST005979,PLAN03,2025-08-14,2026-03-27,Plan Changed,True,,,6.99
SUB0006624,CUST005979,PLAN01,2026-03-27,,Active,True,,,6.99
SUB0006625,CUST005980,PLAN02,2023-04-29,,Active,True,,,15.49
SUB0006626,CUST005981,PLAN02,2021-03-15,2023-08-17,Plan Changed,True,,,6.99
SUB0006627,CUST005981,PLAN01,2023-08-17,,Active,True,,,6.99
SUB0006628,CUST005982,PLAN01,2024-02-20,,Active,True,,,6.99
SUB0006629,CUST005983,PLAN02,2019-11-03,,Active,True,,,15.49
SUB0006630,CUST005984,PLAN02,2023-10-08,,Active,True,,,15.49
SUB0006631,CUST005985,PLAN03,2021-04-28,2025-02-07,Plan Changed,False,,,6.99
SUB0006632,CUST005985,PLAN01,2025-02-07,,Active,False,,,6.99
SUB0006633,CUST005986,PLAN01,2022-04-29,,Active,False,,,6.99
SUB0006634,CUST005987,PLAN03,2025-08-06,,Active,False,,,22.99
SUB0006635,CUST005988,PLAN02,2019-04-12,2022-12-15,Plan Changed,True,,,6.99
SUB0006636,CUST005988,PLAN01,2022-12-15,,Active,True,,,6.99
SUB0006637,CUST005989,PLAN01,2022-03-21,,Cancelled,True,2026-05-20,Household budget cuts,6.99
SUB0006638,CUST005990,PLAN02,2021-01-08,,Cancelled,True,2026-06-30,Found alternative platform,15.49
SUB0006639,CUST005991,PLAN02,2020-09-11,,Cancelled,False,2025-12-16,Technical issues,15.49
SUB0006640,CUST005992,PLAN03,2025-07-05,,Active,True,,,22.99
SUB0006641,CUST005993,PLAN01,2021-04-03,,Active,True,,,6.99
SUB0006642,CUST005994,PLAN03,2020-01-07,,Active,True,,,22.99
SUB0006643,CUST005995,PLAN02,2024-01-29,,Active,True,,,15.49
SUB0006644,CUST005996,PLAN01,2020-01-10,,Active,True,,,6.99
SUB0006645,CUST005997,PLAN02,2025-08-16,,Active,True,,,15.49
SUB0006646,CUST005998,PLAN02,2019-01-20,2019-07-20,Plan Changed,True,,,6.99
SUB0006647,CUST005998,PLAN01,2019-07-20,,Active,True,,,6.99
SUB0006648,CUST005999,PLAN03,2023-08-30,,Active,True,,,22.99
SUB0006649,CUST006000,PLAN02,2025-11-04,,Active,True,,,15.49
SUB0006650,CUST006001,PLAN02,2022-03-26,,Cancelled,True,2025-10-03,Not enough content,15.49
SUB0006651,CUST006002,PLAN01,2022-02-15,,Active,False,,,6.99
SUB0006652,CUST006003,PLAN01,2023-05-02,,Active,True,,,6.99
SUB0006653,CUST006004,PLAN01,2023-05-12,,Active,True,,,6.99
SUB0006654,CUST006005,PLAN02,2019-03-05,,Active,True,,,15.49
SUB0006655,CUST006006,PLAN02,2024-07-12,2025-10-30,Plan Changed,True,,,6.99
SUB0006656,CUST006006,PLAN01,2025-10-30,,Active,True,,,6.99
SUB0006657,CUST006007,PLAN02,2026-02-23,,Active,True,,,15.49
SUB0006658,CUST006008,PLAN01,2021-09-21,,Cancelled,True,2026-03-28,Not enough content,6.99
SUB0006659,CUST006009,PLAN01,2025-03-27,,Active,True,,,6.99
SUB0006660,CUST006010,PLAN02,2024-02-06,,Active,True,,,15.49
SUB0006661,CUST006011,PLAN03,2020-12-06,,Cancelled,False,2026-06-27,Not enough content,22.99
SUB0006662,CUST006012,PLAN02,2022-02-26,,Active,True,,,15.49
SUB0006663,CUST006013,PLAN03,2019-02-24,,Cancelled,False,2026-06-03,Household budget cuts,22.99
SUB0006664,CUST006014,PLAN01,2022-10-27,2023-03-10,Plan Changed,True,,,15.49
SUB0006665,CUST006014,PLAN02,2023-03-10,,Cancelled,True,2026-02-12,Too expensive,15.49
SUB0006666,CUST006015,PLAN01,2023-06-08,,Cancelled,True,2026-01-12,Too expensive,6.99
SUB0006667,CUST006016,PLAN02,2023-03-02,,Active,True,,,15.49
SUB0006668,CUST006017,PLAN02,2019-03-13,2023-05-16,Plan Changed,False,,,6.99
SUB0006669,CUST006017,PLAN01,2023-05-16,,Active,False,,,6.99
SUB0006670,CUST006018,PLAN02,2019-10-26,2024-03-23,Plan Changed,False,,,15.49
SUB0006671,CUST006018,PLAN02,2024-03-23,,Active,False,,,15.49
SUB0006672,CUST006019,PLAN02,2021-09-02,,Active,False,,,15.49
SUB0006673,CUST006020,PLAN02,2023-08-24,,Cancelled,True,2025-11-13,Not enough content,15.49
SUB0006674,CUST006021,PLAN02,2022-11-30,,Active,True,,,15.49
SUB0006675,CUST006022,PLAN01,2020-10-13,,Active,True,,,6.99
SUB0006676,CUST006023,PLAN01,2025-04-30,,Active,False,,,6.99
SUB0006677,CUST006024,PLAN02,2025-10-13,,Active,True,,,15.49
SUB0006678,CUST006025,PLAN01,2020-01-05,,Cancelled,False,2025-10-06,Too expensive,6.99
SUB0006679,CUST006026,PLAN02,2025-02-15,,Active,True,,,15.49
SUB0006680,CUST006027,PLAN03,2023-10-08,,Active,True,,,22.99
SUB0006681,CUST006028,PLAN02,2019-01-06,,Active,True,,,15.49
SUB0006682,CUST006029,PLAN03,2022-11-08,,Active,True,,,22.99
SUB0006683,CUST006030,PLAN02,2021-12-27,,Cancelled,True,2026-04-12,Poor customer service experience,15.49
SUB0006684,CUST006031,PLAN02,2025-11-26,,Active,True,,,15.49
SUB0006685,CUST006032,PLAN01,2021-02-17,2026-04-02,Plan Changed,True,,,6.99
SUB0006686,CUST006032,PLAN01,2026-04-02,,Active,True,,,6.99
SUB0006687,CUST006033,PLAN01,2021-11-23,2025-01-05,Plan Changed,True,,,6.99
SUB0006688,CUST006033,PLAN01,2025-01-05,,Active,True,,,6.99
SUB0006689,CUST006034,PLAN02,2023-08-15,2025-04-21,Plan Changed,True,,,6.99
SUB0006690,CUST006034,PLAN01,2025-04-21,,Active,True,,,6.99
SUB0006691,CUST006035,PLAN01,2024-04-21,2026-01-06,Plan Changed,True,,,15.49
SUB0006692,CUST006035,PLAN02,2026-01-06,,Cancelled,True,2026-02-24,Content quality decline,15.49
SUB0006693,CUST006036,PLAN01,2024-05-12,,Active,True,,,6.99
SUB0006694,CUST006037,PLAN01,2020-03-05,,Active,True,,,6.99
SUB0006695,CUST006038,PLAN01,2019-07-23,,Active,True,,,6.99
SUB0006696,CUST006039,PLAN02,2019-07-09,,Active,True,,,15.49
SUB0006697,CUST006040,PLAN01,2021-12-06,,Active,True,,,6.99
SUB0006698,CUST006041,PLAN02,2024-10-30,,Active,True,,,15.49
SUB0006699,CUST006042,PLAN01,2022-03-05,,Active,True,,,6.99
SUB0006700,CUST006043,PLAN03,2019-12-12,,Active,True,,,22.99
SUB0006701,CUST006044,PLAN02,2024-07-21,,Active,True,,,15.49
SUB0006702,CUST006045,PLAN01,2023-08-01,,Cancelled,False,2026-01-01,Too expensive,6.99
SUB0006703,CUST006046,PLAN01,2020-04-25,,Active,True,,,6.99
SUB0006704,CUST006047,PLAN02,2025-10-20,,Active,True,,,15.49
SUB0006705,CUST006048,PLAN02,2026-02-13,,Active,True,,,15.49
SUB0006706,CUST006049,PLAN02,2022-02-13,,Active,True,,,15.49
SUB0006707,CUST006050,PLAN02,2022-07-13,,Active,True,,,15.49
SUB0006708,CUST006051,PLAN02,2024-06-10,,Cancelled,True,2026-05-19,Household budget cuts,15.49
SUB0006709,CUST006052,PLAN01,2024-10-27,,Active,True,,,6.99
SUB0006710,CUST006053,PLAN01,2022-04-11,,Cancelled,True,2025-12-29,Not enough content,6.99
SUB0006711,CUST006054,PLAN03,2023-03-14,,Active,True,,,22.99
SUB0006712,CUST006055,PLAN01,2020-01-12,,Active,True,,,6.99
SUB0006713,CUST006056,PLAN03,2020-12-24,,Active,True,,,22.99
SUB0006714,CUST006057,PLAN01,2024-11-09,,Active,True,,,6.99
SUB0006715,CUST006058,PLAN02,2023-09-20,,Active,True,,,15.49
SUB0006716,CUST006059,PLAN01,2023-11-03,2024-07-25,Plan Changed,True,,,6.99
SUB0006717,CUST006059,PLAN01,2024-07-25,,Active,True,,,6.99
SUB0006718,CUST006060,PLAN02,2024-10-11,,Active,True,,,15.49
SUB0006719,CUST006061,PLAN02,2024-07-05,,Active,True,,,15.49
SUB0006720,CUST006062,PLAN03,2021-06-27,,Active,True,,,22.99
SUB0006721,CUST006063,PLAN03,2021-04-08,,Active,True,,,22.99
SUB0006722,CUST006064,PLAN02,2022-11-29,,Active,True,,,15.49
SUB0006723,CUST006065,PLAN02,2020-03-22,,Active,True,,,15.49
SUB0006724,CUST006066,PLAN01,2026-02-12,,Cancelled,True,2026-05-06,Technical issues,6.99
SUB0006725,CUST006067,PLAN02,2026-01-01,,Cancelled,True,2026-04-27,No longer needed,15.49
SUB0006726,CUST006068,PLAN03,2023-04-22,,Active,True,,,22.99
SUB0006727,CUST006069,PLAN03,2025-01-22,,Active,True,,,22.99
SUB0006728,CUST006070,PLAN02,2021-07-28,,Active,True,,,15.49
SUB0006729,CUST006071,PLAN02,2022-08-28,,Active,False,,,15.49
SUB0006730,CUST006072,PLAN02,2025-10-03,,Cancelled,False,2026-02-05,Technical issues,15.49
SUB0006731,CUST006073,PLAN03,2025-04-30,2026-04-12,Plan Changed,True,,,22.99
SUB0006732,CUST006073,PLAN03,2026-04-12,,Active,True,,,22.99
SUB0006733,CUST006074,PLAN01,2024-12-29,,Cancelled,True,2026-01-20,Password sharing crackdown,6.99
SUB0006734,CUST006075,PLAN02,2022-03-18,,Active,True,,,15.49
SUB0006735,CUST006076,PLAN01,2023-02-11,,Cancelled,True,2026-06-29,Too expensive,6.99
SUB0006736,CUST006077,PLAN02,2024-02-19,,Cancelled,True,2025-10-17,Too expensive,15.49
SUB0006737,CUST006078,PLAN02,2020-10-20,,Active,True,,,15.49
SUB0006738,CUST006079,PLAN01,2025-12-03,,Active,True,,,6.99
SUB0006739,CUST006080,PLAN01,2019-01-28,,Active,False,,,6.99
SUB0006740,CUST006081,PLAN02,2020-07-09,,Active,True,,,15.49
SUB0006741,CUST006082,PLAN03,2023-10-05,,Active,True,,,22.99
SUB0006742,CUST006083,PLAN03,2021-06-07,2023-03-02,Plan Changed,True,,,15.49
SUB0006743,CUST006083,PLAN02,2023-03-02,,Active,True,,,15.49
SUB0006744,CUST006084,PLAN02,2019-07-31,2024-01-31,Plan Changed,True,,,15.49
SUB0006745,CUST006084,PLAN02,2024-01-31,,Cancelled,True,2026-05-01,Too expensive,15.49
SUB0006746,CUST006085,PLAN03,2022-02-15,,Active,True,,,22.99
SUB0006747,CUST006086,PLAN01,2021-10-16,,Active,True,,,6.99
SUB0006748,CUST006087,PLAN02,2025-06-02,,Active,True,,,15.49
SUB0006749,CUST006088,PLAN01,2023-05-10,,Active,True,,,6.99
SUB0006750,CUST006089,PLAN02,2019-12-29,,Active,True,,,15.49
SUB0006751,CUST006090,PLAN01,2022-08-29,,Cancelled,True,2026-02-14,Password sharing crackdown,6.99
SUB0006752,CUST006091,PLAN01,2025-01-30,,Active,True,,,6.99
SUB0006753,CUST006092,PLAN02,2022-09-03,,Active,True,,,15.49
SUB0006754,CUST006093,PLAN01,2023-05-09,,Active,True,,,6.99
SUB0006755,CUST006094,PLAN03,2025-01-24,,Cancelled,True,2026-01-07,Technical issues,22.99
SUB0006756,CUST006095,PLAN01,2025-02-12,,Cancelled,False,2026-05-15,No longer needed,6.99
SUB0006757,CUST006096,PLAN03,2020-01-29,2026-06-11,Plan Changed,False,,,15.49
SUB0006758,CUST006096,PLAN02,2026-06-11,,Active,False,,,15.49
SUB0006759,CUST006097,PLAN02,2025-08-03,2025-10-28,Plan Changed,True,,,15.49
SUB0006760,CUST006097,PLAN02,2025-10-28,,Cancelled,True,2025-12-20,Not enough content,15.49
SUB0006761,CUST006098,PLAN03,2021-06-15,,Active,True,,,22.99
SUB0006762,CUST006099,PLAN01,2021-05-02,2023-02-08,Plan Changed,True,,,6.99
SUB0006763,CUST006099,PLAN01,2023-02-08,,Active,True,,,6.99
SUB0006764,CUST006100,PLAN01,2020-10-15,2024-05-22,Plan Changed,False,,,22.99
SUB0006765,CUST006100,PLAN03,2024-05-22,,Active,False,,,22.99
SUB0006766,CUST006101,PLAN02,2021-06-10,,Active,True,,,15.49
SUB0006767,CUST006102,PLAN02,2024-05-24,,Cancelled,True,2026-03-05,Technical issues,15.49
SUB0006768,CUST006103,PLAN01,2023-05-23,,Active,True,,,6.99
SUB0006769,CUST006104,PLAN01,2023-12-10,,Active,False,,,6.99
SUB0006770,CUST006105,PLAN01,2024-12-17,,Active,True,,,6.99
SUB0006771,CUST006106,PLAN02,2026-02-21,,Active,False,,,15.49
SUB0006772,CUST006107,PLAN01,2023-07-07,,Active,True,,,6.99
SUB0006773,CUST006108,PLAN03,2020-08-17,,Active,True,,,22.99
SUB0006774,CUST006109,PLAN01,2023-08-14,,Cancelled,True,2026-05-19,Found alternative platform,6.99
SUB0006775,CUST006110,PLAN01,2024-08-31,,Cancelled,True,2026-01-31,Too expensive,6.99
SUB0006776,CUST006111,PLAN02,2021-08-01,2024-07-03,Plan Changed,True,,,6.99
SUB0006777,CUST006111,PLAN01,2024-07-03,,Cancelled,True,2026-01-10,Found alternative platform,6.99
SUB0006778,CUST006112,PLAN01,2024-04-10,,Active,True,,,6.99
SUB0006779,CUST006113,PLAN01,2023-10-28,,Cancelled,True,2026-05-30,Too expensive,6.99
SUB0006780,CUST006114,PLAN01,2019-07-27,,Active,True,,,6.99
SUB0006781,CUST006115,PLAN03,2023-08-10,,Active,True,,,22.99
SUB0006782,CUST006116,PLAN01,2025-01-13,,Active,True,,,6.99
SUB0006783,CUST006117,PLAN01,2025-04-11,,Active,True,,,6.99
SUB0006784,CUST006118,PLAN02,2020-06-30,,Active,False,,,15.49
SUB0006785,CUST006119,PLAN03,2019-12-13,,Cancelled,True,2026-04-25,Found alternative platform,22.99
SUB0006786,CUST006120,PLAN02,2023-09-27,,Active,True,,,15.49
SUB0006787,CUST006121,PLAN01,2020-10-28,2021-11-21,Plan Changed,True,,,6.99
SUB0006788,CUST006121,PLAN01,2021-11-21,,Cancelled,True,2026-04-24,Technical issues,6.99
SUB0006789,CUST006122,PLAN02,2024-05-23,,Cancelled,True,2026-04-21,Technical issues,15.49
SUB0006790,CUST006123,PLAN03,2020-03-28,,Cancelled,True,2025-10-11,Payment issues,22.99
SUB0006791,CUST006124,PLAN01,2021-02-24,,Active,True,,,6.99
SUB0006792,CUST006125,PLAN03,2022-01-17,,Active,True,,,22.99
SUB0006793,CUST006126,PLAN02,2020-06-20,,Cancelled,True,2026-01-31,Content quality decline,15.49
SUB0006794,CUST006127,PLAN01,2022-06-20,2026-03-12,Plan Changed,True,,,6.99
SUB0006795,CUST006127,PLAN01,2026-03-12,,Active,True,,,6.99
SUB0006796,CUST006128,PLAN02,2025-06-19,,Active,True,,,15.49
SUB0006797,CUST006129,PLAN02,2026-03-09,,Cancelled,True,2026-06-07,Password sharing crackdown,15.49
SUB0006798,CUST006130,PLAN02,2024-07-05,,Cancelled,False,2026-06-23,Too expensive,15.49
SUB0006799,CUST006131,PLAN02,2024-11-02,,Active,True,,,15.49
SUB0006800,CUST006132,PLAN01,2022-05-27,,Active,True,,,6.99
SUB0006801,CUST006133,PLAN01,2020-10-08,2022-05-03,Plan Changed,True,,,15.49
SUB0006802,CUST006133,PLAN02,2022-05-03,,Active,True,,,15.49
SUB0006803,CUST006134,PLAN03,2022-01-30,,Cancelled,True,2026-01-18,Poor customer service experience,22.99
SUB0006804,CUST006135,PLAN01,2022-06-12,,Active,True,,,6.99
SUB0006805,CUST006136,PLAN02,2023-11-10,,Cancelled,True,2026-01-23,Payment issues,15.49
SUB0006806,CUST006137,PLAN01,2021-12-03,,Active,True,,,6.99
SUB0006807,CUST006138,PLAN03,2019-10-06,,Active,True,,,22.99
SUB0006808,CUST006139,PLAN01,2021-08-12,,Active,True,,,6.99
SUB0006809,CUST006140,PLAN01,2024-04-28,,Cancelled,True,2026-01-25,No longer needed,6.99
SUB0006810,CUST006141,PLAN02,2025-08-16,,Cancelled,True,2025-10-17,Technical issues,15.49
SUB0006811,CUST006142,PLAN02,2024-03-28,,Active,True,,,15.49
SUB0006812,CUST006143,PLAN03,2021-12-31,2023-09-04,Plan Changed,True,,,6.99
SUB0006813,CUST006143,PLAN01,2023-09-04,,Cancelled,True,2026-02-21,Too expensive,6.99
SUB0006814,CUST006144,PLAN03,2021-09-29,,Cancelled,True,2025-12-06,Payment issues,22.99
SUB0006815,CUST006145,PLAN02,2020-01-14,,Active,True,,,15.49
SUB0006816,CUST006146,PLAN02,2019-12-22,,Active,False,,,15.49
SUB0006817,CUST006147,PLAN01,2024-07-20,,Active,True,,,6.99
SUB0006818,CUST006148,PLAN03,2020-07-27,2024-08-13,Plan Changed,True,,,6.99
SUB0006819,CUST006148,PLAN01,2024-08-13,,Active,True,,,6.99
SUB0006820,CUST006149,PLAN01,2022-11-16,,Active,True,,,6.99
SUB0006821,CUST006150,PLAN01,2019-05-08,,Cancelled,False,2025-12-11,Moving / relocation,6.99
SUB0006822,CUST006151,PLAN01,2023-10-09,,Cancelled,True,2026-04-21,Found alternative platform,6.99
SUB0006823,CUST006152,PLAN02,2021-04-24,,Active,True,,,15.49
SUB0006824,CUST006153,PLAN01,2023-10-09,,Active,True,,,6.99
SUB0006825,CUST006154,PLAN02,2024-07-15,,Cancelled,True,2026-03-26,Technical issues,15.49
SUB0006826,CUST006155,PLAN02,2023-11-07,2024-12-06,Plan Changed,True,,,15.49
SUB0006827,CUST006155,PLAN02,2024-12-06,,Active,True,,,15.49
SUB0006828,CUST006156,PLAN02,2020-08-09,,Cancelled,True,2026-03-02,Content quality decline,15.49
SUB0006829,CUST006157,PLAN01,2024-07-11,,Cancelled,False,2026-01-23,Not enough content,6.99
SUB0006830,CUST006158,PLAN01,2023-11-23,,Cancelled,True,2026-04-06,Poor customer service experience,6.99
SUB0006831,CUST006159,PLAN01,2021-05-30,,Active,True,,,6.99
SUB0006832,CUST006160,PLAN01,2022-09-24,,Active,True,,,6.99
SUB0006833,CUST006161,PLAN01,2023-01-21,,Active,True,,,6.99
SUB0006834,CUST006162,PLAN01,2023-11-25,,Cancelled,True,2026-02-07,Too expensive,6.99
SUB0006835,CUST006163,PLAN03,2024-09-14,,Active,True,,,22.99
SUB0006836,CUST006164,PLAN01,2025-06-08,,Active,True,,,6.99
SUB0006837,CUST006165,PLAN03,2022-12-04,,Active,False,,,22.99
SUB0006838,CUST006166,PLAN03,2026-02-25,,Active,True,,,22.99
SUB0006839,CUST006167,PLAN01,2024-08-03,,Active,True,,,6.99
SUB0006840,CUST006168,PLAN01,2020-09-08,,Cancelled,True,2026-03-29,Payment issues,6.99
SUB0006841,CUST006169,PLAN02,2025-02-12,,Active,True,,,15.49
SUB0006842,CUST006170,PLAN03,2020-06-05,2021-12-25,Plan Changed,False,,,15.49
SUB0006843,CUST006170,PLAN02,2021-12-25,,Active,False,,,15.49
SUB0006844,CUST006171,PLAN01,2019-10-31,,Active,False,,,6.99
SUB0006845,CUST006172,PLAN03,2020-11-13,,Active,True,,,22.99
SUB0006846,CUST006173,PLAN01,2020-09-23,,Active,False,,,6.99
SUB0006847,CUST006174,PLAN01,2022-06-04,,Active,True,,,6.99
SUB0006848,CUST006175,PLAN03,2022-09-17,2023-08-13,Plan Changed,True,,,22.99
SUB0006849,CUST006175,PLAN03,2023-08-13,,Cancelled,True,2026-02-14,No longer needed,22.99
SUB0006850,CUST006176,PLAN02,2019-01-15,,Active,True,,,15.49
SUB0006851,CUST006177,PLAN01,2020-02-01,,Active,True,,,6.99
SUB0006852,CUST006178,PLAN02,2021-04-07,,Active,True,,,15.49
SUB0006853,CUST006179,PLAN02,2020-08-10,,Active,True,,,15.49
SUB0006854,CUST006180,PLAN01,2022-05-06,,Active,True,,,6.99
SUB0006855,CUST006181,PLAN03,2025-03-23,,Active,False,,,22.99
SUB0006856,CUST006182,PLAN02,2026-05-27,,Active,True,,,15.49
SUB0006857,CUST006183,PLAN03,2019-01-14,2022-01-15,Plan Changed,True,,,15.49
SUB0006858,CUST006183,PLAN02,2022-01-15,,Active,True,,,15.49
SUB0006859,CUST006184,PLAN02,2021-04-26,2025-01-18,Plan Changed,True,,,15.49
SUB0006860,CUST006184,PLAN02,2025-01-18,,Active,True,,,15.49
SUB0006861,CUST006185,PLAN01,2021-12-31,,Active,True,,,6.99
SUB0006862,CUST006186,PLAN01,2022-10-01,,Active,True,,,6.99
SUB0006863,CUST006187,PLAN02,2025-05-21,,Active,False,,,15.49
SUB0006864,CUST006188,PLAN02,2026-01-06,,Active,True,,,15.49
SUB0006865,CUST006189,PLAN01,2021-11-01,,Active,True,,,6.99
SUB0006866,CUST006190,PLAN02,2021-03-18,,Active,True,,,15.49
SUB0006867,CUST006191,PLAN02,2020-07-15,,Active,True,,,15.49
SUB0006868,CUST006192,PLAN02,2021-06-28,,Cancelled,True,2025-12-25,No longer needed,15.49
SUB0006869,CUST006193,PLAN01,2022-01-01,,Active,True,,,6.99
SUB0006870,CUST006194,PLAN01,2020-01-08,,Active,True,,,6.99
SUB0006871,CUST006195,PLAN02,2020-10-18,,Active,False,,,15.49
SUB0006872,CUST006196,PLAN01,2021-02-23,,Active,True,,,6.99
SUB0006873,CUST006197,PLAN02,2024-05-03,,Active,True,,,15.49
SUB0006874,CUST006198,PLAN02,2022-10-08,,Active,False,,,15.49
SUB0006875,CUST006199,PLAN03,2020-04-03,,Active,True,,,22.99
SUB0006876,CUST006200,PLAN02,2022-09-16,,Active,True,,,15.49
SUB0006877,CUST006201,PLAN01,2020-05-30,,Cancelled,True,2025-11-03,Too expensive,6.99
SUB0006878,CUST006202,PLAN03,2020-07-23,,Active,True,,,22.99
SUB0006879,CUST006203,PLAN01,2021-12-07,,Active,True,,,6.99
SUB0006880,CUST006204,PLAN03,2021-10-07,,Active,True,,,22.99
SUB0006881,CUST006205,PLAN02,2020-04-29,,Active,True,,,15.49
SUB0006882,CUST006206,PLAN01,2025-10-22,,Cancelled,False,2026-05-14,Poor customer service experience,6.99
SUB0006883,CUST006207,PLAN01,2023-11-09,,Active,False,,,6.99
SUB0006884,CUST006208,PLAN03,2020-11-16,,Active,True,,,22.99
SUB0006885,CUST006209,PLAN01,2023-09-07,,Active,True,,,6.99
SUB0006886,CUST006210,PLAN03,2020-01-19,,Cancelled,True,2026-01-22,Household budget cuts,22.99
SUB0006887,CUST006211,PLAN03,2024-08-01,,Cancelled,True,2026-03-20,Too expensive,22.99
SUB0006888,CUST006212,PLAN01,2022-09-25,,Active,True,,,6.99
SUB0006889,CUST006213,PLAN03,2019-04-01,,Active,True,,,22.99
SUB0006890,CUST006214,PLAN02,2024-04-25,,Active,True,,,15.49
SUB0006891,CUST006215,PLAN03,2022-05-02,,Active,True,,,22.99
SUB0006892,CUST006216,PLAN03,2025-04-11,,Active,True,,,22.99
SUB0006893,CUST006217,PLAN01,2019-11-20,,Active,True,,,6.99
SUB0006894,CUST006218,PLAN01,2019-05-14,,Active,True,,,6.99
SUB0006895,CUST006219,PLAN01,2021-05-18,,Active,True,,,6.99
SUB0006896,CUST006220,PLAN02,2025-02-02,,Cancelled,True,2025-11-20,Not enough content,15.49
SUB0006897,CUST006221,PLAN01,2022-08-09,,Active,True,,,6.99
SUB0006898,CUST006222,PLAN03,2019-10-09,,Active,True,,,22.99
SUB0006899,CUST006223,PLAN01,2022-03-18,,Active,True,,,6.99
SUB0006900,CUST006224,PLAN01,2022-12-16,,Cancelled,True,2026-01-09,Poor customer service experience,6.99
SUB0006901,CUST006225,PLAN03,2020-12-17,,Active,True,,,22.99
SUB0006902,CUST006226,PLAN01,2022-01-08,,Active,True,,,6.99
SUB0006903,CUST006227,PLAN02,2024-11-10,,Active,True,,,15.49
SUB0006904,CUST006228,PLAN03,2025-09-11,,Active,True,,,22.99
SUB0006905,CUST006229,PLAN01,2026-01-16,,Active,False,,,6.99
SUB0006906,CUST006230,PLAN02,2024-06-14,,Active,False,,,15.49
SUB0006907,CUST006231,PLAN01,2019-11-19,,Active,True,,,6.99
SUB0006908,CUST006232,PLAN01,2021-10-31,,Active,True,,,6.99
SUB0006909,CUST006233,PLAN02,2025-01-02,,Cancelled,True,2026-03-12,Not enough content,15.49
SUB0006910,CUST006234,PLAN03,2022-10-15,,Cancelled,True,2026-04-27,Too expensive,22.99
SUB0006911,CUST006235,PLAN02,2026-05-05,,Active,True,,,15.49
SUB0006912,CUST006236,PLAN03,2019-11-21,,Active,False,,,22.99
SUB0006913,CUST006237,PLAN01,2022-02-26,,Active,False,,,6.99
SUB0006914,CUST006238,PLAN01,2025-11-04,,Cancelled,True,2026-03-19,Content quality decline,6.99
SUB0006915,CUST006239,PLAN02,2021-09-01,,Cancelled,True,2025-12-17,Household budget cuts,15.49
SUB0006916,CUST006240,PLAN03,2025-05-03,,Active,True,,,22.99
SUB0006917,CUST006241,PLAN03,2023-12-15,2024-12-15,Plan Changed,True,,,15.49
SUB0006918,CUST006241,PLAN02,2024-12-15,,Active,True,,,15.49
SUB0006919,CUST006242,PLAN01,2026-03-26,,Active,True,,,6.99
SUB0006920,CUST006243,PLAN02,2024-03-19,,Cancelled,True,2026-02-09,Content quality decline,15.49
SUB0006921,CUST006244,PLAN01,2025-01-23,,Cancelled,True,2026-01-29,No longer needed,6.99
SUB0006922,CUST006245,PLAN01,2023-05-19,,Active,True,,,6.99
SUB0006923,CUST006246,PLAN03,2023-02-23,,Active,True,,,22.99
SUB0006924,CUST006247,PLAN02,2024-01-17,,Active,True,,,15.49
SUB0006925,CUST006248,PLAN02,2022-03-03,,Active,True,,,15.49
SUB0006926,CUST006249,PLAN01,2019-07-22,,Active,False,,,6.99
SUB0006927,CUST006250,PLAN02,2019-07-28,,Cancelled,False,2025-11-15,Moving / relocation,15.49
SUB0006928,CUST006251,PLAN02,2022-03-27,,Active,True,,,15.49
SUB0006929,CUST006252,PLAN02,2023-04-21,,Active,True,,,15.49
SUB0006930,CUST006253,PLAN01,2024-04-22,,Active,True,,,6.99
SUB0006931,CUST006254,PLAN01,2021-01-26,,Active,False,,,6.99
SUB0006932,CUST006255,PLAN02,2023-12-18,,Active,True,,,15.49
SUB0006933,CUST006256,PLAN03,2026-04-08,,Active,True,,,22.99
SUB0006934,CUST006257,PLAN01,2019-01-01,,Active,True,,,6.99
SUB0006935,CUST006258,PLAN03,2026-04-27,,Active,True,,,22.99
SUB0006936,CUST006259,PLAN01,2025-07-17,,Active,True,,,6.99
SUB0006937,CUST006260,PLAN01,2024-08-28,,Cancelled,True,2026-06-29,Technical issues,6.99
SUB0006938,CUST006261,PLAN01,2022-08-02,,Cancelled,True,2026-03-21,No longer needed,6.99
SUB0006939,CUST006262,PLAN02,2022-04-29,,Active,True,,,15.49
SUB0006940,CUST006263,PLAN01,2025-03-20,,Cancelled,True,2026-03-07,Technical issues,6.99
SUB0006941,CUST006264,PLAN03,2023-12-12,2025-10-05,Plan Changed,True,,,15.49
SUB0006942,CUST006264,PLAN02,2025-10-05,,Active,True,,,15.49
SUB0006943,CUST006265,PLAN03,2026-03-15,,Active,True,,,22.99
SUB0006944,CUST006266,PLAN01,2019-08-16,,Cancelled,False,2026-03-13,Not enough content,6.99
SUB0006945,CUST006267,PLAN02,2020-11-10,,Active,True,,,15.49
SUB0006946,CUST006268,PLAN01,2026-03-18,,Active,True,,,6.99
SUB0006947,CUST006269,PLAN03,2025-12-07,2026-03-07,Plan Changed,True,,,6.99
SUB0006948,CUST006269,PLAN01,2026-03-07,,Active,True,,,6.99
SUB0006949,CUST006270,PLAN02,2020-07-29,,Active,True,,,15.49
SUB0006950,CUST006271,PLAN01,2025-01-22,,Active,True,,,6.99
SUB0006951,CUST006272,PLAN02,2026-04-02,,Active,True,,,15.49
SUB0006952,CUST006273,PLAN02,2021-09-17,,Active,True,,,15.49
SUB0006953,CUST006274,PLAN02,2019-09-09,,Active,True,,,15.49
SUB0006954,CUST006275,PLAN01,2023-02-14,2023-05-23,Plan Changed,True,,,15.49
SUB0006955,CUST006275,PLAN02,2023-05-23,,Active,True,,,15.49
SUB0006956,CUST006276,PLAN02,2025-12-24,,Active,True,,,15.49
SUB0006957,CUST006277,PLAN02,2025-12-20,,Active,True,,,15.49
SUB0006958,CUST006278,PLAN01,2020-01-01,,Active,False,,,6.99
SUB0006959,CUST006279,PLAN02,2025-03-10,,Active,True,,,15.49
SUB0006960,CUST006280,PLAN01,2025-02-25,,Active,False,,,6.99
SUB0006961,CUST006281,PLAN01,2020-07-30,,Active,True,,,6.99
SUB0006962,CUST006282,PLAN01,2022-06-08,,Active,True,,,6.99
SUB0006963,CUST006283,PLAN01,2025-01-29,,Active,True,,,6.99
SUB0006964,CUST006284,PLAN02,2026-04-10,,Active,False,,,15.49
SUB0006965,CUST006285,PLAN02,2025-08-11,2025-11-29,Plan Changed,False,,,22.99
SUB0006966,CUST006285,PLAN03,2025-11-29,,Active,False,,,22.99
SUB0006967,CUST006286,PLAN01,2020-07-17,,Active,True,,,6.99
SUB0006968,CUST006287,PLAN01,2023-07-27,,Cancelled,True,2026-06-03,Not enough content,6.99
SUB0006969,CUST006288,PLAN01,2020-06-15,,Active,True,,,6.99
SUB0006970,CUST006289,PLAN01,2020-02-28,,Active,False,,,6.99
SUB0006971,CUST006290,PLAN01,2025-07-20,,Cancelled,True,2026-03-03,Too expensive,6.99
SUB0006972,CUST006291,PLAN01,2024-02-12,,Active,True,,,6.99
SUB0006973,CUST006292,PLAN02,2023-02-22,,Cancelled,True,2026-06-22,Payment issues,15.49
SUB0006974,CUST006293,PLAN02,2025-09-05,,Cancelled,False,2025-10-05,No longer needed,15.49
SUB0006975,CUST006294,PLAN01,2021-12-19,,Active,True,,,6.99
SUB0006976,CUST006295,PLAN01,2021-05-12,,Active,True,,,6.99
SUB0006977,CUST006296,PLAN01,2020-02-09,,Active,True,,,6.99
SUB0006978,CUST006297,PLAN02,2021-04-28,,Active,False,,,15.49
SUB0006979,CUST006298,PLAN02,2024-01-14,2025-07-15,Plan Changed,True,,,15.49
SUB0006980,CUST006298,PLAN02,2025-07-15,,Active,True,,,15.49
SUB0006981,CUST006299,PLAN03,2023-11-21,,Active,True,,,22.99
SUB0006982,CUST006300,PLAN03,2021-03-23,,Active,True,,,22.99
SUB0006983,CUST006301,PLAN02,2026-04-27,,Active,True,,,15.49
SUB0006984,CUST006302,PLAN01,2024-10-28,2025-12-02,Plan Changed,True,,,6.99
SUB0006985,CUST006302,PLAN01,2025-12-02,,Active,True,,,6.99
SUB0006986,CUST006303,PLAN02,2019-08-12,,Cancelled,True,2025-11-29,Technical issues,15.49
SUB0006987,CUST006304,PLAN01,2023-04-24,,Active,True,,,6.99
SUB0006988,CUST006305,PLAN02,2019-08-01,2022-04-27,Plan Changed,False,,,22.99
SUB0006989,CUST006305,PLAN03,2022-04-27,,Active,False,,,22.99
SUB0006990,CUST006306,PLAN03,2020-10-15,,Active,True,,,22.99
SUB0006991,CUST006307,PLAN02,2024-01-28,,Cancelled,True,2026-03-14,Found alternative platform,15.49
SUB0006992,CUST006308,PLAN01,2024-05-29,,Active,True,,,6.99
SUB0006993,CUST006309,PLAN02,2021-10-13,2025-05-28,Plan Changed,True,,,15.49
SUB0006994,CUST006309,PLAN02,2025-05-28,,Cancelled,True,2025-11-14,Not enough content,15.49
SUB0006995,CUST006310,PLAN03,2022-02-18,,Cancelled,True,2026-01-17,Found alternative platform,22.99
SUB0006996,CUST006311,PLAN03,2024-01-10,2024-09-04,Plan Changed,True,,,6.99
SUB0006997,CUST006311,PLAN01,2024-09-04,,Active,True,,,6.99
SUB0006998,CUST006312,PLAN02,2023-10-08,,Cancelled,True,2025-11-10,Too expensive,15.49
SUB0006999,CUST006313,PLAN01,2024-03-01,,Active,True,,,6.99
SUB0007000,CUST006314,PLAN02,2020-07-11,,Active,True,,,15.49
SUB0007001,CUST006315,PLAN02,2024-11-16,,Active,True,,,15.49
SUB0007002,CUST006316,PLAN01,2019-06-24,,Active,True,,,6.99
SUB0007003,CUST006317,PLAN01,2019-12-23,,Active,True,,,6.99
SUB0007004,CUST006318,PLAN01,2019-08-04,,Cancelled,False,2026-03-04,Found alternative platform,6.99
SUB0007005,CUST006319,PLAN02,2024-01-02,,Cancelled,True,2025-10-10,Household budget cuts,15.49
SUB0007006,CUST006320,PLAN02,2021-04-08,,Active,True,,,15.49
SUB0007007,CUST006321,PLAN02,2025-01-24,2025-11-29,Plan Changed,True,,,6.99
SUB0007008,CUST006321,PLAN01,2025-11-29,,Active,True,,,6.99
SUB0007009,CUST006322,PLAN01,2019-03-31,,Active,False,,,6.99
SUB0007010,CUST006323,PLAN03,2019-08-13,,Active,True,,,22.99
SUB0007011,CUST006324,PLAN01,2024-09-30,,Active,False,,,6.99
SUB0007012,CUST006325,PLAN01,2025-03-22,,Active,True,,,6.99
SUB0007013,CUST006326,PLAN02,2021-05-20,,Active,False,,,15.49
SUB0007014,CUST006327,PLAN01,2025-01-23,2025-11-25,Plan Changed,True,,,6.99
SUB0007015,CUST006327,PLAN01,2025-11-25,,Active,True,,,6.99
SUB0007016,CUST006328,PLAN01,2024-08-16,,Active,False,,,6.99
SUB0007017,CUST006329,PLAN01,2024-08-02,,Active,True,,,6.99
SUB0007018,CUST006330,PLAN01,2019-10-25,,Active,True,,,6.99
SUB0007019,CUST006331,PLAN02,2019-10-28,,Active,False,,,15.49
SUB0007020,CUST006332,PLAN01,2019-10-13,,Active,True,,,6.99
SUB0007021,CUST006333,PLAN03,2025-02-02,,Active,True,,,22.99
SUB0007022,CUST006334,PLAN01,2020-06-13,,Active,True,,,6.99
SUB0007023,CUST006335,PLAN01,2023-04-10,,Active,False,,,6.99
SUB0007024,CUST006336,PLAN02,2021-01-19,,Active,True,,,15.49
SUB0007025,CUST006337,PLAN02,2026-03-04,,Cancelled,False,2026-06-15,Not enough content,15.49
SUB0007026,CUST006338,PLAN02,2025-09-30,2026-06-25,Plan Changed,True,,,15.49
SUB0007027,CUST006338,PLAN02,2026-06-25,,Active,True,,,15.49
SUB0007028,CUST006339,PLAN01,2019-06-07,,Active,True,,,6.99
SUB0007029,CUST006340,PLAN02,2026-01-30,,Active,True,,,15.49
SUB0007030,CUST006341,PLAN01,2022-01-26,,Active,True,,,6.99
SUB0007031,CUST006342,PLAN01,2020-05-10,,Active,True,,,6.99
SUB0007032,CUST006343,PLAN03,2024-06-18,,Active,True,,,22.99
SUB0007033,CUST006344,PLAN01,2022-12-19,,Active,True,,,6.99
SUB0007034,CUST006345,PLAN02,2019-03-23,2023-06-19,Plan Changed,True,,,15.49
SUB0007035,CUST006345,PLAN02,2023-06-19,,Active,True,,,15.49
SUB0007036,CUST006346,PLAN02,2019-04-21,,Active,True,,,15.49
SUB0007037,CUST006347,PLAN02,2022-12-24,,Cancelled,False,2025-10-22,Not enough content,15.49
SUB0007038,CUST006348,PLAN01,2023-04-08,,Active,True,,,6.99
SUB0007039,CUST006349,PLAN03,2020-09-26,,Cancelled,False,2025-11-14,Payment issues,22.99
SUB0007040,CUST006350,PLAN02,2023-01-04,,Active,True,,,15.49
SUB0007041,CUST006351,PLAN02,2020-04-25,,Active,False,,,15.49
SUB0007042,CUST006352,PLAN02,2022-01-31,2025-08-13,Plan Changed,True,,,22.99
SUB0007043,CUST006352,PLAN03,2025-08-13,,Cancelled,True,2026-05-11,Technical issues,22.99
SUB0007044,CUST006353,PLAN02,2020-03-07,,Cancelled,True,2025-12-31,Too expensive,15.49
SUB0007045,CUST006354,PLAN02,2020-06-24,,Active,True,,,15.49
SUB0007046,CUST006355,PLAN02,2026-03-09,,Active,True,,,15.49
SUB0007047,CUST006356,PLAN02,2021-06-21,,Cancelled,True,2025-11-21,Content quality decline,15.49
SUB0007048,CUST006357,PLAN01,2022-03-02,,Active,True,,,6.99
SUB0007049,CUST006358,PLAN02,2025-12-31,,Active,True,,,15.49
SUB0007050,CUST006359,PLAN01,2024-07-02,,Active,True,,,6.99
SUB0007051,CUST006360,PLAN02,2026-05-27,,Cancelled,True,2026-06-22,Moving / relocation,15.49
SUB0007052,CUST006361,PLAN02,2022-08-30,,Cancelled,True,2025-10-23,Content quality decline,15.49
SUB0007053,CUST006362,PLAN01,2025-03-08,,Cancelled,False,2025-11-30,Not enough content,6.99
SUB0007054,CUST006363,PLAN01,2020-06-11,2024-02-18,Plan Changed,True,,,6.99
SUB0007055,CUST006363,PLAN01,2024-02-18,,Active,True,,,6.99
SUB0007056,CUST006364,PLAN03,2020-09-12,2022-06-19,Plan Changed,False,,,6.99
SUB0007057,CUST006364,PLAN01,2022-06-19,,Active,False,,,6.99
SUB0007058,CUST006365,PLAN01,2023-02-01,,Cancelled,True,2025-10-16,Poor customer service experience,6.99
SUB0007059,CUST006366,PLAN02,2020-08-28,,Active,True,,,15.49
SUB0007060,CUST006367,PLAN02,2025-08-15,,Active,True,,,15.49
SUB0007061,CUST006368,PLAN02,2020-07-15,,Cancelled,True,2026-06-10,No longer needed,15.49
SUB0007062,CUST006369,PLAN02,2020-09-09,2022-09-04,Plan Changed,True,,,15.49
SUB0007063,CUST006369,PLAN02,2022-09-04,,Cancelled,True,2026-06-25,Household budget cuts,15.49
SUB0007064,CUST006370,PLAN03,2024-08-24,2025-03-04,Plan Changed,True,,,22.99
SUB0007065,CUST006370,PLAN03,2025-03-04,,Active,True,,,22.99
SUB0007066,CUST006371,PLAN01,2023-01-19,,Active,True,,,6.99
SUB0007067,CUST006372,PLAN01,2026-01-15,,Active,False,,,6.99
SUB0007068,CUST006373,PLAN03,2020-10-17,,Cancelled,True,2025-11-05,Moving / relocation,22.99
SUB0007069,CUST006374,PLAN01,2026-05-04,,Active,True,,,6.99
SUB0007070,CUST006375,PLAN02,2019-09-19,,Active,False,,,15.49
SUB0007071,CUST006376,PLAN02,2020-06-06,,Active,True,,,15.49
SUB0007072,CUST006377,PLAN01,2021-02-11,,Active,True,,,6.99
SUB0007073,CUST006378,PLAN01,2019-03-12,,Cancelled,True,2025-10-14,Too expensive,6.99
SUB0007074,CUST006379,PLAN03,2025-06-24,,Active,True,,,22.99
SUB0007075,CUST006380,PLAN03,2021-04-14,,Active,True,,,22.99
SUB0007076,CUST006381,PLAN01,2025-08-06,,Cancelled,False,2026-03-04,Found alternative platform,6.99
SUB0007077,CUST006382,PLAN01,2021-03-21,,Active,True,,,6.99
SUB0007078,CUST006383,PLAN01,2026-05-27,,Active,False,,,6.99
SUB0007079,CUST006384,PLAN03,2020-06-26,,Active,True,,,22.99
SUB0007080,CUST006385,PLAN01,2023-05-21,,Cancelled,True,2026-01-08,Household budget cuts,6.99
SUB0007081,CUST006386,PLAN02,2025-03-14,,Active,True,,,15.49
SUB0007082,CUST006387,PLAN01,2021-12-03,,Active,True,,,6.99
SUB0007083,CUST006388,PLAN03,2021-12-11,2022-04-28,Plan Changed,True,,,22.99
SUB0007084,CUST006388,PLAN03,2022-04-28,,Active,True,,,22.99
SUB0007085,CUST006389,PLAN03,2025-01-16,,Active,True,,,22.99
SUB0007086,CUST006390,PLAN01,2025-10-31,,Cancelled,True,2026-02-20,Found alternative platform,6.99
SUB0007087,CUST006391,PLAN01,2023-05-20,,Active,False,,,6.99
SUB0007088,CUST006392,PLAN01,2020-05-14,,Active,True,,,6.99
SUB0007089,CUST006393,PLAN01,2021-10-07,,Active,True,,,6.99
SUB0007090,CUST006394,PLAN01,2024-07-15,,Cancelled,True,2025-10-25,Household budget cuts,6.99
SUB0007091,CUST006395,PLAN01,2023-12-22,,Active,True,,,6.99
SUB0007092,CUST006396,PLAN01,2024-02-26,,Active,True,,,6.99
SUB0007093,CUST006397,PLAN02,2025-01-02,,Cancelled,True,2026-05-19,Payment issues,15.49
SUB0007094,CUST006398,PLAN01,2023-08-09,,Active,True,,,6.99
SUB0007095,CUST006399,PLAN01,2022-11-28,,Cancelled,True,2026-02-07,Too expensive,6.99
SUB0007096,CUST006400,PLAN02,2025-07-25,,Active,True,,,15.49
SUB0007097,CUST006401,PLAN02,2022-04-17,,Active,True,,,15.49
SUB0007098,CUST006402,PLAN02,2022-04-13,,Active,False,,,15.49
SUB0007099,CUST006403,PLAN01,2020-12-08,2024-04-04,Plan Changed,True,,,15.49
SUB0007100,CUST006403,PLAN02,2024-04-04,,Active,True,,,15.49
SUB0007101,CUST006404,PLAN01,2023-03-05,,Cancelled,False,2026-03-18,Too expensive,6.99
SUB0007102,CUST006405,PLAN02,2021-06-16,,Cancelled,True,2026-05-07,Household budget cuts,15.49
SUB0007103,CUST006406,PLAN01,2021-07-01,,Active,True,,,6.99
SUB0007104,CUST006407,PLAN01,2020-02-16,,Active,True,,,6.99
SUB0007105,CUST006408,PLAN01,2024-08-14,,Cancelled,True,2025-11-17,Found alternative platform,6.99
SUB0007106,CUST006409,PLAN01,2023-05-22,,Active,True,,,6.99
SUB0007107,CUST006410,PLAN02,2026-02-03,,Cancelled,True,2026-04-16,Household budget cuts,15.49
SUB0007108,CUST006411,PLAN01,2022-04-18,2022-09-23,Plan Changed,True,,,22.99
SUB0007109,CUST006411,PLAN03,2022-09-23,,Active,True,,,22.99
SUB0007110,CUST006412,PLAN01,2020-11-22,2021-09-06,Plan Changed,True,,,6.99
SUB0007111,CUST006412,PLAN01,2021-09-06,,Cancelled,True,2026-01-22,No longer needed,6.99
SUB0007112,CUST006413,PLAN02,2025-09-11,,Active,False,,,15.49
SUB0007113,CUST006414,PLAN02,2020-06-26,,Cancelled,True,2026-06-12,Poor customer service experience,15.49
SUB0007114,CUST006415,PLAN02,2026-03-29,,Active,True,,,15.49
SUB0007115,CUST006416,PLAN01,2020-08-17,,Active,True,,,6.99
SUB0007116,CUST006417,PLAN01,2020-04-05,,Cancelled,True,2025-12-27,Found alternative platform,6.99
SUB0007117,CUST006418,PLAN03,2023-10-05,,Active,True,,,22.99
SUB0007118,CUST006419,PLAN01,2022-09-21,,Cancelled,True,2026-04-15,Not enough content,6.99
SUB0007119,CUST006420,PLAN01,2021-05-11,,Active,True,,,6.99
SUB0007120,CUST006421,PLAN02,2024-12-13,,Cancelled,True,2025-12-28,Moving / relocation,15.49
SUB0007121,CUST006422,PLAN01,2019-05-17,,Active,True,,,6.99
SUB0007122,CUST006423,PLAN02,2022-06-02,,Active,True,,,15.49
SUB0007123,CUST006424,PLAN02,2022-06-12,,Cancelled,True,2026-01-04,No longer needed,15.49
SUB0007124,CUST006425,PLAN01,2019-07-21,,Active,True,,,6.99
SUB0007125,CUST006426,PLAN03,2025-05-15,,Active,True,,,22.99
SUB0007126,CUST006427,PLAN03,2024-08-07,,Active,True,,,22.99
SUB0007127,CUST006428,PLAN01,2019-03-04,,Active,False,,,6.99
SUB0007128,CUST006429,PLAN02,2019-05-15,2023-04-03,Plan Changed,True,,,15.49
SUB0007129,CUST006429,PLAN02,2023-04-03,,Active,True,,,15.49
SUB0007130,CUST006430,PLAN03,2019-05-17,,Active,True,,,22.99
SUB0007131,CUST006431,PLAN03,2025-11-08,2026-01-26,Plan Changed,False,,,22.99
SUB0007132,CUST006431,PLAN03,2026-01-26,,Active,False,,,22.99
SUB0007133,CUST006432,PLAN03,2020-05-22,,Active,True,,,22.99
SUB0007134,CUST006433,PLAN01,2020-08-31,,Active,True,,,6.99
SUB0007135,CUST006434,PLAN02,2019-04-21,,Active,True,,,15.49
SUB0007136,CUST006435,PLAN01,2025-11-10,,Active,True,,,6.99
SUB0007137,CUST006436,PLAN01,2021-02-11,,Active,True,,,6.99
SUB0007138,CUST006437,PLAN03,2023-02-28,2024-05-11,Plan Changed,True,,,15.49
SUB0007139,CUST006437,PLAN02,2024-05-11,,Active,True,,,15.49
SUB0007140,CUST006438,PLAN02,2020-11-04,,Active,True,,,15.49
SUB0007141,CUST006439,PLAN02,2019-05-17,,Active,True,,,15.49
SUB0007142,CUST006440,PLAN01,2019-11-29,,Active,True,,,6.99
SUB0007143,CUST006441,PLAN01,2023-01-19,,Active,False,,,6.99
SUB0007144,CUST006442,PLAN01,2019-11-21,,Cancelled,False,2026-01-29,Not enough content,6.99
SUB0007145,CUST006443,PLAN03,2022-02-11,,Active,True,,,22.99
SUB0007146,CUST006444,PLAN01,2020-03-04,,Active,True,,,6.99
SUB0007147,CUST006445,PLAN02,2024-05-15,,Cancelled,False,2026-01-25,Content quality decline,15.49
SUB0007148,CUST006446,PLAN01,2023-03-29,,Cancelled,True,2026-05-07,Too expensive,6.99
SUB0007149,CUST006447,PLAN02,2026-03-24,,Active,True,,,15.49
SUB0007150,CUST006448,PLAN02,2021-01-11,,Active,True,,,15.49
SUB0007151,CUST006449,PLAN01,2022-05-11,,Cancelled,True,2025-12-22,Too expensive,6.99
SUB0007152,CUST006450,PLAN02,2025-03-16,,Active,True,,,15.49
SUB0007153,CUST006451,PLAN02,2022-05-04,,Active,True,,,15.49
SUB0007154,CUST006452,PLAN02,2023-11-13,,Cancelled,True,2026-05-16,Technical issues,15.49
SUB0007155,CUST006453,PLAN01,2022-07-19,,Active,True,,,6.99
SUB0007156,CUST006454,PLAN01,2019-05-23,,Active,True,,,6.99
SUB0007157,CUST006455,PLAN02,2019-09-08,,Cancelled,True,2026-01-31,Found alternative platform,15.49
SUB0007158,CUST006456,PLAN01,2021-02-10,,Cancelled,False,2026-02-08,Password sharing crackdown,6.99
SUB0007159,CUST006457,PLAN01,2019-10-30,,Active,True,,,6.99
SUB0007160,CUST006458,PLAN01,2019-01-27,,Cancelled,True,2025-12-22,No longer needed,6.99
SUB0007161,CUST006459,PLAN02,2022-03-19,,Active,True,,,15.49
SUB0007162,CUST006460,PLAN01,2021-10-25,,Active,True,,,6.99
SUB0007163,CUST006461,PLAN02,2020-07-17,,Cancelled,False,2025-11-04,Password sharing crackdown,15.49
SUB0007164,CUST006462,PLAN02,2022-01-09,,Active,True,,,15.49
SUB0007165,CUST006463,PLAN01,2025-09-25,2026-06-28,Plan Changed,True,,,6.99
SUB0007166,CUST006463,PLAN01,2026-06-28,,Active,True,,,6.99
SUB0007167,CUST006464,PLAN01,2020-08-24,,Active,False,,,6.99
SUB0007168,CUST006465,PLAN01,2020-12-21,,Active,True,,,6.99
SUB0007169,CUST006466,PLAN02,2021-11-03,,Active,True,,,15.49
SUB0007170,CUST006467,PLAN01,2025-03-03,,Active,True,,,6.99
SUB0007171,CUST006468,PLAN01,2020-10-02,,Active,True,,,6.99
SUB0007172,CUST006469,PLAN01,2021-03-07,,Cancelled,True,2026-04-04,Content quality decline,6.99
SUB0007173,CUST006470,PLAN03,2022-06-16,,Cancelled,True,2026-01-09,No longer needed,22.99
SUB0007174,CUST006471,PLAN02,2022-11-01,,Active,True,,,15.49
SUB0007175,CUST006472,PLAN01,2021-02-26,,Active,False,,,6.99
SUB0007176,CUST006473,PLAN01,2019-08-07,2022-02-02,Plan Changed,False,,,6.99
SUB0007177,CUST006473,PLAN01,2022-02-02,,Active,False,,,6.99
SUB0007178,CUST006474,PLAN01,2023-04-26,2024-10-31,Plan Changed,True,,,6.99
SUB0007179,CUST006474,PLAN01,2024-10-31,,Cancelled,True,2026-05-30,Not enough content,6.99
SUB0007180,CUST006475,PLAN02,2022-10-02,,Active,False,,,15.49
SUB0007181,CUST006476,PLAN03,2019-07-30,,Active,True,,,22.99
SUB0007182,CUST006477,PLAN02,2023-02-09,,Active,True,,,15.49
SUB0007183,CUST006478,PLAN02,2025-02-15,,Active,True,,,15.49
SUB0007184,CUST006479,PLAN01,2022-08-18,,Active,True,,,6.99
SUB0007185,CUST006480,PLAN01,2023-03-08,,Cancelled,True,2026-05-18,Content quality decline,6.99
SUB0007186,CUST006481,PLAN01,2021-10-15,,Active,True,,,6.99
SUB0007187,CUST006482,PLAN01,2025-03-03,,Active,True,,,6.99
SUB0007188,CUST006483,PLAN02,2021-07-06,,Cancelled,True,2026-06-08,No longer needed,15.49
SUB0007189,CUST006484,PLAN03,2024-11-09,,Active,True,,,22.99
SUB0007190,CUST006485,PLAN02,2022-07-03,,Cancelled,False,2025-11-27,Too expensive,15.49
SUB0007191,CUST006486,PLAN01,2020-07-22,,Cancelled,False,2026-04-19,Payment issues,6.99
SUB0007192,CUST006487,PLAN02,2022-11-23,,Active,True,,,15.49
SUB0007193,CUST006488,PLAN03,2021-04-20,,Active,True,,,22.99
SUB0007194,CUST006489,PLAN02,2019-12-02,,Cancelled,False,2026-04-11,Household budget cuts,15.49
SUB0007195,CUST006490,PLAN02,2026-04-08,,Active,False,,,15.49
SUB0007196,CUST006491,PLAN01,2019-01-03,,Active,True,,,6.99
SUB0007197,CUST006492,PLAN01,2024-12-02,,Active,True,,,6.99
SUB0007198,CUST006493,PLAN02,2025-03-23,,Active,True,,,15.49
SUB0007199,CUST006494,PLAN02,2021-10-18,,Active,True,,,15.49
SUB0007200,CUST006495,PLAN02,2021-01-12,,Active,False,,,15.49
SUB0007201,CUST006496,PLAN01,2019-10-10,,Cancelled,False,2025-10-08,Not enough content,6.99
SUB0007202,CUST006497,PLAN01,2026-04-18,,Active,False,,,6.99
SUB0007203,CUST006498,PLAN02,2019-12-04,,Active,True,,,15.49
SUB0007204,CUST006499,PLAN03,2019-06-04,,Cancelled,True,2025-12-19,Poor customer service experience,22.99
SUB0007205,CUST006500,PLAN03,2024-06-29,2025-03-12,Plan Changed,True,,,22.99
SUB0007206,CUST006500,PLAN03,2025-03-12,,Active,True,,,22.99
SUB0007207,CUST006501,PLAN01,2022-06-10,,Active,True,,,6.99
SUB0007208,CUST006502,PLAN02,2020-04-22,,Active,True,,,15.49
SUB0007209,CUST006503,PLAN02,2020-01-27,,Cancelled,False,2026-01-19,Too expensive,15.49
SUB0007210,CUST006504,PLAN03,2021-10-13,,Active,True,,,22.99
SUB0007211,CUST006505,PLAN01,2026-01-17,,Cancelled,True,2026-06-11,Payment issues,6.99
SUB0007212,CUST006506,PLAN01,2023-09-14,,Active,True,,,6.99
SUB0007213,CUST006507,PLAN03,2025-12-29,,Cancelled,False,2026-03-16,Password sharing crackdown,22.99
SUB0007214,CUST006508,PLAN02,2023-01-07,,Active,False,,,15.49
SUB0007215,CUST006509,PLAN01,2023-02-12,,Cancelled,True,2026-05-11,Too expensive,6.99
SUB0007216,CUST006510,PLAN01,2023-09-22,,Cancelled,False,2026-04-24,Too expensive,6.99
SUB0007217,CUST006511,PLAN03,2019-08-24,,Cancelled,True,2026-01-15,Payment issues,22.99
SUB0007218,CUST006512,PLAN01,2024-09-09,,Active,True,,,6.99
SUB0007219,CUST006513,PLAN01,2025-09-11,,Cancelled,False,2026-06-12,Found alternative platform,6.99
SUB0007220,CUST006514,PLAN02,2022-08-16,,Active,True,,,15.49
SUB0007221,CUST006515,PLAN02,2023-10-31,,Active,True,,,15.49
SUB0007222,CUST006516,PLAN02,2024-01-30,,Active,True,,,15.49
SUB0007223,CUST006517,PLAN01,2019-10-16,2024-08-04,Plan Changed,True,,,6.99
SUB0007224,CUST006517,PLAN01,2024-08-04,,Active,True,,,6.99
SUB0007225,CUST006518,PLAN01,2026-03-10,,Active,True,,,6.99
SUB0007226,CUST006519,PLAN01,2021-08-11,,Active,True,,,6.99
SUB0007227,CUST006520,PLAN02,2021-10-24,,Cancelled,False,2026-06-20,Moving / relocation,15.49
SUB0007228,CUST006521,PLAN03,2023-04-20,,Cancelled,True,2025-12-21,Too expensive,22.99
SUB0007229,CUST006522,PLAN01,2021-07-12,,Cancelled,True,2025-10-04,Technical issues,6.99
SUB0007230,CUST006523,PLAN01,2022-01-03,,Active,False,,,6.99
SUB0007231,CUST006524,PLAN01,2022-10-29,,Cancelled,True,2025-11-06,Too expensive,6.99
SUB0007232,CUST006525,PLAN02,2019-01-28,,Active,True,,,15.49
SUB0007233,CUST006526,PLAN01,2021-05-28,,Active,True,,,6.99
SUB0007234,CUST006527,PLAN03,2022-08-15,,Active,True,,,22.99
SUB0007235,CUST006528,PLAN01,2023-11-03,,Cancelled,True,2026-02-22,Too expensive,6.99
SUB0007236,CUST006529,PLAN01,2025-04-03,,Active,True,,,6.99
SUB0007237,CUST006530,PLAN01,2022-11-23,,Active,True,,,6.99
SUB0007238,CUST006531,PLAN03,2024-04-15,2025-02-12,Plan Changed,True,,,15.49
SUB0007239,CUST006531,PLAN02,2025-02-12,,Active,True,,,15.49
SUB0007240,CUST006532,PLAN03,2022-04-15,,Active,True,,,22.99
SUB0007241,CUST006533,PLAN01,2022-12-14,,Active,True,,,6.99
SUB0007242,CUST006534,PLAN01,2024-07-21,,Active,True,,,6.99
SUB0007243,CUST006535,PLAN02,2020-07-18,,Cancelled,True,2026-02-11,Payment issues,15.49
SUB0007244,CUST006536,PLAN02,2021-05-21,,Active,True,,,15.49
SUB0007245,CUST006537,PLAN01,2026-03-12,,Active,True,,,6.99
SUB0007246,CUST006538,PLAN03,2022-01-24,,Cancelled,False,2026-06-18,Technical issues,22.99
SUB0007247,CUST006539,PLAN01,2019-09-21,,Cancelled,True,2026-01-03,Too expensive,6.99
SUB0007248,CUST006540,PLAN01,2019-05-28,,Active,False,,,6.99
SUB0007249,CUST006541,PLAN01,2026-02-27,,Cancelled,True,2026-04-19,Not enough content,6.99
SUB0007250,CUST006542,PLAN02,2020-09-09,,Active,False,,,15.49
SUB0007251,CUST006543,PLAN01,2020-12-10,,Active,True,,,6.99
SUB0007252,CUST006544,PLAN02,2024-06-15,,Cancelled,True,2026-03-07,Not enough content,15.49
SUB0007253,CUST006545,PLAN01,2021-09-21,,Active,False,,,6.99
SUB0007254,CUST006546,PLAN02,2025-01-02,2025-04-25,Plan Changed,True,,,22.99
SUB0007255,CUST006546,PLAN03,2025-04-25,,Active,True,,,22.99
SUB0007256,CUST006547,PLAN03,2022-05-14,,Cancelled,True,2026-05-13,Poor customer service experience,22.99
SUB0007257,CUST006548,PLAN01,2025-02-12,,Active,True,,,6.99
SUB0007258,CUST006549,PLAN02,2024-08-12,,Cancelled,True,2025-12-20,Content quality decline,15.49
SUB0007259,CUST006550,PLAN03,2022-04-10,,Cancelled,False,2026-03-29,Too expensive,22.99
SUB0007260,CUST006551,PLAN03,2022-09-11,2024-02-18,Plan Changed,True,,,6.99
SUB0007261,CUST006551,PLAN01,2024-02-18,,Active,True,,,6.99
SUB0007262,CUST006552,PLAN02,2024-09-09,,Active,True,,,15.49
SUB0007263,CUST006553,PLAN01,2025-10-21,,Cancelled,True,2026-05-02,Not enough content,6.99
SUB0007264,CUST006554,PLAN01,2024-03-01,,Cancelled,True,2026-04-01,Not enough content,6.99
SUB0007265,CUST006555,PLAN02,2023-05-23,,Active,False,,,15.49
SUB0007266,CUST006556,PLAN01,2022-01-23,,Cancelled,True,2025-12-21,No longer needed,6.99
SUB0007267,CUST006557,PLAN01,2019-09-14,,Cancelled,True,2026-05-18,Found alternative platform,6.99
SUB0007268,CUST006558,PLAN01,2024-10-19,,Cancelled,True,2026-01-05,Not enough content,6.99
SUB0007269,CUST006559,PLAN01,2024-05-08,2025-02-20,Plan Changed,True,,,6.99
SUB0007270,CUST006559,PLAN01,2025-02-20,,Cancelled,True,2026-03-03,Poor customer service experience,6.99
SUB0007271,CUST006560,PLAN02,2022-11-19,,Active,True,,,15.49
SUB0007272,CUST006561,PLAN01,2025-06-23,,Active,True,,,6.99
SUB0007273,CUST006562,PLAN03,2022-03-31,2026-06-18,Plan Changed,True,,,22.99
SUB0007274,CUST006562,PLAN03,2026-06-18,,Active,True,,,22.99
SUB0007275,CUST006563,PLAN02,2022-08-22,,Active,False,,,15.49
SUB0007276,CUST006564,PLAN02,2025-10-10,,Cancelled,True,2026-06-16,Too expensive,15.49
SUB0007277,CUST006565,PLAN01,2023-03-02,,Active,True,,,6.99
SUB0007278,CUST006566,PLAN02,2022-07-17,,Active,True,,,15.49
SUB0007279,CUST006567,PLAN02,2024-05-07,,Cancelled,True,2026-02-10,Content quality decline,15.49
SUB0007280,CUST006568,PLAN02,2024-07-15,,Active,True,,,15.49
SUB0007281,CUST006569,PLAN03,2024-01-15,,Active,True,,,22.99
SUB0007282,CUST006570,PLAN01,2022-03-12,,Active,False,,,6.99
SUB0007283,CUST006571,PLAN02,2022-03-23,,Active,False,,,15.49
SUB0007284,CUST006572,PLAN01,2020-05-07,,Active,True,,,6.99
SUB0007285,CUST006573,PLAN02,2020-12-06,,Active,True,,,15.49
SUB0007286,CUST006574,PLAN03,2025-09-20,,Active,True,,,22.99
SUB0007287,CUST006575,PLAN01,2020-02-19,,Active,True,,,6.99
SUB0007288,CUST006576,PLAN02,2019-04-23,,Active,True,,,15.49
SUB0007289,CUST006577,PLAN02,2020-04-17,,Active,True,,,15.49
SUB0007290,CUST006578,PLAN01,2019-12-18,,Active,True,,,6.99
SUB0007291,CUST006579,PLAN01,2026-01-26,,Cancelled,False,2026-05-31,Password sharing crackdown,6.99
SUB0007292,CUST006580,PLAN01,2020-06-02,,Cancelled,True,2026-03-18,Household budget cuts,6.99
SUB0007293,CUST006581,PLAN01,2026-03-29,,Active,True,,,6.99
SUB0007294,CUST006582,PLAN01,2025-01-14,,Cancelled,True,2025-10-30,Found alternative platform,6.99
SUB0007295,CUST006583,PLAN03,2020-11-26,,Cancelled,True,2026-04-12,Technical issues,22.99
SUB0007296,CUST006584,PLAN02,2021-05-24,,Active,True,,,15.49
SUB0007297,CUST006585,PLAN02,2019-05-03,,Cancelled,False,2026-04-27,No longer needed,15.49
SUB0007298,CUST006586,PLAN01,2020-03-09,,Active,True,,,6.99
SUB0007299,CUST006587,PLAN03,2024-11-08,,Active,True,,,22.99
SUB0007300,CUST006588,PLAN03,2019-06-13,,Active,True,,,22.99
SUB0007301,CUST006589,PLAN02,2023-06-19,,Active,False,,,15.49
SUB0007302,CUST006590,PLAN03,2020-12-01,,Active,True,,,22.99
SUB0007303,CUST006591,PLAN03,2019-07-06,,Active,True,,,22.99
SUB0007304,CUST006592,PLAN02,2019-02-20,,Active,True,,,15.49
SUB0007305,CUST006593,PLAN02,2021-06-05,,Cancelled,True,2026-01-06,Found alternative platform,15.49
SUB0007306,CUST006594,PLAN01,2021-10-24,,Active,True,,,6.99
SUB0007307,CUST006595,PLAN01,2024-06-12,,Active,True,,,6.99
SUB0007308,CUST006596,PLAN03,2025-02-24,,Active,False,,,22.99
SUB0007309,CUST006597,PLAN01,2025-08-02,,Active,True,,,6.99
SUB0007310,CUST006598,PLAN02,2019-09-16,,Active,True,,,15.49
SUB0007311,CUST006599,PLAN02,2019-03-01,,Active,True,,,15.49
SUB0007312,CUST006600,PLAN02,2022-10-30,,Active,True,,,15.49
SUB0007313,CUST006601,PLAN01,2020-07-18,2023-09-07,Plan Changed,False,,,15.49
SUB0007314,CUST006601,PLAN02,2023-09-07,,Active,False,,,15.49
SUB0007315,CUST006602,PLAN01,2025-01-18,,Active,True,,,6.99
SUB0007316,CUST006603,PLAN03,2023-06-30,,Active,True,,,22.99
SUB0007317,CUST006604,PLAN02,2022-11-02,2026-02-20,Plan Changed,True,,,15.49
SUB0007318,CUST006604,PLAN02,2026-02-20,,Active,True,,,15.49
SUB0007319,CUST006605,PLAN01,2026-02-13,,Active,False,,,6.99
SUB0007320,CUST006606,PLAN03,2021-05-17,,Active,False,,,22.99
SUB0007321,CUST006607,PLAN02,2024-02-19,,Active,False,,,15.49
SUB0007322,CUST006608,PLAN02,2026-01-02,,Cancelled,False,2026-02-28,Not enough content,15.49
SUB0007323,CUST006609,PLAN03,2019-05-07,,Active,True,,,22.99
SUB0007324,CUST006610,PLAN01,2024-07-05,,Cancelled,True,2026-03-22,Moving / relocation,6.99
SUB0007325,CUST006611,PLAN02,2019-03-27,,Cancelled,False,2025-11-25,Not enough content,15.49
SUB0007326,CUST006612,PLAN03,2021-09-24,,Active,True,,,22.99
SUB0007327,CUST006613,PLAN01,2020-07-04,,Active,True,,,6.99
SUB0007328,CUST006614,PLAN02,2025-01-26,,Active,True,,,15.49
SUB0007329,CUST006615,PLAN01,2024-02-09,,Active,True,,,6.99
SUB0007330,CUST006616,PLAN03,2025-10-25,,Cancelled,True,2026-03-28,Found alternative platform,22.99
SUB0007331,CUST006617,PLAN03,2026-03-10,,Active,True,,,22.99
SUB0007332,CUST006618,PLAN03,2019-11-25,2023-10-23,Plan Changed,True,,,15.49
SUB0007333,CUST006618,PLAN02,2023-10-23,,Cancelled,True,2026-03-26,Too expensive,15.49
SUB0007334,CUST006619,PLAN01,2019-02-25,2022-03-29,Plan Changed,True,,,15.49
SUB0007335,CUST006619,PLAN02,2022-03-29,,Active,True,,,15.49
SUB0007336,CUST006620,PLAN01,2021-06-10,,Active,True,,,6.99
SUB0007337,CUST006621,PLAN03,2021-09-27,,Active,False,,,22.99
SUB0007338,CUST006622,PLAN01,2022-06-03,,Active,True,,,6.99
SUB0007339,CUST006623,PLAN02,2019-06-06,,Active,False,,,15.49
SUB0007340,CUST006624,PLAN02,2020-10-11,,Active,True,,,15.49
SUB0007341,CUST006625,PLAN01,2023-08-25,,Active,True,,,6.99
SUB0007342,CUST006626,PLAN02,2024-01-09,,Active,True,,,15.49
SUB0007343,CUST006627,PLAN01,2020-06-19,,Active,True,,,6.99
SUB0007344,CUST006628,PLAN01,2021-04-06,2026-01-27,Plan Changed,True,,,22.99
SUB0007345,CUST006628,PLAN03,2026-01-27,,Active,True,,,22.99
SUB0007346,CUST006629,PLAN01,2024-04-01,,Cancelled,True,2026-01-06,Too expensive,6.99
SUB0007347,CUST006630,PLAN03,2022-05-18,,Active,True,,,22.99
SUB0007348,CUST006631,PLAN01,2026-03-16,,Active,True,,,6.99
SUB0007349,CUST006632,PLAN02,2023-03-09,,Cancelled,True,2025-10-28,Too expensive,15.49
SUB0007350,CUST006633,PLAN01,2024-01-01,,Active,True,,,6.99
SUB0007351,CUST006634,PLAN01,2023-03-23,,Active,False,,,6.99
SUB0007352,CUST006635,PLAN03,2025-04-16,,Active,False,,,22.99
SUB0007353,CUST006636,PLAN02,2025-10-04,,Cancelled,False,2026-04-30,Technical issues,15.49
SUB0007354,CUST006637,PLAN01,2021-07-21,,Active,True,,,6.99
SUB0007355,CUST006638,PLAN03,2019-02-08,,Active,True,,,22.99
SUB0007356,CUST006639,PLAN03,2023-04-04,,Active,True,,,22.99
SUB0007357,CUST006640,PLAN01,2023-11-01,,Active,True,,,6.99
SUB0007358,CUST006641,PLAN01,2023-11-19,,Active,True,,,6.99
SUB0007359,CUST006642,PLAN03,2020-05-19,,Active,True,,,22.99
SUB0007360,CUST006643,PLAN01,2019-01-07,,Active,True,,,6.99
SUB0007361,CUST006644,PLAN02,2020-08-30,,Cancelled,True,2025-12-07,No longer needed,15.49
SUB0007362,CUST006645,PLAN02,2020-02-23,,Active,False,,,15.49
SUB0007363,CUST006646,PLAN02,2021-03-28,,Active,True,,,15.49
SUB0007364,CUST006647,PLAN01,2026-01-31,,Active,True,,,6.99
SUB0007365,CUST006648,PLAN02,2025-07-12,,Cancelled,True,2026-02-21,Not enough content,15.49
SUB0007366,CUST006649,PLAN02,2026-03-07,,Cancelled,True,2026-06-12,Technical issues,15.49
SUB0007367,CUST006650,PLAN03,2024-11-13,,Active,False,,,22.99
SUB0007368,CUST006651,PLAN03,2019-12-18,,Cancelled,True,2025-12-23,Payment issues,22.99
SUB0007369,CUST006652,PLAN01,2020-01-12,,Active,True,,,6.99
SUB0007370,CUST006653,PLAN01,2025-07-18,,Active,True,,,6.99
SUB0007371,CUST006654,PLAN02,2024-07-27,2025-03-28,Plan Changed,True,,,15.49
SUB0007372,CUST006654,PLAN02,2025-03-28,,Active,True,,,15.49
SUB0007373,CUST006655,PLAN03,2019-12-23,,Active,False,,,22.99
SUB0007374,CUST006656,PLAN01,2023-03-22,,Active,False,,,6.99
SUB0007375,CUST006657,PLAN02,2022-12-10,,Active,True,,,15.49
SUB0007376,CUST006658,PLAN01,2022-01-28,,Active,False,,,6.99
SUB0007377,CUST006659,PLAN01,2025-08-22,2026-06-08,Plan Changed,True,,,15.49
SUB0007378,CUST006659,PLAN02,2026-06-08,,Active,True,,,15.49
SUB0007379,CUST006660,PLAN02,2022-12-19,,Cancelled,True,2026-06-29,Found alternative platform,15.49
SUB0007380,CUST006661,PLAN03,2025-11-10,,Active,True,,,22.99
SUB0007381,CUST006662,PLAN01,2023-06-02,,Active,True,,,6.99
SUB0007382,CUST006663,PLAN03,2024-12-19,,Cancelled,True,2026-05-30,Too expensive,22.99
SUB0007383,CUST006664,PLAN01,2024-03-12,,Active,True,,,6.99
SUB0007384,CUST006665,PLAN02,2020-06-25,2022-10-26,Plan Changed,True,,,15.49
SUB0007385,CUST006665,PLAN02,2022-10-26,,Active,True,,,15.49
SUB0007386,CUST006666,PLAN01,2025-12-06,,Active,True,,,6.99
SUB0007387,CUST006667,PLAN03,2019-05-18,2022-07-11,Plan Changed,False,,,15.49
SUB0007388,CUST006667,PLAN02,2022-07-11,,Active,False,,,15.49
SUB0007389,CUST006668,PLAN01,2020-02-12,,Active,True,,,6.99
SUB0007390,CUST006669,PLAN03,2023-07-16,,Active,False,,,22.99
SUB0007391,CUST006670,PLAN02,2024-08-19,,Cancelled,True,2026-04-04,Technical issues,15.49
SUB0007392,CUST006671,PLAN02,2022-07-26,,Active,True,,,15.49
SUB0007393,CUST006672,PLAN01,2021-12-03,,Active,False,,,6.99
SUB0007394,CUST006673,PLAN01,2021-06-14,,Cancelled,True,2026-01-29,Content quality decline,6.99
SUB0007395,CUST006674,PLAN02,2019-07-25,,Cancelled,True,2025-10-27,Too expensive,15.49
SUB0007396,CUST006675,PLAN01,2022-10-31,,Active,True,,,6.99
SUB0007397,CUST006676,PLAN01,2024-01-20,,Cancelled,True,2026-05-12,Too expensive,6.99
SUB0007398,CUST006677,PLAN02,2023-09-30,,Active,True,,,15.49
SUB0007399,CUST006678,PLAN02,2024-06-20,,Active,True,,,15.49
SUB0007400,CUST006679,PLAN02,2024-11-01,,Cancelled,False,2026-03-10,Password sharing crackdown,15.49
SUB0007401,CUST006680,PLAN01,2022-12-15,,Cancelled,True,2026-01-27,Not enough content,6.99
SUB0007402,CUST006681,PLAN03,2020-10-25,,Active,True,,,22.99
SUB0007403,CUST006682,PLAN03,2022-05-12,,Active,True,,,22.99
SUB0007404,CUST006683,PLAN03,2020-09-12,2024-10-18,Plan Changed,True,,,6.99
SUB0007405,CUST006683,PLAN01,2024-10-18,,Active,True,,,6.99
SUB0007406,CUST006684,PLAN03,2020-10-22,,Active,True,,,22.99
SUB0007407,CUST006685,PLAN01,2022-05-08,,Cancelled,True,2026-06-20,Payment issues,6.99
SUB0007408,CUST006686,PLAN03,2022-09-23,2025-05-12,Plan Changed,True,,,15.49
SUB0007409,CUST006686,PLAN02,2025-05-12,,Active,True,,,15.49
SUB0007410,CUST006687,PLAN01,2023-10-02,,Active,True,,,6.99
SUB0007411,CUST006688,PLAN01,2022-03-06,2025-10-29,Plan Changed,True,,,22.99
SUB0007412,CUST006688,PLAN03,2025-10-29,,Active,True,,,22.99
SUB0007413,CUST006689,PLAN01,2025-12-01,,Cancelled,True,2026-02-03,Too expensive,6.99
SUB0007414,CUST006690,PLAN02,2019-12-29,,Active,True,,,15.49
SUB0007415,CUST006691,PLAN03,2019-07-01,2025-03-17,Plan Changed,True,,,15.49
SUB0007416,CUST006691,PLAN02,2025-03-17,,Active,True,,,15.49
SUB0007417,CUST006692,PLAN02,2020-04-28,,Cancelled,True,2025-10-21,Payment issues,15.49
SUB0007418,CUST006693,PLAN02,2023-08-03,,Cancelled,True,2025-11-22,No longer needed,15.49
SUB0007419,CUST006694,PLAN02,2024-01-01,,Cancelled,False,2025-12-21,Technical issues,15.49
SUB0007420,CUST006695,PLAN01,2019-12-27,,Active,False,,,6.99
SUB0007421,CUST006696,PLAN03,2023-12-13,,Active,True,,,22.99
SUB0007422,CUST006697,PLAN01,2019-03-06,,Active,True,,,6.99
SUB0007423,CUST006698,PLAN03,2019-08-18,2020-10-10,Plan Changed,False,,,15.49
SUB0007424,CUST006698,PLAN02,2020-10-10,,Active,False,,,15.49
SUB0007425,CUST006699,PLAN02,2023-06-25,,Active,True,,,15.49
SUB0007426,CUST006700,PLAN02,2022-01-25,,Active,True,,,15.49
SUB0007427,CUST006701,PLAN01,2023-08-23,,Cancelled,True,2026-05-08,Too expensive,6.99
SUB0007428,CUST006702,PLAN01,2023-12-03,,Active,True,,,6.99
SUB0007429,CUST006703,PLAN03,2022-12-14,2025-08-02,Plan Changed,False,,,22.99
SUB0007430,CUST006703,PLAN03,2025-08-02,,Active,False,,,22.99
SUB0007431,CUST006704,PLAN02,2023-07-08,,Active,True,,,15.49
SUB0007432,CUST006705,PLAN01,2020-06-15,,Active,False,,,6.99
SUB0007433,CUST006706,PLAN01,2022-05-03,,Active,True,,,6.99
SUB0007434,CUST006707,PLAN03,2019-06-22,,Active,True,,,22.99
SUB0007435,CUST006708,PLAN01,2023-08-18,,Cancelled,False,2026-02-16,Not enough content,6.99
SUB0007436,CUST006709,PLAN03,2021-10-24,,Active,True,,,22.99
SUB0007437,CUST006710,PLAN02,2024-08-05,,Active,False,,,15.49
SUB0007438,CUST006711,PLAN02,2026-03-20,,Active,False,,,15.49
SUB0007439,CUST006712,PLAN01,2022-10-15,2025-11-01,Plan Changed,True,,,15.49
SUB0007440,CUST006712,PLAN02,2025-11-01,,Active,True,,,15.49
SUB0007441,CUST006713,PLAN01,2019-03-07,,Active,True,,,6.99
SUB0007442,CUST006714,PLAN03,2022-05-21,,Active,True,,,22.99
SUB0007443,CUST006715,PLAN02,2019-08-23,,Cancelled,True,2026-04-16,No longer needed,15.49
SUB0007444,CUST006716,PLAN02,2025-07-02,,Cancelled,True,2026-02-02,Payment issues,15.49
SUB0007445,CUST006717,PLAN01,2020-07-15,,Active,True,,,6.99
SUB0007446,CUST006718,PLAN03,2022-12-23,,Active,True,,,22.99
SUB0007447,CUST006719,PLAN02,2026-03-31,,Active,True,,,15.49
SUB0007448,CUST006720,PLAN01,2021-08-27,,Active,False,,,6.99
SUB0007449,CUST006721,PLAN02,2019-01-24,,Active,True,,,15.49
SUB0007450,CUST006722,PLAN02,2024-10-08,,Cancelled,True,2026-03-04,No longer needed,15.49
SUB0007451,CUST006723,PLAN01,2023-01-08,,Cancelled,True,2025-10-03,Not enough content,6.99
SUB0007452,CUST006724,PLAN02,2020-04-12,,Active,True,,,15.49
SUB0007453,CUST006725,PLAN02,2019-10-05,,Active,True,,,15.49
SUB0007454,CUST006726,PLAN01,2020-06-04,,Cancelled,True,2025-10-31,No longer needed,6.99
SUB0007455,CUST006727,PLAN02,2021-10-14,2022-06-10,Plan Changed,True,,,6.99
SUB0007456,CUST006727,PLAN01,2022-06-10,,Active,True,,,6.99
SUB0007457,CUST006728,PLAN01,2025-06-11,,Active,True,,,6.99
SUB0007458,CUST006729,PLAN01,2022-01-24,,Active,True,,,6.99
SUB0007459,CUST006730,PLAN01,2023-05-06,,Active,True,,,6.99
SUB0007460,CUST006731,PLAN02,2022-11-29,,Active,True,,,15.49
SUB0007461,CUST006732,PLAN01,2023-10-12,,Active,False,,,6.99
SUB0007462,CUST006733,PLAN02,2023-01-23,,Cancelled,True,2026-04-14,Not enough content,15.49
SUB0007463,CUST006734,PLAN01,2020-01-22,2025-02-15,Plan Changed,True,,,6.99
SUB0007464,CUST006734,PLAN01,2025-02-15,,Active,True,,,6.99
SUB0007465,CUST006735,PLAN01,2022-10-11,,Active,True,,,6.99
SUB0007466,CUST006736,PLAN02,2021-07-03,,Active,True,,,15.49
SUB0007467,CUST006737,PLAN01,2026-02-03,,Active,False,,,6.99
SUB0007468,CUST006738,PLAN02,2023-06-03,,Active,True,,,15.49
SUB0007469,CUST006739,PLAN02,2024-11-06,,Cancelled,True,2026-05-27,Not enough content,15.49
SUB0007470,CUST006740,PLAN03,2020-04-25,,Active,True,,,22.99
SUB0007471,CUST006741,PLAN01,2026-01-11,,Active,True,,,6.99
SUB0007472,CUST006742,PLAN02,2024-07-31,,Cancelled,True,2025-10-18,Found alternative platform,15.49
SUB0007473,CUST006743,PLAN02,2025-12-08,,Cancelled,True,2026-01-09,Too expensive,15.49
SUB0007474,CUST006744,PLAN01,2021-10-02,,Active,False,,,6.99
SUB0007475,CUST006745,PLAN01,2020-04-11,2020-06-27,Plan Changed,True,,,22.99
SUB0007476,CUST006745,PLAN03,2020-06-27,,Active,True,,,22.99
SUB0007477,CUST006746,PLAN01,2020-01-20,,Cancelled,True,2025-10-15,Too expensive,6.99
SUB0007478,CUST006747,PLAN02,2024-04-21,,Active,True,,,15.49
SUB0007479,CUST006748,PLAN01,2019-08-31,,Active,True,,,6.99
SUB0007480,CUST006749,PLAN03,2021-03-05,,Active,True,,,22.99
SUB0007481,CUST006750,PLAN03,2019-03-05,,Cancelled,True,2026-05-24,Too expensive,22.99
SUB0007482,CUST006751,PLAN01,2025-11-20,,Active,True,,,6.99
SUB0007483,CUST006752,PLAN03,2022-04-19,,Active,False,,,22.99
SUB0007484,CUST006753,PLAN03,2020-03-22,,Active,True,,,22.99
SUB0007485,CUST006754,PLAN01,2024-10-23,,Active,True,,,6.99
SUB0007486,CUST006755,PLAN02,2024-02-22,,Active,False,,,15.49
SUB0007487,CUST006756,PLAN01,2021-12-06,2023-10-01,Plan Changed,True,,,6.99
SUB0007488,CUST006756,PLAN01,2023-10-01,,Cancelled,True,2026-05-05,Not enough content,6.99
SUB0007489,CUST006757,PLAN03,2022-02-17,2022-11-08,Plan Changed,False,,,6.99
SUB0007490,CUST006757,PLAN01,2022-11-08,,Cancelled,False,2025-10-20,Too expensive,6.99
SUB0007491,CUST006758,PLAN02,2021-06-24,,Active,True,,,15.49
SUB0007492,CUST006759,PLAN02,2025-12-24,,Active,True,,,15.49
SUB0007493,CUST006760,PLAN01,2025-06-17,,Active,False,,,6.99
SUB0007494,CUST006761,PLAN01,2019-07-25,,Active,True,,,6.99
SUB0007495,CUST006762,PLAN01,2021-04-08,,Active,True,,,6.99
SUB0007496,CUST006763,PLAN01,2023-07-04,,Active,True,,,6.99
SUB0007497,CUST006764,PLAN01,2023-07-15,,Active,True,,,6.99
SUB0007498,CUST006765,PLAN03,2022-11-24,,Active,False,,,22.99
SUB0007499,CUST006766,PLAN01,2021-08-18,,Cancelled,True,2026-05-07,Household budget cuts,6.99
SUB0007500,CUST006767,PLAN02,2021-02-11,,Active,True,,,15.49
SUB0007501,CUST006768,PLAN02,2025-08-29,,Cancelled,True,2026-02-20,Household budget cuts,15.49
SUB0007502,CUST006769,PLAN03,2019-02-24,,Active,True,,,22.99
SUB0007503,CUST006770,PLAN01,2021-09-22,,Cancelled,True,2025-11-25,Too expensive,6.99
SUB0007504,CUST006771,PLAN03,2022-03-17,,Active,True,,,22.99
SUB0007505,CUST006772,PLAN02,2024-11-30,,Active,True,,,15.49
SUB0007506,CUST006773,PLAN02,2025-12-05,,Active,False,,,15.49
SUB0007507,CUST006774,PLAN03,2023-06-17,2024-03-28,Plan Changed,True,,,22.99
SUB0007508,CUST006774,PLAN03,2024-03-28,,Cancelled,True,2026-05-05,Found alternative platform,22.99
SUB0007509,CUST006775,PLAN02,2022-07-27,,Active,True,,,15.49
SUB0007510,CUST006776,PLAN03,2024-05-23,,Cancelled,True,2026-06-28,Password sharing crackdown,22.99
SUB0007511,CUST006777,PLAN03,2024-08-27,,Cancelled,True,2026-01-07,Password sharing crackdown,22.99
SUB0007512,CUST006778,PLAN03,2025-05-03,,Cancelled,True,2026-04-23,Moving / relocation,22.99
SUB0007513,CUST006779,PLAN01,2024-03-19,,Active,True,,,6.99
SUB0007514,CUST006780,PLAN03,2025-12-18,,Active,False,,,22.99
SUB0007515,CUST006781,PLAN03,2024-08-22,,Active,False,,,22.99
SUB0007516,CUST006782,PLAN02,2022-07-27,,Active,True,,,15.49
SUB0007517,CUST006783,PLAN03,2019-09-11,2023-02-27,Plan Changed,True,,,15.49
SUB0007518,CUST006783,PLAN02,2023-02-27,,Active,True,,,15.49
SUB0007519,CUST006784,PLAN02,2019-09-21,2020-09-12,Plan Changed,True,,,22.99
SUB0007520,CUST006784,PLAN03,2020-09-12,,Active,True,,,22.99
SUB0007521,CUST006785,PLAN01,2020-03-10,,Active,True,,,6.99
SUB0007522,CUST006786,PLAN02,2020-03-20,,Active,True,,,15.49
SUB0007523,CUST006787,PLAN02,2024-08-30,,Active,True,,,15.49
SUB0007524,CUST006788,PLAN01,2022-03-02,,Active,False,,,6.99
SUB0007525,CUST006789,PLAN01,2020-12-07,2024-07-19,Plan Changed,True,,,15.49
SUB0007526,CUST006789,PLAN02,2024-07-19,,Cancelled,True,2026-05-14,Password sharing crackdown,15.49
SUB0007527,CUST006790,PLAN01,2021-02-04,,Active,True,,,6.99
SUB0007528,CUST006791,PLAN01,2022-02-13,,Cancelled,True,2026-03-05,Found alternative platform,6.99
SUB0007529,CUST006792,PLAN02,2025-05-28,,Active,True,,,15.49
SUB0007530,CUST006793,PLAN02,2024-09-06,,Active,True,,,15.49
SUB0007531,CUST006794,PLAN01,2019-11-11,,Active,True,,,6.99
SUB0007532,CUST006795,PLAN01,2020-08-05,,Cancelled,True,2026-05-19,Found alternative platform,6.99
SUB0007533,CUST006796,PLAN03,2022-09-27,2025-06-15,Plan Changed,True,,,15.49
SUB0007534,CUST006796,PLAN02,2025-06-15,,Active,True,,,15.49
SUB0007535,CUST006797,PLAN01,2020-07-22,2024-09-15,Plan Changed,True,,,15.49
SUB0007536,CUST006797,PLAN02,2024-09-15,,Active,True,,,15.49
SUB0007537,CUST006798,PLAN02,2024-05-29,,Cancelled,True,2026-02-02,Payment issues,15.49
SUB0007538,CUST006799,PLAN01,2023-07-20,,Active,True,,,6.99
SUB0007539,CUST006800,PLAN01,2021-05-20,,Active,True,,,6.99
SUB0007540,CUST006801,PLAN01,2019-04-15,,Active,True,,,6.99
SUB0007541,CUST006802,PLAN03,2019-10-21,,Active,True,,,22.99
SUB0007542,CUST006803,PLAN03,2025-11-05,,Active,True,,,22.99
SUB0007543,CUST006804,PLAN01,2023-12-05,,Active,True,,,6.99
SUB0007544,CUST006805,PLAN02,2021-06-07,,Active,True,,,15.49
SUB0007545,CUST006806,PLAN01,2021-12-22,,Active,False,,,6.99
SUB0007546,CUST006807,PLAN01,2025-05-21,,Active,True,,,6.99
SUB0007547,CUST006808,PLAN03,2024-11-30,,Active,False,,,22.99
SUB0007548,CUST006809,PLAN03,2022-03-02,,Cancelled,True,2025-12-25,Not enough content,22.99
SUB0007549,CUST006810,PLAN02,2022-07-02,,Active,True,,,15.49
SUB0007550,CUST006811,PLAN03,2024-01-14,,Active,False,,,22.99
SUB0007551,CUST006812,PLAN01,2024-05-18,,Active,False,,,6.99
SUB0007552,CUST006813,PLAN01,2021-05-09,2021-09-20,Plan Changed,True,,,22.99
SUB0007553,CUST006813,PLAN03,2021-09-20,,Active,True,,,22.99
SUB0007554,CUST006814,PLAN02,2022-04-08,,Cancelled,True,2026-01-20,Content quality decline,15.49
SUB0007555,CUST006815,PLAN02,2024-05-07,,Active,True,,,15.49
SUB0007556,CUST006816,PLAN02,2024-04-22,,Active,True,,,15.49
SUB0007557,CUST006817,PLAN03,2023-02-16,,Active,True,,,22.99
SUB0007558,CUST006818,PLAN01,2025-01-15,,Cancelled,True,2026-01-13,No longer needed,6.99
SUB0007559,CUST006819,PLAN01,2022-01-02,2026-02-12,Plan Changed,False,,,6.99
SUB0007560,CUST006819,PLAN01,2026-02-12,,Active,False,,,6.99
SUB0007561,CUST006820,PLAN01,2023-04-26,,Active,True,,,6.99
SUB0007562,CUST006821,PLAN02,2022-11-06,,Active,True,,,15.49
SUB0007563,CUST006822,PLAN01,2019-07-06,,Active,True,,,6.99
SUB0007564,CUST006823,PLAN03,2020-11-24,,Active,True,,,22.99
SUB0007565,CUST006824,PLAN01,2022-05-26,2026-04-26,Plan Changed,True,,,6.99
SUB0007566,CUST006824,PLAN01,2026-04-26,,Active,True,,,6.99
SUB0007567,CUST006825,PLAN02,2019-04-27,2023-12-19,Plan Changed,True,,,15.49
SUB0007568,CUST006825,PLAN02,2023-12-19,,Active,True,,,15.49
SUB0007569,CUST006826,PLAN01,2023-05-19,,Active,False,,,6.99
SUB0007570,CUST006827,PLAN01,2019-11-30,,Active,False,,,6.99
SUB0007571,CUST006828,PLAN01,2023-12-03,,Active,True,,,6.99
SUB0007572,CUST006829,PLAN02,2023-05-20,,Active,True,,,15.49
SUB0007573,CUST006830,PLAN02,2021-12-15,,Cancelled,True,2026-02-08,Too expensive,15.49
SUB0007574,CUST006831,PLAN03,2020-12-26,,Active,True,,,22.99
SUB0007575,CUST006832,PLAN03,2024-10-16,,Cancelled,True,2025-11-09,Technical issues,22.99
SUB0007576,CUST006833,PLAN02,2019-07-02,,Active,True,,,15.49
SUB0007577,CUST006834,PLAN02,2024-02-04,,Active,True,,,15.49
SUB0007578,CUST006835,PLAN01,2019-02-17,,Active,True,,,6.99
SUB0007579,CUST006836,PLAN02,2025-04-25,,Cancelled,True,2026-06-18,Moving / relocation,15.49
SUB0007580,CUST006837,PLAN03,2025-01-02,,Cancelled,True,2025-10-14,Too expensive,22.99
SUB0007581,CUST006838,PLAN02,2024-01-12,,Cancelled,True,2026-03-17,Found alternative platform,15.49
SUB0007582,CUST006839,PLAN01,2021-10-31,,Active,False,,,6.99
SUB0007583,CUST006840,PLAN01,2026-01-24,,Cancelled,False,2026-05-31,Household budget cuts,6.99
SUB0007584,CUST006841,PLAN03,2021-10-03,,Cancelled,True,2026-06-13,Household budget cuts,22.99
SUB0007585,CUST006842,PLAN01,2023-02-13,,Active,True,,,6.99
SUB0007586,CUST006843,PLAN02,2023-03-04,,Active,True,,,15.49
SUB0007587,CUST006844,PLAN02,2023-05-20,,Active,True,,,15.49
SUB0007588,CUST006845,PLAN03,2021-05-10,,Active,False,,,22.99
SUB0007589,CUST006846,PLAN02,2021-03-04,,Active,True,,,15.49
SUB0007590,CUST006847,PLAN02,2019-06-15,,Active,False,,,15.49
SUB0007591,CUST006848,PLAN01,2023-07-16,,Active,True,,,6.99
SUB0007592,CUST006849,PLAN01,2022-02-18,,Active,True,,,6.99
SUB0007593,CUST006850,PLAN03,2024-01-20,,Active,True,,,22.99
SUB0007594,CUST006851,PLAN01,2025-05-09,,Cancelled,True,2025-11-06,Moving / relocation,6.99
SUB0007595,CUST006852,PLAN01,2019-10-02,,Cancelled,True,2026-04-01,Password sharing crackdown,6.99
SUB0007596,CUST006853,PLAN02,2019-06-06,,Active,True,,,15.49
SUB0007597,CUST006854,PLAN01,2024-12-27,,Active,True,,,6.99
SUB0007598,CUST006855,PLAN03,2021-08-20,,Active,True,,,22.99
SUB0007599,CUST006856,PLAN03,2023-04-03,,Active,True,,,22.99
SUB0007600,CUST006857,PLAN01,2020-10-06,,Active,True,,,6.99
SUB0007601,CUST006858,PLAN03,2021-10-06,,Active,True,,,22.99
SUB0007602,CUST006859,PLAN01,2022-10-05,,Cancelled,False,2026-01-09,Found alternative platform,6.99
SUB0007603,CUST006860,PLAN03,2020-08-30,2021-10-21,Plan Changed,True,,,15.49
SUB0007604,CUST006860,PLAN02,2021-10-21,,Active,True,,,15.49
SUB0007605,CUST006861,PLAN03,2025-10-26,2026-01-02,Plan Changed,True,,,6.99
SUB0007606,CUST006861,PLAN01,2026-01-02,,Active,True,,,6.99
SUB0007607,CUST006862,PLAN02,2025-05-24,,Active,True,,,15.49
SUB0007608,CUST006863,PLAN01,2021-09-25,2022-01-05,Plan Changed,False,,,22.99
SUB0007609,CUST006863,PLAN03,2022-01-05,,Active,False,,,22.99
SUB0007610,CUST006864,PLAN03,2022-09-02,,Active,True,,,22.99
SUB0007611,CUST006865,PLAN01,2024-10-13,,Active,True,,,6.99
SUB0007612,CUST006866,PLAN02,2022-05-25,,Active,True,,,15.49
SUB0007613,CUST006867,PLAN01,2023-03-10,,Active,True,,,6.99
SUB0007614,CUST006868,PLAN03,2023-01-03,2024-06-02,Plan Changed,True,,,22.99
SUB0007615,CUST006868,PLAN03,2024-06-02,,Cancelled,True,2026-03-02,Found alternative platform,22.99
SUB0007616,CUST006869,PLAN03,2021-06-02,,Active,True,,,22.99
SUB0007617,CUST006870,PLAN01,2022-01-15,,Active,True,,,6.99
SUB0007618,CUST006871,PLAN02,2020-02-07,,Active,True,,,15.49
SUB0007619,CUST006872,PLAN01,2021-11-27,,Active,True,,,6.99
SUB0007620,CUST006873,PLAN02,2022-12-08,,Active,False,,,15.49
SUB0007621,CUST006874,PLAN02,2024-05-06,,Cancelled,True,2026-06-25,Technical issues,15.49
SUB0007622,CUST006875,PLAN02,2023-03-02,,Active,True,,,15.49
SUB0007623,CUST006876,PLAN02,2022-10-11,,Active,True,,,15.49
SUB0007624,CUST006877,PLAN02,2019-10-05,,Active,True,,,15.49
SUB0007625,CUST006878,PLAN03,2024-11-19,2025-05-14,Plan Changed,True,,,15.49
SUB0007626,CUST006878,PLAN02,2025-05-14,,Active,True,,,15.49
SUB0007627,CUST006879,PLAN02,2025-07-02,,Active,True,,,15.49
SUB0007628,CUST006880,PLAN03,2025-04-12,2025-12-04,Plan Changed,True,,,15.49
SUB0007629,CUST006880,PLAN02,2025-12-04,,Cancelled,True,2025-12-17,Content quality decline,15.49
SUB0007630,CUST006881,PLAN01,2019-12-28,,Active,True,,,6.99
SUB0007631,CUST006882,PLAN03,2022-03-16,,Active,True,,,22.99
SUB0007632,CUST006883,PLAN02,2020-01-01,,Active,True,,,15.49
SUB0007633,CUST006884,PLAN01,2024-11-02,,Cancelled,True,2025-11-13,Content quality decline,6.99
SUB0007634,CUST006885,PLAN03,2024-09-29,,Active,True,,,22.99
SUB0007635,CUST006886,PLAN01,2025-12-16,,Active,True,,,6.99
SUB0007636,CUST006887,PLAN01,2026-04-11,,Active,True,,,6.99
SUB0007637,CUST006888,PLAN02,2020-03-25,,Active,True,,,15.49
SUB0007638,CUST006889,PLAN02,2025-10-30,,Cancelled,True,2025-12-11,Found alternative platform,15.49
SUB0007639,CUST006890,PLAN01,2023-03-03,2025-08-10,Plan Changed,True,,,22.99
SUB0007640,CUST006890,PLAN03,2025-08-10,,Active,True,,,22.99
SUB0007641,CUST006891,PLAN03,2019-01-05,,Active,True,,,22.99
SUB0007642,CUST006892,PLAN03,2022-07-26,,Active,True,,,22.99
SUB0007643,CUST006893,PLAN03,2019-08-16,,Cancelled,True,2026-01-29,No longer needed,22.99
SUB0007644,CUST006894,PLAN02,2022-06-29,,Active,True,,,15.49
SUB0007645,CUST006895,PLAN01,2023-08-08,,Active,True,,,6.99
SUB0007646,CUST006896,PLAN01,2022-11-18,,Active,False,,,6.99
SUB0007647,CUST006897,PLAN02,2022-09-30,,Active,False,,,15.49
SUB0007648,CUST006898,PLAN03,2019-08-21,,Active,True,,,22.99
SUB0007649,CUST006899,PLAN03,2024-08-22,,Active,True,,,22.99
SUB0007650,CUST006900,PLAN02,2023-06-18,,Active,True,,,15.49
SUB0007651,CUST006901,PLAN01,2020-03-03,,Cancelled,False,2026-03-21,Not enough content,6.99
SUB0007652,CUST006902,PLAN02,2020-10-04,,Active,True,,,15.49
SUB0007653,CUST006903,PLAN03,2022-08-01,,Cancelled,True,2026-01-22,Payment issues,22.99
SUB0007654,CUST006904,PLAN01,2022-12-20,,Cancelled,True,2026-02-04,Payment issues,6.99
SUB0007655,CUST006905,PLAN01,2021-05-31,,Cancelled,True,2026-03-28,Too expensive,6.99
SUB0007656,CUST006906,PLAN02,2022-03-17,,Active,True,,,15.49
SUB0007657,CUST006907,PLAN02,2023-01-31,,Active,True,,,15.49
SUB0007658,CUST006908,PLAN01,2019-03-18,,Active,True,,,6.99
SUB0007659,CUST006909,PLAN02,2019-12-03,,Cancelled,True,2026-02-25,Password sharing crackdown,15.49
SUB0007660,CUST006910,PLAN03,2025-01-24,2025-11-03,Plan Changed,True,,,6.99
SUB0007661,CUST006910,PLAN01,2025-11-03,,Cancelled,True,2026-01-22,Not enough content,6.99
SUB0007662,CUST006911,PLAN02,2022-03-01,,Active,True,,,15.49
SUB0007663,CUST006912,PLAN01,2023-02-23,,Active,True,,,6.99
SUB0007664,CUST006913,PLAN01,2021-05-28,,Cancelled,False,2026-06-08,Too expensive,6.99
SUB0007665,CUST006914,PLAN02,2025-01-10,,Active,True,,,15.49
SUB0007666,CUST006915,PLAN02,2024-02-03,,Active,True,,,15.49
SUB0007667,CUST006916,PLAN02,2026-04-17,,Active,False,,,15.49
SUB0007668,CUST006917,PLAN01,2020-01-09,,Cancelled,True,2025-12-15,Poor customer service experience,6.99
SUB0007669,CUST006918,PLAN01,2022-09-19,,Active,False,,,6.99
SUB0007670,CUST006919,PLAN01,2025-05-28,,Cancelled,True,2025-11-06,Found alternative platform,6.99
SUB0007671,CUST006920,PLAN02,2022-04-12,,Active,True,,,15.49
SUB0007672,CUST006921,PLAN02,2020-11-17,,Active,False,,,15.49
SUB0007673,CUST006922,PLAN03,2022-01-06,,Active,True,,,22.99
SUB0007674,CUST006923,PLAN01,2024-08-12,,Active,True,,,6.99
SUB0007675,CUST006924,PLAN01,2019-02-14,,Active,True,,,6.99
SUB0007676,CUST006925,PLAN02,2021-07-31,,Cancelled,True,2025-12-27,Found alternative platform,15.49
SUB0007677,CUST006926,PLAN02,2020-10-08,,Active,True,,,15.49
SUB0007678,CUST006927,PLAN03,2020-11-29,,Cancelled,False,2025-10-30,Poor customer service experience,22.99
SUB0007679,CUST006928,PLAN02,2025-10-22,,Active,False,,,15.49
SUB0007680,CUST006929,PLAN01,2025-10-26,,Active,True,,,6.99
SUB0007681,CUST006930,PLAN02,2021-12-01,,Active,True,,,15.49
SUB0007682,CUST006931,PLAN03,2022-01-16,,Active,True,,,22.99
SUB0007683,CUST006932,PLAN01,2021-09-18,,Active,True,,,6.99
SUB0007684,CUST006933,PLAN02,2022-02-11,2024-01-17,Plan Changed,True,,,22.99
SUB0007685,CUST006933,PLAN03,2024-01-17,,Active,True,,,22.99
SUB0007686,CUST006934,PLAN01,2024-12-22,,Cancelled,False,2025-11-30,Content quality decline,6.99
SUB0007687,CUST006935,PLAN03,2023-05-07,,Active,True,,,22.99
SUB0007688,CUST006936,PLAN02,2019-01-23,,Active,True,,,15.49
SUB0007689,CUST006937,PLAN01,2022-10-10,,Active,True,,,6.99
SUB0007690,CUST006938,PLAN02,2019-11-23,2021-10-16,Plan Changed,True,,,15.49
SUB0007691,CUST006938,PLAN02,2021-10-16,,Active,True,,,15.49
SUB0007692,CUST006939,PLAN01,2019-01-21,,Active,False,,,6.99
SUB0007693,CUST006940,PLAN01,2023-04-11,,Cancelled,True,2026-01-10,No longer needed,6.99
SUB0007694,CUST006941,PLAN01,2019-06-04,,Cancelled,True,2026-02-08,Too expensive,6.99
SUB0007695,CUST006942,PLAN01,2023-09-11,,Active,True,,,6.99
SUB0007696,CUST006943,PLAN01,2020-01-09,,Cancelled,True,2026-06-05,Too expensive,6.99
SUB0007697,CUST006944,PLAN01,2019-03-04,,Active,True,,,6.99
SUB0007698,CUST006945,PLAN02,2023-08-01,,Cancelled,True,2026-06-18,No longer needed,15.49
SUB0007699,CUST006946,PLAN01,2024-07-21,,Cancelled,True,2026-02-08,No longer needed,6.99
SUB0007700,CUST006947,PLAN02,2024-03-19,,Cancelled,True,2026-04-23,Too expensive,15.49
SUB0007701,CUST006948,PLAN03,2022-10-29,,Cancelled,False,2026-03-19,Payment issues,22.99
SUB0007702,CUST006949,PLAN02,2025-04-28,,Cancelled,True,2026-01-07,No longer needed,15.49
SUB0007703,CUST006950,PLAN02,2023-06-21,,Active,True,,,15.49
SUB0007704,CUST006951,PLAN01,2024-07-18,,Active,True,,,6.99
SUB0007705,CUST006952,PLAN01,2024-02-07,,Active,True,,,6.99
SUB0007706,CUST006953,PLAN01,2021-02-19,,Cancelled,True,2025-11-14,Poor customer service experience,6.99
SUB0007707,CUST006954,PLAN02,2024-10-09,,Active,False,,,15.49
SUB0007708,CUST006955,PLAN03,2023-08-26,,Active,True,,,22.99
SUB0007709,CUST006956,PLAN02,2022-08-18,,Cancelled,True,2025-10-25,Content quality decline,15.49
SUB0007710,CUST006957,PLAN02,2023-03-06,,Cancelled,True,2025-12-04,Poor customer service experience,15.49
SUB0007711,CUST006958,PLAN02,2019-05-18,,Active,True,,,15.49
SUB0007712,CUST006959,PLAN02,2020-11-14,,Active,True,,,15.49
SUB0007713,CUST006960,PLAN01,2021-07-15,2026-01-29,Plan Changed,True,,,6.99
SUB0007714,CUST006960,PLAN01,2026-01-29,,Active,True,,,6.99
SUB0007715,CUST006961,PLAN02,2024-09-04,,Active,True,,,15.49
SUB0007716,CUST006962,PLAN03,2021-09-13,2023-02-13,Plan Changed,False,,,6.99
SUB0007717,CUST006962,PLAN01,2023-02-13,,Active,False,,,6.99
SUB0007718,CUST006963,PLAN03,2019-05-19,,Active,True,,,22.99
SUB0007719,CUST006964,PLAN02,2024-09-27,,Active,True,,,15.49
SUB0007720,CUST006965,PLAN01,2022-01-17,,Cancelled,True,2026-04-02,Found alternative platform,6.99
SUB0007721,CUST006966,PLAN03,2022-09-12,,Active,True,,,22.99
SUB0007722,CUST006967,PLAN02,2025-06-29,,Cancelled,True,2026-04-05,Household budget cuts,15.49
SUB0007723,CUST006968,PLAN01,2023-07-16,,Active,True,,,6.99
SUB0007724,CUST006969,PLAN02,2022-09-12,,Active,False,,,15.49
SUB0007725,CUST006970,PLAN02,2023-12-11,,Active,True,,,15.49
SUB0007726,CUST006971,PLAN01,2024-05-22,,Cancelled,True,2026-04-24,Household budget cuts,6.99
SUB0007727,CUST006972,PLAN01,2025-10-04,,Active,True,,,6.99
SUB0007728,CUST006973,PLAN03,2025-07-22,,Active,False,,,22.99
SUB0007729,CUST006974,PLAN01,2024-02-21,,Active,True,,,6.99
SUB0007730,CUST006975,PLAN03,2025-05-23,,Active,True,,,22.99
SUB0007731,CUST006976,PLAN02,2025-02-17,,Active,True,,,15.49
SUB0007732,CUST006977,PLAN02,2021-06-06,,Active,True,,,15.49
SUB0007733,CUST006978,PLAN02,2023-04-29,,Active,True,,,15.49
SUB0007734,CUST006979,PLAN02,2022-01-06,,Active,True,,,15.49
SUB0007735,CUST006980,PLAN03,2025-10-13,,Active,True,,,22.99
SUB0007736,CUST006981,PLAN03,2025-11-18,,Active,True,,,22.99
SUB0007737,CUST006982,PLAN02,2022-12-26,,Cancelled,False,2026-04-08,Password sharing crackdown,15.49
SUB0007738,CUST006983,PLAN02,2022-04-11,,Active,True,,,15.49
SUB0007739,CUST006984,PLAN03,2020-05-13,,Active,True,,,22.99
SUB0007740,CUST006985,PLAN02,2019-10-15,,Active,True,,,15.49
SUB0007741,CUST006986,PLAN03,2020-06-25,,Active,True,,,22.99
SUB0007742,CUST006987,PLAN03,2024-10-14,,Active,True,,,22.99
SUB0007743,CUST006988,PLAN01,2022-04-02,,Active,True,,,6.99
SUB0007744,CUST006989,PLAN02,2024-12-28,,Cancelled,True,2026-04-09,Poor customer service experience,15.49
SUB0007745,CUST006990,PLAN02,2025-02-08,,Cancelled,True,2026-02-10,Moving / relocation,15.49
SUB0007746,CUST006991,PLAN01,2026-02-25,,Cancelled,True,2026-04-09,Poor customer service experience,6.99
SUB0007747,CUST006992,PLAN02,2022-10-02,,Active,True,,,15.49
SUB0007748,CUST006993,PLAN01,2026-04-10,,Active,True,,,6.99
SUB0007749,CUST006994,PLAN01,2021-04-12,,Active,True,,,6.99
SUB0007750,CUST006995,PLAN03,2023-08-01,,Active,False,,,22.99
SUB0007751,CUST006996,PLAN02,2023-12-14,,Active,True,,,15.49
SUB0007752,CUST006997,PLAN02,2022-07-10,,Active,True,,,15.49
SUB0007753,CUST006998,PLAN03,2019-05-29,,Active,True,,,22.99
SUB0007754,CUST006999,PLAN01,2025-01-02,,Active,True,,,6.99
SUB0007755,CUST007000,PLAN03,2019-03-11,,Active,False,,,22.99
SUB0007756,CUST007001,PLAN01,2019-02-23,2019-06-07,Plan Changed,True,,,6.99
SUB0007757,CUST007001,PLAN01,2019-06-07,,Active,True,,,6.99
SUB0007758,CUST007002,PLAN01,2024-03-29,2024-09-02,Plan Changed,False,,,6.99
SUB0007759,CUST007002,PLAN01,2024-09-02,,Active,False,,,6.99
SUB0007760,CUST007003,PLAN02,2023-09-26,,Active,False,,,15.49
SUB0007761,CUST007004,PLAN02,2025-04-17,,Cancelled,True,2026-01-17,Too expensive,15.49
SUB0007762,CUST007005,PLAN02,2021-01-18,,Active,True,,,15.49
SUB0007763,CUST007006,PLAN03,2024-05-03,2025-09-13,Plan Changed,False,,,22.99
SUB0007764,CUST007006,PLAN03,2025-09-13,,Active,False,,,22.99
SUB0007765,CUST007007,PLAN01,2020-06-02,,Active,True,,,6.99
SUB0007766,CUST007008,PLAN03,2025-02-10,2025-05-20,Plan Changed,True,,,15.49
SUB0007767,CUST007008,PLAN02,2025-05-20,,Active,True,,,15.49
SUB0007768,CUST007009,PLAN01,2024-03-08,,Active,True,,,6.99
SUB0007769,CUST007010,PLAN02,2022-11-09,2026-02-20,Plan Changed,True,,,6.99
SUB0007770,CUST007010,PLAN01,2026-02-20,,Active,True,,,6.99
SUB0007771,CUST007011,PLAN01,2025-08-29,,Active,True,,,6.99
SUB0007772,CUST007012,PLAN01,2020-12-19,,Active,True,,,6.99
SUB0007773,CUST007013,PLAN01,2025-09-27,,Cancelled,False,2026-04-11,Household budget cuts,6.99
SUB0007774,CUST007014,PLAN01,2024-03-22,,Cancelled,True,2026-02-25,Household budget cuts,6.99
SUB0007775,CUST007015,PLAN02,2024-06-05,,Cancelled,True,2026-03-23,Password sharing crackdown,15.49
SUB0007776,CUST007016,PLAN01,2024-09-26,,Cancelled,True,2026-03-02,Too expensive,6.99
SUB0007777,CUST007017,PLAN01,2023-12-24,,Active,True,,,6.99
SUB0007778,CUST007018,PLAN03,2023-03-03,,Active,True,,,22.99
SUB0007779,CUST007019,PLAN02,2026-02-13,,Active,True,,,15.49
SUB0007780,CUST007020,PLAN03,2021-10-11,2024-09-17,Plan Changed,True,,,6.99
SUB0007781,CUST007020,PLAN01,2024-09-17,,Active,True,,,6.99
SUB0007782,CUST007021,PLAN03,2023-02-02,,Cancelled,False,2026-04-30,No longer needed,22.99
SUB0007783,CUST007022,PLAN02,2019-05-03,,Active,True,,,15.49
SUB0007784,CUST007023,PLAN02,2026-01-30,,Active,True,,,15.49
SUB0007785,CUST007024,PLAN01,2019-11-11,,Active,True,,,6.99
SUB0007786,CUST007025,PLAN02,2020-05-20,,Active,True,,,15.49
SUB0007787,CUST007026,PLAN02,2020-11-19,,Active,True,,,15.49
SUB0007788,CUST007027,PLAN03,2019-02-05,,Active,True,,,22.99
SUB0007789,CUST007028,PLAN01,2026-02-27,,Active,True,,,6.99
SUB0007790,CUST007029,PLAN01,2020-03-27,2021-01-13,Plan Changed,True,,,15.49
SUB0007791,CUST007029,PLAN02,2021-01-13,,Active,True,,,15.49
SUB0007792,CUST007030,PLAN02,2020-05-17,,Active,True,,,15.49
SUB0007793,CUST007031,PLAN02,2022-02-25,,Cancelled,True,2025-10-16,Household budget cuts,15.49
SUB0007794,CUST007032,PLAN01,2023-12-11,,Active,True,,,6.99
SUB0007795,CUST007033,PLAN03,2023-04-11,,Active,True,,,22.99
SUB0007796,CUST007034,PLAN02,2020-08-29,,Cancelled,True,2026-01-03,Payment issues,15.49
SUB0007797,CUST007035,PLAN02,2022-01-11,,Active,False,,,15.49
SUB0007798,CUST007036,PLAN01,2022-07-26,,Active,False,,,6.99
SUB0007799,CUST007037,PLAN03,2026-04-10,,Active,True,,,22.99
SUB0007800,CUST007038,PLAN02,2023-02-16,,Active,True,,,15.49
SUB0007801,CUST007039,PLAN01,2022-05-12,,Active,True,,,6.99
SUB0007802,CUST007040,PLAN01,2024-05-25,,Active,False,,,6.99
SUB0007803,CUST007041,PLAN03,2022-05-19,,Cancelled,True,2026-02-05,Household budget cuts,22.99
SUB0007804,CUST007042,PLAN02,2023-10-26,2024-10-05,Plan Changed,True,,,6.99
SUB0007805,CUST007042,PLAN01,2024-10-05,,Active,True,,,6.99
SUB0007806,CUST007043,PLAN01,2021-02-18,,Cancelled,True,2026-06-19,Found alternative platform,6.99
SUB0007807,CUST007044,PLAN01,2024-12-02,,Cancelled,True,2025-11-01,Moving / relocation,6.99
SUB0007808,CUST007045,PLAN01,2024-12-17,,Cancelled,True,2026-02-08,Payment issues,6.99
SUB0007809,CUST007046,PLAN02,2024-09-08,,Cancelled,True,2025-11-15,Technical issues,15.49
SUB0007810,CUST007047,PLAN01,2019-10-19,,Active,True,,,6.99
SUB0007811,CUST007048,PLAN01,2022-12-01,,Cancelled,True,2026-02-15,Password sharing crackdown,6.99
SUB0007812,CUST007049,PLAN03,2022-06-14,,Active,True,,,22.99
SUB0007813,CUST007050,PLAN01,2022-02-15,2025-07-04,Plan Changed,False,,,15.49
SUB0007814,CUST007050,PLAN02,2025-07-04,,Cancelled,False,2025-12-14,Password sharing crackdown,15.49
SUB0007815,CUST007051,PLAN01,2023-04-20,,Active,False,,,6.99
SUB0007816,CUST007052,PLAN01,2025-03-30,,Cancelled,True,2025-10-17,Password sharing crackdown,6.99
SUB0007817,CUST007053,PLAN03,2022-07-18,,Cancelled,True,2026-01-18,Content quality decline,22.99
SUB0007818,CUST007054,PLAN03,2022-08-05,2025-12-29,Plan Changed,True,,,6.99
SUB0007819,CUST007054,PLAN01,2025-12-29,,Active,True,,,6.99
SUB0007820,CUST007055,PLAN02,2023-12-28,,Active,True,,,15.49
SUB0007821,CUST007056,PLAN01,2024-06-25,,Active,True,,,6.99
SUB0007822,CUST007057,PLAN01,2024-06-17,,Cancelled,True,2026-06-27,Not enough content,6.99
SUB0007823,CUST007058,PLAN02,2025-12-11,,Active,False,,,15.49
SUB0007824,CUST007059,PLAN03,2021-03-28,,Active,True,,,22.99
SUB0007825,CUST007060,PLAN01,2025-04-27,,Active,True,,,6.99
SUB0007826,CUST007061,PLAN02,2024-05-08,,Active,False,,,15.49
SUB0007827,CUST007062,PLAN01,2019-10-26,,Active,True,,,6.99
SUB0007828,CUST007063,PLAN01,2025-07-07,,Active,True,,,6.99
SUB0007829,CUST007064,PLAN02,2025-06-18,2025-11-15,Plan Changed,True,,,15.49
SUB0007830,CUST007064,PLAN02,2025-11-15,,Active,True,,,15.49
SUB0007831,CUST007065,PLAN02,2022-04-12,,Active,True,,,15.49
SUB0007832,CUST007066,PLAN02,2021-03-07,,Active,True,,,15.49
SUB0007833,CUST007067,PLAN01,2024-03-30,,Active,True,,,6.99
SUB0007834,CUST007068,PLAN02,2025-04-22,,Cancelled,True,2026-02-18,Technical issues,15.49
SUB0007835,CUST007069,PLAN01,2020-01-21,,Active,False,,,6.99
SUB0007836,CUST007070,PLAN03,2024-08-07,,Active,False,,,22.99
SUB0007837,CUST007071,PLAN03,2020-07-09,2023-08-25,Plan Changed,True,,,6.99
SUB0007838,CUST007071,PLAN01,2023-08-25,,Active,True,,,6.99
SUB0007839,CUST007072,PLAN02,2020-08-05,,Active,True,,,15.49
SUB0007840,CUST007073,PLAN02,2023-07-08,2025-05-29,Plan Changed,False,,,15.49
SUB0007841,CUST007073,PLAN02,2025-05-29,,Active,False,,,15.49
SUB0007842,CUST007074,PLAN03,2021-08-25,2022-09-09,Plan Changed,False,,,15.49
SUB0007843,CUST007074,PLAN02,2022-09-09,,Active,False,,,15.49
SUB0007844,CUST007075,PLAN02,2026-02-04,,Active,True,,,15.49
SUB0007845,CUST007076,PLAN03,2020-08-23,,Active,True,,,22.99
SUB0007846,CUST007077,PLAN01,2021-12-28,,Active,True,,,6.99
SUB0007847,CUST007078,PLAN03,2022-10-29,,Active,True,,,22.99
SUB0007848,CUST007079,PLAN01,2024-07-17,,Active,False,,,6.99
SUB0007849,CUST007080,PLAN01,2019-12-11,,Active,False,,,6.99
SUB0007850,CUST007081,PLAN03,2020-03-16,,Cancelled,True,2026-01-31,Found alternative platform,22.99
SUB0007851,CUST007082,PLAN01,2025-06-16,,Active,True,,,6.99
SUB0007852,CUST007083,PLAN01,2026-01-08,,Active,True,,,6.99
SUB0007853,CUST007084,PLAN02,2021-11-21,,Active,False,,,15.49
SUB0007854,CUST007085,PLAN02,2020-11-24,,Active,True,,,15.49
SUB0007855,CUST007086,PLAN02,2023-05-26,,Active,True,,,15.49
SUB0007856,CUST007087,PLAN01,2021-11-18,2022-04-23,Plan Changed,True,,,15.49
SUB0007857,CUST007087,PLAN02,2022-04-23,,Active,True,,,15.49
SUB0007858,CUST007088,PLAN01,2022-09-23,,Active,True,,,6.99
SUB0007859,CUST007089,PLAN02,2019-09-09,,Active,True,,,15.49
SUB0007860,CUST007090,PLAN03,2025-09-19,,Active,True,,,22.99
SUB0007861,CUST007091,PLAN02,2022-04-29,,Active,True,,,15.49
SUB0007862,CUST007092,PLAN01,2024-03-22,,Cancelled,True,2026-05-31,Too expensive,6.99
SUB0007863,CUST007093,PLAN02,2021-12-20,,Active,True,,,15.49
SUB0007864,CUST007094,PLAN01,2021-11-14,,Cancelled,False,2026-06-25,Not enough content,6.99
SUB0007865,CUST007095,PLAN02,2026-02-04,,Active,True,,,15.49
SUB0007866,CUST007096,PLAN02,2019-10-02,,Active,True,,,15.49
SUB0007867,CUST007097,PLAN02,2022-02-26,,Active,True,,,15.49
SUB0007868,CUST007098,PLAN01,2019-02-04,,Active,True,,,6.99
SUB0007869,CUST007099,PLAN01,2022-06-11,,Cancelled,True,2026-01-05,Found alternative platform,6.99
SUB0007870,CUST007100,PLAN02,2021-09-02,,Active,True,,,15.49
SUB0007871,CUST007101,PLAN01,2023-11-21,,Active,True,,,6.99
SUB0007872,CUST007102,PLAN02,2023-11-19,,Active,True,,,15.49
SUB0007873,CUST007103,PLAN01,2024-07-23,2025-08-03,Plan Changed,True,,,6.99
SUB0007874,CUST007103,PLAN01,2025-08-03,,Active,True,,,6.99
SUB0007875,CUST007104,PLAN01,2019-05-25,,Cancelled,True,2026-04-28,Password sharing crackdown,6.99
SUB0007876,CUST007105,PLAN03,2021-03-17,,Active,True,,,22.99
SUB0007877,CUST007106,PLAN01,2019-05-21,,Cancelled,True,2025-11-22,Found alternative platform,6.99
SUB0007878,CUST007107,PLAN01,2020-09-02,,Active,True,,,6.99
SUB0007879,CUST007108,PLAN01,2024-08-12,,Active,True,,,6.99
SUB0007880,CUST007109,PLAN02,2024-01-31,,Cancelled,True,2025-12-21,Found alternative platform,15.49
SUB0007881,CUST007110,PLAN01,2021-07-28,2021-12-01,Plan Changed,False,,,22.99
SUB0007882,CUST007110,PLAN03,2021-12-01,,Active,False,,,22.99
SUB0007883,CUST007111,PLAN01,2024-01-13,,Active,True,,,6.99
SUB0007884,CUST007112,PLAN01,2025-05-20,2026-02-05,Plan Changed,False,,,6.99
SUB0007885,CUST007112,PLAN01,2026-02-05,,Cancelled,False,2025-11-06,Technical issues,6.99
SUB0007886,CUST007113,PLAN01,2021-04-14,,Active,True,,,6.99
SUB0007887,CUST007114,PLAN01,2026-03-17,,Cancelled,True,2026-06-28,Password sharing crackdown,6.99
SUB0007888,CUST007115,PLAN01,2021-11-21,,Active,True,,,6.99
SUB0007889,CUST007116,PLAN01,2023-11-12,,Active,False,,,6.99
SUB0007890,CUST007117,PLAN03,2024-10-17,2025-05-07,Plan Changed,True,,,15.49
SUB0007891,CUST007117,PLAN02,2025-05-07,,Active,True,,,15.49
SUB0007892,CUST007118,PLAN02,2024-03-11,2025-05-04,Plan Changed,False,,,6.99
SUB0007893,CUST007118,PLAN01,2025-05-04,,Active,False,,,6.99
SUB0007894,CUST007119,PLAN01,2022-07-28,,Cancelled,True,2025-11-25,Found alternative platform,6.99
SUB0007895,CUST007120,PLAN01,2022-07-25,2025-01-03,Plan Changed,True,,,15.49
SUB0007896,CUST007120,PLAN02,2025-01-03,,Active,True,,,15.49
SUB0007897,CUST007121,PLAN01,2026-04-20,,Active,True,,,6.99
SUB0007898,CUST007122,PLAN03,2021-10-19,,Active,True,,,22.99
SUB0007899,CUST007123,PLAN03,2024-10-17,,Active,False,,,22.99
SUB0007900,CUST007124,PLAN01,2024-07-28,2025-06-23,Plan Changed,True,,,15.49
SUB0007901,CUST007124,PLAN02,2025-06-23,,Cancelled,True,2026-02-20,Moving / relocation,15.49
SUB0007902,CUST007125,PLAN01,2021-08-14,,Active,True,,,6.99
SUB0007903,CUST007126,PLAN03,2024-03-27,,Cancelled,True,2025-12-18,Found alternative platform,22.99
SUB0007904,CUST007127,PLAN01,2019-03-20,,Active,True,,,6.99
SUB0007905,CUST007128,PLAN01,2023-09-12,,Active,False,,,6.99
SUB0007906,CUST007129,PLAN03,2020-06-02,,Active,True,,,22.99
SUB0007907,CUST007130,PLAN02,2025-04-20,,Active,True,,,15.49
SUB0007908,CUST007131,PLAN01,2020-01-29,,Cancelled,False,2026-06-19,Too expensive,6.99
SUB0007909,CUST007132,PLAN01,2026-02-13,,Active,True,,,6.99
SUB0007910,CUST007133,PLAN02,2024-08-04,,Cancelled,False,2026-01-14,Too expensive,15.49
SUB0007911,CUST007134,PLAN03,2019-06-02,,Active,True,,,22.99
SUB0007912,CUST007135,PLAN01,2024-10-11,,Active,True,,,6.99
SUB0007913,CUST007136,PLAN03,2020-06-03,,Cancelled,False,2026-02-22,Too expensive,22.99
SUB0007914,CUST007137,PLAN02,2022-12-18,,Cancelled,True,2026-01-18,Found alternative platform,15.49
SUB0007915,CUST007138,PLAN01,2020-10-15,,Active,True,,,6.99
SUB0007916,CUST007139,PLAN02,2022-07-11,,Active,True,,,15.49
SUB0007917,CUST007140,PLAN02,2021-06-22,,Active,True,,,15.49
SUB0007918,CUST007141,PLAN01,2023-09-09,,Active,True,,,6.99
SUB0007919,CUST007142,PLAN01,2019-01-17,,Active,True,,,6.99
SUB0007920,CUST007143,PLAN01,2020-08-11,,Active,True,,,6.99
SUB0007921,CUST007144,PLAN03,2026-02-14,,Active,True,,,22.99
SUB0007922,CUST007145,PLAN02,2025-09-11,2026-05-26,Plan Changed,False,,,6.99
SUB0007923,CUST007145,PLAN01,2026-05-26,,Active,False,,,6.99
SUB0007924,CUST007146,PLAN02,2026-05-20,,Active,True,,,15.49
SUB0007925,CUST007147,PLAN01,2022-03-18,,Active,True,,,6.99
SUB0007926,CUST007148,PLAN02,2019-12-26,,Cancelled,True,2026-06-04,Poor customer service experience,15.49
SUB0007927,CUST007149,PLAN02,2024-10-29,,Cancelled,True,2026-05-13,Payment issues,15.49
SUB0007928,CUST007150,PLAN02,2022-03-09,,Active,True,,,15.49
SUB0007929,CUST007151,PLAN02,2021-09-20,,Active,True,,,15.49
SUB0007930,CUST007152,PLAN02,2024-07-30,,Active,False,,,15.49
SUB0007931,CUST007153,PLAN02,2020-02-16,,Cancelled,True,2026-01-10,Found alternative platform,15.49
SUB0007932,CUST007154,PLAN02,2024-10-20,,Active,True,,,15.49
SUB0007933,CUST007155,PLAN03,2019-09-28,,Active,False,,,22.99
SUB0007934,CUST007156,PLAN01,2019-08-17,,Active,True,,,6.99
SUB0007935,CUST007157,PLAN02,2024-05-23,,Cancelled,False,2026-04-04,Content quality decline,15.49
SUB0007936,CUST007158,PLAN01,2021-11-09,,Active,True,,,6.99
SUB0007937,CUST007159,PLAN02,2023-03-04,,Cancelled,True,2026-05-09,Household budget cuts,15.49
SUB0007938,CUST007160,PLAN03,2023-11-16,,Cancelled,False,2026-02-08,Moving / relocation,22.99
SUB0007939,CUST007161,PLAN01,2020-11-03,,Active,True,,,6.99
SUB0007940,CUST007162,PLAN03,2023-06-02,2023-09-13,Plan Changed,True,,,15.49
SUB0007941,CUST007162,PLAN02,2023-09-13,,Active,True,,,15.49
SUB0007942,CUST007163,PLAN01,2023-05-25,,Active,True,,,6.99
SUB0007943,CUST007164,PLAN02,2024-03-19,,Active,True,,,15.49
SUB0007944,CUST007165,PLAN01,2021-12-11,,Active,True,,,6.99
SUB0007945,CUST007166,PLAN01,2019-12-17,,Active,True,,,6.99
SUB0007946,CUST007167,PLAN02,2023-08-20,,Active,True,,,15.49
SUB0007947,CUST007168,PLAN02,2023-10-16,,Cancelled,True,2026-05-29,Too expensive,15.49
SUB0007948,CUST007169,PLAN02,2023-01-28,,Active,True,,,15.49
SUB0007949,CUST007170,PLAN01,2020-12-02,,Cancelled,True,2026-06-25,Not enough content,6.99
SUB0007950,CUST007171,PLAN03,2025-10-21,,Active,False,,,22.99
SUB0007951,CUST007172,PLAN03,2020-11-14,,Active,True,,,22.99
SUB0007952,CUST007173,PLAN01,2020-02-02,,Active,True,,,6.99
SUB0007953,CUST007174,PLAN02,2022-11-06,,Active,False,,,15.49
SUB0007954,CUST007175,PLAN03,2020-12-17,2025-07-27,Plan Changed,False,,,22.99
SUB0007955,CUST007175,PLAN03,2025-07-27,,Active,False,,,22.99
SUB0007956,CUST007176,PLAN02,2021-10-06,2024-12-27,Plan Changed,True,,,15.49
SUB0007957,CUST007176,PLAN02,2024-12-27,,Cancelled,True,2025-12-21,Found alternative platform,15.49
SUB0007958,CUST007177,PLAN03,2023-09-04,,Active,True,,,22.99
SUB0007959,CUST007178,PLAN02,2019-03-16,,Active,True,,,15.49
SUB0007960,CUST007179,PLAN01,2024-02-24,,Active,True,,,6.99
SUB0007961,CUST007180,PLAN02,2026-05-19,,Active,True,,,15.49
SUB0007962,CUST007181,PLAN02,2025-04-03,,Active,True,,,15.49
SUB0007963,CUST007182,PLAN01,2022-07-19,,Active,True,,,6.99
SUB0007964,CUST007183,PLAN03,2024-09-23,,Active,True,,,22.99
SUB0007965,CUST007184,PLAN02,2023-01-03,,Active,False,,,15.49
SUB0007966,CUST007185,PLAN01,2024-08-21,,Active,True,,,6.99
SUB0007967,CUST007186,PLAN01,2019-08-13,,Cancelled,True,2026-06-03,Not enough content,6.99
SUB0007968,CUST007187,PLAN02,2020-11-30,,Active,True,,,15.49
SUB0007969,CUST007188,PLAN02,2024-07-18,,Cancelled,True,2026-04-24,Not enough content,15.49
SUB0007970,CUST007189,PLAN03,2020-09-07,,Active,True,,,22.99
SUB0007971,CUST007190,PLAN01,2026-01-29,,Cancelled,True,2026-06-20,Not enough content,6.99
SUB0007972,CUST007191,PLAN02,2022-06-09,,Active,False,,,15.49
SUB0007973,CUST007192,PLAN01,2022-10-21,,Active,True,,,6.99
SUB0007974,CUST007193,PLAN02,2023-11-10,,Active,True,,,15.49
SUB0007975,CUST007194,PLAN02,2021-05-30,,Active,True,,,15.49
SUB0007976,CUST007195,PLAN01,2025-11-30,,Active,True,,,6.99
SUB0007977,CUST007196,PLAN01,2021-01-05,,Cancelled,True,2026-06-24,Found alternative platform,6.99
SUB0007978,CUST007197,PLAN03,2020-07-22,2024-11-20,Plan Changed,True,,,22.99
SUB0007979,CUST007197,PLAN03,2024-11-20,,Active,True,,,22.99
SUB0007980,CUST007198,PLAN02,2021-02-28,,Active,True,,,15.49
SUB0007981,CUST007199,PLAN03,2024-06-21,,Active,False,,,22.99
SUB0007982,CUST007200,PLAN03,2019-02-20,2022-05-30,Plan Changed,True,,,22.99
SUB0007983,CUST007200,PLAN03,2022-05-30,,Cancelled,True,2026-05-19,Payment issues,22.99
SUB0007984,CUST007201,PLAN02,2022-08-19,,Active,True,,,15.49
SUB0007985,CUST007202,PLAN01,2023-12-08,,Cancelled,True,2026-05-08,No longer needed,6.99
SUB0007986,CUST007203,PLAN01,2025-02-20,,Cancelled,True,2026-05-25,Content quality decline,6.99
SUB0007987,CUST007204,PLAN03,2024-07-23,,Active,True,,,22.99
SUB0007988,CUST007205,PLAN03,2025-08-31,,Cancelled,False,2026-06-18,Found alternative platform,22.99
SUB0007989,CUST007206,PLAN02,2026-04-19,,Active,True,,,15.49
SUB0007990,CUST007207,PLAN03,2020-08-26,,Active,True,,,22.99
SUB0007991,CUST007208,PLAN01,2022-07-04,,Cancelled,True,2026-06-18,Household budget cuts,6.99
SUB0007992,CUST007209,PLAN02,2025-10-06,,Active,False,,,15.49
SUB0007993,CUST007210,PLAN01,2022-10-04,,Active,True,,,6.99
SUB0007994,CUST007211,PLAN01,2023-11-08,2024-02-10,Plan Changed,False,,,15.49
SUB0007995,CUST007211,PLAN02,2024-02-10,,Active,False,,,15.49
SUB0007996,CUST007212,PLAN02,2019-09-10,,Active,True,,,15.49
SUB0007997,CUST007213,PLAN02,2023-12-02,,Active,True,,,15.49
SUB0007998,CUST007214,PLAN03,2026-02-03,,Cancelled,True,2026-06-13,Found alternative platform,22.99
SUB0007999,CUST007215,PLAN01,2023-06-21,,Active,True,,,6.99
SUB0008000,CUST007216,PLAN02,2020-09-19,2026-05-17,Plan Changed,False,,,6.99
SUB0008001,CUST007216,PLAN01,2026-05-17,,Active,False,,,6.99
SUB0008002,CUST007217,PLAN01,2023-06-19,,Active,True,,,6.99
SUB0008003,CUST007218,PLAN02,2021-02-18,,Active,True,,,15.49
SUB0008004,CUST007219,PLAN02,2024-04-21,,Active,True,,,15.49
SUB0008005,CUST007220,PLAN01,2021-11-19,,Cancelled,True,2026-05-15,Moving / relocation,6.99
SUB0008006,CUST007221,PLAN02,2025-01-18,,Cancelled,True,2026-04-05,Password sharing crackdown,15.49
SUB0008007,CUST007222,PLAN02,2022-07-30,,Active,True,,,15.49
SUB0008008,CUST007223,PLAN03,2022-06-26,,Active,False,,,22.99
SUB0008009,CUST007224,PLAN01,2023-10-13,,Cancelled,False,2026-05-19,Password sharing crackdown,6.99
SUB0008010,CUST007225,PLAN02,2023-08-22,,Active,True,,,15.49
SUB0008011,CUST007226,PLAN01,2025-05-22,,Cancelled,True,2026-02-10,Technical issues,6.99
SUB0008012,CUST007227,PLAN01,2024-06-26,,Active,True,,,6.99
SUB0008013,CUST007228,PLAN03,2025-09-06,,Active,True,,,22.99
SUB0008014,CUST007229,PLAN03,2026-05-18,,Active,False,,,22.99
SUB0008015,CUST007230,PLAN02,2023-03-22,,Active,True,,,15.49
SUB0008016,CUST007231,PLAN01,2025-02-27,,Active,True,,,6.99
SUB0008017,CUST007232,PLAN02,2024-12-28,,Active,True,,,15.49
SUB0008018,CUST007233,PLAN02,2020-04-04,,Active,False,,,15.49
SUB0008019,CUST007234,PLAN01,2022-07-08,,Active,True,,,6.99
SUB0008020,CUST007235,PLAN02,2022-04-24,,Active,True,,,15.49
SUB0008021,CUST007236,PLAN01,2020-02-29,,Cancelled,True,2026-04-08,No longer needed,6.99
SUB0008022,CUST007237,PLAN01,2020-07-01,,Active,True,,,6.99
SUB0008023,CUST007238,PLAN02,2020-05-08,,Active,True,,,15.49
SUB0008024,CUST007239,PLAN03,2020-10-10,2025-05-02,Plan Changed,True,,,6.99
SUB0008025,CUST007239,PLAN01,2025-05-02,,Active,True,,,6.99
SUB0008026,CUST007240,PLAN01,2024-05-10,,Cancelled,True,2026-06-04,Too expensive,6.99
SUB0008027,CUST007241,PLAN01,2021-06-10,,Active,True,,,6.99
SUB0008028,CUST007242,PLAN01,2022-11-15,,Cancelled,True,2026-01-22,Content quality decline,6.99
SUB0008029,CUST007243,PLAN01,2021-06-20,,Cancelled,True,2026-05-07,Too expensive,6.99
SUB0008030,CUST007244,PLAN02,2026-04-27,,Active,True,,,15.49
SUB0008031,CUST007245,PLAN02,2019-08-27,,Cancelled,True,2026-05-13,Found alternative platform,15.49
SUB0008032,CUST007246,PLAN02,2019-12-14,,Active,True,,,15.49
SUB0008033,CUST007247,PLAN01,2026-02-09,,Active,True,,,6.99
SUB0008034,CUST007248,PLAN02,2024-08-06,,Cancelled,False,2026-01-03,Found alternative platform,15.49
SUB0008035,CUST007249,PLAN01,2024-12-22,,Active,True,,,6.99
SUB0008036,CUST007250,PLAN02,2020-08-20,,Active,True,,,15.49
SUB0008037,CUST007251,PLAN01,2023-06-08,,Cancelled,True,2026-01-12,Not enough content,6.99
SUB0008038,CUST007252,PLAN01,2020-09-18,,Active,True,,,6.99
SUB0008039,CUST007253,PLAN03,2022-03-26,,Cancelled,True,2026-06-24,Payment issues,22.99
SUB0008040,CUST007254,PLAN03,2021-01-09,2026-04-03,Plan Changed,False,,,6.99
SUB0008041,CUST007254,PLAN01,2026-04-03,,Active,False,,,6.99
SUB0008042,CUST007255,PLAN02,2021-12-19,,Active,True,,,15.49
SUB0008043,CUST007256,PLAN03,2021-11-28,,Active,True,,,22.99
SUB0008044,CUST007257,PLAN01,2023-05-03,,Active,True,,,6.99
SUB0008045,CUST007258,PLAN02,2023-12-02,,Active,True,,,15.49
SUB0008046,CUST007259,PLAN02,2024-11-18,,Active,True,,,15.49
SUB0008047,CUST007260,PLAN03,2019-06-11,,Active,True,,,22.99
SUB0008048,CUST007261,PLAN03,2019-04-16,,Active,True,,,22.99
SUB0008049,CUST007262,PLAN03,2019-05-02,,Active,True,,,22.99
SUB0008050,CUST007263,PLAN02,2026-02-09,,Active,True,,,15.49
SUB0008051,CUST007264,PLAN02,2024-09-30,,Active,True,,,15.49
SUB0008052,CUST007265,PLAN01,2021-01-16,,Active,True,,,6.99
SUB0008053,CUST007266,PLAN02,2025-04-30,,Active,True,,,15.49
SUB0008054,CUST007267,PLAN02,2023-06-25,,Active,True,,,15.49
SUB0008055,CUST007268,PLAN03,2020-11-01,,Active,True,,,22.99
SUB0008056,CUST007269,PLAN02,2024-06-05,2025-07-15,Plan Changed,True,,,6.99
SUB0008057,CUST007269,PLAN01,2025-07-15,,Cancelled,True,2026-06-17,Poor customer service experience,6.99
SUB0008058,CUST007270,PLAN03,2024-03-08,,Active,True,,,22.99
SUB0008059,CUST007271,PLAN03,2022-02-21,,Cancelled,True,2025-11-12,No longer needed,22.99
SUB0008060,CUST007272,PLAN02,2026-04-07,,Active,True,,,15.49
SUB0008061,CUST007273,PLAN01,2021-04-29,,Cancelled,True,2025-11-13,Password sharing crackdown,6.99
SUB0008062,CUST007274,PLAN03,2025-03-31,,Active,True,,,22.99
SUB0008063,CUST007275,PLAN01,2024-06-20,,Cancelled,False,2025-11-30,Technical issues,6.99
SUB0008064,CUST007276,PLAN01,2021-01-27,,Active,True,,,6.99
SUB0008065,CUST007277,PLAN02,2022-09-30,,Active,True,,,15.49
SUB0008066,CUST007278,PLAN01,2022-12-29,,Active,True,,,6.99
SUB0008067,CUST007279,PLAN01,2019-06-03,,Active,True,,,6.99
SUB0008068,CUST007280,PLAN01,2022-01-11,,Active,True,,,6.99
SUB0008069,CUST007281,PLAN03,2025-02-12,,Active,True,,,22.99
SUB0008070,CUST007282,PLAN02,2023-09-02,,Active,True,,,15.49
SUB0008071,CUST007283,PLAN01,2021-12-14,,Cancelled,True,2026-01-23,Too expensive,6.99
SUB0008072,CUST007284,PLAN01,2024-02-11,,Active,True,,,6.99
SUB0008073,CUST007285,PLAN03,2019-08-21,,Active,True,,,22.99
SUB0008074,CUST007286,PLAN02,2022-09-18,,Active,True,,,15.49
SUB0008075,CUST007287,PLAN01,2020-06-20,,Active,True,,,6.99
SUB0008076,CUST007288,PLAN03,2021-11-04,,Active,True,,,22.99
SUB0008077,CUST007289,PLAN03,2021-07-11,,Active,True,,,22.99
SUB0008078,CUST007290,PLAN01,2020-01-23,,Active,True,,,6.99
SUB0008079,CUST007291,PLAN01,2021-06-28,,Active,True,,,6.99
SUB0008080,CUST007292,PLAN03,2019-12-13,2023-11-07,Plan Changed,True,,,22.99
SUB0008081,CUST007292,PLAN03,2023-11-07,,Active,True,,,22.99
SUB0008082,CUST007293,PLAN03,2023-02-27,,Cancelled,True,2025-11-20,Moving / relocation,22.99
SUB0008083,CUST007294,PLAN03,2025-05-04,,Active,True,,,22.99
SUB0008084,CUST007295,PLAN03,2023-08-08,,Active,True,,,22.99
SUB0008085,CUST007296,PLAN01,2021-09-02,,Active,True,,,6.99
SUB0008086,CUST007297,PLAN01,2024-08-05,2024-12-09,Plan Changed,True,,,6.99
SUB0008087,CUST007297,PLAN01,2024-12-09,,Active,True,,,6.99
SUB0008088,CUST007298,PLAN02,2022-12-11,,Active,True,,,15.49
SUB0008089,CUST007299,PLAN01,2021-12-23,,Active,True,,,6.99
SUB0008090,CUST007300,PLAN01,2021-06-09,,Active,True,,,6.99
SUB0008091,CUST007301,PLAN03,2019-03-11,,Active,True,,,22.99
SUB0008092,CUST007302,PLAN01,2023-02-17,,Active,True,,,6.99
SUB0008093,CUST007303,PLAN03,2019-03-04,,Active,True,,,22.99
SUB0008094,CUST007304,PLAN03,2021-11-27,,Active,True,,,22.99
SUB0008095,CUST007305,PLAN01,2023-10-03,,Active,True,,,6.99
SUB0008096,CUST007306,PLAN02,2023-09-16,,Cancelled,True,2026-01-13,Found alternative platform,15.49
SUB0008097,CUST007307,PLAN02,2024-07-07,,Cancelled,True,2026-06-04,No longer needed,15.49
SUB0008098,CUST007308,PLAN01,2022-06-15,,Cancelled,True,2026-01-31,Too expensive,6.99
SUB0008099,CUST007309,PLAN01,2019-06-15,,Cancelled,False,2026-03-20,Moving / relocation,6.99
SUB0008100,CUST007310,PLAN01,2021-06-18,,Cancelled,True,2025-10-04,Not enough content,6.99
SUB0008101,CUST007311,PLAN01,2025-01-12,,Active,False,,,6.99
SUB0008102,CUST007312,PLAN03,2026-02-05,,Active,True,,,22.99
SUB0008103,CUST007313,PLAN03,2023-11-24,,Active,True,,,22.99
SUB0008104,CUST007314,PLAN01,2022-10-02,2024-06-08,Plan Changed,True,,,6.99
SUB0008105,CUST007314,PLAN01,2024-06-08,,Cancelled,True,2026-03-27,Not enough content,6.99
SUB0008106,CUST007315,PLAN01,2024-12-07,,Active,True,,,6.99
SUB0008107,CUST007316,PLAN03,2025-02-19,2026-04-23,Plan Changed,True,,,22.99
SUB0008108,CUST007316,PLAN03,2026-04-23,,Cancelled,True,2026-01-01,Technical issues,22.99
SUB0008109,CUST007317,PLAN01,2020-06-20,,Active,True,,,6.99
SUB0008110,CUST007318,PLAN01,2023-06-16,,Cancelled,True,2025-12-27,Password sharing crackdown,6.99
SUB0008111,CUST007319,PLAN01,2021-09-09,2022-03-20,Plan Changed,True,,,15.49
SUB0008112,CUST007319,PLAN02,2022-03-20,,Active,True,,,15.49
SUB0008113,CUST007320,PLAN02,2021-11-10,,Cancelled,True,2026-04-21,Not enough content,15.49
SUB0008114,CUST007321,PLAN01,2020-05-03,,Active,True,,,6.99
SUB0008115,CUST007322,PLAN02,2025-11-01,2026-01-16,Plan Changed,True,,,6.99
SUB0008116,CUST007322,PLAN01,2026-01-16,,Cancelled,True,2026-03-04,Household budget cuts,6.99
SUB0008117,CUST007323,PLAN02,2021-07-09,,Cancelled,True,2026-05-16,Technical issues,15.49
SUB0008118,CUST007324,PLAN01,2026-02-18,,Active,True,,,6.99
SUB0008119,CUST007325,PLAN02,2022-08-17,,Active,True,,,15.49
SUB0008120,CUST007326,PLAN03,2025-09-17,2026-04-29,Plan Changed,True,,,22.99
SUB0008121,CUST007326,PLAN03,2026-04-29,,Active,True,,,22.99
SUB0008122,CUST007327,PLAN01,2025-08-14,,Active,True,,,6.99
SUB0008123,CUST007328,PLAN01,2026-02-23,,Active,True,,,6.99
SUB0008124,CUST007329,PLAN03,2021-09-04,,Active,True,,,22.99
SUB0008125,CUST007330,PLAN01,2022-02-10,,Active,True,,,6.99
SUB0008126,CUST007331,PLAN01,2022-06-03,,Active,True,,,6.99
SUB0008127,CUST007332,PLAN02,2023-08-15,,Active,True,,,15.49
SUB0008128,CUST007333,PLAN02,2024-02-10,,Active,True,,,15.49
SUB0008129,CUST007334,PLAN01,2020-11-30,,Active,False,,,6.99
SUB0008130,CUST007335,PLAN03,2020-01-27,,Active,True,,,22.99
SUB0008131,CUST007336,PLAN02,2022-12-15,,Active,True,,,15.49
SUB0008132,CUST007337,PLAN03,2019-11-27,2020-05-11,Plan Changed,True,,,15.49
SUB0008133,CUST007337,PLAN02,2020-05-11,,Active,True,,,15.49
SUB0008134,CUST007338,PLAN02,2023-03-25,,Active,True,,,15.49
SUB0008135,CUST007339,PLAN01,2019-07-05,,Active,True,,,6.99
SUB0008136,CUST007340,PLAN02,2023-07-26,,Active,True,,,15.49
SUB0008137,CUST007341,PLAN01,2021-02-11,,Cancelled,True,2026-06-03,Found alternative platform,6.99
SUB0008138,CUST007342,PLAN02,2022-04-17,,Active,True,,,15.49
SUB0008139,CUST007343,PLAN01,2023-11-14,,Active,True,,,6.99
SUB0008140,CUST007344,PLAN02,2025-03-11,2025-10-14,Plan Changed,True,,,15.49
SUB0008141,CUST007344,PLAN02,2025-10-14,,Cancelled,True,2026-04-19,Not enough content,15.49
SUB0008142,CUST007345,PLAN03,2019-07-03,,Active,False,,,22.99
SUB0008143,CUST007346,PLAN02,2019-11-18,2020-01-31,Plan Changed,False,,,6.99
SUB0008144,CUST007346,PLAN01,2020-01-31,,Active,False,,,6.99
SUB0008145,CUST007347,PLAN01,2022-01-23,,Active,True,,,6.99
SUB0008146,CUST007348,PLAN03,2020-03-11,,Active,True,,,22.99
SUB0008147,CUST007349,PLAN02,2021-02-01,,Active,True,,,15.49
SUB0008148,CUST007350,PLAN02,2022-04-12,,Active,True,,,15.49
SUB0008149,CUST007351,PLAN03,2019-05-13,2020-07-12,Plan Changed,False,,,6.99
SUB0008150,CUST007351,PLAN01,2020-07-12,,Active,False,,,6.99
SUB0008151,CUST007352,PLAN03,2021-10-04,,Active,True,,,22.99
SUB0008152,CUST007353,PLAN01,2019-12-16,,Active,True,,,6.99
SUB0008153,CUST007354,PLAN02,2019-10-17,,Active,True,,,15.49
SUB0008154,CUST007355,PLAN03,2021-04-13,,Active,True,,,22.99
SUB0008155,CUST007356,PLAN02,2023-02-18,2025-11-28,Plan Changed,True,,,6.99
SUB0008156,CUST007356,PLAN01,2025-11-28,,Active,True,,,6.99
SUB0008157,CUST007357,PLAN01,2025-11-25,,Active,False,,,6.99
SUB0008158,CUST007358,PLAN03,2024-04-13,,Cancelled,True,2026-01-31,Payment issues,22.99
SUB0008159,CUST007359,PLAN01,2024-01-27,,Active,True,,,6.99
SUB0008160,CUST007360,PLAN03,2021-11-13,2022-08-27,Plan Changed,True,,,15.49
SUB0008161,CUST007360,PLAN02,2022-08-27,,Active,True,,,15.49
SUB0008162,CUST007361,PLAN01,2021-05-28,,Cancelled,True,2026-01-30,Household budget cuts,6.99
SUB0008163,CUST007362,PLAN01,2019-11-13,,Cancelled,True,2026-02-20,Content quality decline,6.99
SUB0008164,CUST007363,PLAN01,2020-06-08,,Active,True,,,6.99
SUB0008165,CUST007364,PLAN02,2024-04-29,,Active,True,,,15.49
SUB0008166,CUST007365,PLAN01,2022-10-31,,Active,True,,,6.99
SUB0008167,CUST007366,PLAN01,2024-10-04,,Active,True,,,6.99
SUB0008168,CUST007367,PLAN03,2019-11-04,,Active,True,,,22.99
SUB0008169,CUST007368,PLAN02,2022-05-09,,Active,True,,,15.49
SUB0008170,CUST007369,PLAN03,2023-11-20,,Active,False,,,22.99
SUB0008171,CUST007370,PLAN02,2020-04-28,,Active,True,,,15.49
SUB0008172,CUST007371,PLAN01,2021-05-16,,Active,True,,,6.99
SUB0008173,CUST007372,PLAN01,2024-12-05,,Active,True,,,6.99
SUB0008174,CUST007373,PLAN02,2024-11-13,,Active,True,,,15.49
SUB0008175,CUST007374,PLAN03,2024-11-29,,Active,True,,,22.99
SUB0008176,CUST007375,PLAN02,2024-09-11,2026-01-20,Plan Changed,True,,,22.99
SUB0008177,CUST007375,PLAN03,2026-01-20,,Active,True,,,22.99
SUB0008178,CUST007376,PLAN02,2019-11-18,,Active,False,,,15.49
SUB0008179,CUST007377,PLAN01,2021-01-20,,Active,True,,,6.99
SUB0008180,CUST007378,PLAN02,2024-01-28,,Active,True,,,15.49
SUB0008181,CUST007379,PLAN03,2025-12-05,,Cancelled,True,2026-06-10,Content quality decline,22.99
SUB0008182,CUST007380,PLAN01,2025-04-07,2026-03-12,Plan Changed,True,,,6.99
SUB0008183,CUST007380,PLAN01,2026-03-12,,Cancelled,True,2025-12-07,Content quality decline,6.99
SUB0008184,CUST007381,PLAN03,2019-01-15,,Cancelled,True,2026-01-21,Not enough content,22.99
SUB0008185,CUST007382,PLAN03,2021-07-31,,Cancelled,True,2025-12-19,Found alternative platform,22.99
SUB0008186,CUST007383,PLAN01,2022-05-28,,Active,True,,,6.99
SUB0008187,CUST007384,PLAN01,2025-06-26,,Active,True,,,6.99
SUB0008188,CUST007385,PLAN01,2024-08-31,,Active,True,,,6.99
SUB0008189,CUST007386,PLAN01,2025-07-23,,Active,False,,,6.99
SUB0008190,CUST007387,PLAN03,2021-01-31,,Active,True,,,22.99
SUB0008191,CUST007388,PLAN02,2024-11-07,,Active,True,,,15.49
SUB0008192,CUST007389,PLAN02,2026-05-05,,Active,True,,,15.49
SUB0008193,CUST007390,PLAN03,2022-02-18,2022-11-15,Plan Changed,True,,,15.49
SUB0008194,CUST007390,PLAN02,2022-11-15,,Active,True,,,15.49
SUB0008195,CUST007391,PLAN01,2019-09-07,,Cancelled,True,2025-11-04,Found alternative platform,6.99
SUB0008196,CUST007392,PLAN01,2021-09-17,,Active,False,,,6.99
SUB0008197,CUST007393,PLAN03,2022-02-16,,Active,True,,,22.99
SUB0008198,CUST007394,PLAN01,2024-05-10,,Active,True,,,6.99
SUB0008199,CUST007395,PLAN01,2024-05-01,,Active,True,,,6.99
SUB0008200,CUST007396,PLAN02,2024-04-15,,Active,True,,,15.49
SUB0008201,CUST007397,PLAN01,2024-11-23,,Active,True,,,6.99
SUB0008202,CUST007398,PLAN03,2019-12-19,2021-07-30,Plan Changed,True,,,15.49
SUB0008203,CUST007398,PLAN02,2021-07-30,,Active,True,,,15.49
SUB0008204,CUST007399,PLAN03,2019-03-20,,Cancelled,True,2025-11-24,Technical issues,22.99
SUB0008205,CUST007400,PLAN03,2024-12-02,,Active,True,,,22.99
SUB0008206,CUST007401,PLAN03,2023-03-03,,Cancelled,True,2026-03-23,Technical issues,22.99
SUB0008207,CUST007402,PLAN02,2025-04-11,,Active,True,,,15.49
SUB0008208,CUST007403,PLAN01,2023-08-28,,Active,True,,,6.99
SUB0008209,CUST007404,PLAN01,2025-03-08,,Cancelled,False,2026-05-09,No longer needed,6.99
SUB0008210,CUST007405,PLAN01,2022-01-23,,Active,True,,,6.99
SUB0008211,CUST007406,PLAN01,2024-10-30,2025-03-29,Plan Changed,True,,,15.49
SUB0008212,CUST007406,PLAN02,2025-03-29,,Cancelled,True,2025-10-23,Content quality decline,15.49
SUB0008213,CUST007407,PLAN03,2022-04-25,2024-01-31,Plan Changed,True,,,15.49
SUB0008214,CUST007407,PLAN02,2024-01-31,,Cancelled,True,2026-06-17,Moving / relocation,15.49
SUB0008215,CUST007408,PLAN02,2025-06-07,,Active,True,,,15.49
SUB0008216,CUST007409,PLAN01,2020-09-21,,Cancelled,True,2025-11-15,Password sharing crackdown,6.99
SUB0008217,CUST007410,PLAN03,2019-10-29,,Active,True,,,22.99
SUB0008218,CUST007411,PLAN02,2025-04-04,2025-08-19,Plan Changed,True,,,15.49
SUB0008219,CUST007411,PLAN02,2025-08-19,,Active,True,,,15.49
SUB0008220,CUST007412,PLAN03,2020-06-25,,Active,True,,,22.99
SUB0008221,CUST007413,PLAN03,2019-10-29,,Active,True,,,22.99
SUB0008222,CUST007414,PLAN02,2023-09-13,,Active,True,,,15.49
SUB0008223,CUST007415,PLAN02,2023-07-07,,Active,False,,,15.49
SUB0008224,CUST007416,PLAN02,2022-11-19,,Active,True,,,15.49
SUB0008225,CUST007417,PLAN01,2019-09-06,,Active,True,,,6.99
SUB0008226,CUST007418,PLAN02,2020-03-30,,Active,True,,,15.49
SUB0008227,CUST007419,PLAN03,2020-06-09,,Active,True,,,22.99
SUB0008228,CUST007420,PLAN02,2024-01-16,2024-05-01,Plan Changed,True,,,15.49
SUB0008229,CUST007420,PLAN02,2024-05-01,,Cancelled,True,2026-06-20,Content quality decline,15.49
SUB0008230,CUST007421,PLAN02,2019-06-02,,Active,False,,,15.49
SUB0008231,CUST007422,PLAN01,2020-01-16,,Active,False,,,6.99
SUB0008232,CUST007423,PLAN01,2023-06-08,,Active,True,,,6.99
SUB0008233,CUST007424,PLAN01,2019-06-09,2023-05-21,Plan Changed,True,,,6.99
SUB0008234,CUST007424,PLAN01,2023-05-21,,Cancelled,True,2026-02-08,Poor customer service experience,6.99
SUB0008235,CUST007425,PLAN02,2023-01-04,,Cancelled,False,2025-12-26,Too expensive,15.49
SUB0008236,CUST007426,PLAN01,2020-05-03,,Active,True,,,6.99
SUB0008237,CUST007427,PLAN02,2020-05-09,,Active,True,,,15.49
SUB0008238,CUST007428,PLAN01,2024-03-28,,Active,True,,,6.99
SUB0008239,CUST007429,PLAN03,2020-07-09,,Active,False,,,22.99
SUB0008240,CUST007430,PLAN01,2023-04-25,2025-08-17,Plan Changed,True,,,6.99
SUB0008241,CUST007430,PLAN01,2025-08-17,,Cancelled,True,2025-11-27,Too expensive,6.99
SUB0008242,CUST007431,PLAN02,2020-09-29,,Active,True,,,15.49
SUB0008243,CUST007432,PLAN02,2024-11-07,,Active,True,,,15.49
SUB0008244,CUST007433,PLAN02,2019-02-08,,Active,True,,,15.49
SUB0008245,CUST007434,PLAN03,2024-04-01,2024-09-14,Plan Changed,True,,,6.99
SUB0008246,CUST007434,PLAN01,2024-09-14,,Active,True,,,6.99
SUB0008247,CUST007435,PLAN02,2019-10-22,,Active,True,,,15.49
SUB0008248,CUST007436,PLAN01,2019-08-01,,Active,True,,,6.99
SUB0008249,CUST007437,PLAN02,2019-12-18,2025-10-10,Plan Changed,True,,,22.99
SUB0008250,CUST007437,PLAN03,2025-10-10,,Active,True,,,22.99
SUB0008251,CUST007438,PLAN01,2022-03-11,,Cancelled,True,2026-03-15,Not enough content,6.99
SUB0008252,CUST007439,PLAN02,2026-03-04,,Active,True,,,15.49
SUB0008253,CUST007440,PLAN02,2021-03-01,,Active,True,,,15.49
SUB0008254,CUST007441,PLAN02,2024-11-10,,Cancelled,True,2026-05-10,Payment issues,15.49
SUB0008255,CUST007442,PLAN03,2025-04-05,2025-07-06,Plan Changed,True,,,22.99
SUB0008256,CUST007442,PLAN03,2025-07-06,,Active,True,,,22.99
SUB0008257,CUST007443,PLAN01,2021-08-14,,Cancelled,False,2026-06-26,Content quality decline,6.99
SUB0008258,CUST007444,PLAN02,2020-09-28,,Cancelled,True,2025-10-24,Not enough content,15.49
SUB0008259,CUST007445,PLAN02,2022-10-11,,Cancelled,True,2026-06-10,Household budget cuts,15.49
SUB0008260,CUST007446,PLAN03,2025-06-25,,Active,True,,,22.99
SUB0008261,CUST007447,PLAN01,2021-06-07,,Active,False,,,6.99
SUB0008262,CUST007448,PLAN02,2020-12-10,,Active,True,,,15.49
SUB0008263,CUST007449,PLAN01,2021-01-02,,Active,True,,,6.99
SUB0008264,CUST007450,PLAN02,2021-11-06,,Active,True,,,15.49
SUB0008265,CUST007451,PLAN02,2020-04-14,,Active,True,,,15.49
SUB0008266,CUST007452,PLAN01,2026-05-19,,Cancelled,True,2026-06-07,Payment issues,6.99
SUB0008267,CUST007453,PLAN02,2024-09-04,,Active,True,,,15.49
SUB0008268,CUST007454,PLAN03,2024-01-14,,Active,True,,,22.99
SUB0008269,CUST007455,PLAN01,2024-03-19,,Cancelled,True,2025-12-28,Moving / relocation,6.99
SUB0008270,CUST007456,PLAN02,2022-01-25,,Active,True,,,15.49
SUB0008271,CUST007457,PLAN02,2021-09-11,,Cancelled,True,2026-03-07,Too expensive,15.49
SUB0008272,CUST007458,PLAN03,2023-12-24,,Active,True,,,22.99
SUB0008273,CUST007459,PLAN01,2020-10-07,,Active,True,,,6.99
SUB0008274,CUST007460,PLAN01,2023-04-25,,Active,False,,,6.99
SUB0008275,CUST007461,PLAN02,2019-08-07,,Active,True,,,15.49
SUB0008276,CUST007462,PLAN02,2019-06-17,,Active,True,,,15.49
SUB0008277,CUST007463,PLAN02,2025-10-24,,Cancelled,True,2025-12-05,Technical issues,15.49
SUB0008278,CUST007464,PLAN03,2023-09-25,2025-06-23,Plan Changed,True,,,6.99
SUB0008279,CUST007464,PLAN01,2025-06-23,,Cancelled,True,2026-04-22,Not enough content,6.99
SUB0008280,CUST007465,PLAN02,2024-12-22,,Active,False,,,15.49
SUB0008281,CUST007466,PLAN01,2026-05-16,,Active,False,,,6.99
SUB0008282,CUST007467,PLAN02,2024-08-17,,Active,True,,,15.49
SUB0008283,CUST007468,PLAN02,2019-01-27,,Active,True,,,15.49
SUB0008284,CUST007469,PLAN02,2023-05-20,,Cancelled,True,2026-05-25,Found alternative platform,15.49
SUB0008285,CUST007470,PLAN01,2024-02-29,,Cancelled,True,2025-10-27,Password sharing crackdown,6.99
SUB0008286,CUST007471,PLAN01,2020-05-15,2023-02-03,Plan Changed,True,,,15.49
SUB0008287,CUST007471,PLAN02,2023-02-03,,Active,True,,,15.49
SUB0008288,CUST007472,PLAN02,2022-05-01,,Active,True,,,15.49
SUB0008289,CUST007473,PLAN01,2020-08-24,,Active,True,,,6.99
SUB0008290,CUST007474,PLAN01,2019-06-09,,Active,True,,,6.99
SUB0008291,CUST007475,PLAN02,2021-02-22,,Cancelled,True,2025-11-06,Not enough content,15.49
SUB0008292,CUST007476,PLAN02,2025-05-16,2026-04-30,Plan Changed,False,,,15.49
SUB0008293,CUST007476,PLAN02,2026-04-30,,Cancelled,False,2025-10-28,Too expensive,15.49
SUB0008294,CUST007477,PLAN02,2019-12-18,,Active,True,,,15.49
SUB0008295,CUST007478,PLAN01,2019-07-15,,Active,True,,,6.99
SUB0008296,CUST007479,PLAN01,2024-05-02,,Cancelled,True,2025-12-19,Content quality decline,6.99
SUB0008297,CUST007480,PLAN01,2019-03-15,,Active,True,,,6.99
SUB0008298,CUST007481,PLAN01,2025-03-25,,Active,True,,,6.99
SUB0008299,CUST007482,PLAN02,2020-04-16,,Active,True,,,15.49
SUB0008300,CUST007483,PLAN02,2024-12-01,,Active,True,,,15.49
SUB0008301,CUST007484,PLAN02,2023-09-01,,Active,True,,,15.49
SUB0008302,CUST007485,PLAN01,2025-12-16,,Cancelled,False,2026-05-07,Poor customer service experience,6.99
SUB0008303,CUST007486,PLAN03,2020-05-19,,Active,True,,,22.99
SUB0008304,CUST007487,PLAN01,2021-01-19,,Active,True,,,6.99
SUB0008305,CUST007488,PLAN03,2021-11-02,,Active,True,,,22.99
SUB0008306,CUST007489,PLAN02,2026-03-03,,Active,True,,,15.49
SUB0008307,CUST007490,PLAN02,2025-11-01,,Active,True,,,15.49
SUB0008308,CUST007491,PLAN01,2023-02-25,,Active,True,,,6.99
SUB0008309,CUST007492,PLAN02,2020-09-09,,Active,True,,,15.49
SUB0008310,CUST007493,PLAN02,2022-11-06,,Cancelled,True,2026-03-21,Poor customer service experience,15.49
SUB0008311,CUST007494,PLAN01,2023-06-07,,Cancelled,True,2026-06-01,Too expensive,6.99
SUB0008312,CUST007495,PLAN02,2022-12-10,,Active,True,,,15.49
SUB0008313,CUST007496,PLAN01,2020-04-16,2024-11-22,Plan Changed,False,,,6.99
SUB0008314,CUST007496,PLAN01,2024-11-22,,Active,False,,,6.99
SUB0008315,CUST007497,PLAN01,2019-10-10,,Active,True,,,6.99
SUB0008316,CUST007498,PLAN01,2023-09-22,,Active,True,,,6.99
SUB0008317,CUST007499,PLAN02,2019-03-16,2022-04-24,Plan Changed,True,,,6.99
SUB0008318,CUST007499,PLAN01,2022-04-24,,Active,True,,,6.99
SUB0008319,CUST007500,PLAN01,2021-09-12,,Cancelled,True,2025-11-30,No longer needed,6.99
SUB0008320,CUST007501,PLAN01,2023-03-24,,Active,False,,,6.99
SUB0008321,CUST007502,PLAN02,2022-12-12,,Active,True,,,15.49
SUB0008322,CUST007503,PLAN01,2019-12-08,,Active,True,,,6.99
SUB0008323,CUST007504,PLAN03,2025-01-27,,Active,True,,,22.99
SUB0008324,CUST007505,PLAN02,2025-02-13,,Cancelled,True,2026-04-01,Found alternative platform,15.49
SUB0008325,CUST007506,PLAN03,2025-06-19,2026-01-14,Plan Changed,True,,,6.99
SUB0008326,CUST007506,PLAN01,2026-01-14,,Active,True,,,6.99
SUB0008327,CUST007507,PLAN02,2019-08-06,,Cancelled,True,2026-04-08,Too expensive,15.49
SUB0008328,CUST007508,PLAN01,2025-03-17,,Active,True,,,6.99
SUB0008329,CUST007509,PLAN03,2021-08-26,,Cancelled,True,2025-12-07,Technical issues,22.99
SUB0008330,CUST007510,PLAN02,2023-05-04,,Cancelled,True,2025-12-16,No longer needed,15.49
SUB0008331,CUST007511,PLAN01,2026-05-15,,Cancelled,False,2026-05-17,Payment issues,6.99
SUB0008332,CUST007512,PLAN01,2022-06-24,,Active,True,,,6.99
SUB0008333,CUST007513,PLAN02,2025-09-27,,Active,True,,,15.49
SUB0008334,CUST007514,PLAN01,2021-01-01,,Cancelled,True,2025-11-05,Technical issues,6.99
SUB0008335,CUST007515,PLAN02,2025-06-30,,Active,True,,,15.49
SUB0008336,CUST007516,PLAN02,2020-01-16,,Active,True,,,15.49
SUB0008337,CUST007517,PLAN01,2023-06-26,,Active,True,,,6.99
SUB0008338,CUST007518,PLAN01,2023-11-17,,Active,True,,,6.99
SUB0008339,CUST007519,PLAN02,2022-01-05,,Cancelled,False,2026-05-22,Found alternative platform,15.49
SUB0008340,CUST007520,PLAN01,2025-01-15,,Active,True,,,6.99
SUB0008341,CUST007521,PLAN01,2023-03-23,,Cancelled,True,2025-12-31,Moving / relocation,6.99
SUB0008342,CUST007522,PLAN02,2022-03-17,,Active,True,,,15.49
SUB0008343,CUST007523,PLAN02,2019-10-02,,Active,True,,,15.49
SUB0008344,CUST007524,PLAN03,2020-09-26,,Active,False,,,22.99
SUB0008345,CUST007525,PLAN02,2026-04-16,,Active,True,,,15.49
SUB0008346,CUST007526,PLAN03,2024-10-06,,Active,True,,,22.99
SUB0008347,CUST007527,PLAN02,2023-02-05,,Active,True,,,15.49
SUB0008348,CUST007528,PLAN03,2021-05-28,,Active,True,,,22.99
SUB0008349,CUST007529,PLAN02,2024-06-24,2024-09-25,Plan Changed,True,,,15.49
SUB0008350,CUST007529,PLAN02,2024-09-25,,Active,True,,,15.49
SUB0008351,CUST007530,PLAN02,2024-01-11,,Cancelled,False,2026-01-02,Poor customer service experience,15.49
SUB0008352,CUST007531,PLAN01,2023-07-09,,Active,True,,,6.99
SUB0008353,CUST007532,PLAN02,2021-06-10,,Cancelled,False,2025-10-16,Technical issues,15.49
SUB0008354,CUST007533,PLAN01,2026-04-01,,Active,False,,,6.99
SUB0008355,CUST007534,PLAN02,2020-12-28,,Active,True,,,15.49
SUB0008356,CUST007535,PLAN01,2019-10-12,,Active,True,,,6.99
SUB0008357,CUST007536,PLAN02,2023-02-24,2023-09-24,Plan Changed,False,,,15.49
SUB0008358,CUST007536,PLAN02,2023-09-24,,Active,False,,,15.49
SUB0008359,CUST007537,PLAN01,2021-01-24,,Active,False,,,6.99
SUB0008360,CUST007538,PLAN03,2019-01-02,,Active,True,,,22.99
SUB0008361,CUST007539,PLAN03,2023-08-10,,Active,True,,,22.99
SUB0008362,CUST007540,PLAN01,2024-12-25,,Active,True,,,6.99
SUB0008363,CUST007541,PLAN02,2021-02-14,,Active,False,,,15.49
SUB0008364,CUST007542,PLAN02,2021-04-09,,Active,True,,,15.49
SUB0008365,CUST007543,PLAN01,2024-11-14,,Active,True,,,6.99
SUB0008366,CUST007544,PLAN01,2020-12-22,,Active,True,,,6.99
SUB0008367,CUST007545,PLAN03,2024-06-02,,Cancelled,True,2025-12-08,Payment issues,22.99
SUB0008368,CUST007546,PLAN02,2025-07-18,,Active,True,,,15.49
SUB0008369,CUST007547,PLAN02,2020-06-28,,Active,True,,,15.49
SUB0008370,CUST007548,PLAN01,2021-04-09,,Active,True,,,6.99
SUB0008371,CUST007549,PLAN01,2024-07-08,,Active,True,,,6.99
SUB0008372,CUST007550,PLAN03,2023-02-15,,Cancelled,True,2025-12-03,Too expensive,22.99
SUB0008373,CUST007551,PLAN01,2020-07-24,,Active,False,,,6.99
SUB0008374,CUST007552,PLAN03,2020-11-16,,Cancelled,False,2025-12-22,Found alternative platform,22.99
SUB0008375,CUST007553,PLAN01,2023-12-13,,Cancelled,True,2026-06-21,Technical issues,6.99
SUB0008376,CUST007554,PLAN01,2022-12-11,,Cancelled,False,2026-02-04,Content quality decline,6.99
SUB0008377,CUST007555,PLAN01,2019-12-24,,Active,False,,,6.99
SUB0008378,CUST007556,PLAN01,2020-10-14,,Active,True,,,6.99
SUB0008379,CUST007557,PLAN01,2024-06-03,,Active,True,,,6.99
SUB0008380,CUST007558,PLAN02,2023-12-18,,Active,True,,,15.49
SUB0008381,CUST007559,PLAN02,2023-02-01,,Cancelled,False,2025-11-13,Too expensive,15.49
SUB0008382,CUST007560,PLAN01,2024-08-01,,Active,True,,,6.99
SUB0008383,CUST007561,PLAN03,2024-10-11,,Cancelled,True,2026-01-09,Technical issues,22.99
SUB0008384,CUST007562,PLAN02,2021-10-18,2023-02-17,Plan Changed,True,,,15.49
SUB0008385,CUST007562,PLAN02,2023-02-17,,Active,True,,,15.49
SUB0008386,CUST007563,PLAN02,2023-02-13,,Active,True,,,15.49
SUB0008387,CUST007564,PLAN03,2024-08-27,,Cancelled,False,2026-05-16,Found alternative platform,22.99
SUB0008388,CUST007565,PLAN02,2023-01-26,,Active,True,,,15.49
SUB0008389,CUST007566,PLAN01,2025-05-28,2025-12-09,Plan Changed,True,,,15.49
SUB0008390,CUST007566,PLAN02,2025-12-09,,Active,True,,,15.49
SUB0008391,CUST007567,PLAN03,2021-10-21,,Cancelled,True,2026-02-23,No longer needed,22.99
SUB0008392,CUST007568,PLAN02,2025-05-11,,Active,True,,,15.49
SUB0008393,CUST007569,PLAN01,2019-06-30,,Cancelled,True,2026-01-09,Too expensive,6.99
SUB0008394,CUST007570,PLAN01,2024-02-10,,Active,False,,,6.99
SUB0008395,CUST007571,PLAN01,2020-07-24,2025-01-28,Plan Changed,True,,,22.99
SUB0008396,CUST007571,PLAN03,2025-01-28,,Active,True,,,22.99
SUB0008397,CUST007572,PLAN01,2025-06-05,,Active,True,,,6.99
SUB0008398,CUST007573,PLAN03,2025-11-14,2026-06-13,Plan Changed,True,,,6.99
SUB0008399,CUST007573,PLAN01,2026-06-13,,Active,True,,,6.99
SUB0008400,CUST007574,PLAN01,2022-09-30,,Cancelled,True,2026-05-24,Content quality decline,6.99
SUB0008401,CUST007575,PLAN03,2024-05-10,,Active,True,,,22.99
SUB0008402,CUST007576,PLAN01,2024-06-21,,Cancelled,True,2026-06-13,Content quality decline,6.99
SUB0008403,CUST007577,PLAN02,2023-12-06,,Active,False,,,15.49
SUB0008404,CUST007578,PLAN01,2023-01-10,,Active,True,,,6.99
SUB0008405,CUST007579,PLAN01,2019-08-27,,Active,True,,,6.99
SUB0008406,CUST007580,PLAN01,2026-04-30,,Active,True,,,6.99
SUB0008407,CUST007581,PLAN03,2023-08-18,,Cancelled,False,2026-02-10,Technical issues,22.99
SUB0008408,CUST007582,PLAN01,2020-01-27,,Active,True,,,6.99
SUB0008409,CUST007583,PLAN01,2025-06-13,,Cancelled,False,2026-04-02,Too expensive,6.99
SUB0008410,CUST007584,PLAN01,2022-06-23,,Active,True,,,6.99
SUB0008411,CUST007585,PLAN02,2026-02-21,,Active,True,,,15.49
SUB0008412,CUST007586,PLAN01,2022-07-17,,Cancelled,True,2025-12-02,Technical issues,6.99
SUB0008413,CUST007587,PLAN01,2020-11-26,,Active,False,,,6.99
SUB0008414,CUST007588,PLAN02,2020-02-13,,Active,True,,,15.49
SUB0008415,CUST007589,PLAN01,2020-06-10,,Active,False,,,6.99
SUB0008416,CUST007590,PLAN02,2025-06-14,,Cancelled,True,2026-03-10,Password sharing crackdown,15.49
SUB0008417,CUST007591,PLAN03,2019-09-14,,Cancelled,False,2025-10-19,Too expensive,22.99
SUB0008418,CUST007592,PLAN02,2024-03-11,,Cancelled,True,2026-05-13,Not enough content,15.49
SUB0008419,CUST007593,PLAN01,2022-10-21,,Cancelled,True,2026-03-14,Too expensive,6.99
SUB0008420,CUST007594,PLAN01,2019-04-23,,Active,True,,,6.99
SUB0008421,CUST007595,PLAN01,2024-10-15,,Active,True,,,6.99
SUB0008422,CUST007596,PLAN01,2025-08-28,2026-01-09,Plan Changed,True,,,22.99
SUB0008423,CUST007596,PLAN03,2026-01-09,,Cancelled,True,2026-06-13,Poor customer service experience,22.99
SUB0008424,CUST007597,PLAN02,2025-02-12,,Cancelled,False,2026-04-22,Household budget cuts,15.49
SUB0008425,CUST007598,PLAN03,2019-07-04,,Active,True,,,22.99
SUB0008426,CUST007599,PLAN03,2024-01-06,,Active,True,,,22.99
SUB0008427,CUST007600,PLAN03,2025-09-20,,Active,True,,,22.99
SUB0008428,CUST007601,PLAN02,2024-03-13,,Active,True,,,15.49
SUB0008429,CUST007602,PLAN02,2024-04-23,,Active,True,,,15.49
SUB0008430,CUST007603,PLAN02,2025-10-28,,Active,True,,,15.49
SUB0008431,CUST007604,PLAN02,2021-06-19,,Active,True,,,15.49
SUB0008432,CUST007605,PLAN03,2019-11-20,,Active,False,,,22.99
SUB0008433,CUST007606,PLAN01,2022-02-24,,Active,True,,,6.99
SUB0008434,CUST007607,PLAN01,2024-06-12,,Active,True,,,6.99
SUB0008435,CUST007608,PLAN02,2026-01-04,,Cancelled,False,2026-01-14,Poor customer service experience,15.49
SUB0008436,CUST007609,PLAN01,2022-12-26,,Active,False,,,6.99
SUB0008437,CUST007610,PLAN02,2022-08-11,,Active,True,,,15.49
SUB0008438,CUST007611,PLAN01,2019-03-08,,Active,True,,,6.99
SUB0008439,CUST007612,PLAN01,2024-06-11,,Active,False,,,6.99
SUB0008440,CUST007613,PLAN01,2026-02-23,,Cancelled,True,2026-03-25,Too expensive,6.99
SUB0008441,CUST007614,PLAN03,2023-09-16,,Cancelled,True,2026-05-06,No longer needed,22.99
SUB0008442,CUST007615,PLAN01,2020-07-21,,Cancelled,True,2025-12-10,Poor customer service experience,6.99
SUB0008443,CUST007616,PLAN02,2022-02-02,2022-06-28,Plan Changed,True,,,15.49
SUB0008444,CUST007616,PLAN02,2022-06-28,,Active,True,,,15.49
SUB0008445,CUST007617,PLAN01,2019-01-20,,Active,True,,,6.99
SUB0008446,CUST007618,PLAN01,2020-02-02,,Active,True,,,6.99
SUB0008447,CUST007619,PLAN01,2021-10-26,,Active,True,,,6.99
SUB0008448,CUST007620,PLAN01,2023-10-27,,Cancelled,False,2026-01-22,Payment issues,6.99
SUB0008449,CUST007621,PLAN01,2023-08-14,,Cancelled,True,2026-01-16,No longer needed,6.99
SUB0008450,CUST007622,PLAN03,2020-09-24,,Cancelled,True,2026-01-22,No longer needed,22.99
SUB0008451,CUST007623,PLAN03,2026-02-14,,Active,False,,,22.99
SUB0008452,CUST007624,PLAN01,2025-01-04,,Active,True,,,6.99
SUB0008453,CUST007625,PLAN01,2019-06-15,,Cancelled,True,2026-02-27,Too expensive,6.99
SUB0008454,CUST007626,PLAN01,2025-02-14,,Cancelled,True,2026-04-28,No longer needed,6.99
SUB0008455,CUST007627,PLAN01,2024-07-24,,Active,True,,,6.99
SUB0008456,CUST007628,PLAN03,2021-10-26,2024-09-18,Plan Changed,True,,,22.99
SUB0008457,CUST007628,PLAN03,2024-09-18,,Active,True,,,22.99
SUB0008458,CUST007629,PLAN02,2023-03-28,,Active,True,,,15.49
SUB0008459,CUST007630,PLAN03,2021-11-30,,Active,True,,,22.99
SUB0008460,CUST007631,PLAN01,2019-07-02,,Active,True,,,6.99
SUB0008461,CUST007632,PLAN01,2021-06-06,,Active,True,,,6.99
SUB0008462,CUST007633,PLAN02,2025-01-16,,Active,True,,,15.49
SUB0008463,CUST007634,PLAN02,2022-06-18,2023-09-01,Plan Changed,True,,,6.99
SUB0008464,CUST007634,PLAN01,2023-09-01,,Active,True,,,6.99
SUB0008465,CUST007635,PLAN01,2020-12-25,2025-01-18,Plan Changed,True,,,15.49
SUB0008466,CUST007635,PLAN02,2025-01-18,,Cancelled,True,2025-10-27,Payment issues,15.49
SUB0008467,CUST007636,PLAN01,2024-05-18,,Active,False,,,6.99
SUB0008468,CUST007637,PLAN02,2025-05-02,,Cancelled,True,2026-05-03,Found alternative platform,15.49
SUB0008469,CUST007638,PLAN01,2019-03-23,,Active,True,,,6.99
SUB0008470,CUST007639,PLAN01,2021-05-09,,Active,True,,,6.99
SUB0008471,CUST007640,PLAN01,2023-01-18,,Active,True,,,6.99
SUB0008472,CUST007641,PLAN03,2021-07-02,,Cancelled,False,2025-12-30,Technical issues,22.99
SUB0008473,CUST007642,PLAN03,2023-01-15,,Active,True,,,22.99
SUB0008474,CUST007643,PLAN01,2024-04-02,,Active,True,,,6.99
SUB0008475,CUST007644,PLAN01,2024-02-14,,Active,True,,,6.99
SUB0008476,CUST007645,PLAN01,2019-07-18,,Active,True,,,6.99
SUB0008477,CUST007646,PLAN01,2026-02-22,,Cancelled,True,2026-05-08,Too expensive,6.99
SUB0008478,CUST007647,PLAN02,2025-07-18,,Cancelled,True,2026-04-26,Not enough content,15.49
SUB0008479,CUST007648,PLAN03,2021-08-09,,Active,True,,,22.99
SUB0008480,CUST007649,PLAN01,2022-05-09,,Cancelled,True,2025-10-16,Technical issues,6.99
SUB0008481,CUST007650,PLAN01,2024-12-12,,Active,True,,,6.99
SUB0008482,CUST007651,PLAN01,2022-10-12,,Active,False,,,6.99
SUB0008483,CUST007652,PLAN01,2022-12-19,2025-03-13,Plan Changed,True,,,22.99
SUB0008484,CUST007652,PLAN03,2025-03-13,,Active,True,,,22.99
SUB0008485,CUST007653,PLAN03,2019-04-12,,Active,True,,,22.99
SUB0008486,CUST007654,PLAN01,2024-02-13,,Active,False,,,6.99
SUB0008487,CUST007655,PLAN01,2022-03-19,,Active,True,,,6.99
SUB0008488,CUST007656,PLAN02,2021-07-28,,Cancelled,True,2026-05-14,Found alternative platform,15.49
SUB0008489,CUST007657,PLAN01,2023-10-25,,Cancelled,True,2026-03-29,Poor customer service experience,6.99
SUB0008490,CUST007658,PLAN01,2023-09-17,,Cancelled,False,2026-02-23,Too expensive,6.99
SUB0008491,CUST007659,PLAN01,2024-07-11,,Cancelled,True,2026-02-23,Not enough content,6.99
SUB0008492,CUST007660,PLAN02,2024-05-23,,Cancelled,True,2026-01-25,Content quality decline,15.49
SUB0008493,CUST007661,PLAN01,2019-06-23,2022-02-27,Plan Changed,True,,,22.99
SUB0008494,CUST007661,PLAN03,2022-02-27,,Active,True,,,22.99
SUB0008495,CUST007662,PLAN03,2020-03-27,,Active,True,,,22.99
SUB0008496,CUST007663,PLAN02,2023-09-11,,Active,True,,,15.49
SUB0008497,CUST007664,PLAN02,2021-04-23,,Active,True,,,15.49
SUB0008498,CUST007665,PLAN03,2022-01-06,,Active,True,,,22.99
SUB0008499,CUST007666,PLAN01,2025-04-16,,Active,True,,,6.99
SUB0008500,CUST007667,PLAN03,2026-03-22,,Active,True,,,22.99
SUB0008501,CUST007668,PLAN01,2024-05-30,,Active,False,,,6.99
SUB0008502,CUST007669,PLAN01,2021-10-01,2023-04-11,Plan Changed,True,,,15.49
SUB0008503,CUST007669,PLAN02,2023-04-11,,Cancelled,True,2026-06-14,Moving / relocation,15.49
SUB0008504,CUST007670,PLAN03,2024-01-02,2025-11-04,Plan Changed,True,,,22.99
SUB0008505,CUST007670,PLAN03,2025-11-04,,Active,True,,,22.99
SUB0008506,CUST007671,PLAN02,2020-07-07,,Cancelled,True,2026-04-21,Technical issues,15.49
SUB0008507,CUST007672,PLAN01,2022-09-03,,Active,True,,,6.99
SUB0008508,CUST007673,PLAN02,2020-11-12,,Cancelled,True,2025-12-04,No longer needed,15.49
SUB0008509,CUST007674,PLAN02,2024-01-14,,Active,True,,,15.49
SUB0008510,CUST007675,PLAN03,2022-11-08,,Active,True,,,22.99
SUB0008511,CUST007676,PLAN01,2020-11-10,,Active,True,,,6.99
SUB0008512,CUST007677,PLAN02,2023-02-23,,Active,True,,,15.49
SUB0008513,CUST007678,PLAN02,2024-07-21,,Active,True,,,15.49
SUB0008514,CUST007679,PLAN03,2020-09-30,,Cancelled,True,2026-06-06,No longer needed,22.99
SUB0008515,CUST007680,PLAN03,2023-09-01,,Active,False,,,22.99
SUB0008516,CUST007681,PLAN02,2020-02-08,,Active,True,,,15.49
SUB0008517,CUST007682,PLAN02,2021-08-21,,Active,True,,,15.49
SUB0008518,CUST007683,PLAN03,2022-12-13,2024-06-08,Plan Changed,True,,,6.99
SUB0008519,CUST007683,PLAN01,2024-06-08,,Active,True,,,6.99
SUB0008520,CUST007684,PLAN01,2019-09-23,,Active,False,,,6.99
SUB0008521,CUST007685,PLAN02,2021-07-10,,Active,True,,,15.49
SUB0008522,CUST007686,PLAN03,2021-09-28,,Cancelled,True,2025-11-28,No longer needed,22.99
SUB0008523,CUST007687,PLAN02,2019-04-12,,Active,True,,,15.49
SUB0008524,CUST007688,PLAN01,2019-07-16,,Active,True,,,6.99
SUB0008525,CUST007689,PLAN02,2022-07-28,,Cancelled,True,2025-10-04,No longer needed,15.49
SUB0008526,CUST007690,PLAN02,2025-06-26,,Active,True,,,15.49
SUB0008527,CUST007691,PLAN01,2020-03-30,,Active,True,,,6.99
SUB0008528,CUST007692,PLAN01,2026-01-29,,Active,True,,,6.99
SUB0008529,CUST007693,PLAN01,2019-04-18,,Active,True,,,6.99
SUB0008530,CUST007694,PLAN02,2025-01-13,2025-12-07,Plan Changed,True,,,22.99
SUB0008531,CUST007694,PLAN03,2025-12-07,,Active,True,,,22.99
SUB0008532,CUST007695,PLAN02,2025-06-03,2026-03-21,Plan Changed,True,,,6.99
SUB0008533,CUST007695,PLAN01,2026-03-21,,Cancelled,True,2026-02-15,Too expensive,6.99
SUB0008534,CUST007696,PLAN03,2024-12-23,,Cancelled,False,2025-12-27,Too expensive,22.99
SUB0008535,CUST007697,PLAN01,2026-04-18,,Active,False,,,6.99
SUB0008536,CUST007698,PLAN02,2025-05-28,,Cancelled,False,2026-01-30,Too expensive,15.49
SUB0008537,CUST007699,PLAN02,2020-07-05,2021-07-21,Plan Changed,True,,,22.99
SUB0008538,CUST007699,PLAN03,2021-07-21,,Active,True,,,22.99
SUB0008539,CUST007700,PLAN02,2020-07-23,,Active,True,,,15.49
SUB0008540,CUST007701,PLAN01,2022-01-23,,Active,True,,,6.99
SUB0008541,CUST007702,PLAN03,2021-08-30,2025-03-02,Plan Changed,True,,,22.99
SUB0008542,CUST007702,PLAN03,2025-03-02,,Active,True,,,22.99
SUB0008543,CUST007703,PLAN03,2020-10-30,,Active,False,,,22.99
SUB0008544,CUST007704,PLAN02,2025-03-05,,Active,True,,,15.49
SUB0008545,CUST007705,PLAN03,2021-01-18,,Cancelled,True,2025-11-23,Household budget cuts,22.99
SUB0008546,CUST007706,PLAN01,2020-03-22,,Active,True,,,6.99
SUB0008547,CUST007707,PLAN03,2023-06-25,2024-10-25,Plan Changed,True,,,6.99
SUB0008548,CUST007707,PLAN01,2024-10-25,,Active,True,,,6.99
SUB0008549,CUST007708,PLAN01,2020-04-22,,Cancelled,True,2025-11-26,Too expensive,6.99
SUB0008550,CUST007709,PLAN02,2026-03-01,,Active,True,,,15.49
SUB0008551,CUST007710,PLAN03,2019-10-04,,Active,True,,,22.99
SUB0008552,CUST007711,PLAN03,2023-08-20,,Active,True,,,22.99
SUB0008553,CUST007712,PLAN01,2025-12-09,,Active,True,,,6.99
SUB0008554,CUST007713,PLAN01,2022-04-03,,Active,True,,,6.99
SUB0008555,CUST007714,PLAN03,2022-09-06,,Active,True,,,22.99
SUB0008556,CUST007715,PLAN02,2024-12-24,,Cancelled,True,2026-01-02,Moving / relocation,15.49
SUB0008557,CUST007716,PLAN03,2022-04-11,,Cancelled,True,2025-11-20,Not enough content,22.99
SUB0008558,CUST007717,PLAN02,2024-12-06,,Cancelled,True,2025-11-25,No longer needed,15.49
SUB0008559,CUST007718,PLAN02,2024-09-14,,Active,False,,,15.49
SUB0008560,CUST007719,PLAN01,2026-02-28,,Active,True,,,6.99
SUB0008561,CUST007720,PLAN03,2021-08-21,,Active,True,,,22.99
SUB0008562,CUST007721,PLAN01,2023-12-01,,Active,True,,,6.99
SUB0008563,CUST007722,PLAN01,2025-12-04,,Active,False,,,6.99
SUB0008564,CUST007723,PLAN02,2019-03-26,,Active,True,,,15.49
SUB0008565,CUST007724,PLAN03,2023-10-31,,Active,True,,,22.99
SUB0008566,CUST007725,PLAN02,2020-01-03,,Active,True,,,15.49
SUB0008567,CUST007726,PLAN02,2019-09-21,,Active,True,,,15.49
SUB0008568,CUST007727,PLAN03,2020-05-07,,Cancelled,True,2026-05-31,Too expensive,22.99
SUB0008569,CUST007728,PLAN03,2022-09-13,,Active,True,,,22.99
SUB0008570,CUST007729,PLAN02,2020-01-06,,Active,True,,,15.49
SUB0008571,CUST007730,PLAN03,2021-10-05,,Active,True,,,22.99
SUB0008572,CUST007731,PLAN02,2020-02-22,2023-11-23,Plan Changed,True,,,22.99
SUB0008573,CUST007731,PLAN03,2023-11-23,,Active,True,,,22.99
SUB0008574,CUST007732,PLAN03,2020-07-30,,Active,True,,,22.99
SUB0008575,CUST007733,PLAN03,2024-01-19,,Cancelled,True,2025-11-14,Payment issues,22.99
SUB0008576,CUST007734,PLAN01,2025-01-15,,Active,True,,,6.99
SUB0008577,CUST007735,PLAN01,2023-01-26,,Cancelled,True,2025-12-31,Too expensive,6.99
SUB0008578,CUST007736,PLAN03,2026-05-28,,Active,True,,,22.99
SUB0008579,CUST007737,PLAN01,2023-11-13,,Active,False,,,6.99
SUB0008580,CUST007738,PLAN01,2024-03-27,,Active,True,,,6.99
SUB0008581,CUST007739,PLAN02,2022-04-22,,Active,True,,,15.49
SUB0008582,CUST007740,PLAN01,2020-03-31,,Active,True,,,6.99
SUB0008583,CUST007741,PLAN03,2021-05-12,,Active,False,,,22.99
SUB0008584,CUST007742,PLAN03,2019-05-02,2021-06-03,Plan Changed,True,,,22.99
SUB0008585,CUST007742,PLAN03,2021-06-03,,Active,True,,,22.99
SUB0008586,CUST007743,PLAN01,2021-11-11,,Active,True,,,6.99
SUB0008587,CUST007744,PLAN01,2022-01-07,,Active,True,,,6.99
SUB0008588,CUST007745,PLAN01,2019-06-17,,Active,True,,,6.99
SUB0008589,CUST007746,PLAN02,2026-04-27,,Active,False,,,15.49
SUB0008590,CUST007747,PLAN03,2020-01-31,,Active,False,,,22.99
SUB0008591,CUST007748,PLAN01,2023-03-04,,Active,True,,,6.99
SUB0008592,CUST007749,PLAN02,2026-05-08,,Active,True,,,15.49
SUB0008593,CUST007750,PLAN03,2024-02-09,,Active,True,,,22.99
SUB0008594,CUST007751,PLAN01,2022-01-20,,Active,True,,,6.99
SUB0008595,CUST007752,PLAN01,2020-03-31,,Active,False,,,6.99
SUB0008596,CUST007753,PLAN02,2024-10-08,,Active,True,,,15.49
SUB0008597,CUST007754,PLAN03,2019-01-22,,Active,True,,,22.99
SUB0008598,CUST007755,PLAN03,2023-08-18,,Cancelled,True,2026-02-03,Technical issues,22.99
SUB0008599,CUST007756,PLAN02,2025-11-05,,Cancelled,True,2026-04-20,Found alternative platform,15.49
SUB0008600,CUST007757,PLAN01,2023-08-17,,Active,True,,,6.99
SUB0008601,CUST007758,PLAN01,2023-12-17,,Active,True,,,6.99
SUB0008602,CUST007759,PLAN01,2020-11-01,2025-04-23,Plan Changed,True,,,6.99
SUB0008603,CUST007759,PLAN01,2025-04-23,,Active,True,,,6.99
SUB0008604,CUST007760,PLAN03,2021-07-03,,Cancelled,True,2025-10-25,Too expensive,22.99
SUB0008605,CUST007761,PLAN03,2021-04-25,,Active,False,,,22.99
SUB0008606,CUST007762,PLAN01,2024-02-05,,Active,True,,,6.99
SUB0008607,CUST007763,PLAN01,2023-12-23,,Active,True,,,6.99
SUB0008608,CUST007764,PLAN03,2026-04-03,,Cancelled,False,2026-05-31,Content quality decline,22.99
SUB0008609,CUST007765,PLAN02,2021-08-17,,Active,True,,,15.49
SUB0008610,CUST007766,PLAN02,2023-08-03,,Active,False,,,15.49
SUB0008611,CUST007767,PLAN02,2020-12-12,,Active,True,,,15.49
SUB0008612,CUST007768,PLAN02,2023-06-11,,Active,True,,,15.49
SUB0008613,CUST007769,PLAN02,2020-12-03,,Active,True,,,15.49
SUB0008614,CUST007770,PLAN01,2024-01-14,,Active,True,,,6.99
SUB0008615,CUST007771,PLAN01,2022-12-22,,Active,False,,,6.99
SUB0008616,CUST007772,PLAN01,2019-04-09,,Active,True,,,6.99
SUB0008617,CUST007773,PLAN02,2023-01-04,,Cancelled,True,2026-05-01,No longer needed,15.49
SUB0008618,CUST007774,PLAN01,2023-04-13,,Active,True,,,6.99
SUB0008619,CUST007775,PLAN01,2024-03-27,,Active,True,,,6.99
SUB0008620,CUST007776,PLAN03,2020-05-29,,Active,True,,,22.99
SUB0008621,CUST007777,PLAN01,2020-10-24,,Active,True,,,6.99
SUB0008622,CUST007778,PLAN01,2021-12-01,,Active,False,,,6.99
SUB0008623,CUST007779,PLAN03,2025-05-16,,Active,True,,,22.99
SUB0008624,CUST007780,PLAN03,2021-04-28,,Active,True,,,22.99
SUB0008625,CUST007781,PLAN03,2022-11-01,2023-06-28,Plan Changed,False,,,6.99
SUB0008626,CUST007781,PLAN01,2023-06-28,,Cancelled,False,2026-06-03,Too expensive,6.99
SUB0008627,CUST007782,PLAN01,2025-11-15,2026-04-26,Plan Changed,True,,,6.99
SUB0008628,CUST007782,PLAN01,2026-04-26,,Active,True,,,6.99
SUB0008629,CUST007783,PLAN01,2023-01-11,,Active,True,,,6.99
SUB0008630,CUST007784,PLAN02,2024-12-18,,Active,True,,,15.49
SUB0008631,CUST007785,PLAN01,2021-01-09,,Active,True,,,6.99
SUB0008632,CUST007786,PLAN01,2021-07-05,,Active,True,,,6.99
SUB0008633,CUST007787,PLAN01,2021-06-04,,Active,True,,,6.99
SUB0008634,CUST007788,PLAN02,2019-11-04,,Active,True,,,15.49
SUB0008635,CUST007789,PLAN01,2021-10-04,,Active,True,,,6.99
SUB0008636,CUST007790,PLAN02,2025-11-21,,Active,True,,,15.49
SUB0008637,CUST007791,PLAN02,2022-02-22,,Active,True,,,15.49
SUB0008638,CUST007792,PLAN01,2025-12-01,,Active,True,,,6.99
SUB0008639,CUST007793,PLAN01,2023-11-20,,Active,True,,,6.99
SUB0008640,CUST007794,PLAN01,2025-04-26,,Active,True,,,6.99
SUB0008641,CUST007795,PLAN01,2026-02-10,,Cancelled,True,2026-04-19,Too expensive,6.99
SUB0008642,CUST007796,PLAN01,2020-05-27,,Active,True,,,6.99
SUB0008643,CUST007797,PLAN01,2021-02-26,,Active,True,,,6.99
SUB0008644,CUST007798,PLAN02,2019-09-22,,Active,True,,,15.49
SUB0008645,CUST007799,PLAN03,2021-09-22,,Active,False,,,22.99
SUB0008646,CUST007800,PLAN03,2022-05-14,,Cancelled,True,2025-10-20,Payment issues,22.99
SUB0008647,CUST007801,PLAN01,2025-07-23,,Active,False,,,6.99
SUB0008648,CUST007802,PLAN03,2022-01-24,,Active,True,,,22.99
SUB0008649,CUST007803,PLAN01,2024-06-29,,Active,False,,,6.99
SUB0008650,CUST007804,PLAN03,2025-07-08,,Active,True,,,22.99
SUB0008651,CUST007805,PLAN03,2025-07-12,2026-05-24,Plan Changed,True,,,22.99
SUB0008652,CUST007805,PLAN03,2026-05-24,,Active,True,,,22.99
SUB0008653,CUST007806,PLAN01,2026-01-27,,Cancelled,True,2026-03-26,Found alternative platform,6.99
SUB0008654,CUST007807,PLAN01,2019-05-26,,Cancelled,True,2025-10-13,Content quality decline,6.99
SUB0008655,CUST007808,PLAN01,2021-12-28,,Active,True,,,6.99
SUB0008656,CUST007809,PLAN02,2021-01-04,,Active,True,,,15.49
SUB0008657,CUST007810,PLAN01,2023-04-20,,Active,True,,,6.99
SUB0008658,CUST007811,PLAN01,2022-04-21,,Active,True,,,6.99
SUB0008659,CUST007812,PLAN01,2023-10-15,,Active,False,,,6.99
SUB0008660,CUST007813,PLAN01,2024-05-30,,Active,True,,,6.99
SUB0008661,CUST007814,PLAN03,2019-08-31,,Active,True,,,22.99
SUB0008662,CUST007815,PLAN02,2024-02-16,2025-09-13,Plan Changed,True,,,22.99
SUB0008663,CUST007815,PLAN03,2025-09-13,,Active,True,,,22.99
SUB0008664,CUST007816,PLAN02,2019-08-10,,Active,False,,,15.49
SUB0008665,CUST007817,PLAN01,2022-01-03,,Cancelled,False,2026-03-25,Content quality decline,6.99
SUB0008666,CUST007818,PLAN01,2024-11-08,,Active,True,,,6.99
SUB0008667,CUST007819,PLAN02,2025-10-03,,Active,True,,,15.49
SUB0008668,CUST007820,PLAN02,2020-08-27,,Active,False,,,15.49
SUB0008669,CUST007821,PLAN02,2023-06-28,,Active,True,,,15.49
SUB0008670,CUST007822,PLAN01,2020-04-27,,Active,True,,,6.99
SUB0008671,CUST007823,PLAN01,2020-06-07,,Active,True,,,6.99
SUB0008672,CUST007824,PLAN01,2025-08-17,2026-03-14,Plan Changed,True,,,22.99
SUB0008673,CUST007824,PLAN03,2026-03-14,,Cancelled,True,2026-02-20,Too expensive,22.99
SUB0008674,CUST007825,PLAN01,2022-04-26,,Active,True,,,6.99
SUB0008675,CUST007826,PLAN01,2026-03-06,,Active,True,,,6.99
SUB0008676,CUST007827,PLAN01,2020-10-26,,Active,False,,,6.99
SUB0008677,CUST007828,PLAN03,2025-03-01,,Cancelled,True,2025-10-30,Household budget cuts,22.99
SUB0008678,CUST007829,PLAN01,2020-03-20,,Cancelled,True,2026-01-05,Moving / relocation,6.99
SUB0008679,CUST007830,PLAN01,2025-12-04,,Active,True,,,6.99
SUB0008680,CUST007831,PLAN02,2025-10-02,,Active,True,,,15.49
SUB0008681,CUST007832,PLAN02,2023-03-16,,Cancelled,True,2025-12-01,Too expensive,15.49
SUB0008682,CUST007833,PLAN03,2019-10-27,,Active,True,,,22.99
SUB0008683,CUST007834,PLAN01,2020-03-22,2025-07-05,Plan Changed,False,,,22.99
SUB0008684,CUST007834,PLAN03,2025-07-05,,Active,False,,,22.99
SUB0008685,CUST007835,PLAN01,2025-04-11,,Active,True,,,6.99
SUB0008686,CUST007836,PLAN02,2022-01-18,,Active,True,,,15.49
SUB0008687,CUST007837,PLAN03,2024-02-20,2024-05-06,Plan Changed,False,,,15.49
SUB0008688,CUST007837,PLAN02,2024-05-06,,Active,False,,,15.49
SUB0008689,CUST007838,PLAN02,2022-05-08,,Active,True,,,15.49
SUB0008690,CUST007839,PLAN03,2019-06-04,,Active,True,,,22.99
SUB0008691,CUST007840,PLAN03,2025-10-06,,Active,True,,,22.99
SUB0008692,CUST007841,PLAN03,2020-08-18,,Active,True,,,22.99
SUB0008693,CUST007842,PLAN02,2019-07-25,,Active,False,,,15.49
SUB0008694,CUST007843,PLAN02,2025-07-30,2026-01-11,Plan Changed,True,,,6.99
SUB0008695,CUST007843,PLAN01,2026-01-11,,Cancelled,True,2026-04-09,Too expensive,6.99
SUB0008696,CUST007844,PLAN01,2026-03-13,,Active,True,,,6.99
SUB0008697,CUST007845,PLAN03,2022-12-26,2025-06-06,Plan Changed,True,,,6.99
SUB0008698,CUST007845,PLAN01,2025-06-06,,Active,True,,,6.99
SUB0008699,CUST007846,PLAN01,2023-11-05,,Active,True,,,6.99
SUB0008700,CUST007847,PLAN01,2024-07-02,,Active,False,,,6.99
SUB0008701,CUST007848,PLAN02,2019-09-28,,Active,False,,,15.49
SUB0008702,CUST007849,PLAN01,2022-11-27,,Active,True,,,6.99
SUB0008703,CUST007850,PLAN01,2025-06-18,,Active,False,,,6.99
SUB0008704,CUST007851,PLAN01,2019-05-30,2019-12-12,Plan Changed,True,,,6.99
SUB0008705,CUST007851,PLAN01,2019-12-12,,Cancelled,True,2026-01-02,Password sharing crackdown,6.99
SUB0008706,CUST007852,PLAN01,2024-08-22,,Active,True,,,6.99
SUB0008707,CUST007853,PLAN01,2022-08-27,,Active,True,,,6.99
SUB0008708,CUST007854,PLAN02,2020-05-16,,Active,True,,,15.49
SUB0008709,CUST007855,PLAN01,2023-08-12,2024-08-29,Plan Changed,True,,,15.49
SUB0008710,CUST007855,PLAN02,2024-08-29,,Active,True,,,15.49
SUB0008711,CUST007856,PLAN02,2025-10-31,,Active,True,,,15.49
SUB0008712,CUST007857,PLAN02,2019-05-30,,Active,False,,,15.49
SUB0008713,CUST007858,PLAN02,2022-09-12,,Cancelled,True,2026-05-18,Too expensive,15.49
SUB0008714,CUST007859,PLAN02,2020-10-18,,Active,True,,,15.49
SUB0008715,CUST007860,PLAN03,2023-11-26,,Active,True,,,22.99
SUB0008716,CUST007861,PLAN02,2021-05-01,2022-01-28,Plan Changed,True,,,22.99
SUB0008717,CUST007861,PLAN03,2022-01-28,,Active,True,,,22.99
SUB0008718,CUST007862,PLAN02,2022-09-16,,Active,False,,,15.49
SUB0008719,CUST007863,PLAN01,2020-02-01,,Cancelled,True,2025-10-11,Content quality decline,6.99
SUB0008720,CUST007864,PLAN01,2026-01-23,,Cancelled,True,2026-05-31,Password sharing crackdown,6.99
SUB0008721,CUST007865,PLAN02,2021-01-15,,Active,True,,,15.49
SUB0008722,CUST007866,PLAN01,2023-03-26,,Active,True,,,6.99
SUB0008723,CUST007867,PLAN03,2020-06-07,,Cancelled,False,2026-04-26,Too expensive,22.99
SUB0008724,CUST007868,PLAN02,2020-11-02,,Cancelled,True,2025-12-23,Not enough content,15.49
SUB0008725,CUST007869,PLAN01,2019-11-14,2025-05-23,Plan Changed,True,,,15.49
SUB0008726,CUST007869,PLAN02,2025-05-23,,Cancelled,True,2026-01-24,Not enough content,15.49
SUB0008727,CUST007870,PLAN02,2022-03-25,,Cancelled,True,2026-03-27,Household budget cuts,15.49
SUB0008728,CUST007871,PLAN02,2019-09-17,,Active,False,,,15.49
SUB0008729,CUST007872,PLAN03,2020-02-06,2021-06-27,Plan Changed,False,,,22.99
SUB0008730,CUST007872,PLAN03,2021-06-27,,Active,False,,,22.99
SUB0008731,CUST007873,PLAN01,2026-05-01,,Cancelled,False,2026-06-22,Too expensive,6.99
SUB0008732,CUST007874,PLAN01,2023-03-19,,Active,True,,,6.99
SUB0008733,CUST007875,PLAN03,2025-07-04,2026-01-25,Plan Changed,False,,,22.99
SUB0008734,CUST007875,PLAN03,2026-01-25,,Active,False,,,22.99
SUB0008735,CUST007876,PLAN01,2019-06-24,,Active,True,,,6.99
SUB0008736,CUST007877,PLAN03,2019-10-15,2020-10-24,Plan Changed,True,,,6.99
SUB0008737,CUST007877,PLAN01,2020-10-24,,Active,True,,,6.99
SUB0008738,CUST007878,PLAN03,2024-01-27,2026-01-02,Plan Changed,True,,,22.99
SUB0008739,CUST007878,PLAN03,2026-01-02,,Active,True,,,22.99
SUB0008740,CUST007879,PLAN02,2022-02-19,,Active,True,,,15.49
SUB0008741,CUST007880,PLAN03,2020-11-11,2025-01-11,Plan Changed,True,,,6.99
SUB0008742,CUST007880,PLAN01,2025-01-11,,Active,True,,,6.99
SUB0008743,CUST007881,PLAN01,2026-04-17,,Active,True,,,6.99
SUB0008744,CUST007882,PLAN01,2026-03-26,,Active,True,,,6.99
SUB0008745,CUST007883,PLAN02,2025-10-10,,Active,False,,,15.49
SUB0008746,CUST007884,PLAN03,2023-11-02,,Cancelled,True,2026-06-25,Payment issues,22.99
SUB0008747,CUST007885,PLAN01,2023-12-13,,Active,True,,,6.99
SUB0008748,CUST007886,PLAN03,2026-01-02,,Active,False,,,22.99
SUB0008749,CUST007887,PLAN03,2026-01-27,,Cancelled,True,2026-05-09,Found alternative platform,22.99
SUB0008750,CUST007888,PLAN01,2020-12-08,,Active,True,,,6.99
SUB0008751,CUST007889,PLAN01,2025-09-23,,Cancelled,False,2026-03-07,Household budget cuts,6.99
SUB0008752,CUST007890,PLAN03,2020-09-21,2023-10-17,Plan Changed,True,,,15.49
SUB0008753,CUST007890,PLAN02,2023-10-17,,Cancelled,True,2025-10-13,Found alternative platform,15.49
SUB0008754,CUST007891,PLAN03,2019-09-09,,Active,True,,,22.99
SUB0008755,CUST007892,PLAN02,2025-08-31,,Active,True,,,15.49
SUB0008756,CUST007893,PLAN01,2019-05-08,,Cancelled,True,2025-12-10,No longer needed,6.99
SUB0008757,CUST007894,PLAN01,2023-07-24,,Active,True,,,6.99
SUB0008758,CUST007895,PLAN03,2019-05-02,,Active,False,,,22.99
SUB0008759,CUST007896,PLAN02,2023-11-11,,Active,True,,,15.49
SUB0008760,CUST007897,PLAN02,2023-09-09,,Active,True,,,15.49
SUB0008761,CUST007898,PLAN01,2020-12-04,,Active,True,,,6.99
SUB0008762,CUST007899,PLAN01,2022-03-01,,Active,True,,,6.99
SUB0008763,CUST007900,PLAN03,2025-03-29,,Active,True,,,22.99
SUB0008764,CUST007901,PLAN01,2022-06-17,,Active,True,,,6.99
SUB0008765,CUST007902,PLAN01,2021-11-18,,Active,True,,,6.99
SUB0008766,CUST007903,PLAN02,2024-01-05,,Active,True,,,15.49
SUB0008767,CUST007904,PLAN01,2022-02-25,,Active,True,,,6.99
SUB0008768,CUST007905,PLAN02,2024-04-18,,Active,True,,,15.49
SUB0008769,CUST007906,PLAN02,2023-11-27,,Active,True,,,15.49
SUB0008770,CUST007907,PLAN03,2023-06-24,,Active,True,,,22.99
SUB0008771,CUST007908,PLAN02,2020-02-24,,Active,True,,,15.49
SUB0008772,CUST007909,PLAN01,2020-02-03,,Active,True,,,6.99
SUB0008773,CUST007910,PLAN01,2025-04-11,2025-11-12,Plan Changed,False,,,6.99
SUB0008774,CUST007910,PLAN01,2025-11-12,,Active,False,,,6.99
SUB0008775,CUST007911,PLAN01,2021-10-06,,Cancelled,True,2026-05-09,No longer needed,6.99
SUB0008776,CUST007912,PLAN01,2024-07-28,,Active,True,,,6.99
SUB0008777,CUST007913,PLAN02,2019-02-17,,Active,True,,,15.49
SUB0008778,CUST007914,PLAN02,2023-04-21,,Cancelled,True,2025-12-22,Found alternative platform,15.49
SUB0008779,CUST007915,PLAN01,2019-08-18,,Active,False,,,6.99
SUB0008780,CUST007916,PLAN01,2019-01-18,,Active,True,,,6.99
SUB0008781,CUST007917,PLAN01,2021-12-04,,Active,True,,,6.99
SUB0008782,CUST007918,PLAN02,2023-06-21,,Active,True,,,15.49
SUB0008783,CUST007919,PLAN02,2022-02-01,,Cancelled,False,2025-11-02,Household budget cuts,15.49
SUB0008784,CUST007920,PLAN01,2024-11-18,,Active,True,,,6.99
SUB0008785,CUST007921,PLAN02,2026-05-22,,Active,True,,,15.49
SUB0008786,CUST007922,PLAN02,2023-01-12,,Cancelled,False,2025-11-29,No longer needed,15.49
SUB0008787,CUST007923,PLAN01,2022-03-29,,Active,True,,,6.99
SUB0008788,CUST007924,PLAN03,2019-02-15,,Active,True,,,22.99
SUB0008789,CUST007925,PLAN01,2023-07-10,,Active,False,,,6.99
SUB0008790,CUST007926,PLAN02,2021-09-28,2024-11-09,Plan Changed,True,,,6.99
SUB0008791,CUST007926,PLAN01,2024-11-09,,Active,True,,,6.99
SUB0008792,CUST007927,PLAN02,2021-05-17,,Active,False,,,15.49
SUB0008793,CUST007928,PLAN02,2022-06-13,,Active,False,,,15.49
SUB0008794,CUST007929,PLAN02,2019-05-26,2025-03-02,Plan Changed,True,,,15.49
SUB0008795,CUST007929,PLAN02,2025-03-02,,Active,True,,,15.49
SUB0008796,CUST007930,PLAN03,2022-07-08,,Active,True,,,22.99
SUB0008797,CUST007931,PLAN02,2021-03-05,,Active,True,,,15.49
SUB0008798,CUST007932,PLAN01,2023-12-15,,Active,True,,,6.99
SUB0008799,CUST007933,PLAN03,2025-11-12,,Active,True,,,22.99
SUB0008800,CUST007934,PLAN01,2021-09-23,2023-01-04,Plan Changed,True,,,6.99
SUB0008801,CUST007934,PLAN01,2023-01-04,,Active,True,,,6.99
SUB0008802,CUST007935,PLAN01,2023-07-10,,Active,False,,,6.99
SUB0008803,CUST007936,PLAN02,2025-08-28,,Cancelled,True,2026-05-04,Too expensive,15.49
SUB0008804,CUST007937,PLAN02,2022-08-13,,Cancelled,False,2025-11-23,Found alternative platform,15.49
SUB0008805,CUST007938,PLAN01,2021-05-15,,Active,True,,,6.99
SUB0008806,CUST007939,PLAN01,2023-05-28,2023-08-05,Plan Changed,True,,,6.99
SUB0008807,CUST007939,PLAN01,2023-08-05,,Active,True,,,6.99
SUB0008808,CUST007940,PLAN01,2022-04-01,,Active,False,,,6.99
SUB0008809,CUST007941,PLAN01,2025-02-18,2026-02-08,Plan Changed,False,,,15.49
SUB0008810,CUST007941,PLAN02,2026-02-08,,Active,False,,,15.49
SUB0008811,CUST007942,PLAN03,2025-05-26,,Active,False,,,22.99
SUB0008812,CUST007943,PLAN03,2025-08-12,,Cancelled,True,2026-05-07,Not enough content,22.99
SUB0008813,CUST007944,PLAN02,2019-11-22,,Active,True,,,15.49
SUB0008814,CUST007945,PLAN02,2022-10-07,,Active,True,,,15.49
SUB0008815,CUST007946,PLAN02,2023-06-01,,Cancelled,False,2026-02-14,Household budget cuts,15.49
SUB0008816,CUST007947,PLAN03,2025-06-29,,Active,True,,,22.99
SUB0008817,CUST007948,PLAN02,2022-01-10,,Cancelled,False,2025-12-04,Technical issues,15.49
SUB0008818,CUST007949,PLAN01,2023-01-26,,Active,True,,,6.99
SUB0008819,CUST007950,PLAN02,2023-02-04,,Active,True,,,15.49
SUB0008820,CUST007951,PLAN02,2019-09-04,,Cancelled,True,2026-03-28,Not enough content,15.49
SUB0008821,CUST007952,PLAN03,2024-07-30,,Cancelled,False,2026-03-12,Found alternative platform,22.99
SUB0008822,CUST007953,PLAN01,2024-11-13,,Active,True,,,6.99
SUB0008823,CUST007954,PLAN01,2021-03-09,,Cancelled,True,2026-04-24,Content quality decline,6.99
SUB0008824,CUST007955,PLAN03,2019-10-09,,Active,True,,,22.99
SUB0008825,CUST007956,PLAN02,2019-10-27,2022-03-25,Plan Changed,True,,,15.49
SUB0008826,CUST007956,PLAN02,2022-03-25,,Active,True,,,15.49
SUB0008827,CUST007957,PLAN01,2022-01-09,,Active,True,,,6.99
SUB0008828,CUST007958,PLAN02,2023-12-31,,Cancelled,False,2025-10-31,No longer needed,15.49
SUB0008829,CUST007959,PLAN02,2023-06-25,,Active,False,,,15.49
SUB0008830,CUST007960,PLAN01,2019-11-11,,Active,False,,,6.99
SUB0008831,CUST007961,PLAN03,2020-09-19,2022-06-20,Plan Changed,True,,,15.49
SUB0008832,CUST007961,PLAN02,2022-06-20,,Active,True,,,15.49
SUB0008833,CUST007962,PLAN03,2026-03-24,,Active,True,,,22.99
SUB0008834,CUST007963,PLAN02,2020-02-08,,Cancelled,True,2026-05-13,Found alternative platform,15.49
SUB0008835,CUST007964,PLAN01,2019-06-04,,Active,True,,,6.99
SUB0008836,CUST007965,PLAN01,2023-05-22,,Cancelled,True,2026-06-25,Household budget cuts,6.99
SUB0008837,CUST007966,PLAN03,2021-11-03,,Active,True,,,22.99
SUB0008838,CUST007967,PLAN02,2022-10-14,,Cancelled,False,2026-02-27,Found alternative platform,15.49
SUB0008839,CUST007968,PLAN03,2023-04-25,2023-12-15,Plan Changed,True,,,15.49
SUB0008840,CUST007968,PLAN02,2023-12-15,,Active,True,,,15.49
SUB0008841,CUST007969,PLAN02,2020-01-09,,Active,True,,,15.49
SUB0008842,CUST007970,PLAN01,2021-07-08,,Active,True,,,6.99
SUB0008843,CUST007971,PLAN03,2026-03-22,,Active,True,,,22.99
SUB0008844,CUST007972,PLAN01,2021-12-21,,Active,True,,,6.99
SUB0008845,CUST007973,PLAN02,2021-01-20,2024-02-29,Plan Changed,False,,,15.49
SUB0008846,CUST007973,PLAN02,2024-02-29,,Active,False,,,15.49
SUB0008847,CUST007974,PLAN02,2023-10-24,,Cancelled,False,2026-03-22,No longer needed,15.49
SUB0008848,CUST007975,PLAN02,2026-05-16,,Active,True,,,15.49
SUB0008849,CUST007976,PLAN03,2021-03-09,,Active,True,,,22.99
SUB0008850,CUST007977,PLAN02,2025-10-09,,Active,True,,,15.49
SUB0008851,CUST007978,PLAN01,2021-11-12,,Active,False,,,6.99
SUB0008852,CUST007979,PLAN01,2025-09-25,,Active,True,,,6.99
SUB0008853,CUST007980,PLAN02,2021-12-07,,Active,True,,,15.49
SUB0008854,CUST007981,PLAN02,2025-05-24,,Active,True,,,15.49
SUB0008855,CUST007982,PLAN01,2025-10-10,,Active,False,,,6.99
SUB0008856,CUST007983,PLAN01,2019-01-15,,Cancelled,True,2026-06-10,Found alternative platform,6.99
SUB0008857,CUST007984,PLAN01,2022-01-11,,Active,True,,,6.99
SUB0008858,CUST007985,PLAN03,2025-08-30,,Active,True,,,22.99
SUB0008859,CUST007986,PLAN01,2019-01-01,,Active,True,,,6.99
SUB0008860,CUST007987,PLAN02,2023-01-03,,Cancelled,False,2025-11-26,Content quality decline,15.49
SUB0008861,CUST007988,PLAN01,2019-08-11,2024-05-11,Plan Changed,True,,,15.49
SUB0008862,CUST007988,PLAN02,2024-05-11,,Active,True,,,15.49
SUB0008863,CUST007989,PLAN01,2024-11-03,,Cancelled,True,2026-01-23,Too expensive,6.99
SUB0008864,CUST007990,PLAN01,2019-08-25,,Cancelled,True,2026-01-22,Too expensive,6.99
SUB0008865,CUST007991,PLAN02,2022-03-07,,Cancelled,True,2026-01-29,Found alternative platform,15.49
SUB0008866,CUST007992,PLAN01,2026-01-07,,Active,False,,,6.99
SUB0008867,CUST007993,PLAN01,2019-04-23,2021-03-29,Plan Changed,True,,,6.99
SUB0008868,CUST007993,PLAN01,2021-03-29,,Cancelled,True,2026-02-15,Not enough content,6.99
SUB0008869,CUST007994,PLAN02,2021-09-05,,Cancelled,True,2025-11-10,No longer needed,15.49
SUB0008870,CUST007995,PLAN02,2024-02-20,,Cancelled,False,2026-06-21,Payment issues,15.49
SUB0008871,CUST007996,PLAN01,2019-04-05,,Active,True,,,6.99
SUB0008872,CUST007997,PLAN01,2021-06-20,,Active,False,,,6.99
SUB0008873,CUST007998,PLAN02,2024-03-03,,Active,True,,,15.49
SUB0008874,CUST007999,PLAN02,2019-03-26,,Active,True,,,15.49
SUB0008875,CUST008000,PLAN01,2024-11-22,,Active,True,,,6.99
